ISO-10303-21;
HEADER;
/* Generated by software containing ST-Developer
 * from STEP Tools, Inc. (www.steptools.com) 
 */

FILE_DESCRIPTION(
/* description */ (''),
/* implementation_level */ '2;1');

FILE_NAME(
/* name */ 'front-shell.step',
/* time_stamp */ '2026-09-23T16:22:49+08:00',
/* author */ (''),
/* organization */ (''),
/* preprocessor_version */ 'ST-DEVELOPER v20.2',
/* originating_system */ 'Autodesk Translation Framework v15.15.0.0',
/* authorisation */ '');

FILE_SCHEMA (('AUTOMOTIVE_DESIGN { 1 0 10303 214 3 1 1 }'));
ENDSEC;

DATA;
#10=MECHANICAL_DESIGN_GEOMETRIC_PRESENTATION_REPRESENTATION('',(#13),#18513);
#11=SHAPE_REPRESENTATION_RELATIONSHIP('SRR','None',#18520,#12);
#12=ADVANCED_BREP_SHAPE_REPRESENTATION('',(#14),#18512);
#13=STYLED_ITEM('',(#18530),#14);
#14=MANIFOLD_SOLID_BREP('Front cap blank',#10889);
#15=CYLINDRICAL_SURFACE('',#11228,0.17);
#16=CYLINDRICAL_SURFACE('',#11232,0.21);
#17=CYLINDRICAL_SURFACE('',#11236,0.32);
#18=CYLINDRICAL_SURFACE('',#11243,0.17);
#19=CYLINDRICAL_SURFACE('',#11247,0.21);
#20=CYLINDRICAL_SURFACE('',#11251,0.32);
#21=CYLINDRICAL_SURFACE('',#11255,0.17);
#22=CYLINDRICAL_SURFACE('',#11259,0.21);
#23=CYLINDRICAL_SURFACE('',#11263,0.32);
#24=CYLINDRICAL_SURFACE('',#11268,0.17);
#25=CYLINDRICAL_SURFACE('',#11272,0.21);
#26=CYLINDRICAL_SURFACE('',#11276,0.32);
#27=CYLINDRICAL_SURFACE('',#11284,0.055);
#28=CYLINDRICAL_SURFACE('',#11286,0.0549999999999997);
#29=CYLINDRICAL_SURFACE('',#11288,0.0549999999999997);
#30=CYLINDRICAL_SURFACE('',#11289,0.055);
#31=CYLINDRICAL_SURFACE('',#11291,0.085);
#32=CYLINDRICAL_SURFACE('',#11292,0.085);
#33=CYLINDRICAL_SURFACE('',#11294,0.085);
#34=CYLINDRICAL_SURFACE('',#11296,0.085);
#35=CYLINDRICAL_SURFACE('',#11312,0.12);
#36=CYLINDRICAL_SURFACE('',#11314,0.12);
#37=CYLINDRICAL_SURFACE('',#11317,0.12);
#38=CYLINDRICAL_SURFACE('',#11320,0.12);
#39=CYLINDRICAL_SURFACE('',#11324,0.3);
#40=CYLINDRICAL_SURFACE('',#11325,0.3);
#41=CYLINDRICAL_SURFACE('',#11327,0.3);
#42=CYLINDRICAL_SURFACE('',#11328,0.3);
#43=CONICAL_SURFACE('',#11225,1.19,0.808575467156359);
#44=CIRCLE('',#11157,0.085);
#45=CIRCLE('',#11158,0.085);
#46=CIRCLE('',#11159,0.32);
#47=CIRCLE('',#11160,0.055);
#48=CIRCLE('',#11161,0.32);
#49=CIRCLE('',#11162,0.32);
#50=CIRCLE('',#11163,0.0549999999999997);
#51=CIRCLE('',#11164,0.32);
#52=CIRCLE('',#11174,0.32);
#53=CIRCLE('',#11175,0.0549999999999997);
#54=CIRCLE('',#11176,0.32);
#55=CIRCLE('',#11177,0.32);
#56=CIRCLE('',#11178,0.085);
#57=CIRCLE('',#11183,0.085);
#58=CIRCLE('',#11184,0.32);
#59=CIRCLE('',#11185,0.32);
#60=CIRCLE('',#11186,0.055);
#61=CIRCLE('',#11187,0.32);
#62=CIRCLE('',#11197,0.32);
#63=CIRCLE('',#11198,0.32);
#64=CIRCLE('',#11199,0.0549999999999997);
#65=CIRCLE('',#11200,0.32);
#66=CIRCLE('',#11201,0.32);
#67=CIRCLE('',#11202,0.0549999999999997);
#68=CIRCLE('',#11203,0.32);
#69=CIRCLE('',#11204,0.32);
#70=CIRCLE('',#11205,0.055);
#71=CIRCLE('',#11206,0.32);
#72=CIRCLE('',#11207,0.32);
#73=CIRCLE('',#11208,0.055);
#74=CIRCLE('',#11209,0.32);
#75=CIRCLE('',#11210,0.32);
#76=CIRCLE('',#11211,0.085);
#77=CIRCLE('',#11212,0.085);
#78=CIRCLE('',#11213,0.085);
#79=CIRCLE('',#11214,0.085);
#80=CIRCLE('',#11217,0.3);
#81=CIRCLE('',#11218,0.3);
#82=CIRCLE('',#11219,0.3);
#83=CIRCLE('',#11220,0.3);
#84=CIRCLE('',#11221,0.12);
#85=CIRCLE('',#11222,0.12);
#86=CIRCLE('',#11223,0.12);
#87=CIRCLE('',#11224,0.12);
#88=CIRCLE('',#11226,0.750065466448445);
#89=CIRCLE('',#11227,0.56152209492635);
#90=CIRCLE('',#11229,0.17);
#91=CIRCLE('',#11230,0.17);
#92=CIRCLE('',#11233,0.21);
#93=CIRCLE('',#11234,0.21);
#94=CIRCLE('',#11237,0.32);
#95=CIRCLE('',#11238,0.32);
#96=CIRCLE('',#11244,0.17);
#97=CIRCLE('',#11245,0.17);
#98=CIRCLE('',#11248,0.21);
#99=CIRCLE('',#11249,0.21);
#100=CIRCLE('',#11252,0.32);
#101=CIRCLE('',#11253,0.32);
#102=CIRCLE('',#11256,0.17);
#103=CIRCLE('',#11257,0.17);
#104=CIRCLE('',#11260,0.21);
#105=CIRCLE('',#11261,0.21);
#106=CIRCLE('',#11264,0.32);
#107=CIRCLE('',#11265,0.32);
#108=CIRCLE('',#11269,0.17);
#109=CIRCLE('',#11270,0.17);
#110=CIRCLE('',#11273,0.21);
#111=CIRCLE('',#11274,0.21);
#112=CIRCLE('',#11277,0.32);
#113=CIRCLE('',#11278,0.32);
#114=CIRCLE('',#11299,0.3);
#115=CIRCLE('',#11300,0.3);
#116=CIRCLE('',#11303,0.3);
#117=CIRCLE('',#11304,0.3);
#118=CIRCLE('',#11307,0.12);
#119=CIRCLE('',#11309,0.12);
#120=CIRCLE('',#11318,0.12);
#121=CIRCLE('',#11321,0.12);
#122=FACE_BOUND('',#1490,.T.);
#123=FACE_BOUND('',#1532,.T.);
#124=FACE_BOUND('',#1556,.T.);
#125=FACE_BOUND('',#1582,.T.);
#126=FACE_BOUND('',#1643,.T.);
#127=FACE_BOUND('',#1678,.T.);
#128=FACE_BOUND('',#1679,.T.);
#129=FACE_BOUND('',#1717,.T.);
#130=FACE_BOUND('',#1741,.T.);
#131=FACE_BOUND('',#1780,.T.);
#132=FACE_BOUND('',#1829,.T.);
#133=FACE_BOUND('',#1851,.T.);
#134=FACE_BOUND('',#1968,.T.);
#135=FACE_BOUND('',#1974,.T.);
#136=FACE_BOUND('',#1976,.T.);
#137=FACE_BOUND('',#1977,.T.);
#138=FACE_BOUND('',#1979,.T.);
#139=FACE_BOUND('',#1987,.T.);
#140=FACE_BOUND('',#1989,.T.);
#141=FACE_BOUND('',#1990,.T.);
#142=FACE_BOUND('',#1992,.T.);
#143=FACE_BOUND('',#1997,.T.);
#144=FACE_BOUND('',#1999,.T.);
#145=FACE_BOUND('',#2001,.T.);
#146=FACE_BOUND('',#2007,.T.);
#147=FACE_BOUND('',#2009,.T.);
#148=FACE_BOUND('',#2011,.T.);
#149=FACE_BOUND('',#2031,.T.);
#150=FACE_BOUND('',#2034,.T.);
#151=FACE_BOUND('',#2035,.T.);
#152=FACE_BOUND('',#2036,.T.);
#153=FACE_BOUND('',#2037,.T.);
#154=FACE_BOUND('',#2038,.T.);
#155=FACE_BOUND('',#2039,.T.);
#156=FACE_BOUND('',#2040,.T.);
#157=FACE_BOUND('',#2041,.T.);
#158=FACE_BOUND('',#2042,.T.);
#159=FACE_BOUND('',#2043,.T.);
#160=FACE_BOUND('',#2044,.T.);
#161=FACE_BOUND('',#2045,.T.);
#162=FACE_BOUND('',#2046,.T.);
#163=FACE_BOUND('',#2047,.T.);
#164=FACE_BOUND('',#2048,.T.);
#165=FACE_BOUND('',#2049,.T.);
#166=FACE_BOUND('',#2050,.T.);
#167=FACE_BOUND('',#2051,.T.);
#168=FACE_BOUND('',#2052,.T.);
#169=FACE_BOUND('',#2053,.T.);
#170=FACE_BOUND('',#2054,.T.);
#171=FACE_BOUND('',#2055,.T.);
#172=FACE_BOUND('',#2056,.T.);
#173=FACE_BOUND('',#2057,.T.);
#174=FACE_BOUND('',#2058,.T.);
#175=FACE_BOUND('',#2059,.T.);
#176=FACE_BOUND('',#2065,.T.);
#177=FACE_BOUND('',#2066,.T.);
#178=FACE_BOUND('',#2067,.T.);
#179=FACE_BOUND('',#2068,.T.);
#180=FACE_BOUND('',#2069,.T.);
#181=FACE_BOUND('',#2070,.T.);
#182=FACE_BOUND('',#2080,.T.);
#183=FACE_BOUND('',#2081,.T.);
#184=FACE_BOUND('',#2082,.T.);
#185=B_SPLINE_CURVE_WITH_KNOTS('',2,(#13321,#13322,#13323),
 .UNSPECIFIED.,.F.,.F.,(3,3),(0.,1.),.UNSPECIFIED.);
#186=B_SPLINE_CURVE_WITH_KNOTS('',2,(#13326,#13327,#13328),
 .UNSPECIFIED.,.F.,.F.,(3,3),(0.,1.),.UNSPECIFIED.);
#187=B_SPLINE_CURVE_WITH_KNOTS('',2,(#13336,#13337,#13338),
 .UNSPECIFIED.,.F.,.F.,(3,3),(0.,1.),.UNSPECIFIED.);
#188=B_SPLINE_CURVE_WITH_KNOTS('',2,(#13341,#13342,#13343),
 .UNSPECIFIED.,.F.,.F.,(3,3),(0.,1.),.UNSPECIFIED.);
#189=B_SPLINE_CURVE_WITH_KNOTS('',2,(#13351,#13352,#13353),
 .UNSPECIFIED.,.F.,.F.,(3,3),(0.,1.),.UNSPECIFIED.);
#190=B_SPLINE_CURVE_WITH_KNOTS('',2,(#13356,#13357,#13358),
 .UNSPECIFIED.,.F.,.F.,(3,3),(0.,1.),.UNSPECIFIED.);
#191=B_SPLINE_CURVE_WITH_KNOTS('',2,(#13366,#13367,#13368),
 .UNSPECIFIED.,.F.,.F.,(3,3),(0.,1.),.UNSPECIFIED.);
#192=B_SPLINE_CURVE_WITH_KNOTS('',2,(#13371,#13372,#13373),
 .UNSPECIFIED.,.F.,.F.,(3,3),(0.,1.),.UNSPECIFIED.);
#193=B_SPLINE_CURVE_WITH_KNOTS('',2,(#13381,#13382,#13383),
 .UNSPECIFIED.,.F.,.F.,(3,3),(0.,1.),.UNSPECIFIED.);
#194=B_SPLINE_CURVE_WITH_KNOTS('',2,(#13386,#13387,#13388),
 .UNSPECIFIED.,.F.,.F.,(3,3),(0.,1.),.UNSPECIFIED.);
#195=B_SPLINE_CURVE_WITH_KNOTS('',2,(#13420,#13421,#13422),
 .UNSPECIFIED.,.F.,.F.,(3,3),(0.,1.),.UNSPECIFIED.);
#196=B_SPLINE_CURVE_WITH_KNOTS('',2,(#13425,#13426,#13427),
 .UNSPECIFIED.,.F.,.F.,(3,3),(0.,1.),.UNSPECIFIED.);
#197=B_SPLINE_CURVE_WITH_KNOTS('',2,(#13435,#13436,#13437),
 .UNSPECIFIED.,.F.,.F.,(3,3),(0.,1.),.UNSPECIFIED.);
#198=B_SPLINE_CURVE_WITH_KNOTS('',2,(#13440,#13441,#13442),
 .UNSPECIFIED.,.F.,.F.,(3,3),(0.,1.),.UNSPECIFIED.);
#199=B_SPLINE_CURVE_WITH_KNOTS('',2,(#13450,#13451,#13452),
 .UNSPECIFIED.,.F.,.F.,(3,3),(0.,1.),.UNSPECIFIED.);
#200=B_SPLINE_CURVE_WITH_KNOTS('',2,(#13455,#13456,#13457),
 .UNSPECIFIED.,.F.,.F.,(3,3),(0.,1.),.UNSPECIFIED.);
#201=B_SPLINE_CURVE_WITH_KNOTS('',2,(#13465,#13466,#13467),
 .UNSPECIFIED.,.F.,.F.,(3,3),(0.,1.),.UNSPECIFIED.);
#202=B_SPLINE_CURVE_WITH_KNOTS('',2,(#13470,#13471,#13472),
 .UNSPECIFIED.,.F.,.F.,(3,3),(0.,1.),.UNSPECIFIED.);
#203=B_SPLINE_CURVE_WITH_KNOTS('',2,(#13498,#13499,#13500),
 .UNSPECIFIED.,.F.,.F.,(3,3),(0.,1.),.UNSPECIFIED.);
#204=B_SPLINE_CURVE_WITH_KNOTS('',2,(#13503,#13504,#13505),
 .UNSPECIFIED.,.F.,.F.,(3,3),(0.,1.),.UNSPECIFIED.);
#205=B_SPLINE_CURVE_WITH_KNOTS('',2,(#13513,#13514,#13515),
 .UNSPECIFIED.,.F.,.F.,(3,3),(0.,1.),.UNSPECIFIED.);
#206=B_SPLINE_CURVE_WITH_KNOTS('',2,(#13518,#13519,#13520),
 .UNSPECIFIED.,.F.,.F.,(3,3),(0.,1.),.UNSPECIFIED.);
#207=B_SPLINE_CURVE_WITH_KNOTS('',2,(#13528,#13529,#13530),
 .UNSPECIFIED.,.F.,.F.,(3,3),(0.,1.),.UNSPECIFIED.);
#208=B_SPLINE_CURVE_WITH_KNOTS('',2,(#13533,#13534,#13535),
 .UNSPECIFIED.,.F.,.F.,(3,3),(0.,1.),.UNSPECIFIED.);
#209=B_SPLINE_CURVE_WITH_KNOTS('',2,(#13543,#13544,#13545),
 .UNSPECIFIED.,.F.,.F.,(3,3),(0.,1.),.UNSPECIFIED.);
#210=B_SPLINE_CURVE_WITH_KNOTS('',2,(#13548,#13549,#13550),
 .UNSPECIFIED.,.F.,.F.,(3,3),(0.,1.),.UNSPECIFIED.);
#211=B_SPLINE_CURVE_WITH_KNOTS('',2,(#13558,#13559,#13560),
 .UNSPECIFIED.,.F.,.F.,(3,3),(0.,1.),.UNSPECIFIED.);
#212=B_SPLINE_CURVE_WITH_KNOTS('',2,(#13563,#13564,#13565),
 .UNSPECIFIED.,.F.,.F.,(3,3),(0.,1.),.UNSPECIFIED.);
#213=B_SPLINE_CURVE_WITH_KNOTS('',2,(#13573,#13574,#13575),
 .UNSPECIFIED.,.F.,.F.,(3,3),(0.,1.),.UNSPECIFIED.);
#214=B_SPLINE_CURVE_WITH_KNOTS('',2,(#13578,#13579,#13580),
 .UNSPECIFIED.,.F.,.F.,(3,3),(0.,1.),.UNSPECIFIED.);
#215=B_SPLINE_CURVE_WITH_KNOTS('',2,(#13588,#13589,#13590),
 .UNSPECIFIED.,.F.,.F.,(3,3),(0.,1.),.UNSPECIFIED.);
#216=B_SPLINE_CURVE_WITH_KNOTS('',2,(#13593,#13594,#13595),
 .UNSPECIFIED.,.F.,.F.,(3,3),(0.,1.),.UNSPECIFIED.);
#217=B_SPLINE_CURVE_WITH_KNOTS('',2,(#13730,#13731,#13732),
 .UNSPECIFIED.,.F.,.F.,(3,3),(0.,1.),.UNSPECIFIED.);
#218=B_SPLINE_CURVE_WITH_KNOTS('',2,(#13736,#13737,#13738),
 .UNSPECIFIED.,.F.,.F.,(3,3),(0.,1.),.UNSPECIFIED.);
#219=B_SPLINE_CURVE_WITH_KNOTS('',2,(#13747,#13748,#13749),
 .UNSPECIFIED.,.F.,.F.,(3,3),(0.,1.),.UNSPECIFIED.);
#220=B_SPLINE_CURVE_WITH_KNOTS('',2,(#13752,#13753,#13754),
 .UNSPECIFIED.,.F.,.F.,(3,3),(0.,1.),.UNSPECIFIED.);
#221=B_SPLINE_CURVE_WITH_KNOTS('',2,(#13762,#13763,#13764),
 .UNSPECIFIED.,.F.,.F.,(3,3),(0.,1.),.UNSPECIFIED.);
#222=B_SPLINE_CURVE_WITH_KNOTS('',2,(#13767,#13768,#13769),
 .UNSPECIFIED.,.F.,.F.,(3,3),(0.,1.),.UNSPECIFIED.);
#223=B_SPLINE_CURVE_WITH_KNOTS('',2,(#13777,#13778,#13779),
 .UNSPECIFIED.,.F.,.F.,(3,3),(0.,1.),.UNSPECIFIED.);
#224=B_SPLINE_CURVE_WITH_KNOTS('',2,(#13782,#13783,#13784),
 .UNSPECIFIED.,.F.,.F.,(3,3),(0.,1.),.UNSPECIFIED.);
#225=B_SPLINE_CURVE_WITH_KNOTS('',2,(#13792,#13793,#13794),
 .UNSPECIFIED.,.F.,.F.,(3,3),(0.,1.),.UNSPECIFIED.);
#226=B_SPLINE_CURVE_WITH_KNOTS('',2,(#13797,#13798,#13799),
 .UNSPECIFIED.,.F.,.F.,(3,3),(0.,1.),.UNSPECIFIED.);
#227=B_SPLINE_CURVE_WITH_KNOTS('',2,(#13807,#13808,#13809),
 .UNSPECIFIED.,.F.,.F.,(3,3),(0.,1.),.UNSPECIFIED.);
#228=B_SPLINE_CURVE_WITH_KNOTS('',2,(#13812,#13813,#13814),
 .UNSPECIFIED.,.F.,.F.,(3,3),(0.,1.),.UNSPECIFIED.);
#229=B_SPLINE_CURVE_WITH_KNOTS('',2,(#13822,#13823,#13824),
 .UNSPECIFIED.,.F.,.F.,(3,3),(0.,1.),.UNSPECIFIED.);
#230=B_SPLINE_CURVE_WITH_KNOTS('',2,(#13827,#13828,#13829),
 .UNSPECIFIED.,.F.,.F.,(3,3),(0.,1.),.UNSPECIFIED.);
#231=B_SPLINE_CURVE_WITH_KNOTS('',2,(#13837,#13838,#13839),
 .UNSPECIFIED.,.F.,.F.,(3,3),(0.,1.),.UNSPECIFIED.);
#232=B_SPLINE_CURVE_WITH_KNOTS('',2,(#13842,#13843,#13844),
 .UNSPECIFIED.,.F.,.F.,(3,3),(0.,1.),.UNSPECIFIED.);
#233=B_SPLINE_CURVE_WITH_KNOTS('',2,(#13851,#13852,#13853),
 .UNSPECIFIED.,.F.,.F.,(3,3),(0.,1.),.UNSPECIFIED.);
#234=B_SPLINE_CURVE_WITH_KNOTS('',2,(#13854,#13855,#13856),
 .UNSPECIFIED.,.F.,.F.,(3,3),(0.,1.),.UNSPECIFIED.);
#235=B_SPLINE_CURVE_WITH_KNOTS('',2,(#13865,#13866,#13867),
 .UNSPECIFIED.,.F.,.F.,(3,3),(0.,1.),.UNSPECIFIED.);
#236=B_SPLINE_CURVE_WITH_KNOTS('',2,(#13871,#13872,#13873),
 .UNSPECIFIED.,.F.,.F.,(3,3),(0.,1.),.UNSPECIFIED.);
#237=B_SPLINE_CURVE_WITH_KNOTS('',2,(#13882,#13883,#13884),
 .UNSPECIFIED.,.F.,.F.,(3,3),(0.,1.),.UNSPECIFIED.);
#238=B_SPLINE_CURVE_WITH_KNOTS('',2,(#13887,#13888,#13889),
 .UNSPECIFIED.,.F.,.F.,(3,3),(0.,1.),.UNSPECIFIED.);
#239=B_SPLINE_CURVE_WITH_KNOTS('',2,(#13897,#13898,#13899),
 .UNSPECIFIED.,.F.,.F.,(3,3),(0.,1.),.UNSPECIFIED.);
#240=B_SPLINE_CURVE_WITH_KNOTS('',2,(#13902,#13903,#13904),
 .UNSPECIFIED.,.F.,.F.,(3,3),(0.,1.),.UNSPECIFIED.);
#241=B_SPLINE_CURVE_WITH_KNOTS('',2,(#13912,#13913,#13914),
 .UNSPECIFIED.,.F.,.F.,(3,3),(0.,1.),.UNSPECIFIED.);
#242=B_SPLINE_CURVE_WITH_KNOTS('',2,(#13917,#13918,#13919),
 .UNSPECIFIED.,.F.,.F.,(3,3),(0.,1.),.UNSPECIFIED.);
#243=B_SPLINE_CURVE_WITH_KNOTS('',2,(#13927,#13928,#13929),
 .UNSPECIFIED.,.F.,.F.,(3,3),(0.,1.),.UNSPECIFIED.);
#244=B_SPLINE_CURVE_WITH_KNOTS('',2,(#13932,#13933,#13934),
 .UNSPECIFIED.,.F.,.F.,(3,3),(0.,1.),.UNSPECIFIED.);
#245=B_SPLINE_CURVE_WITH_KNOTS('',2,(#13942,#13943,#13944),
 .UNSPECIFIED.,.F.,.F.,(3,3),(0.,1.),.UNSPECIFIED.);
#246=B_SPLINE_CURVE_WITH_KNOTS('',2,(#13947,#13948,#13949),
 .UNSPECIFIED.,.F.,.F.,(3,3),(0.,1.),.UNSPECIFIED.);
#247=B_SPLINE_CURVE_WITH_KNOTS('',2,(#13957,#13958,#13959),
 .UNSPECIFIED.,.F.,.F.,(3,3),(0.,1.),.UNSPECIFIED.);
#248=B_SPLINE_CURVE_WITH_KNOTS('',2,(#13962,#13963,#13964),
 .UNSPECIFIED.,.F.,.F.,(3,3),(0.,1.),.UNSPECIFIED.);
#249=B_SPLINE_CURVE_WITH_KNOTS('',2,(#13972,#13973,#13974),
 .UNSPECIFIED.,.F.,.F.,(3,3),(0.,1.),.UNSPECIFIED.);
#250=B_SPLINE_CURVE_WITH_KNOTS('',2,(#13977,#13978,#13979),
 .UNSPECIFIED.,.F.,.F.,(3,3),(0.,1.),.UNSPECIFIED.);
#251=B_SPLINE_CURVE_WITH_KNOTS('',2,(#13987,#13988,#13989),
 .UNSPECIFIED.,.F.,.F.,(3,3),(0.,1.),.UNSPECIFIED.);
#252=B_SPLINE_CURVE_WITH_KNOTS('',2,(#13992,#13993,#13994),
 .UNSPECIFIED.,.F.,.F.,(3,3),(0.,1.),.UNSPECIFIED.);
#253=B_SPLINE_CURVE_WITH_KNOTS('',2,(#14002,#14003,#14004),
 .UNSPECIFIED.,.F.,.F.,(3,3),(0.,1.),.UNSPECIFIED.);
#254=B_SPLINE_CURVE_WITH_KNOTS('',2,(#14007,#14008,#14009),
 .UNSPECIFIED.,.F.,.F.,(3,3),(0.,1.),.UNSPECIFIED.);
#255=B_SPLINE_CURVE_WITH_KNOTS('',2,(#14016,#14017,#14018),
 .UNSPECIFIED.,.F.,.F.,(3,3),(0.,1.),.UNSPECIFIED.);
#256=B_SPLINE_CURVE_WITH_KNOTS('',2,(#14019,#14020,#14021),
 .UNSPECIFIED.,.F.,.F.,(3,3),(0.,1.),.UNSPECIFIED.);
#257=B_SPLINE_CURVE_WITH_KNOTS('',2,(#14039,#14040,#14041),
 .UNSPECIFIED.,.F.,.F.,(3,3),(0.,1.),.UNSPECIFIED.);
#258=B_SPLINE_CURVE_WITH_KNOTS('',2,(#14044,#14045,#14046),
 .UNSPECIFIED.,.F.,.F.,(3,3),(0.,1.),.UNSPECIFIED.);
#259=B_SPLINE_CURVE_WITH_KNOTS('',2,(#14054,#14055,#14056),
 .UNSPECIFIED.,.F.,.F.,(3,3),(0.,1.),.UNSPECIFIED.);
#260=B_SPLINE_CURVE_WITH_KNOTS('',2,(#14059,#14060,#14061),
 .UNSPECIFIED.,.F.,.F.,(3,3),(0.,1.),.UNSPECIFIED.);
#261=B_SPLINE_CURVE_WITH_KNOTS('',2,(#14069,#14070,#14071),
 .UNSPECIFIED.,.F.,.F.,(3,3),(0.,1.),.UNSPECIFIED.);
#262=B_SPLINE_CURVE_WITH_KNOTS('',2,(#14074,#14075,#14076),
 .UNSPECIFIED.,.F.,.F.,(3,3),(0.,1.),.UNSPECIFIED.);
#263=B_SPLINE_CURVE_WITH_KNOTS('',2,(#14084,#14085,#14086),
 .UNSPECIFIED.,.F.,.F.,(3,3),(0.,1.),.UNSPECIFIED.);
#264=B_SPLINE_CURVE_WITH_KNOTS('',2,(#14089,#14090,#14091),
 .UNSPECIFIED.,.F.,.F.,(3,3),(0.,1.),.UNSPECIFIED.);
#265=B_SPLINE_CURVE_WITH_KNOTS('',2,(#14099,#14100,#14101),
 .UNSPECIFIED.,.F.,.F.,(3,3),(0.,1.),.UNSPECIFIED.);
#266=B_SPLINE_CURVE_WITH_KNOTS('',2,(#14104,#14105,#14106),
 .UNSPECIFIED.,.F.,.F.,(3,3),(0.,1.),.UNSPECIFIED.);
#267=B_SPLINE_CURVE_WITH_KNOTS('',2,(#14114,#14115,#14116),
 .UNSPECIFIED.,.F.,.F.,(3,3),(0.,1.),.UNSPECIFIED.);
#268=B_SPLINE_CURVE_WITH_KNOTS('',2,(#14119,#14120,#14121),
 .UNSPECIFIED.,.F.,.F.,(3,3),(0.,1.),.UNSPECIFIED.);
#269=B_SPLINE_CURVE_WITH_KNOTS('',2,(#14129,#14130,#14131),
 .UNSPECIFIED.,.F.,.F.,(3,3),(0.,1.),.UNSPECIFIED.);
#270=B_SPLINE_CURVE_WITH_KNOTS('',2,(#14134,#14135,#14136),
 .UNSPECIFIED.,.F.,.F.,(3,3),(0.,1.),.UNSPECIFIED.);
#271=B_SPLINE_CURVE_WITH_KNOTS('',2,(#14154,#14155,#14156),
 .UNSPECIFIED.,.F.,.F.,(3,3),(0.,1.),.UNSPECIFIED.);
#272=B_SPLINE_CURVE_WITH_KNOTS('',2,(#14160,#14161,#14162),
 .UNSPECIFIED.,.F.,.F.,(3,3),(0.,1.),.UNSPECIFIED.);
#273=B_SPLINE_CURVE_WITH_KNOTS('',2,(#14171,#14172,#14173),
 .UNSPECIFIED.,.F.,.F.,(3,3),(0.,1.),.UNSPECIFIED.);
#274=B_SPLINE_CURVE_WITH_KNOTS('',2,(#14176,#14177,#14178),
 .UNSPECIFIED.,.F.,.F.,(3,3),(0.,1.),.UNSPECIFIED.);
#275=B_SPLINE_CURVE_WITH_KNOTS('',2,(#14186,#14187,#14188),
 .UNSPECIFIED.,.F.,.F.,(3,3),(0.,1.),.UNSPECIFIED.);
#276=B_SPLINE_CURVE_WITH_KNOTS('',2,(#14191,#14192,#14193),
 .UNSPECIFIED.,.F.,.F.,(3,3),(0.,1.),.UNSPECIFIED.);
#277=B_SPLINE_CURVE_WITH_KNOTS('',2,(#14201,#14202,#14203),
 .UNSPECIFIED.,.F.,.F.,(3,3),(0.,1.),.UNSPECIFIED.);
#278=B_SPLINE_CURVE_WITH_KNOTS('',2,(#14206,#14207,#14208),
 .UNSPECIFIED.,.F.,.F.,(3,3),(0.,1.),.UNSPECIFIED.);
#279=B_SPLINE_CURVE_WITH_KNOTS('',2,(#14216,#14217,#14218),
 .UNSPECIFIED.,.F.,.F.,(3,3),(0.,1.),.UNSPECIFIED.);
#280=B_SPLINE_CURVE_WITH_KNOTS('',2,(#14221,#14222,#14223),
 .UNSPECIFIED.,.F.,.F.,(3,3),(0.,1.),.UNSPECIFIED.);
#281=B_SPLINE_CURVE_WITH_KNOTS('',2,(#14231,#14232,#14233),
 .UNSPECIFIED.,.F.,.F.,(3,3),(0.,1.),.UNSPECIFIED.);
#282=B_SPLINE_CURVE_WITH_KNOTS('',2,(#14236,#14237,#14238),
 .UNSPECIFIED.,.F.,.F.,(3,3),(0.,1.),.UNSPECIFIED.);
#283=B_SPLINE_CURVE_WITH_KNOTS('',2,(#14246,#14247,#14248),
 .UNSPECIFIED.,.F.,.F.,(3,3),(0.,1.),.UNSPECIFIED.);
#284=B_SPLINE_CURVE_WITH_KNOTS('',2,(#14251,#14252,#14253),
 .UNSPECIFIED.,.F.,.F.,(3,3),(0.,1.),.UNSPECIFIED.);
#285=B_SPLINE_CURVE_WITH_KNOTS('',2,(#14261,#14262,#14263),
 .UNSPECIFIED.,.F.,.F.,(3,3),(0.,1.),.UNSPECIFIED.);
#286=B_SPLINE_CURVE_WITH_KNOTS('',2,(#14266,#14267,#14268),
 .UNSPECIFIED.,.F.,.F.,(3,3),(0.,1.),.UNSPECIFIED.);
#287=B_SPLINE_CURVE_WITH_KNOTS('',2,(#14276,#14277,#14278),
 .UNSPECIFIED.,.F.,.F.,(3,3),(0.,1.),.UNSPECIFIED.);
#288=B_SPLINE_CURVE_WITH_KNOTS('',2,(#14281,#14282,#14283),
 .UNSPECIFIED.,.F.,.F.,(3,3),(0.,1.),.UNSPECIFIED.);
#289=B_SPLINE_CURVE_WITH_KNOTS('',2,(#14369,#14370,#14371),
 .UNSPECIFIED.,.F.,.F.,(3,3),(0.,1.),.UNSPECIFIED.);
#290=B_SPLINE_CURVE_WITH_KNOTS('',2,(#14375,#14376,#14377),
 .UNSPECIFIED.,.F.,.F.,(3,3),(0.,1.),.UNSPECIFIED.);
#291=B_SPLINE_CURVE_WITH_KNOTS('',2,(#14386,#14387,#14388),
 .UNSPECIFIED.,.F.,.F.,(3,3),(0.,1.),.UNSPECIFIED.);
#292=B_SPLINE_CURVE_WITH_KNOTS('',2,(#14391,#14392,#14393),
 .UNSPECIFIED.,.F.,.F.,(3,3),(0.,1.),.UNSPECIFIED.);
#293=B_SPLINE_CURVE_WITH_KNOTS('',2,(#14522,#14523,#14524),
 .UNSPECIFIED.,.F.,.F.,(3,3),(0.,1.),.UNSPECIFIED.);
#294=B_SPLINE_CURVE_WITH_KNOTS('',2,(#14527,#14528,#14529),
 .UNSPECIFIED.,.F.,.F.,(3,3),(0.,1.),.UNSPECIFIED.);
#295=B_SPLINE_CURVE_WITH_KNOTS('',2,(#14537,#14538,#14539),
 .UNSPECIFIED.,.F.,.F.,(3,3),(0.,1.),.UNSPECIFIED.);
#296=B_SPLINE_CURVE_WITH_KNOTS('',2,(#14542,#14543,#14544),
 .UNSPECIFIED.,.F.,.F.,(3,3),(0.,1.),.UNSPECIFIED.);
#297=B_SPLINE_CURVE_WITH_KNOTS('',2,(#14701,#14702,#14703),
 .UNSPECIFIED.,.F.,.F.,(3,3),(0.,1.),.UNSPECIFIED.);
#298=B_SPLINE_CURVE_WITH_KNOTS('',2,(#14707,#14708,#14709),
 .UNSPECIFIED.,.F.,.F.,(3,3),(0.,1.),.UNSPECIFIED.);
#299=B_SPLINE_CURVE_WITH_KNOTS('',2,(#14718,#14719,#14720),
 .UNSPECIFIED.,.F.,.F.,(3,3),(0.,1.),.UNSPECIFIED.);
#300=B_SPLINE_CURVE_WITH_KNOTS('',2,(#14723,#14724,#14725),
 .UNSPECIFIED.,.F.,.F.,(3,3),(0.,1.),.UNSPECIFIED.);
#301=B_SPLINE_CURVE_WITH_KNOTS('',2,(#14733,#14734,#14735),
 .UNSPECIFIED.,.F.,.F.,(3,3),(0.,1.),.UNSPECIFIED.);
#302=B_SPLINE_CURVE_WITH_KNOTS('',2,(#14738,#14739,#14740),
 .UNSPECIFIED.,.F.,.F.,(3,3),(0.,1.),.UNSPECIFIED.);
#303=B_SPLINE_CURVE_WITH_KNOTS('',2,(#14748,#14749,#14750),
 .UNSPECIFIED.,.F.,.F.,(3,3),(0.,1.),.UNSPECIFIED.);
#304=B_SPLINE_CURVE_WITH_KNOTS('',2,(#14753,#14754,#14755),
 .UNSPECIFIED.,.F.,.F.,(3,3),(0.,1.),.UNSPECIFIED.);
#305=B_SPLINE_CURVE_WITH_KNOTS('',2,(#14763,#14764,#14765),
 .UNSPECIFIED.,.F.,.F.,(3,3),(0.,1.),.UNSPECIFIED.);
#306=B_SPLINE_CURVE_WITH_KNOTS('',2,(#14768,#14769,#14770),
 .UNSPECIFIED.,.F.,.F.,(3,3),(0.,1.),.UNSPECIFIED.);
#307=B_SPLINE_CURVE_WITH_KNOTS('',2,(#14778,#14779,#14780),
 .UNSPECIFIED.,.F.,.F.,(3,3),(0.,1.),.UNSPECIFIED.);
#308=B_SPLINE_CURVE_WITH_KNOTS('',2,(#14783,#14784,#14785),
 .UNSPECIFIED.,.F.,.F.,(3,3),(0.,1.),.UNSPECIFIED.);
#309=B_SPLINE_CURVE_WITH_KNOTS('',2,(#14793,#14794,#14795),
 .UNSPECIFIED.,.F.,.F.,(3,3),(0.,1.),.UNSPECIFIED.);
#310=B_SPLINE_CURVE_WITH_KNOTS('',2,(#14798,#14799,#14800),
 .UNSPECIFIED.,.F.,.F.,(3,3),(0.,1.),.UNSPECIFIED.);
#311=B_SPLINE_CURVE_WITH_KNOTS('',2,(#14807,#14808,#14809),
 .UNSPECIFIED.,.F.,.F.,(3,3),(0.,1.),.UNSPECIFIED.);
#312=B_SPLINE_CURVE_WITH_KNOTS('',2,(#14810,#14811,#14812),
 .UNSPECIFIED.,.F.,.F.,(3,3),(0.,1.),.UNSPECIFIED.);
#313=B_SPLINE_CURVE_WITH_KNOTS('',2,(#14821,#14822,#14823),
 .UNSPECIFIED.,.F.,.F.,(3,3),(0.,1.),.UNSPECIFIED.);
#314=B_SPLINE_CURVE_WITH_KNOTS('',2,(#14827,#14828,#14829),
 .UNSPECIFIED.,.F.,.F.,(3,3),(0.,1.),.UNSPECIFIED.);
#315=B_SPLINE_CURVE_WITH_KNOTS('',2,(#14838,#14839,#14840),
 .UNSPECIFIED.,.F.,.F.,(3,3),(0.,1.),.UNSPECIFIED.);
#316=B_SPLINE_CURVE_WITH_KNOTS('',2,(#14843,#14844,#14845),
 .UNSPECIFIED.,.F.,.F.,(3,3),(0.,1.),.UNSPECIFIED.);
#317=B_SPLINE_CURVE_WITH_KNOTS('',2,(#14853,#14854,#14855),
 .UNSPECIFIED.,.F.,.F.,(3,3),(0.,1.),.UNSPECIFIED.);
#318=B_SPLINE_CURVE_WITH_KNOTS('',2,(#14858,#14859,#14860),
 .UNSPECIFIED.,.F.,.F.,(3,3),(0.,1.),.UNSPECIFIED.);
#319=B_SPLINE_CURVE_WITH_KNOTS('',2,(#14868,#14869,#14870),
 .UNSPECIFIED.,.F.,.F.,(3,3),(0.,1.),.UNSPECIFIED.);
#320=B_SPLINE_CURVE_WITH_KNOTS('',2,(#14873,#14874,#14875),
 .UNSPECIFIED.,.F.,.F.,(3,3),(0.,1.),.UNSPECIFIED.);
#321=B_SPLINE_CURVE_WITH_KNOTS('',2,(#14883,#14884,#14885),
 .UNSPECIFIED.,.F.,.F.,(3,3),(0.,1.),.UNSPECIFIED.);
#322=B_SPLINE_CURVE_WITH_KNOTS('',2,(#14888,#14889,#14890),
 .UNSPECIFIED.,.F.,.F.,(3,3),(0.,1.),.UNSPECIFIED.);
#323=B_SPLINE_CURVE_WITH_KNOTS('',2,(#14898,#14899,#14900),
 .UNSPECIFIED.,.F.,.F.,(3,3),(0.,1.),.UNSPECIFIED.);
#324=B_SPLINE_CURVE_WITH_KNOTS('',2,(#14903,#14904,#14905),
 .UNSPECIFIED.,.F.,.F.,(3,3),(0.,1.),.UNSPECIFIED.);
#325=B_SPLINE_CURVE_WITH_KNOTS('',2,(#14913,#14914,#14915),
 .UNSPECIFIED.,.F.,.F.,(3,3),(0.,1.),.UNSPECIFIED.);
#326=B_SPLINE_CURVE_WITH_KNOTS('',2,(#14918,#14919,#14920),
 .UNSPECIFIED.,.F.,.F.,(3,3),(0.,1.),.UNSPECIFIED.);
#327=B_SPLINE_CURVE_WITH_KNOTS('',2,(#14928,#14929,#14930),
 .UNSPECIFIED.,.F.,.F.,(3,3),(0.,1.),.UNSPECIFIED.);
#328=B_SPLINE_CURVE_WITH_KNOTS('',2,(#14933,#14934,#14935),
 .UNSPECIFIED.,.F.,.F.,(3,3),(0.,1.),.UNSPECIFIED.);
#329=B_SPLINE_CURVE_WITH_KNOTS('',2,(#14942,#14943,#14944),
 .UNSPECIFIED.,.F.,.F.,(3,3),(0.,1.),.UNSPECIFIED.);
#330=B_SPLINE_CURVE_WITH_KNOTS('',2,(#14945,#14946,#14947),
 .UNSPECIFIED.,.F.,.F.,(3,3),(0.,1.),.UNSPECIFIED.);
#331=B_SPLINE_CURVE_WITH_KNOTS('',2,(#14965,#14966,#14967),
 .UNSPECIFIED.,.F.,.F.,(3,3),(0.,1.),.UNSPECIFIED.);
#332=B_SPLINE_CURVE_WITH_KNOTS('',2,(#14970,#14971,#14972),
 .UNSPECIFIED.,.F.,.F.,(3,3),(0.,1.),.UNSPECIFIED.);
#333=B_SPLINE_CURVE_WITH_KNOTS('',2,(#14980,#14981,#14982),
 .UNSPECIFIED.,.F.,.F.,(3,3),(0.,1.),.UNSPECIFIED.);
#334=B_SPLINE_CURVE_WITH_KNOTS('',2,(#14985,#14986,#14987),
 .UNSPECIFIED.,.F.,.F.,(3,3),(0.,1.),.UNSPECIFIED.);
#335=B_SPLINE_CURVE_WITH_KNOTS('',2,(#14995,#14996,#14997),
 .UNSPECIFIED.,.F.,.F.,(3,3),(0.,1.),.UNSPECIFIED.);
#336=B_SPLINE_CURVE_WITH_KNOTS('',2,(#15000,#15001,#15002),
 .UNSPECIFIED.,.F.,.F.,(3,3),(0.,1.),.UNSPECIFIED.);
#337=B_SPLINE_CURVE_WITH_KNOTS('',2,(#15010,#15011,#15012),
 .UNSPECIFIED.,.F.,.F.,(3,3),(0.,1.),.UNSPECIFIED.);
#338=B_SPLINE_CURVE_WITH_KNOTS('',2,(#15015,#15016,#15017),
 .UNSPECIFIED.,.F.,.F.,(3,3),(0.,1.),.UNSPECIFIED.);
#339=B_SPLINE_CURVE_WITH_KNOTS('',2,(#15025,#15026,#15027),
 .UNSPECIFIED.,.F.,.F.,(3,3),(0.,1.),.UNSPECIFIED.);
#340=B_SPLINE_CURVE_WITH_KNOTS('',2,(#15030,#15031,#15032),
 .UNSPECIFIED.,.F.,.F.,(3,3),(0.,1.),.UNSPECIFIED.);
#341=B_SPLINE_CURVE_WITH_KNOTS('',2,(#15040,#15041,#15042),
 .UNSPECIFIED.,.F.,.F.,(3,3),(0.,1.),.UNSPECIFIED.);
#342=B_SPLINE_CURVE_WITH_KNOTS('',2,(#15045,#15046,#15047),
 .UNSPECIFIED.,.F.,.F.,(3,3),(0.,1.),.UNSPECIFIED.);
#343=B_SPLINE_CURVE_WITH_KNOTS('',2,(#15073,#15074,#15075),
 .UNSPECIFIED.,.F.,.F.,(3,3),(0.,1.),.UNSPECIFIED.);
#344=B_SPLINE_CURVE_WITH_KNOTS('',2,(#15078,#15079,#15080),
 .UNSPECIFIED.,.F.,.F.,(3,3),(0.,1.),.UNSPECIFIED.);
#345=B_SPLINE_CURVE_WITH_KNOTS('',2,(#15088,#15089,#15090),
 .UNSPECIFIED.,.F.,.F.,(3,3),(0.,1.),.UNSPECIFIED.);
#346=B_SPLINE_CURVE_WITH_KNOTS('',2,(#15093,#15094,#15095),
 .UNSPECIFIED.,.F.,.F.,(3,3),(0.,1.),.UNSPECIFIED.);
#347=B_SPLINE_CURVE_WITH_KNOTS('',2,(#15103,#15104,#15105),
 .UNSPECIFIED.,.F.,.F.,(3,3),(0.,1.),.UNSPECIFIED.);
#348=B_SPLINE_CURVE_WITH_KNOTS('',2,(#15108,#15109,#15110),
 .UNSPECIFIED.,.F.,.F.,(3,3),(0.,1.),.UNSPECIFIED.);
#349=B_SPLINE_CURVE_WITH_KNOTS('',2,(#15118,#15119,#15120),
 .UNSPECIFIED.,.F.,.F.,(3,3),(0.,1.),.UNSPECIFIED.);
#350=B_SPLINE_CURVE_WITH_KNOTS('',2,(#15123,#15124,#15125),
 .UNSPECIFIED.,.F.,.F.,(3,3),(0.,1.),.UNSPECIFIED.);
#351=B_SPLINE_CURVE_WITH_KNOTS('',2,(#15133,#15134,#15135),
 .UNSPECIFIED.,.F.,.F.,(3,3),(0.,1.),.UNSPECIFIED.);
#352=B_SPLINE_CURVE_WITH_KNOTS('',2,(#15138,#15139,#15140),
 .UNSPECIFIED.,.F.,.F.,(3,3),(0.,1.),.UNSPECIFIED.);
#353=B_SPLINE_CURVE_WITH_KNOTS('',2,(#15148,#15149,#15150),
 .UNSPECIFIED.,.F.,.F.,(3,3),(0.,1.),.UNSPECIFIED.);
#354=B_SPLINE_CURVE_WITH_KNOTS('',2,(#15153,#15154,#15155),
 .UNSPECIFIED.,.F.,.F.,(3,3),(0.,1.),.UNSPECIFIED.);
#355=B_SPLINE_CURVE_WITH_KNOTS('',2,(#15163,#15164,#15165),
 .UNSPECIFIED.,.F.,.F.,(3,3),(0.,1.),.UNSPECIFIED.);
#356=B_SPLINE_CURVE_WITH_KNOTS('',2,(#15168,#15169,#15170),
 .UNSPECIFIED.,.F.,.F.,(3,3),(0.,1.),.UNSPECIFIED.);
#357=B_SPLINE_CURVE_WITH_KNOTS('',2,(#15188,#15189,#15190),
 .UNSPECIFIED.,.F.,.F.,(3,3),(0.,1.),.UNSPECIFIED.);
#358=B_SPLINE_CURVE_WITH_KNOTS('',2,(#15194,#15195,#15196),
 .UNSPECIFIED.,.F.,.F.,(3,3),(0.,1.),.UNSPECIFIED.);
#359=B_SPLINE_CURVE_WITH_KNOTS('',2,(#15205,#15206,#15207),
 .UNSPECIFIED.,.F.,.F.,(3,3),(0.,1.),.UNSPECIFIED.);
#360=B_SPLINE_CURVE_WITH_KNOTS('',2,(#15210,#15211,#15212),
 .UNSPECIFIED.,.F.,.F.,(3,3),(0.,1.),.UNSPECIFIED.);
#361=B_SPLINE_CURVE_WITH_KNOTS('',2,(#15220,#15221,#15222),
 .UNSPECIFIED.,.F.,.F.,(3,3),(0.,1.),.UNSPECIFIED.);
#362=B_SPLINE_CURVE_WITH_KNOTS('',2,(#15225,#15226,#15227),
 .UNSPECIFIED.,.F.,.F.,(3,3),(0.,1.),.UNSPECIFIED.);
#363=B_SPLINE_CURVE_WITH_KNOTS('',2,(#15235,#15236,#15237),
 .UNSPECIFIED.,.F.,.F.,(3,3),(0.,1.),.UNSPECIFIED.);
#364=B_SPLINE_CURVE_WITH_KNOTS('',2,(#15240,#15241,#15242),
 .UNSPECIFIED.,.F.,.F.,(3,3),(0.,1.),.UNSPECIFIED.);
#365=B_SPLINE_CURVE_WITH_KNOTS('',2,(#15250,#15251,#15252),
 .UNSPECIFIED.,.F.,.F.,(3,3),(0.,1.),.UNSPECIFIED.);
#366=B_SPLINE_CURVE_WITH_KNOTS('',2,(#15255,#15256,#15257),
 .UNSPECIFIED.,.F.,.F.,(3,3),(0.,1.),.UNSPECIFIED.);
#367=B_SPLINE_CURVE_WITH_KNOTS('',2,(#15265,#15266,#15267),
 .UNSPECIFIED.,.F.,.F.,(3,3),(0.,1.),.UNSPECIFIED.);
#368=B_SPLINE_CURVE_WITH_KNOTS('',2,(#15270,#15271,#15272),
 .UNSPECIFIED.,.F.,.F.,(3,3),(0.,1.),.UNSPECIFIED.);
#369=B_SPLINE_CURVE_WITH_KNOTS('',2,(#15280,#15281,#15282),
 .UNSPECIFIED.,.F.,.F.,(3,3),(0.,1.),.UNSPECIFIED.);
#370=B_SPLINE_CURVE_WITH_KNOTS('',2,(#15285,#15286,#15287),
 .UNSPECIFIED.,.F.,.F.,(3,3),(0.,1.),.UNSPECIFIED.);
#371=B_SPLINE_CURVE_WITH_KNOTS('',2,(#15295,#15296,#15297),
 .UNSPECIFIED.,.F.,.F.,(3,3),(0.,1.),.UNSPECIFIED.);
#372=B_SPLINE_CURVE_WITH_KNOTS('',2,(#15300,#15301,#15302),
 .UNSPECIFIED.,.F.,.F.,(3,3),(0.,1.),.UNSPECIFIED.);
#373=B_SPLINE_CURVE_WITH_KNOTS('',2,(#15310,#15311,#15312),
 .UNSPECIFIED.,.F.,.F.,(3,3),(0.,1.),.UNSPECIFIED.);
#374=B_SPLINE_CURVE_WITH_KNOTS('',2,(#15315,#15316,#15317),
 .UNSPECIFIED.,.F.,.F.,(3,3),(0.,1.),.UNSPECIFIED.);
#375=B_SPLINE_CURVE_WITH_KNOTS('',2,(#15325,#15326,#15327),
 .UNSPECIFIED.,.F.,.F.,(3,3),(0.,1.),.UNSPECIFIED.);
#376=B_SPLINE_CURVE_WITH_KNOTS('',2,(#15330,#15331,#15332),
 .UNSPECIFIED.,.F.,.F.,(3,3),(0.,1.),.UNSPECIFIED.);
#377=B_SPLINE_CURVE_WITH_KNOTS('',2,(#15340,#15341,#15342),
 .UNSPECIFIED.,.F.,.F.,(3,3),(0.,1.),.UNSPECIFIED.);
#378=B_SPLINE_CURVE_WITH_KNOTS('',2,(#15345,#15346,#15347),
 .UNSPECIFIED.,.F.,.F.,(3,3),(0.,1.),.UNSPECIFIED.);
#379=B_SPLINE_CURVE_WITH_KNOTS('',2,(#15372,#15373,#15374),
 .UNSPECIFIED.,.F.,.F.,(3,3),(0.,1.),.UNSPECIFIED.);
#380=B_SPLINE_CURVE_WITH_KNOTS('',2,(#15378,#15379,#15380),
 .UNSPECIFIED.,.F.,.F.,(3,3),(0.,1.),.UNSPECIFIED.);
#381=B_SPLINE_CURVE_WITH_KNOTS('',2,(#15389,#15390,#15391),
 .UNSPECIFIED.,.F.,.F.,(3,3),(0.,1.),.UNSPECIFIED.);
#382=B_SPLINE_CURVE_WITH_KNOTS('',2,(#15394,#15395,#15396),
 .UNSPECIFIED.,.F.,.F.,(3,3),(0.,1.),.UNSPECIFIED.);
#383=B_SPLINE_CURVE_WITH_KNOTS('',2,(#15404,#15405,#15406),
 .UNSPECIFIED.,.F.,.F.,(3,3),(0.,1.),.UNSPECIFIED.);
#384=B_SPLINE_CURVE_WITH_KNOTS('',2,(#15409,#15410,#15411),
 .UNSPECIFIED.,.F.,.F.,(3,3),(0.,1.),.UNSPECIFIED.);
#385=B_SPLINE_CURVE_WITH_KNOTS('',2,(#15437,#15438,#15439),
 .UNSPECIFIED.,.F.,.F.,(3,3),(0.,1.),.UNSPECIFIED.);
#386=B_SPLINE_CURVE_WITH_KNOTS('',2,(#15442,#15443,#15444),
 .UNSPECIFIED.,.F.,.F.,(3,3),(0.,1.),.UNSPECIFIED.);
#387=B_SPLINE_CURVE_WITH_KNOTS('',2,(#15452,#15453,#15454),
 .UNSPECIFIED.,.F.,.F.,(3,3),(0.,1.),.UNSPECIFIED.);
#388=B_SPLINE_CURVE_WITH_KNOTS('',2,(#15457,#15458,#15459),
 .UNSPECIFIED.,.F.,.F.,(3,3),(0.,1.),.UNSPECIFIED.);
#389=B_SPLINE_CURVE_WITH_KNOTS('',2,(#15485,#15486,#15487),
 .UNSPECIFIED.,.F.,.F.,(3,3),(0.,1.),.UNSPECIFIED.);
#390=B_SPLINE_CURVE_WITH_KNOTS('',2,(#15490,#15491,#15492),
 .UNSPECIFIED.,.F.,.F.,(3,3),(0.,1.),.UNSPECIFIED.);
#391=B_SPLINE_CURVE_WITH_KNOTS('',2,(#15500,#15501,#15502),
 .UNSPECIFIED.,.F.,.F.,(3,3),(0.,1.),.UNSPECIFIED.);
#392=B_SPLINE_CURVE_WITH_KNOTS('',2,(#15505,#15506,#15507),
 .UNSPECIFIED.,.F.,.F.,(3,3),(0.,1.),.UNSPECIFIED.);
#393=B_SPLINE_CURVE_WITH_KNOTS('',2,(#15515,#15516,#15517),
 .UNSPECIFIED.,.F.,.F.,(3,3),(0.,1.),.UNSPECIFIED.);
#394=B_SPLINE_CURVE_WITH_KNOTS('',2,(#15520,#15521,#15522),
 .UNSPECIFIED.,.F.,.F.,(3,3),(0.,1.),.UNSPECIFIED.);
#395=B_SPLINE_CURVE_WITH_KNOTS('',2,(#15530,#15531,#15532),
 .UNSPECIFIED.,.F.,.F.,(3,3),(0.,1.),.UNSPECIFIED.);
#396=B_SPLINE_CURVE_WITH_KNOTS('',2,(#15535,#15536,#15537),
 .UNSPECIFIED.,.F.,.F.,(3,3),(0.,1.),.UNSPECIFIED.);
#397=B_SPLINE_CURVE_WITH_KNOTS('',2,(#15545,#15546,#15547),
 .UNSPECIFIED.,.F.,.F.,(3,3),(0.,1.),.UNSPECIFIED.);
#398=B_SPLINE_CURVE_WITH_KNOTS('',2,(#15550,#15551,#15552),
 .UNSPECIFIED.,.F.,.F.,(3,3),(0.,1.),.UNSPECIFIED.);
#399=B_SPLINE_CURVE_WITH_KNOTS('',2,(#15565,#15566,#15567),
 .UNSPECIFIED.,.F.,.F.,(3,3),(0.,1.),.UNSPECIFIED.);
#400=B_SPLINE_CURVE_WITH_KNOTS('',2,(#15568,#15569,#15570),
 .UNSPECIFIED.,.F.,.F.,(3,3),(0.,1.),.UNSPECIFIED.);
#401=B_SPLINE_CURVE_WITH_KNOTS('',2,(#15580,#15581,#15582),
 .UNSPECIFIED.,.F.,.F.,(3,3),(0.,1.),.UNSPECIFIED.);
#402=B_SPLINE_CURVE_WITH_KNOTS('',2,(#15586,#15587,#15588),
 .UNSPECIFIED.,.F.,.F.,(3,3),(0.,1.),.UNSPECIFIED.);
#403=B_SPLINE_CURVE_WITH_KNOTS('',2,(#15597,#15598,#15599),
 .UNSPECIFIED.,.F.,.F.,(3,3),(0.,1.),.UNSPECIFIED.);
#404=B_SPLINE_CURVE_WITH_KNOTS('',2,(#15602,#15603,#15604),
 .UNSPECIFIED.,.F.,.F.,(3,3),(0.,1.),.UNSPECIFIED.);
#405=B_SPLINE_CURVE_WITH_KNOTS('',2,(#15612,#15613,#15614),
 .UNSPECIFIED.,.F.,.F.,(3,3),(0.,1.),.UNSPECIFIED.);
#406=B_SPLINE_CURVE_WITH_KNOTS('',2,(#15617,#15618,#15619),
 .UNSPECIFIED.,.F.,.F.,(3,3),(0.,1.),.UNSPECIFIED.);
#407=B_SPLINE_CURVE_WITH_KNOTS('',2,(#15627,#15628,#15629),
 .UNSPECIFIED.,.F.,.F.,(3,3),(0.,1.),.UNSPECIFIED.);
#408=B_SPLINE_CURVE_WITH_KNOTS('',2,(#15632,#15633,#15634),
 .UNSPECIFIED.,.F.,.F.,(3,3),(0.,1.),.UNSPECIFIED.);
#409=B_SPLINE_CURVE_WITH_KNOTS('',2,(#15642,#15643,#15644),
 .UNSPECIFIED.,.F.,.F.,(3,3),(0.,1.),.UNSPECIFIED.);
#410=B_SPLINE_CURVE_WITH_KNOTS('',2,(#15647,#15648,#15649),
 .UNSPECIFIED.,.F.,.F.,(3,3),(0.,1.),.UNSPECIFIED.);
#411=B_SPLINE_CURVE_WITH_KNOTS('',2,(#15657,#15658,#15659),
 .UNSPECIFIED.,.F.,.F.,(3,3),(0.,1.),.UNSPECIFIED.);
#412=B_SPLINE_CURVE_WITH_KNOTS('',2,(#15662,#15663,#15664),
 .UNSPECIFIED.,.F.,.F.,(3,3),(0.,1.),.UNSPECIFIED.);
#413=B_SPLINE_CURVE_WITH_KNOTS('',2,(#15672,#15673,#15674),
 .UNSPECIFIED.,.F.,.F.,(3,3),(0.,1.),.UNSPECIFIED.);
#414=B_SPLINE_CURVE_WITH_KNOTS('',2,(#15677,#15678,#15679),
 .UNSPECIFIED.,.F.,.F.,(3,3),(0.,1.),.UNSPECIFIED.);
#415=B_SPLINE_CURVE_WITH_KNOTS('',2,(#15686,#15687,#15688),
 .UNSPECIFIED.,.F.,.F.,(3,3),(0.,1.),.UNSPECIFIED.);
#416=B_SPLINE_CURVE_WITH_KNOTS('',2,(#15689,#15690,#15691),
 .UNSPECIFIED.,.F.,.F.,(3,3),(0.,1.),.UNSPECIFIED.);
#417=B_SPLINE_CURVE_WITH_KNOTS('',2,(#15700,#15701,#15702),
 .UNSPECIFIED.,.F.,.F.,(3,3),(0.,1.),.UNSPECIFIED.);
#418=B_SPLINE_CURVE_WITH_KNOTS('',2,(#15706,#15707,#15708),
 .UNSPECIFIED.,.F.,.F.,(3,3),(0.,1.),.UNSPECIFIED.);
#419=B_SPLINE_CURVE_WITH_KNOTS('',2,(#15717,#15718,#15719),
 .UNSPECIFIED.,.F.,.F.,(3,3),(0.,1.),.UNSPECIFIED.);
#420=B_SPLINE_CURVE_WITH_KNOTS('',2,(#15722,#15723,#15724),
 .UNSPECIFIED.,.F.,.F.,(3,3),(0.,1.),.UNSPECIFIED.);
#421=B_SPLINE_CURVE_WITH_KNOTS('',2,(#15732,#15733,#15734),
 .UNSPECIFIED.,.F.,.F.,(3,3),(0.,1.),.UNSPECIFIED.);
#422=B_SPLINE_CURVE_WITH_KNOTS('',2,(#15737,#15738,#15739),
 .UNSPECIFIED.,.F.,.F.,(3,3),(0.,1.),.UNSPECIFIED.);
#423=B_SPLINE_CURVE_WITH_KNOTS('',2,(#15747,#15748,#15749),
 .UNSPECIFIED.,.F.,.F.,(3,3),(0.,1.),.UNSPECIFIED.);
#424=B_SPLINE_CURVE_WITH_KNOTS('',2,(#15752,#15753,#15754),
 .UNSPECIFIED.,.F.,.F.,(3,3),(0.,1.),.UNSPECIFIED.);
#425=B_SPLINE_CURVE_WITH_KNOTS('',2,(#15762,#15763,#15764),
 .UNSPECIFIED.,.F.,.F.,(3,3),(0.,1.),.UNSPECIFIED.);
#426=B_SPLINE_CURVE_WITH_KNOTS('',2,(#15767,#15768,#15769),
 .UNSPECIFIED.,.F.,.F.,(3,3),(0.,1.),.UNSPECIFIED.);
#427=B_SPLINE_CURVE_WITH_KNOTS('',2,(#15777,#15778,#15779),
 .UNSPECIFIED.,.F.,.F.,(3,3),(0.,1.),.UNSPECIFIED.);
#428=B_SPLINE_CURVE_WITH_KNOTS('',2,(#15782,#15783,#15784),
 .UNSPECIFIED.,.F.,.F.,(3,3),(0.,1.),.UNSPECIFIED.);
#429=B_SPLINE_CURVE_WITH_KNOTS('',2,(#15792,#15793,#15794),
 .UNSPECIFIED.,.F.,.F.,(3,3),(0.,1.),.UNSPECIFIED.);
#430=B_SPLINE_CURVE_WITH_KNOTS('',2,(#15797,#15798,#15799),
 .UNSPECIFIED.,.F.,.F.,(3,3),(0.,1.),.UNSPECIFIED.);
#431=B_SPLINE_CURVE_WITH_KNOTS('',2,(#15807,#15808,#15809),
 .UNSPECIFIED.,.F.,.F.,(3,3),(0.,1.),.UNSPECIFIED.);
#432=B_SPLINE_CURVE_WITH_KNOTS('',2,(#15812,#15813,#15814),
 .UNSPECIFIED.,.F.,.F.,(3,3),(0.,1.),.UNSPECIFIED.);
#433=B_SPLINE_CURVE_WITH_KNOTS('',2,(#15821,#15822,#15823),
 .UNSPECIFIED.,.F.,.F.,(3,3),(0.,1.),.UNSPECIFIED.);
#434=B_SPLINE_CURVE_WITH_KNOTS('',2,(#15824,#15825,#15826),
 .UNSPECIFIED.,.F.,.F.,(3,3),(0.,1.),.UNSPECIFIED.);
#435=B_SPLINE_CURVE_WITH_KNOTS('',2,(#15836,#15837,#15838),
 .UNSPECIFIED.,.F.,.F.,(3,3),(0.,1.),.UNSPECIFIED.);
#436=B_SPLINE_CURVE_WITH_KNOTS('',2,(#15842,#15843,#15844),
 .UNSPECIFIED.,.F.,.F.,(3,3),(0.,1.),.UNSPECIFIED.);
#437=B_SPLINE_CURVE_WITH_KNOTS('',2,(#15853,#15854,#15855),
 .UNSPECIFIED.,.F.,.F.,(3,3),(0.,1.),.UNSPECIFIED.);
#438=B_SPLINE_CURVE_WITH_KNOTS('',2,(#15858,#15859,#15860),
 .UNSPECIFIED.,.F.,.F.,(3,3),(0.,1.),.UNSPECIFIED.);
#439=B_SPLINE_CURVE_WITH_KNOTS('',2,(#15868,#15869,#15870),
 .UNSPECIFIED.,.F.,.F.,(3,3),(0.,1.),.UNSPECIFIED.);
#440=B_SPLINE_CURVE_WITH_KNOTS('',2,(#15873,#15874,#15875),
 .UNSPECIFIED.,.F.,.F.,(3,3),(0.,1.),.UNSPECIFIED.);
#441=B_SPLINE_CURVE_WITH_KNOTS('',2,(#15883,#15884,#15885),
 .UNSPECIFIED.,.F.,.F.,(3,3),(0.,1.),.UNSPECIFIED.);
#442=B_SPLINE_CURVE_WITH_KNOTS('',2,(#15888,#15889,#15890),
 .UNSPECIFIED.,.F.,.F.,(3,3),(0.,1.),.UNSPECIFIED.);
#443=B_SPLINE_CURVE_WITH_KNOTS('',2,(#15898,#15899,#15900),
 .UNSPECIFIED.,.F.,.F.,(3,3),(0.,1.),.UNSPECIFIED.);
#444=B_SPLINE_CURVE_WITH_KNOTS('',2,(#15903,#15904,#15905),
 .UNSPECIFIED.,.F.,.F.,(3,3),(0.,1.),.UNSPECIFIED.);
#445=B_SPLINE_CURVE_WITH_KNOTS('',2,(#15913,#15914,#15915),
 .UNSPECIFIED.,.F.,.F.,(3,3),(0.,1.),.UNSPECIFIED.);
#446=B_SPLINE_CURVE_WITH_KNOTS('',2,(#15918,#15919,#15920),
 .UNSPECIFIED.,.F.,.F.,(3,3),(0.,1.),.UNSPECIFIED.);
#447=B_SPLINE_CURVE_WITH_KNOTS('',2,(#15928,#15929,#15930),
 .UNSPECIFIED.,.F.,.F.,(3,3),(0.,1.),.UNSPECIFIED.);
#448=B_SPLINE_CURVE_WITH_KNOTS('',2,(#15933,#15934,#15935),
 .UNSPECIFIED.,.F.,.F.,(3,3),(0.,1.),.UNSPECIFIED.);
#449=B_SPLINE_CURVE_WITH_KNOTS('',2,(#15942,#15943,#15944),
 .UNSPECIFIED.,.F.,.F.,(3,3),(0.,1.),.UNSPECIFIED.);
#450=B_SPLINE_CURVE_WITH_KNOTS('',2,(#15945,#15946,#15947),
 .UNSPECIFIED.,.F.,.F.,(3,3),(0.,1.),.UNSPECIFIED.);
#451=B_SPLINE_CURVE_WITH_KNOTS('',2,(#15976,#15977,#15978),
 .UNSPECIFIED.,.F.,.F.,(3,3),(0.,1.),.UNSPECIFIED.);
#452=B_SPLINE_CURVE_WITH_KNOTS('',2,(#15981,#15982,#15983),
 .UNSPECIFIED.,.F.,.F.,(3,3),(0.,1.),.UNSPECIFIED.);
#453=B_SPLINE_CURVE_WITH_KNOTS('',2,(#15991,#15992,#15993),
 .UNSPECIFIED.,.F.,.F.,(3,3),(0.,1.),.UNSPECIFIED.);
#454=B_SPLINE_CURVE_WITH_KNOTS('',2,(#15996,#15997,#15998),
 .UNSPECIFIED.,.F.,.F.,(3,3),(0.,1.),.UNSPECIFIED.);
#455=B_SPLINE_CURVE_WITH_KNOTS('',2,(#16006,#16007,#16008),
 .UNSPECIFIED.,.F.,.F.,(3,3),(0.,1.),.UNSPECIFIED.);
#456=B_SPLINE_CURVE_WITH_KNOTS('',2,(#16011,#16012,#16013),
 .UNSPECIFIED.,.F.,.F.,(3,3),(0.,1.),.UNSPECIFIED.);
#457=B_SPLINE_CURVE_WITH_KNOTS('',2,(#16021,#16022,#16023),
 .UNSPECIFIED.,.F.,.F.,(3,3),(0.,1.),.UNSPECIFIED.);
#458=B_SPLINE_CURVE_WITH_KNOTS('',2,(#16026,#16027,#16028),
 .UNSPECIFIED.,.F.,.F.,(3,3),(0.,1.),.UNSPECIFIED.);
#459=B_SPLINE_CURVE_WITH_KNOTS('',2,(#16036,#16037,#16038),
 .UNSPECIFIED.,.F.,.F.,(3,3),(0.,1.),.UNSPECIFIED.);
#460=B_SPLINE_CURVE_WITH_KNOTS('',2,(#16041,#16042,#16043),
 .UNSPECIFIED.,.F.,.F.,(3,3),(0.,1.),.UNSPECIFIED.);
#461=B_SPLINE_CURVE_WITH_KNOTS('',2,(#16051,#16052,#16053),
 .UNSPECIFIED.,.F.,.F.,(3,3),(0.,1.),.UNSPECIFIED.);
#462=B_SPLINE_CURVE_WITH_KNOTS('',2,(#16056,#16057,#16058),
 .UNSPECIFIED.,.F.,.F.,(3,3),(0.,1.),.UNSPECIFIED.);
#463=B_SPLINE_CURVE_WITH_KNOTS('',2,(#16066,#16067,#16068),
 .UNSPECIFIED.,.F.,.F.,(3,3),(0.,1.),.UNSPECIFIED.);
#464=B_SPLINE_CURVE_WITH_KNOTS('',2,(#16071,#16072,#16073),
 .UNSPECIFIED.,.F.,.F.,(3,3),(0.,1.),.UNSPECIFIED.);
#465=B_SPLINE_CURVE_WITH_KNOTS('',2,(#16081,#16082,#16083),
 .UNSPECIFIED.,.F.,.F.,(3,3),(0.,1.),.UNSPECIFIED.);
#466=B_SPLINE_CURVE_WITH_KNOTS('',2,(#16086,#16087,#16088),
 .UNSPECIFIED.,.F.,.F.,(3,3),(0.,1.),.UNSPECIFIED.);
#467=B_SPLINE_CURVE_WITH_KNOTS('',2,(#16096,#16097,#16098),
 .UNSPECIFIED.,.F.,.F.,(3,3),(0.,1.),.UNSPECIFIED.);
#468=B_SPLINE_CURVE_WITH_KNOTS('',2,(#16101,#16102,#16103),
 .UNSPECIFIED.,.F.,.F.,(3,3),(0.,1.),.UNSPECIFIED.);
#469=B_SPLINE_CURVE_WITH_KNOTS('',2,(#16122,#16123,#16124),
 .UNSPECIFIED.,.F.,.F.,(3,3),(0.,1.),.UNSPECIFIED.);
#470=B_SPLINE_CURVE_WITH_KNOTS('',2,(#16128,#16129,#16130),
 .UNSPECIFIED.,.F.,.F.,(3,3),(0.,1.),.UNSPECIFIED.);
#471=B_SPLINE_CURVE_WITH_KNOTS('',2,(#16139,#16140,#16141),
 .UNSPECIFIED.,.F.,.F.,(3,3),(0.,1.),.UNSPECIFIED.);
#472=B_SPLINE_CURVE_WITH_KNOTS('',2,(#16144,#16145,#16146),
 .UNSPECIFIED.,.F.,.F.,(3,3),(0.,1.),.UNSPECIFIED.);
#473=B_SPLINE_CURVE_WITH_KNOTS('',2,(#16154,#16155,#16156),
 .UNSPECIFIED.,.F.,.F.,(3,3),(0.,1.),.UNSPECIFIED.);
#474=B_SPLINE_CURVE_WITH_KNOTS('',2,(#16159,#16160,#16161),
 .UNSPECIFIED.,.F.,.F.,(3,3),(0.,1.),.UNSPECIFIED.);
#475=B_SPLINE_CURVE_WITH_KNOTS('',2,(#16169,#16170,#16171),
 .UNSPECIFIED.,.F.,.F.,(3,3),(0.,1.),.UNSPECIFIED.);
#476=B_SPLINE_CURVE_WITH_KNOTS('',2,(#16174,#16175,#16176),
 .UNSPECIFIED.,.F.,.F.,(3,3),(0.,1.),.UNSPECIFIED.);
#477=B_SPLINE_CURVE_WITH_KNOTS('',2,(#16184,#16185,#16186),
 .UNSPECIFIED.,.F.,.F.,(3,3),(0.,1.),.UNSPECIFIED.);
#478=B_SPLINE_CURVE_WITH_KNOTS('',2,(#16189,#16190,#16191),
 .UNSPECIFIED.,.F.,.F.,(3,3),(0.,1.),.UNSPECIFIED.);
#479=B_SPLINE_CURVE_WITH_KNOTS('',2,(#16199,#16200,#16201),
 .UNSPECIFIED.,.F.,.F.,(3,3),(0.,1.),.UNSPECIFIED.);
#480=B_SPLINE_CURVE_WITH_KNOTS('',2,(#16204,#16205,#16206),
 .UNSPECIFIED.,.F.,.F.,(3,3),(0.,1.),.UNSPECIFIED.);
#481=B_SPLINE_CURVE_WITH_KNOTS('',2,(#16214,#16215,#16216),
 .UNSPECIFIED.,.F.,.F.,(3,3),(0.,1.),.UNSPECIFIED.);
#482=B_SPLINE_CURVE_WITH_KNOTS('',2,(#16219,#16220,#16221),
 .UNSPECIFIED.,.F.,.F.,(3,3),(0.,1.),.UNSPECIFIED.);
#483=B_SPLINE_CURVE_WITH_KNOTS('',2,(#16229,#16230,#16231),
 .UNSPECIFIED.,.F.,.F.,(3,3),(0.,1.),.UNSPECIFIED.);
#484=B_SPLINE_CURVE_WITH_KNOTS('',2,(#16234,#16235,#16236),
 .UNSPECIFIED.,.F.,.F.,(3,3),(0.,1.),.UNSPECIFIED.);
#485=B_SPLINE_CURVE_WITH_KNOTS('',2,(#16244,#16245,#16246),
 .UNSPECIFIED.,.F.,.F.,(3,3),(0.,1.),.UNSPECIFIED.);
#486=B_SPLINE_CURVE_WITH_KNOTS('',2,(#16249,#16250,#16251),
 .UNSPECIFIED.,.F.,.F.,(3,3),(0.,1.),.UNSPECIFIED.);
#487=B_SPLINE_CURVE_WITH_KNOTS('',2,(#16271,#16272,#16273),
 .UNSPECIFIED.,.F.,.F.,(3,3),(0.,1.),.UNSPECIFIED.);
#488=B_SPLINE_CURVE_WITH_KNOTS('',2,(#16276,#16277,#16278),
 .UNSPECIFIED.,.F.,.F.,(3,3),(0.,1.),.UNSPECIFIED.);
#489=B_SPLINE_CURVE_WITH_KNOTS('',2,(#16286,#16287,#16288),
 .UNSPECIFIED.,.F.,.F.,(3,3),(0.,1.),.UNSPECIFIED.);
#490=B_SPLINE_CURVE_WITH_KNOTS('',2,(#16291,#16292,#16293),
 .UNSPECIFIED.,.F.,.F.,(3,3),(0.,1.),.UNSPECIFIED.);
#491=B_SPLINE_CURVE_WITH_KNOTS('',2,(#16307,#16308,#16309),
 .UNSPECIFIED.,.F.,.F.,(3,3),(0.,1.),.UNSPECIFIED.);
#492=B_SPLINE_CURVE_WITH_KNOTS('',2,(#16312,#16313,#16314),
 .UNSPECIFIED.,.F.,.F.,(3,3),(0.,1.),.UNSPECIFIED.);
#493=B_SPLINE_CURVE_WITH_KNOTS('',2,(#16322,#16323,#16324),
 .UNSPECIFIED.,.F.,.F.,(3,3),(0.,1.),.UNSPECIFIED.);
#494=B_SPLINE_CURVE_WITH_KNOTS('',2,(#16327,#16328,#16329),
 .UNSPECIFIED.,.F.,.F.,(3,3),(0.,1.),.UNSPECIFIED.);
#495=B_SPLINE_CURVE_WITH_KNOTS('',2,(#16337,#16338,#16339),
 .UNSPECIFIED.,.F.,.F.,(3,3),(0.,1.),.UNSPECIFIED.);
#496=B_SPLINE_CURVE_WITH_KNOTS('',2,(#16342,#16343,#16344),
 .UNSPECIFIED.,.F.,.F.,(3,3),(0.,1.),.UNSPECIFIED.);
#497=B_SPLINE_CURVE_WITH_KNOTS('',2,(#16352,#16353,#16354),
 .UNSPECIFIED.,.F.,.F.,(3,3),(0.,1.),.UNSPECIFIED.);
#498=B_SPLINE_CURVE_WITH_KNOTS('',2,(#16357,#16358,#16359),
 .UNSPECIFIED.,.F.,.F.,(3,3),(0.,1.),.UNSPECIFIED.);
#499=B_SPLINE_CURVE_WITH_KNOTS('',2,(#16367,#16368,#16369),
 .UNSPECIFIED.,.F.,.F.,(3,3),(0.,1.),.UNSPECIFIED.);
#500=B_SPLINE_CURVE_WITH_KNOTS('',2,(#16372,#16373,#16374),
 .UNSPECIFIED.,.F.,.F.,(3,3),(0.,1.),.UNSPECIFIED.);
#501=B_SPLINE_CURVE_WITH_KNOTS('',2,(#16382,#16383,#16384),
 .UNSPECIFIED.,.F.,.F.,(3,3),(0.,1.),.UNSPECIFIED.);
#502=B_SPLINE_CURVE_WITH_KNOTS('',2,(#16387,#16388,#16389),
 .UNSPECIFIED.,.F.,.F.,(3,3),(0.,1.),.UNSPECIFIED.);
#503=B_SPLINE_CURVE_WITH_KNOTS('',2,(#16397,#16398,#16399),
 .UNSPECIFIED.,.F.,.F.,(3,3),(0.,1.),.UNSPECIFIED.);
#504=B_SPLINE_CURVE_WITH_KNOTS('',2,(#16402,#16403,#16404),
 .UNSPECIFIED.,.F.,.F.,(3,3),(0.,1.),.UNSPECIFIED.);
#505=B_SPLINE_CURVE_WITH_KNOTS('',2,(#16418,#16419,#16420),
 .UNSPECIFIED.,.F.,.F.,(3,3),(0.,1.),.UNSPECIFIED.);
#506=B_SPLINE_CURVE_WITH_KNOTS('',2,(#16423,#16424,#16425),
 .UNSPECIFIED.,.F.,.F.,(3,3),(0.,1.),.UNSPECIFIED.);
#507=B_SPLINE_CURVE_WITH_KNOTS('',2,(#16433,#16434,#16435),
 .UNSPECIFIED.,.F.,.F.,(3,3),(0.,1.),.UNSPECIFIED.);
#508=B_SPLINE_CURVE_WITH_KNOTS('',2,(#16438,#16439,#16440),
 .UNSPECIFIED.,.F.,.F.,(3,3),(0.,1.),.UNSPECIFIED.);
#509=B_SPLINE_CURVE_WITH_KNOTS('',2,(#16448,#16449,#16450),
 .UNSPECIFIED.,.F.,.F.,(3,3),(0.,1.),.UNSPECIFIED.);
#510=B_SPLINE_CURVE_WITH_KNOTS('',2,(#16453,#16454,#16455),
 .UNSPECIFIED.,.F.,.F.,(3,3),(0.,1.),.UNSPECIFIED.);
#511=B_SPLINE_CURVE_WITH_KNOTS('',2,(#16463,#16464,#16465),
 .UNSPECIFIED.,.F.,.F.,(3,3),(0.,1.),.UNSPECIFIED.);
#512=B_SPLINE_CURVE_WITH_KNOTS('',2,(#16468,#16469,#16470),
 .UNSPECIFIED.,.F.,.F.,(3,3),(0.,1.),.UNSPECIFIED.);
#513=B_SPLINE_CURVE_WITH_KNOTS('',2,(#16478,#16479,#16480),
 .UNSPECIFIED.,.F.,.F.,(3,3),(0.,1.),.UNSPECIFIED.);
#514=B_SPLINE_CURVE_WITH_KNOTS('',2,(#16483,#16484,#16485),
 .UNSPECIFIED.,.F.,.F.,(3,3),(0.,1.),.UNSPECIFIED.);
#515=B_SPLINE_CURVE_WITH_KNOTS('',2,(#16493,#16494,#16495),
 .UNSPECIFIED.,.F.,.F.,(3,3),(0.,1.),.UNSPECIFIED.);
#516=B_SPLINE_CURVE_WITH_KNOTS('',2,(#16498,#16499,#16500),
 .UNSPECIFIED.,.F.,.F.,(3,3),(0.,1.),.UNSPECIFIED.);
#517=B_SPLINE_CURVE_WITH_KNOTS('',2,(#16508,#16509,#16510),
 .UNSPECIFIED.,.F.,.F.,(3,3),(0.,1.),.UNSPECIFIED.);
#518=B_SPLINE_CURVE_WITH_KNOTS('',2,(#16513,#16514,#16515),
 .UNSPECIFIED.,.F.,.F.,(3,3),(0.,1.),.UNSPECIFIED.);
#519=B_SPLINE_CURVE_WITH_KNOTS('',2,(#16523,#16524,#16525),
 .UNSPECIFIED.,.F.,.F.,(3,3),(0.,1.),.UNSPECIFIED.);
#520=B_SPLINE_CURVE_WITH_KNOTS('',2,(#16528,#16529,#16530),
 .UNSPECIFIED.,.F.,.F.,(3,3),(0.,1.),.UNSPECIFIED.);
#521=B_SPLINE_CURVE_WITH_KNOTS('',2,(#16538,#16539,#16540),
 .UNSPECIFIED.,.F.,.F.,(3,3),(0.,1.),.UNSPECIFIED.);
#522=B_SPLINE_CURVE_WITH_KNOTS('',2,(#16543,#16544,#16545),
 .UNSPECIFIED.,.F.,.F.,(3,3),(0.,1.),.UNSPECIFIED.);
#523=B_SPLINE_CURVE_WITH_KNOTS('',2,(#16553,#16554,#16555),
 .UNSPECIFIED.,.F.,.F.,(3,3),(0.,1.),.UNSPECIFIED.);
#524=B_SPLINE_CURVE_WITH_KNOTS('',2,(#16558,#16559,#16560),
 .UNSPECIFIED.,.F.,.F.,(3,3),(0.,1.),.UNSPECIFIED.);
#525=B_SPLINE_CURVE_WITH_KNOTS('',2,(#16568,#16569,#16570),
 .UNSPECIFIED.,.F.,.F.,(3,3),(0.,1.),.UNSPECIFIED.);
#526=B_SPLINE_CURVE_WITH_KNOTS('',2,(#16573,#16574,#16575),
 .UNSPECIFIED.,.F.,.F.,(3,3),(0.,1.),.UNSPECIFIED.);
#527=B_SPLINE_CURVE_WITH_KNOTS('',2,(#16583,#16584,#16585),
 .UNSPECIFIED.,.F.,.F.,(3,3),(0.,1.),.UNSPECIFIED.);
#528=B_SPLINE_CURVE_WITH_KNOTS('',2,(#16588,#16589,#16590),
 .UNSPECIFIED.,.F.,.F.,(3,3),(0.,1.),.UNSPECIFIED.);
#529=B_SPLINE_CURVE_WITH_KNOTS('',2,(#16598,#16599,#16600),
 .UNSPECIFIED.,.F.,.F.,(3,3),(0.,1.),.UNSPECIFIED.);
#530=B_SPLINE_CURVE_WITH_KNOTS('',2,(#16603,#16604,#16605),
 .UNSPECIFIED.,.F.,.F.,(3,3),(0.,1.),.UNSPECIFIED.);
#531=B_SPLINE_CURVE_WITH_KNOTS('',2,(#16613,#16614,#16615),
 .UNSPECIFIED.,.F.,.F.,(3,3),(0.,1.),.UNSPECIFIED.);
#532=B_SPLINE_CURVE_WITH_KNOTS('',2,(#16618,#16619,#16620),
 .UNSPECIFIED.,.F.,.F.,(3,3),(0.,1.),.UNSPECIFIED.);
#533=B_SPLINE_CURVE_WITH_KNOTS('',2,(#16627,#16628,#16629),
 .UNSPECIFIED.,.F.,.F.,(3,3),(0.,1.),.UNSPECIFIED.);
#534=B_SPLINE_CURVE_WITH_KNOTS('',2,(#16630,#16631,#16632),
 .UNSPECIFIED.,.F.,.F.,(3,3),(0.,1.),.UNSPECIFIED.);
#535=B_SPLINE_CURVE_WITH_KNOTS('',2,(#16687,#16688,#16689),
 .UNSPECIFIED.,.F.,.F.,(3,3),(0.,1.),.UNSPECIFIED.);
#536=B_SPLINE_CURVE_WITH_KNOTS('',2,(#16692,#16693,#16694),
 .UNSPECIFIED.,.F.,.F.,(3,3),(0.,1.),.UNSPECIFIED.);
#537=B_SPLINE_CURVE_WITH_KNOTS('',2,(#16702,#16703,#16704),
 .UNSPECIFIED.,.F.,.F.,(3,3),(0.,1.),.UNSPECIFIED.);
#538=B_SPLINE_CURVE_WITH_KNOTS('',2,(#16707,#16708,#16709),
 .UNSPECIFIED.,.F.,.F.,(3,3),(0.,1.),.UNSPECIFIED.);
#539=B_SPLINE_CURVE_WITH_KNOTS('',2,(#16717,#16718,#16719),
 .UNSPECIFIED.,.F.,.F.,(3,3),(0.,1.),.UNSPECIFIED.);
#540=B_SPLINE_CURVE_WITH_KNOTS('',2,(#16722,#16723,#16724),
 .UNSPECIFIED.,.F.,.F.,(3,3),(0.,1.),.UNSPECIFIED.);
#541=B_SPLINE_CURVE_WITH_KNOTS('',2,(#16732,#16733,#16734),
 .UNSPECIFIED.,.F.,.F.,(3,3),(0.,1.),.UNSPECIFIED.);
#542=B_SPLINE_CURVE_WITH_KNOTS('',2,(#16737,#16738,#16739),
 .UNSPECIFIED.,.F.,.F.,(3,3),(0.,1.),.UNSPECIFIED.);
#543=B_SPLINE_CURVE_WITH_KNOTS('',2,(#16747,#16748,#16749),
 .UNSPECIFIED.,.F.,.F.,(3,3),(0.,1.),.UNSPECIFIED.);
#544=B_SPLINE_CURVE_WITH_KNOTS('',2,(#16752,#16753,#16754),
 .UNSPECIFIED.,.F.,.F.,(3,3),(0.,1.),.UNSPECIFIED.);
#545=B_SPLINE_CURVE_WITH_KNOTS('',2,(#16780,#16781,#16782),
 .UNSPECIFIED.,.F.,.F.,(3,3),(0.,1.),.UNSPECIFIED.);
#546=B_SPLINE_CURVE_WITH_KNOTS('',2,(#16785,#16786,#16787),
 .UNSPECIFIED.,.F.,.F.,(3,3),(0.,1.),.UNSPECIFIED.);
#547=B_SPLINE_CURVE_WITH_KNOTS('',2,(#16795,#16796,#16797),
 .UNSPECIFIED.,.F.,.F.,(3,3),(0.,1.),.UNSPECIFIED.);
#548=B_SPLINE_CURVE_WITH_KNOTS('',2,(#16800,#16801,#16802),
 .UNSPECIFIED.,.F.,.F.,(3,3),(0.,1.),.UNSPECIFIED.);
#549=B_SPLINE_CURVE_WITH_KNOTS('',2,(#16810,#16811,#16812),
 .UNSPECIFIED.,.F.,.F.,(3,3),(0.,1.),.UNSPECIFIED.);
#550=B_SPLINE_CURVE_WITH_KNOTS('',2,(#16815,#16816,#16817),
 .UNSPECIFIED.,.F.,.F.,(3,3),(0.,1.),.UNSPECIFIED.);
#551=B_SPLINE_CURVE_WITH_KNOTS('',2,(#16825,#16826,#16827),
 .UNSPECIFIED.,.F.,.F.,(3,3),(0.,1.),.UNSPECIFIED.);
#552=B_SPLINE_CURVE_WITH_KNOTS('',2,(#16830,#16831,#16832),
 .UNSPECIFIED.,.F.,.F.,(3,3),(0.,1.),.UNSPECIFIED.);
#553=B_SPLINE_CURVE_WITH_KNOTS('',2,(#16840,#16841,#16842),
 .UNSPECIFIED.,.F.,.F.,(3,3),(0.,1.),.UNSPECIFIED.);
#554=B_SPLINE_CURVE_WITH_KNOTS('',2,(#16845,#16846,#16847),
 .UNSPECIFIED.,.F.,.F.,(3,3),(0.,1.),.UNSPECIFIED.);
#555=B_SPLINE_CURVE_WITH_KNOTS('',2,(#16878,#16879,#16880),
 .UNSPECIFIED.,.F.,.F.,(3,3),(0.,1.),.UNSPECIFIED.);
#556=B_SPLINE_CURVE_WITH_KNOTS('',2,(#16884,#16885,#16886),
 .UNSPECIFIED.,.F.,.F.,(3,3),(0.,1.),.UNSPECIFIED.);
#557=B_SPLINE_CURVE_WITH_KNOTS('',2,(#16895,#16896,#16897),
 .UNSPECIFIED.,.F.,.F.,(3,3),(0.,1.),.UNSPECIFIED.);
#558=B_SPLINE_CURVE_WITH_KNOTS('',2,(#16900,#16901,#16902),
 .UNSPECIFIED.,.F.,.F.,(3,3),(0.,1.),.UNSPECIFIED.);
#559=B_SPLINE_CURVE_WITH_KNOTS('',2,(#16910,#16911,#16912),
 .UNSPECIFIED.,.F.,.F.,(3,3),(0.,1.),.UNSPECIFIED.);
#560=B_SPLINE_CURVE_WITH_KNOTS('',2,(#16915,#16916,#16917),
 .UNSPECIFIED.,.F.,.F.,(3,3),(0.,1.),.UNSPECIFIED.);
#561=B_SPLINE_CURVE_WITH_KNOTS('',2,(#16925,#16926,#16927),
 .UNSPECIFIED.,.F.,.F.,(3,3),(0.,1.),.UNSPECIFIED.);
#562=B_SPLINE_CURVE_WITH_KNOTS('',2,(#16930,#16931,#16932),
 .UNSPECIFIED.,.F.,.F.,(3,3),(0.,1.),.UNSPECIFIED.);
#563=B_SPLINE_CURVE_WITH_KNOTS('',2,(#16940,#16941,#16942),
 .UNSPECIFIED.,.F.,.F.,(3,3),(0.,1.),.UNSPECIFIED.);
#564=B_SPLINE_CURVE_WITH_KNOTS('',2,(#16945,#16946,#16947),
 .UNSPECIFIED.,.F.,.F.,(3,3),(0.,1.),.UNSPECIFIED.);
#565=B_SPLINE_CURVE_WITH_KNOTS('',2,(#16955,#16956,#16957),
 .UNSPECIFIED.,.F.,.F.,(3,3),(0.,1.),.UNSPECIFIED.);
#566=B_SPLINE_CURVE_WITH_KNOTS('',2,(#16960,#16961,#16962),
 .UNSPECIFIED.,.F.,.F.,(3,3),(0.,1.),.UNSPECIFIED.);
#567=B_SPLINE_CURVE_WITH_KNOTS('',2,(#16970,#16971,#16972),
 .UNSPECIFIED.,.F.,.F.,(3,3),(0.,1.),.UNSPECIFIED.);
#568=B_SPLINE_CURVE_WITH_KNOTS('',2,(#16975,#16976,#16977),
 .UNSPECIFIED.,.F.,.F.,(3,3),(0.,1.),.UNSPECIFIED.);
#569=B_SPLINE_CURVE_WITH_KNOTS('',2,(#16984,#16985,#16986),
 .UNSPECIFIED.,.F.,.F.,(3,3),(0.,1.),.UNSPECIFIED.);
#570=B_SPLINE_CURVE_WITH_KNOTS('',2,(#16987,#16988,#16989),
 .UNSPECIFIED.,.F.,.F.,(3,3),(0.,1.),.UNSPECIFIED.);
#571=B_SPLINE_CURVE_WITH_KNOTS('',2,(#16998,#16999,#17000),
 .UNSPECIFIED.,.F.,.F.,(3,3),(0.,1.),.UNSPECIFIED.);
#572=B_SPLINE_CURVE_WITH_KNOTS('',2,(#17004,#17005,#17006),
 .UNSPECIFIED.,.F.,.F.,(3,3),(0.,1.),.UNSPECIFIED.);
#573=B_SPLINE_CURVE_WITH_KNOTS('',2,(#17015,#17016,#17017),
 .UNSPECIFIED.,.F.,.F.,(3,3),(0.,1.),.UNSPECIFIED.);
#574=B_SPLINE_CURVE_WITH_KNOTS('',2,(#17020,#17021,#17022),
 .UNSPECIFIED.,.F.,.F.,(3,3),(0.,1.),.UNSPECIFIED.);
#575=B_SPLINE_CURVE_WITH_KNOTS('',2,(#17030,#17031,#17032),
 .UNSPECIFIED.,.F.,.F.,(3,3),(0.,1.),.UNSPECIFIED.);
#576=B_SPLINE_CURVE_WITH_KNOTS('',2,(#17035,#17036,#17037),
 .UNSPECIFIED.,.F.,.F.,(3,3),(0.,1.),.UNSPECIFIED.);
#577=B_SPLINE_CURVE_WITH_KNOTS('',2,(#17045,#17046,#17047),
 .UNSPECIFIED.,.F.,.F.,(3,3),(0.,1.),.UNSPECIFIED.);
#578=B_SPLINE_CURVE_WITH_KNOTS('',2,(#17050,#17051,#17052),
 .UNSPECIFIED.,.F.,.F.,(3,3),(0.,1.),.UNSPECIFIED.);
#579=B_SPLINE_CURVE_WITH_KNOTS('',2,(#17060,#17061,#17062),
 .UNSPECIFIED.,.F.,.F.,(3,3),(0.,1.),.UNSPECIFIED.);
#580=B_SPLINE_CURVE_WITH_KNOTS('',2,(#17065,#17066,#17067),
 .UNSPECIFIED.,.F.,.F.,(3,3),(0.,1.),.UNSPECIFIED.);
#581=B_SPLINE_CURVE_WITH_KNOTS('',2,(#17075,#17076,#17077),
 .UNSPECIFIED.,.F.,.F.,(3,3),(0.,1.),.UNSPECIFIED.);
#582=B_SPLINE_CURVE_WITH_KNOTS('',2,(#17080,#17081,#17082),
 .UNSPECIFIED.,.F.,.F.,(3,3),(0.,1.),.UNSPECIFIED.);
#583=B_SPLINE_CURVE_WITH_KNOTS('',2,(#17090,#17091,#17092),
 .UNSPECIFIED.,.F.,.F.,(3,3),(0.,1.),.UNSPECIFIED.);
#584=B_SPLINE_CURVE_WITH_KNOTS('',2,(#17095,#17096,#17097),
 .UNSPECIFIED.,.F.,.F.,(3,3),(0.,1.),.UNSPECIFIED.);
#585=B_SPLINE_CURVE_WITH_KNOTS('',2,(#17105,#17106,#17107),
 .UNSPECIFIED.,.F.,.F.,(3,3),(0.,1.),.UNSPECIFIED.);
#586=B_SPLINE_CURVE_WITH_KNOTS('',2,(#17110,#17111,#17112),
 .UNSPECIFIED.,.F.,.F.,(3,3),(0.,1.),.UNSPECIFIED.);
#587=B_SPLINE_CURVE_WITH_KNOTS('',2,(#17149,#17150,#17151),
 .UNSPECIFIED.,.F.,.F.,(3,3),(0.,1.),.UNSPECIFIED.);
#588=B_SPLINE_CURVE_WITH_KNOTS('',2,(#17155,#17156,#17157),
 .UNSPECIFIED.,.F.,.F.,(3,3),(0.,1.),.UNSPECIFIED.);
#589=B_SPLINE_CURVE_WITH_KNOTS('',2,(#17166,#17167,#17168),
 .UNSPECIFIED.,.F.,.F.,(3,3),(0.,1.),.UNSPECIFIED.);
#590=B_SPLINE_CURVE_WITH_KNOTS('',2,(#17171,#17172,#17173),
 .UNSPECIFIED.,.F.,.F.,(3,3),(0.,1.),.UNSPECIFIED.);
#591=B_SPLINE_CURVE_WITH_KNOTS('',2,(#17181,#17182,#17183),
 .UNSPECIFIED.,.F.,.F.,(3,3),(0.,1.),.UNSPECIFIED.);
#592=B_SPLINE_CURVE_WITH_KNOTS('',2,(#17186,#17187,#17188),
 .UNSPECIFIED.,.F.,.F.,(3,3),(0.,1.),.UNSPECIFIED.);
#593=B_SPLINE_CURVE_WITH_KNOTS('',2,(#17201,#17202,#17203),
 .UNSPECIFIED.,.F.,.F.,(3,3),(0.,1.),.UNSPECIFIED.);
#594=B_SPLINE_CURVE_WITH_KNOTS('',2,(#17204,#17205,#17206),
 .UNSPECIFIED.,.F.,.F.,(3,3),(0.,1.),.UNSPECIFIED.);
#595=B_SPLINE_CURVE_WITH_KNOTS('',2,(#17215,#17216,#17217),
 .UNSPECIFIED.,.F.,.F.,(3,3),(0.,1.),.UNSPECIFIED.);
#596=B_SPLINE_CURVE_WITH_KNOTS('',2,(#17221,#17222,#17223),
 .UNSPECIFIED.,.F.,.F.,(3,3),(0.,1.),.UNSPECIFIED.);
#597=B_SPLINE_CURVE_WITH_KNOTS('',2,(#17232,#17233,#17234),
 .UNSPECIFIED.,.F.,.F.,(3,3),(0.,1.),.UNSPECIFIED.);
#598=B_SPLINE_CURVE_WITH_KNOTS('',2,(#17237,#17238,#17239),
 .UNSPECIFIED.,.F.,.F.,(3,3),(0.,1.),.UNSPECIFIED.);
#599=B_SPLINE_CURVE_WITH_KNOTS('',2,(#17247,#17248,#17249),
 .UNSPECIFIED.,.F.,.F.,(3,3),(0.,1.),.UNSPECIFIED.);
#600=B_SPLINE_CURVE_WITH_KNOTS('',2,(#17252,#17253,#17254),
 .UNSPECIFIED.,.F.,.F.,(3,3),(0.,1.),.UNSPECIFIED.);
#601=B_SPLINE_CURVE_WITH_KNOTS('',2,(#17268,#17269,#17270),
 .UNSPECIFIED.,.F.,.F.,(3,3),(0.,1.),.UNSPECIFIED.);
#602=B_SPLINE_CURVE_WITH_KNOTS('',2,(#17273,#17274,#17275),
 .UNSPECIFIED.,.F.,.F.,(3,3),(0.,1.),.UNSPECIFIED.);
#603=B_SPLINE_CURVE_WITH_KNOTS('',2,(#17283,#17284,#17285),
 .UNSPECIFIED.,.F.,.F.,(3,3),(0.,1.),.UNSPECIFIED.);
#604=B_SPLINE_CURVE_WITH_KNOTS('',2,(#17288,#17289,#17290),
 .UNSPECIFIED.,.F.,.F.,(3,3),(0.,1.),.UNSPECIFIED.);
#605=B_SPLINE_CURVE_WITH_KNOTS('',2,(#17298,#17299,#17300),
 .UNSPECIFIED.,.F.,.F.,(3,3),(0.,1.),.UNSPECIFIED.);
#606=B_SPLINE_CURVE_WITH_KNOTS('',2,(#17303,#17304,#17305),
 .UNSPECIFIED.,.F.,.F.,(3,3),(0.,1.),.UNSPECIFIED.);
#607=B_SPLINE_CURVE_WITH_KNOTS('',2,(#17313,#17314,#17315),
 .UNSPECIFIED.,.F.,.F.,(3,3),(0.,1.),.UNSPECIFIED.);
#608=B_SPLINE_CURVE_WITH_KNOTS('',2,(#17318,#17319,#17320),
 .UNSPECIFIED.,.F.,.F.,(3,3),(0.,1.),.UNSPECIFIED.);
#609=B_SPLINE_CURVE_WITH_KNOTS('',2,(#17328,#17329,#17330),
 .UNSPECIFIED.,.F.,.F.,(3,3),(0.,1.),.UNSPECIFIED.);
#610=B_SPLINE_CURVE_WITH_KNOTS('',2,(#17333,#17334,#17335),
 .UNSPECIFIED.,.F.,.F.,(3,3),(0.,1.),.UNSPECIFIED.);
#611=B_SPLINE_CURVE_WITH_KNOTS('',2,(#17343,#17344,#17345),
 .UNSPECIFIED.,.F.,.F.,(3,3),(0.,1.),.UNSPECIFIED.);
#612=B_SPLINE_CURVE_WITH_KNOTS('',2,(#17348,#17349,#17350),
 .UNSPECIFIED.,.F.,.F.,(3,3),(0.,1.),.UNSPECIFIED.);
#613=B_SPLINE_CURVE_WITH_KNOTS('',2,(#17358,#17359,#17360),
 .UNSPECIFIED.,.F.,.F.,(3,3),(0.,1.),.UNSPECIFIED.);
#614=B_SPLINE_CURVE_WITH_KNOTS('',2,(#17363,#17364,#17365),
 .UNSPECIFIED.,.F.,.F.,(3,3),(0.,1.),.UNSPECIFIED.);
#615=B_SPLINE_CURVE_WITH_KNOTS('',2,(#17373,#17374,#17375),
 .UNSPECIFIED.,.F.,.F.,(3,3),(0.,1.),.UNSPECIFIED.);
#616=B_SPLINE_CURVE_WITH_KNOTS('',2,(#17378,#17379,#17380),
 .UNSPECIFIED.,.F.,.F.,(3,3),(0.,1.),.UNSPECIFIED.);
#617=B_SPLINE_CURVE_WITH_KNOTS('',2,(#17388,#17389,#17390),
 .UNSPECIFIED.,.F.,.F.,(3,3),(0.,1.),.UNSPECIFIED.);
#618=B_SPLINE_CURVE_WITH_KNOTS('',2,(#17393,#17394,#17395),
 .UNSPECIFIED.,.F.,.F.,(3,3),(0.,1.),.UNSPECIFIED.);
#619=B_SPLINE_CURVE_WITH_KNOTS('',2,(#17408,#17409,#17410),
 .UNSPECIFIED.,.F.,.F.,(3,3),(0.,1.),.UNSPECIFIED.);
#620=B_SPLINE_CURVE_WITH_KNOTS('',2,(#17411,#17412,#17413),
 .UNSPECIFIED.,.F.,.F.,(3,3),(0.,1.),.UNSPECIFIED.);
#621=B_SPLINE_CURVE_WITH_KNOTS('',2,(#17505,#17506,#17507),
 .UNSPECIFIED.,.F.,.F.,(3,3),(0.,1.),.UNSPECIFIED.);
#622=B_SPLINE_CURVE_WITH_KNOTS('',2,(#17511,#17512,#17513),
 .UNSPECIFIED.,.F.,.F.,(3,3),(0.,1.),.UNSPECIFIED.);
#623=B_SPLINE_CURVE_WITH_KNOTS('',2,(#17522,#17523,#17524),
 .UNSPECIFIED.,.F.,.F.,(3,3),(0.,1.),.UNSPECIFIED.);
#624=B_SPLINE_CURVE_WITH_KNOTS('',2,(#17527,#17528,#17529),
 .UNSPECIFIED.,.F.,.F.,(3,3),(0.,1.),.UNSPECIFIED.);
#625=B_SPLINE_CURVE_WITH_KNOTS('',2,(#17537,#17538,#17539),
 .UNSPECIFIED.,.F.,.F.,(3,3),(0.,1.),.UNSPECIFIED.);
#626=B_SPLINE_CURVE_WITH_KNOTS('',2,(#17542,#17543,#17544),
 .UNSPECIFIED.,.F.,.F.,(3,3),(0.,1.),.UNSPECIFIED.);
#627=B_SPLINE_CURVE_WITH_KNOTS('',2,(#17552,#17553,#17554),
 .UNSPECIFIED.,.F.,.F.,(3,3),(0.,1.),.UNSPECIFIED.);
#628=B_SPLINE_CURVE_WITH_KNOTS('',2,(#17557,#17558,#17559),
 .UNSPECIFIED.,.F.,.F.,(3,3),(0.,1.),.UNSPECIFIED.);
#629=B_SPLINE_CURVE_WITH_KNOTS('',2,(#17567,#17568,#17569),
 .UNSPECIFIED.,.F.,.F.,(3,3),(0.,1.),.UNSPECIFIED.);
#630=B_SPLINE_CURVE_WITH_KNOTS('',2,(#17572,#17573,#17574),
 .UNSPECIFIED.,.F.,.F.,(3,3),(0.,1.),.UNSPECIFIED.);
#631=B_SPLINE_CURVE_WITH_KNOTS('',2,(#17600,#17601,#17602),
 .UNSPECIFIED.,.F.,.F.,(3,3),(0.,1.),.UNSPECIFIED.);
#632=B_SPLINE_CURVE_WITH_KNOTS('',2,(#17605,#17606,#17607),
 .UNSPECIFIED.,.F.,.F.,(3,3),(0.,1.),.UNSPECIFIED.);
#633=B_SPLINE_CURVE_WITH_KNOTS('',2,(#17615,#17616,#17617),
 .UNSPECIFIED.,.F.,.F.,(3,3),(0.,1.),.UNSPECIFIED.);
#634=B_SPLINE_CURVE_WITH_KNOTS('',2,(#17620,#17621,#17622),
 .UNSPECIFIED.,.F.,.F.,(3,3),(0.,1.),.UNSPECIFIED.);
#635=B_SPLINE_CURVE_WITH_KNOTS('',2,(#17630,#17631,#17632),
 .UNSPECIFIED.,.F.,.F.,(3,3),(0.,1.),.UNSPECIFIED.);
#636=B_SPLINE_CURVE_WITH_KNOTS('',2,(#17635,#17636,#17637),
 .UNSPECIFIED.,.F.,.F.,(3,3),(0.,1.),.UNSPECIFIED.);
#637=B_SPLINE_CURVE_WITH_KNOTS('',2,(#17645,#17646,#17647),
 .UNSPECIFIED.,.F.,.F.,(3,3),(0.,1.),.UNSPECIFIED.);
#638=B_SPLINE_CURVE_WITH_KNOTS('',2,(#17650,#17651,#17652),
 .UNSPECIFIED.,.F.,.F.,(3,3),(0.,1.),.UNSPECIFIED.);
#639=B_SPLINE_CURVE_WITH_KNOTS('',2,(#17660,#17661,#17662),
 .UNSPECIFIED.,.F.,.F.,(3,3),(0.,1.),.UNSPECIFIED.);
#640=B_SPLINE_CURVE_WITH_KNOTS('',2,(#17665,#17666,#17667),
 .UNSPECIFIED.,.F.,.F.,(3,3),(0.,1.),.UNSPECIFIED.);
#641=B_SPLINE_CURVE_WITH_KNOTS('',2,(#17675,#17676,#17677),
 .UNSPECIFIED.,.F.,.F.,(3,3),(0.,1.),.UNSPECIFIED.);
#642=B_SPLINE_CURVE_WITH_KNOTS('',2,(#17680,#17681,#17682),
 .UNSPECIFIED.,.F.,.F.,(3,3),(0.,1.),.UNSPECIFIED.);
#643=B_SPLINE_SURFACE_WITH_KNOTS('',2,1,((#13314,#13315),(#13316,#13317),
(#13318,#13319)),.UNSPECIFIED.,.F.,.F.,.F.,(3,3),(2,2),(0.,1.),(0.,0.0350000000000001),
 .UNSPECIFIED.);
#644=B_SPLINE_SURFACE_WITH_KNOTS('',2,1,((#13329,#13330),(#13331,#13332),
(#13333,#13334)),.UNSPECIFIED.,.F.,.F.,.F.,(3,3),(2,2),(0.,1.),(0.,0.0350000000000001),
 .UNSPECIFIED.);
#645=B_SPLINE_SURFACE_WITH_KNOTS('',2,1,((#13344,#13345),(#13346,#13347),
(#13348,#13349)),.UNSPECIFIED.,.F.,.F.,.F.,(3,3),(2,2),(0.,1.),(0.,0.0350000000000001),
 .UNSPECIFIED.);
#646=B_SPLINE_SURFACE_WITH_KNOTS('',2,1,((#13359,#13360),(#13361,#13362),
(#13363,#13364)),.UNSPECIFIED.,.F.,.F.,.F.,(3,3),(2,2),(0.,1.),(0.,0.0350000000000001),
 .UNSPECIFIED.);
#647=B_SPLINE_SURFACE_WITH_KNOTS('',2,1,((#13374,#13375),(#13376,#13377),
(#13378,#13379)),.UNSPECIFIED.,.F.,.F.,.F.,(3,3),(2,2),(0.,1.),(0.,0.0350000000000001),
 .UNSPECIFIED.);
#648=B_SPLINE_SURFACE_WITH_KNOTS('',2,1,((#13413,#13414),(#13415,#13416),
(#13417,#13418)),.UNSPECIFIED.,.F.,.F.,.F.,(3,3),(2,2),(0.,1.),(0.,0.0350000000000001),
 .UNSPECIFIED.);
#649=B_SPLINE_SURFACE_WITH_KNOTS('',2,1,((#13428,#13429),(#13430,#13431),
(#13432,#13433)),.UNSPECIFIED.,.F.,.F.,.F.,(3,3),(2,2),(0.,1.),(0.,0.0350000000000001),
 .UNSPECIFIED.);
#650=B_SPLINE_SURFACE_WITH_KNOTS('',2,1,((#13443,#13444),(#13445,#13446),
(#13447,#13448)),.UNSPECIFIED.,.F.,.F.,.F.,(3,3),(2,2),(0.,1.),(0.,0.0350000000000001),
 .UNSPECIFIED.);
#651=B_SPLINE_SURFACE_WITH_KNOTS('',2,1,((#13458,#13459),(#13460,#13461),
(#13462,#13463)),.UNSPECIFIED.,.F.,.F.,.F.,(3,3),(2,2),(0.,1.),(0.,0.0350000000000001),
 .UNSPECIFIED.);
#652=B_SPLINE_SURFACE_WITH_KNOTS('',2,1,((#13491,#13492),(#13493,#13494),
(#13495,#13496)),.UNSPECIFIED.,.F.,.F.,.F.,(3,3),(2,2),(0.,1.),(0.,0.0350000000000001),
 .UNSPECIFIED.);
#653=B_SPLINE_SURFACE_WITH_KNOTS('',2,1,((#13506,#13507),(#13508,#13509),
(#13510,#13511)),.UNSPECIFIED.,.F.,.F.,.F.,(3,3),(2,2),(0.,1.),(0.,0.0350000000000001),
 .UNSPECIFIED.);
#654=B_SPLINE_SURFACE_WITH_KNOTS('',2,1,((#13521,#13522),(#13523,#13524),
(#13525,#13526)),.UNSPECIFIED.,.F.,.F.,.F.,(3,3),(2,2),(0.,1.),(0.,0.0350000000000001),
 .UNSPECIFIED.);
#655=B_SPLINE_SURFACE_WITH_KNOTS('',2,1,((#13536,#13537),(#13538,#13539),
(#13540,#13541)),.UNSPECIFIED.,.F.,.F.,.F.,(3,3),(2,2),(0.,1.),(0.,0.0350000000000001),
 .UNSPECIFIED.);
#656=B_SPLINE_SURFACE_WITH_KNOTS('',2,1,((#13551,#13552),(#13553,#13554),
(#13555,#13556)),.UNSPECIFIED.,.F.,.F.,.F.,(3,3),(2,2),(0.,1.),(0.,0.0350000000000001),
 .UNSPECIFIED.);
#657=B_SPLINE_SURFACE_WITH_KNOTS('',2,1,((#13566,#13567),(#13568,#13569),
(#13570,#13571)),.UNSPECIFIED.,.F.,.F.,.F.,(3,3),(2,2),(0.,1.),(0.,0.0350000000000001),
 .UNSPECIFIED.);
#658=B_SPLINE_SURFACE_WITH_KNOTS('',2,1,((#13581,#13582),(#13583,#13584),
(#13585,#13586)),.UNSPECIFIED.,.F.,.F.,.F.,(3,3),(2,2),(0.,1.),(0.,0.0350000000000001),
 .UNSPECIFIED.);
#659=B_SPLINE_SURFACE_WITH_KNOTS('',2,1,((#13722,#13723),(#13724,#13725),
(#13726,#13727)),.UNSPECIFIED.,.F.,.F.,.F.,(3,3),(2,2),(0.,1.),(0.,0.0350000000000001),
 .UNSPECIFIED.);
#660=B_SPLINE_SURFACE_WITH_KNOTS('',2,1,((#13740,#13741),(#13742,#13743),
(#13744,#13745)),.UNSPECIFIED.,.F.,.F.,.F.,(3,3),(2,2),(0.,1.),(0.,0.0350000000000001),
 .UNSPECIFIED.);
#661=B_SPLINE_SURFACE_WITH_KNOTS('',2,1,((#13755,#13756),(#13757,#13758),
(#13759,#13760)),.UNSPECIFIED.,.F.,.F.,.F.,(3,3),(2,2),(0.,1.),(0.,0.0350000000000001),
 .UNSPECIFIED.);
#662=B_SPLINE_SURFACE_WITH_KNOTS('',2,1,((#13770,#13771),(#13772,#13773),
(#13774,#13775)),.UNSPECIFIED.,.F.,.F.,.F.,(3,3),(2,2),(0.,1.),(0.,0.0350000000000001),
 .UNSPECIFIED.);
#663=B_SPLINE_SURFACE_WITH_KNOTS('',2,1,((#13785,#13786),(#13787,#13788),
(#13789,#13790)),.UNSPECIFIED.,.F.,.F.,.F.,(3,3),(2,2),(0.,1.),(0.,0.0350000000000001),
 .UNSPECIFIED.);
#664=B_SPLINE_SURFACE_WITH_KNOTS('',2,1,((#13800,#13801),(#13802,#13803),
(#13804,#13805)),.UNSPECIFIED.,.F.,.F.,.F.,(3,3),(2,2),(0.,1.),(0.,0.0350000000000001),
 .UNSPECIFIED.);
#665=B_SPLINE_SURFACE_WITH_KNOTS('',2,1,((#13815,#13816),(#13817,#13818),
(#13819,#13820)),.UNSPECIFIED.,.F.,.F.,.F.,(3,3),(2,2),(0.,1.),(0.,0.0350000000000001),
 .UNSPECIFIED.);
#666=B_SPLINE_SURFACE_WITH_KNOTS('',2,1,((#13830,#13831),(#13832,#13833),
(#13834,#13835)),.UNSPECIFIED.,.F.,.F.,.F.,(3,3),(2,2),(0.,1.),(0.,0.0350000000000001),
 .UNSPECIFIED.);
#667=B_SPLINE_SURFACE_WITH_KNOTS('',2,1,((#13845,#13846),(#13847,#13848),
(#13849,#13850)),.UNSPECIFIED.,.F.,.F.,.F.,(3,3),(2,2),(0.,1.),(0.,0.0350000000000001),
 .UNSPECIFIED.);
#668=B_SPLINE_SURFACE_WITH_KNOTS('',2,1,((#13857,#13858),(#13859,#13860),
(#13861,#13862)),.UNSPECIFIED.,.F.,.F.,.F.,(3,3),(2,2),(0.,1.),(0.,0.0350000000000001),
 .UNSPECIFIED.);
#669=B_SPLINE_SURFACE_WITH_KNOTS('',2,1,((#13875,#13876),(#13877,#13878),
(#13879,#13880)),.UNSPECIFIED.,.F.,.F.,.F.,(3,3),(2,2),(0.,1.),(0.,0.0350000000000001),
 .UNSPECIFIED.);
#670=B_SPLINE_SURFACE_WITH_KNOTS('',2,1,((#13890,#13891),(#13892,#13893),
(#13894,#13895)),.UNSPECIFIED.,.F.,.F.,.F.,(3,3),(2,2),(0.,1.),(0.,0.0350000000000001),
 .UNSPECIFIED.);
#671=B_SPLINE_SURFACE_WITH_KNOTS('',2,1,((#13905,#13906),(#13907,#13908),
(#13909,#13910)),.UNSPECIFIED.,.F.,.F.,.F.,(3,3),(2,2),(0.,1.),(0.,0.0350000000000001),
 .UNSPECIFIED.);
#672=B_SPLINE_SURFACE_WITH_KNOTS('',2,1,((#13920,#13921),(#13922,#13923),
(#13924,#13925)),.UNSPECIFIED.,.F.,.F.,.F.,(3,3),(2,2),(0.,1.),(0.,0.0350000000000001),
 .UNSPECIFIED.);
#673=B_SPLINE_SURFACE_WITH_KNOTS('',2,1,((#13935,#13936),(#13937,#13938),
(#13939,#13940)),.UNSPECIFIED.,.F.,.F.,.F.,(3,3),(2,2),(0.,1.),(0.,0.0350000000000001),
 .UNSPECIFIED.);
#674=B_SPLINE_SURFACE_WITH_KNOTS('',2,1,((#13950,#13951),(#13952,#13953),
(#13954,#13955)),.UNSPECIFIED.,.F.,.F.,.F.,(3,3),(2,2),(0.,1.),(0.,0.0350000000000001),
 .UNSPECIFIED.);
#675=B_SPLINE_SURFACE_WITH_KNOTS('',2,1,((#13965,#13966),(#13967,#13968),
(#13969,#13970)),.UNSPECIFIED.,.F.,.F.,.F.,(3,3),(2,2),(0.,1.),(0.,0.0350000000000001),
 .UNSPECIFIED.);
#676=B_SPLINE_SURFACE_WITH_KNOTS('',2,1,((#13980,#13981),(#13982,#13983),
(#13984,#13985)),.UNSPECIFIED.,.F.,.F.,.F.,(3,3),(2,2),(0.,1.),(0.,0.0350000000000001),
 .UNSPECIFIED.);
#677=B_SPLINE_SURFACE_WITH_KNOTS('',2,1,((#13995,#13996),(#13997,#13998),
(#13999,#14000)),.UNSPECIFIED.,.F.,.F.,.F.,(3,3),(2,2),(0.,1.),(0.,0.0350000000000001),
 .UNSPECIFIED.);
#678=B_SPLINE_SURFACE_WITH_KNOTS('',2,1,((#14010,#14011),(#14012,#14013),
(#14014,#14015)),.UNSPECIFIED.,.F.,.F.,.F.,(3,3),(2,2),(0.,1.),(0.,0.0350000000000001),
 .UNSPECIFIED.);
#679=B_SPLINE_SURFACE_WITH_KNOTS('',2,1,((#14032,#14033),(#14034,#14035),
(#14036,#14037)),.UNSPECIFIED.,.F.,.F.,.F.,(3,3),(2,2),(0.,1.),(0.,0.0350000000000001),
 .UNSPECIFIED.);
#680=B_SPLINE_SURFACE_WITH_KNOTS('',2,1,((#14047,#14048),(#14049,#14050),
(#14051,#14052)),.UNSPECIFIED.,.F.,.F.,.F.,(3,3),(2,2),(0.,1.),(0.,0.0350000000000001),
 .UNSPECIFIED.);
#681=B_SPLINE_SURFACE_WITH_KNOTS('',2,1,((#14062,#14063),(#14064,#14065),
(#14066,#14067)),.UNSPECIFIED.,.F.,.F.,.F.,(3,3),(2,2),(0.,1.),(0.,0.0350000000000001),
 .UNSPECIFIED.);
#682=B_SPLINE_SURFACE_WITH_KNOTS('',2,1,((#14077,#14078),(#14079,#14080),
(#14081,#14082)),.UNSPECIFIED.,.F.,.F.,.F.,(3,3),(2,2),(0.,1.),(0.,0.0350000000000001),
 .UNSPECIFIED.);
#683=B_SPLINE_SURFACE_WITH_KNOTS('',2,1,((#14092,#14093),(#14094,#14095),
(#14096,#14097)),.UNSPECIFIED.,.F.,.F.,.F.,(3,3),(2,2),(0.,1.),(0.,0.0350000000000001),
 .UNSPECIFIED.);
#684=B_SPLINE_SURFACE_WITH_KNOTS('',2,1,((#14107,#14108),(#14109,#14110),
(#14111,#14112)),.UNSPECIFIED.,.F.,.F.,.F.,(3,3),(2,2),(0.,1.),(0.,0.0350000000000001),
 .UNSPECIFIED.);
#685=B_SPLINE_SURFACE_WITH_KNOTS('',2,1,((#14122,#14123),(#14124,#14125),
(#14126,#14127)),.UNSPECIFIED.,.F.,.F.,.F.,(3,3),(2,2),(0.,1.),(0.,0.0350000000000001),
 .UNSPECIFIED.);
#686=B_SPLINE_SURFACE_WITH_KNOTS('',2,1,((#14146,#14147),(#14148,#14149),
(#14150,#14151)),.UNSPECIFIED.,.F.,.F.,.F.,(3,3),(2,2),(0.,1.),(0.,0.0350000000000001),
 .UNSPECIFIED.);
#687=B_SPLINE_SURFACE_WITH_KNOTS('',2,1,((#14164,#14165),(#14166,#14167),
(#14168,#14169)),.UNSPECIFIED.,.F.,.F.,.F.,(3,3),(2,2),(0.,1.),(0.,0.0350000000000001),
 .UNSPECIFIED.);
#688=B_SPLINE_SURFACE_WITH_KNOTS('',2,1,((#14179,#14180),(#14181,#14182),
(#14183,#14184)),.UNSPECIFIED.,.F.,.F.,.F.,(3,3),(2,2),(0.,1.),(0.,0.0350000000000001),
 .UNSPECIFIED.);
#689=B_SPLINE_SURFACE_WITH_KNOTS('',2,1,((#14194,#14195),(#14196,#14197),
(#14198,#14199)),.UNSPECIFIED.,.F.,.F.,.F.,(3,3),(2,2),(0.,1.),(0.,0.0350000000000001),
 .UNSPECIFIED.);
#690=B_SPLINE_SURFACE_WITH_KNOTS('',2,1,((#14209,#14210),(#14211,#14212),
(#14213,#14214)),.UNSPECIFIED.,.F.,.F.,.F.,(3,3),(2,2),(0.,1.),(0.,0.0350000000000001),
 .UNSPECIFIED.);
#691=B_SPLINE_SURFACE_WITH_KNOTS('',2,1,((#14224,#14225),(#14226,#14227),
(#14228,#14229)),.UNSPECIFIED.,.F.,.F.,.F.,(3,3),(2,2),(0.,1.),(0.,0.0350000000000001),
 .UNSPECIFIED.);
#692=B_SPLINE_SURFACE_WITH_KNOTS('',2,1,((#14239,#14240),(#14241,#14242),
(#14243,#14244)),.UNSPECIFIED.,.F.,.F.,.F.,(3,3),(2,2),(0.,1.),(0.,0.0350000000000001),
 .UNSPECIFIED.);
#693=B_SPLINE_SURFACE_WITH_KNOTS('',2,1,((#14254,#14255),(#14256,#14257),
(#14258,#14259)),.UNSPECIFIED.,.F.,.F.,.F.,(3,3),(2,2),(0.,1.),(0.,0.0350000000000001),
 .UNSPECIFIED.);
#694=B_SPLINE_SURFACE_WITH_KNOTS('',2,1,((#14269,#14270),(#14271,#14272),
(#14273,#14274)),.UNSPECIFIED.,.F.,.F.,.F.,(3,3),(2,2),(0.,1.),(0.,0.0350000000000001),
 .UNSPECIFIED.);
#695=B_SPLINE_SURFACE_WITH_KNOTS('',2,1,((#14361,#14362),(#14363,#14364),
(#14365,#14366)),.UNSPECIFIED.,.F.,.F.,.F.,(3,3),(2,2),(0.,1.),(0.,0.0350000000000001),
 .UNSPECIFIED.);
#696=B_SPLINE_SURFACE_WITH_KNOTS('',2,1,((#14379,#14380),(#14381,#14382),
(#14383,#14384)),.UNSPECIFIED.,.F.,.F.,.F.,(3,3),(2,2),(0.,1.),(0.,0.0350000000000001),
 .UNSPECIFIED.);
#697=B_SPLINE_SURFACE_WITH_KNOTS('',2,1,((#14515,#14516),(#14517,#14518),
(#14519,#14520)),.UNSPECIFIED.,.F.,.F.,.F.,(3,3),(2,2),(0.,1.),(0.,0.0350000000000001),
 .UNSPECIFIED.);
#698=B_SPLINE_SURFACE_WITH_KNOTS('',2,1,((#14530,#14531),(#14532,#14533),
(#14534,#14535)),.UNSPECIFIED.,.F.,.F.,.F.,(3,3),(2,2),(0.,1.),(0.,0.0350000000000001),
 .UNSPECIFIED.);
#699=B_SPLINE_SURFACE_WITH_KNOTS('',2,1,((#14693,#14694),(#14695,#14696),
(#14697,#14698)),.UNSPECIFIED.,.F.,.F.,.F.,(3,3),(2,2),(0.,1.),(0.,0.0449999999999999),
 .UNSPECIFIED.);
#700=B_SPLINE_SURFACE_WITH_KNOTS('',2,1,((#14711,#14712),(#14713,#14714),
(#14715,#14716)),.UNSPECIFIED.,.F.,.F.,.F.,(3,3),(2,2),(0.,1.),(0.,0.0449999999999999),
 .UNSPECIFIED.);
#701=B_SPLINE_SURFACE_WITH_KNOTS('',2,1,((#14726,#14727),(#14728,#14729),
(#14730,#14731)),.UNSPECIFIED.,.F.,.F.,.F.,(3,3),(2,2),(0.,1.),(0.,0.0449999999999999),
 .UNSPECIFIED.);
#702=B_SPLINE_SURFACE_WITH_KNOTS('',2,1,((#14741,#14742),(#14743,#14744),
(#14745,#14746)),.UNSPECIFIED.,.F.,.F.,.F.,(3,3),(2,2),(0.,1.),(0.,0.0449999999999999),
 .UNSPECIFIED.);
#703=B_SPLINE_SURFACE_WITH_KNOTS('',2,1,((#14756,#14757),(#14758,#14759),
(#14760,#14761)),.UNSPECIFIED.,.F.,.F.,.F.,(3,3),(2,2),(0.,1.),(0.,0.0449999999999999),
 .UNSPECIFIED.);
#704=B_SPLINE_SURFACE_WITH_KNOTS('',2,1,((#14771,#14772),(#14773,#14774),
(#14775,#14776)),.UNSPECIFIED.,.F.,.F.,.F.,(3,3),(2,2),(0.,1.),(0.,0.0449999999999999),
 .UNSPECIFIED.);
#705=B_SPLINE_SURFACE_WITH_KNOTS('',2,1,((#14786,#14787),(#14788,#14789),
(#14790,#14791)),.UNSPECIFIED.,.F.,.F.,.F.,(3,3),(2,2),(0.,1.),(0.,0.0449999999999999),
 .UNSPECIFIED.);
#706=B_SPLINE_SURFACE_WITH_KNOTS('',2,1,((#14801,#14802),(#14803,#14804),
(#14805,#14806)),.UNSPECIFIED.,.F.,.F.,.F.,(3,3),(2,2),(0.,1.),(0.,0.0449999999999999),
 .UNSPECIFIED.);
#707=B_SPLINE_SURFACE_WITH_KNOTS('',2,1,((#14813,#14814),(#14815,#14816),
(#14817,#14818)),.UNSPECIFIED.,.F.,.F.,.F.,(3,3),(2,2),(0.,1.),(0.,0.0449999999999999),
 .UNSPECIFIED.);
#708=B_SPLINE_SURFACE_WITH_KNOTS('',2,1,((#14831,#14832),(#14833,#14834),
(#14835,#14836)),.UNSPECIFIED.,.F.,.F.,.F.,(3,3),(2,2),(0.,1.),(0.,0.0449999999999999),
 .UNSPECIFIED.);
#709=B_SPLINE_SURFACE_WITH_KNOTS('',2,1,((#14846,#14847),(#14848,#14849),
(#14850,#14851)),.UNSPECIFIED.,.F.,.F.,.F.,(3,3),(2,2),(0.,1.),(0.,0.0449999999999999),
 .UNSPECIFIED.);
#710=B_SPLINE_SURFACE_WITH_KNOTS('',2,1,((#14861,#14862),(#14863,#14864),
(#14865,#14866)),.UNSPECIFIED.,.F.,.F.,.F.,(3,3),(2,2),(0.,1.),(0.,0.0449999999999999),
 .UNSPECIFIED.);
#711=B_SPLINE_SURFACE_WITH_KNOTS('',2,1,((#14876,#14877),(#14878,#14879),
(#14880,#14881)),.UNSPECIFIED.,.F.,.F.,.F.,(3,3),(2,2),(0.,1.),(0.,0.0449999999999999),
 .UNSPECIFIED.);
#712=B_SPLINE_SURFACE_WITH_KNOTS('',2,1,((#14891,#14892),(#14893,#14894),
(#14895,#14896)),.UNSPECIFIED.,.F.,.F.,.F.,(3,3),(2,2),(0.,1.),(0.,0.0449999999999999),
 .UNSPECIFIED.);
#713=B_SPLINE_SURFACE_WITH_KNOTS('',2,1,((#14906,#14907),(#14908,#14909),
(#14910,#14911)),.UNSPECIFIED.,.F.,.F.,.F.,(3,3),(2,2),(0.,1.),(0.,0.0449999999999999),
 .UNSPECIFIED.);
#714=B_SPLINE_SURFACE_WITH_KNOTS('',2,1,((#14921,#14922),(#14923,#14924),
(#14925,#14926)),.UNSPECIFIED.,.F.,.F.,.F.,(3,3),(2,2),(0.,1.),(0.,0.0449999999999999),
 .UNSPECIFIED.);
#715=B_SPLINE_SURFACE_WITH_KNOTS('',2,1,((#14936,#14937),(#14938,#14939),
(#14940,#14941)),.UNSPECIFIED.,.F.,.F.,.F.,(3,3),(2,2),(0.,1.),(0.,0.0449999999999999),
 .UNSPECIFIED.);
#716=B_SPLINE_SURFACE_WITH_KNOTS('',2,1,((#14958,#14959),(#14960,#14961),
(#14962,#14963)),.UNSPECIFIED.,.F.,.F.,.F.,(3,3),(2,2),(0.,1.),(0.,0.0449999999999999),
 .UNSPECIFIED.);
#717=B_SPLINE_SURFACE_WITH_KNOTS('',2,1,((#14973,#14974),(#14975,#14976),
(#14977,#14978)),.UNSPECIFIED.,.F.,.F.,.F.,(3,3),(2,2),(0.,1.),(0.,0.0449999999999999),
 .UNSPECIFIED.);
#718=B_SPLINE_SURFACE_WITH_KNOTS('',2,1,((#14988,#14989),(#14990,#14991),
(#14992,#14993)),.UNSPECIFIED.,.F.,.F.,.F.,(3,3),(2,2),(0.,1.),(0.,0.0449999999999999),
 .UNSPECIFIED.);
#719=B_SPLINE_SURFACE_WITH_KNOTS('',2,1,((#15003,#15004),(#15005,#15006),
(#15007,#15008)),.UNSPECIFIED.,.F.,.F.,.F.,(3,3),(2,2),(0.,1.),(0.,0.0449999999999999),
 .UNSPECIFIED.);
#720=B_SPLINE_SURFACE_WITH_KNOTS('',2,1,((#15018,#15019),(#15020,#15021),
(#15022,#15023)),.UNSPECIFIED.,.F.,.F.,.F.,(3,3),(2,2),(0.,1.),(0.,0.0449999999999999),
 .UNSPECIFIED.);
#721=B_SPLINE_SURFACE_WITH_KNOTS('',2,1,((#15033,#15034),(#15035,#15036),
(#15037,#15038)),.UNSPECIFIED.,.F.,.F.,.F.,(3,3),(2,2),(0.,1.),(0.,0.0449999999999999),
 .UNSPECIFIED.);
#722=B_SPLINE_SURFACE_WITH_KNOTS('',2,1,((#15066,#15067),(#15068,#15069),
(#15070,#15071)),.UNSPECIFIED.,.F.,.F.,.F.,(3,3),(2,2),(0.,1.),(0.,0.0449999999999999),
 .UNSPECIFIED.);
#723=B_SPLINE_SURFACE_WITH_KNOTS('',2,1,((#15081,#15082),(#15083,#15084),
(#15085,#15086)),.UNSPECIFIED.,.F.,.F.,.F.,(3,3),(2,2),(0.,1.),(0.,0.0449999999999999),
 .UNSPECIFIED.);
#724=B_SPLINE_SURFACE_WITH_KNOTS('',2,1,((#15096,#15097),(#15098,#15099),
(#15100,#15101)),.UNSPECIFIED.,.F.,.F.,.F.,(3,3),(2,2),(0.,1.),(0.,0.0449999999999999),
 .UNSPECIFIED.);
#725=B_SPLINE_SURFACE_WITH_KNOTS('',2,1,((#15111,#15112),(#15113,#15114),
(#15115,#15116)),.UNSPECIFIED.,.F.,.F.,.F.,(3,3),(2,2),(0.,1.),(0.,0.0449999999999999),
 .UNSPECIFIED.);
#726=B_SPLINE_SURFACE_WITH_KNOTS('',2,1,((#15126,#15127),(#15128,#15129),
(#15130,#15131)),.UNSPECIFIED.,.F.,.F.,.F.,(3,3),(2,2),(0.,1.),(0.,0.0449999999999999),
 .UNSPECIFIED.);
#727=B_SPLINE_SURFACE_WITH_KNOTS('',2,1,((#15141,#15142),(#15143,#15144),
(#15145,#15146)),.UNSPECIFIED.,.F.,.F.,.F.,(3,3),(2,2),(0.,1.),(0.,0.0449999999999999),
 .UNSPECIFIED.);
#728=B_SPLINE_SURFACE_WITH_KNOTS('',2,1,((#15156,#15157),(#15158,#15159),
(#15160,#15161)),.UNSPECIFIED.,.F.,.F.,.F.,(3,3),(2,2),(0.,1.),(0.,0.0449999999999999),
 .UNSPECIFIED.);
#729=B_SPLINE_SURFACE_WITH_KNOTS('',2,1,((#15180,#15181),(#15182,#15183),
(#15184,#15185)),.UNSPECIFIED.,.F.,.F.,.F.,(3,3),(2,2),(0.,1.),(0.,0.0449999999999999),
 .UNSPECIFIED.);
#730=B_SPLINE_SURFACE_WITH_KNOTS('',2,1,((#15198,#15199),(#15200,#15201),
(#15202,#15203)),.UNSPECIFIED.,.F.,.F.,.F.,(3,3),(2,2),(0.,1.),(0.,0.0449999999999999),
 .UNSPECIFIED.);
#731=B_SPLINE_SURFACE_WITH_KNOTS('',2,1,((#15213,#15214),(#15215,#15216),
(#15217,#15218)),.UNSPECIFIED.,.F.,.F.,.F.,(3,3),(2,2),(0.,1.),(0.,0.0449999999999999),
 .UNSPECIFIED.);
#732=B_SPLINE_SURFACE_WITH_KNOTS('',2,1,((#15228,#15229),(#15230,#15231),
(#15232,#15233)),.UNSPECIFIED.,.F.,.F.,.F.,(3,3),(2,2),(0.,1.),(0.,0.0449999999999999),
 .UNSPECIFIED.);
#733=B_SPLINE_SURFACE_WITH_KNOTS('',2,1,((#15243,#15244),(#15245,#15246),
(#15247,#15248)),.UNSPECIFIED.,.F.,.F.,.F.,(3,3),(2,2),(0.,1.),(0.,0.0449999999999999),
 .UNSPECIFIED.);
#734=B_SPLINE_SURFACE_WITH_KNOTS('',2,1,((#15258,#15259),(#15260,#15261),
(#15262,#15263)),.UNSPECIFIED.,.F.,.F.,.F.,(3,3),(2,2),(0.,1.),(0.,0.0449999999999999),
 .UNSPECIFIED.);
#735=B_SPLINE_SURFACE_WITH_KNOTS('',2,1,((#15273,#15274),(#15275,#15276),
(#15277,#15278)),.UNSPECIFIED.,.F.,.F.,.F.,(3,3),(2,2),(0.,1.),(0.,0.0449999999999999),
 .UNSPECIFIED.);
#736=B_SPLINE_SURFACE_WITH_KNOTS('',2,1,((#15288,#15289),(#15290,#15291),
(#15292,#15293)),.UNSPECIFIED.,.F.,.F.,.F.,(3,3),(2,2),(0.,1.),(0.,0.0449999999999999),
 .UNSPECIFIED.);
#737=B_SPLINE_SURFACE_WITH_KNOTS('',2,1,((#15303,#15304),(#15305,#15306),
(#15307,#15308)),.UNSPECIFIED.,.F.,.F.,.F.,(3,3),(2,2),(0.,1.),(0.,0.0449999999999999),
 .UNSPECIFIED.);
#738=B_SPLINE_SURFACE_WITH_KNOTS('',2,1,((#15318,#15319),(#15320,#15321),
(#15322,#15323)),.UNSPECIFIED.,.F.,.F.,.F.,(3,3),(2,2),(0.,1.),(0.,0.0449999999999999),
 .UNSPECIFIED.);
#739=B_SPLINE_SURFACE_WITH_KNOTS('',2,1,((#15333,#15334),(#15335,#15336),
(#15337,#15338)),.UNSPECIFIED.,.F.,.F.,.F.,(3,3),(2,2),(0.,1.),(0.,0.0449999999999999),
 .UNSPECIFIED.);
#740=B_SPLINE_SURFACE_WITH_KNOTS('',2,1,((#15364,#15365),(#15366,#15367),
(#15368,#15369)),.UNSPECIFIED.,.F.,.F.,.F.,(3,3),(2,2),(0.,1.),(0.,0.0449999999999999),
 .UNSPECIFIED.);
#741=B_SPLINE_SURFACE_WITH_KNOTS('',2,1,((#15382,#15383),(#15384,#15385),
(#15386,#15387)),.UNSPECIFIED.,.F.,.F.,.F.,(3,3),(2,2),(0.,1.),(0.,0.0449999999999999),
 .UNSPECIFIED.);
#742=B_SPLINE_SURFACE_WITH_KNOTS('',2,1,((#15397,#15398),(#15399,#15400),
(#15401,#15402)),.UNSPECIFIED.,.F.,.F.,.F.,(3,3),(2,2),(0.,1.),(0.,0.0449999999999999),
 .UNSPECIFIED.);
#743=B_SPLINE_SURFACE_WITH_KNOTS('',2,1,((#15430,#15431),(#15432,#15433),
(#15434,#15435)),.UNSPECIFIED.,.F.,.F.,.F.,(3,3),(2,2),(0.,1.),(0.,0.0449999999999999),
 .UNSPECIFIED.);
#744=B_SPLINE_SURFACE_WITH_KNOTS('',2,1,((#15445,#15446),(#15447,#15448),
(#15449,#15450)),.UNSPECIFIED.,.F.,.F.,.F.,(3,3),(2,2),(0.,1.),(0.,0.0449999999999999),
 .UNSPECIFIED.);
#745=B_SPLINE_SURFACE_WITH_KNOTS('',2,1,((#15478,#15479),(#15480,#15481),
(#15482,#15483)),.UNSPECIFIED.,.F.,.F.,.F.,(3,3),(2,2),(0.,1.),(0.,0.0449999999999999),
 .UNSPECIFIED.);
#746=B_SPLINE_SURFACE_WITH_KNOTS('',2,1,((#15493,#15494),(#15495,#15496),
(#15497,#15498)),.UNSPECIFIED.,.F.,.F.,.F.,(3,3),(2,2),(0.,1.),(0.,0.0449999999999999),
 .UNSPECIFIED.);
#747=B_SPLINE_SURFACE_WITH_KNOTS('',2,1,((#15508,#15509),(#15510,#15511),
(#15512,#15513)),.UNSPECIFIED.,.F.,.F.,.F.,(3,3),(2,2),(0.,1.),(0.,0.0449999999999999),
 .UNSPECIFIED.);
#748=B_SPLINE_SURFACE_WITH_KNOTS('',2,1,((#15523,#15524),(#15525,#15526),
(#15527,#15528)),.UNSPECIFIED.,.F.,.F.,.F.,(3,3),(2,2),(0.,1.),(0.,0.0449999999999999),
 .UNSPECIFIED.);
#749=B_SPLINE_SURFACE_WITH_KNOTS('',2,1,((#15538,#15539),(#15540,#15541),
(#15542,#15543)),.UNSPECIFIED.,.F.,.F.,.F.,(3,3),(2,2),(0.,1.),(0.,0.0449999999999999),
 .UNSPECIFIED.);
#750=B_SPLINE_SURFACE_WITH_KNOTS('',2,1,((#15559,#15560),(#15561,#15562),
(#15563,#15564)),.UNSPECIFIED.,.F.,.F.,.F.,(3,3),(2,2),(0.,1.),(0.,0.0449999999999999),
 .UNSPECIFIED.);
#751=B_SPLINE_SURFACE_WITH_KNOTS('',2,1,((#15572,#15573),(#15574,#15575),
(#15576,#15577)),.UNSPECIFIED.,.F.,.F.,.F.,(3,3),(2,2),(0.,1.),(0.,0.0449999999999999),
 .UNSPECIFIED.);
#752=B_SPLINE_SURFACE_WITH_KNOTS('',2,1,((#15590,#15591),(#15592,#15593),
(#15594,#15595)),.UNSPECIFIED.,.F.,.F.,.F.,(3,3),(2,2),(0.,1.),(0.,0.0449999999999999),
 .UNSPECIFIED.);
#753=B_SPLINE_SURFACE_WITH_KNOTS('',2,1,((#15605,#15606),(#15607,#15608),
(#15609,#15610)),.UNSPECIFIED.,.F.,.F.,.F.,(3,3),(2,2),(0.,1.),(0.,0.0449999999999999),
 .UNSPECIFIED.);
#754=B_SPLINE_SURFACE_WITH_KNOTS('',2,1,((#15620,#15621),(#15622,#15623),
(#15624,#15625)),.UNSPECIFIED.,.F.,.F.,.F.,(3,3),(2,2),(0.,1.),(0.,0.0449999999999999),
 .UNSPECIFIED.);
#755=B_SPLINE_SURFACE_WITH_KNOTS('',2,1,((#15635,#15636),(#15637,#15638),
(#15639,#15640)),.UNSPECIFIED.,.F.,.F.,.F.,(3,3),(2,2),(0.,1.),(0.,0.0449999999999999),
 .UNSPECIFIED.);
#756=B_SPLINE_SURFACE_WITH_KNOTS('',2,1,((#15650,#15651),(#15652,#15653),
(#15654,#15655)),.UNSPECIFIED.,.F.,.F.,.F.,(3,3),(2,2),(0.,1.),(0.,0.0449999999999999),
 .UNSPECIFIED.);
#757=B_SPLINE_SURFACE_WITH_KNOTS('',2,1,((#15665,#15666),(#15667,#15668),
(#15669,#15670)),.UNSPECIFIED.,.F.,.F.,.F.,(3,3),(2,2),(0.,1.),(0.,0.0449999999999999),
 .UNSPECIFIED.);
#758=B_SPLINE_SURFACE_WITH_KNOTS('',2,1,((#15680,#15681),(#15682,#15683),
(#15684,#15685)),.UNSPECIFIED.,.F.,.F.,.F.,(3,3),(2,2),(0.,1.),(0.,0.0449999999999999),
 .UNSPECIFIED.);
#759=B_SPLINE_SURFACE_WITH_KNOTS('',2,1,((#15692,#15693),(#15694,#15695),
(#15696,#15697)),.UNSPECIFIED.,.F.,.F.,.F.,(3,3),(2,2),(0.,1.),(0.,0.0449999999999999),
 .UNSPECIFIED.);
#760=B_SPLINE_SURFACE_WITH_KNOTS('',2,1,((#15710,#15711),(#15712,#15713),
(#15714,#15715)),.UNSPECIFIED.,.F.,.F.,.F.,(3,3),(2,2),(0.,1.),(0.,0.0449999999999999),
 .UNSPECIFIED.);
#761=B_SPLINE_SURFACE_WITH_KNOTS('',2,1,((#15725,#15726),(#15727,#15728),
(#15729,#15730)),.UNSPECIFIED.,.F.,.F.,.F.,(3,3),(2,2),(0.,1.),(0.,0.0449999999999999),
 .UNSPECIFIED.);
#762=B_SPLINE_SURFACE_WITH_KNOTS('',2,1,((#15740,#15741),(#15742,#15743),
(#15744,#15745)),.UNSPECIFIED.,.F.,.F.,.F.,(3,3),(2,2),(0.,1.),(0.,0.0449999999999999),
 .UNSPECIFIED.);
#763=B_SPLINE_SURFACE_WITH_KNOTS('',2,1,((#15755,#15756),(#15757,#15758),
(#15759,#15760)),.UNSPECIFIED.,.F.,.F.,.F.,(3,3),(2,2),(0.,1.),(0.,0.0449999999999999),
 .UNSPECIFIED.);
#764=B_SPLINE_SURFACE_WITH_KNOTS('',2,1,((#15770,#15771),(#15772,#15773),
(#15774,#15775)),.UNSPECIFIED.,.F.,.F.,.F.,(3,3),(2,2),(0.,1.),(0.,0.0449999999999999),
 .UNSPECIFIED.);
#765=B_SPLINE_SURFACE_WITH_KNOTS('',2,1,((#15785,#15786),(#15787,#15788),
(#15789,#15790)),.UNSPECIFIED.,.F.,.F.,.F.,(3,3),(2,2),(0.,1.),(0.,0.0449999999999999),
 .UNSPECIFIED.);
#766=B_SPLINE_SURFACE_WITH_KNOTS('',2,1,((#15800,#15801),(#15802,#15803),
(#15804,#15805)),.UNSPECIFIED.,.F.,.F.,.F.,(3,3),(2,2),(0.,1.),(0.,0.0449999999999999),
 .UNSPECIFIED.);
#767=B_SPLINE_SURFACE_WITH_KNOTS('',2,1,((#15815,#15816),(#15817,#15818),
(#15819,#15820)),.UNSPECIFIED.,.F.,.F.,.F.,(3,3),(2,2),(0.,1.),(0.,0.0449999999999999),
 .UNSPECIFIED.);
#768=B_SPLINE_SURFACE_WITH_KNOTS('',2,1,((#15828,#15829),(#15830,#15831),
(#15832,#15833)),.UNSPECIFIED.,.F.,.F.,.F.,(3,3),(2,2),(0.,1.),(0.,0.0449999999999999),
 .UNSPECIFIED.);
#769=B_SPLINE_SURFACE_WITH_KNOTS('',2,1,((#15846,#15847),(#15848,#15849),
(#15850,#15851)),.UNSPECIFIED.,.F.,.F.,.F.,(3,3),(2,2),(0.,1.),(0.,0.0449999999999999),
 .UNSPECIFIED.);
#770=B_SPLINE_SURFACE_WITH_KNOTS('',2,1,((#15861,#15862),(#15863,#15864),
(#15865,#15866)),.UNSPECIFIED.,.F.,.F.,.F.,(3,3),(2,2),(0.,1.),(0.,0.0449999999999999),
 .UNSPECIFIED.);
#771=B_SPLINE_SURFACE_WITH_KNOTS('',2,1,((#15876,#15877),(#15878,#15879),
(#15880,#15881)),.UNSPECIFIED.,.F.,.F.,.F.,(3,3),(2,2),(0.,1.),(0.,0.0449999999999999),
 .UNSPECIFIED.);
#772=B_SPLINE_SURFACE_WITH_KNOTS('',2,1,((#15891,#15892),(#15893,#15894),
(#15895,#15896)),.UNSPECIFIED.,.F.,.F.,.F.,(3,3),(2,2),(0.,1.),(0.,0.0449999999999999),
 .UNSPECIFIED.);
#773=B_SPLINE_SURFACE_WITH_KNOTS('',2,1,((#15906,#15907),(#15908,#15909),
(#15910,#15911)),.UNSPECIFIED.,.F.,.F.,.F.,(3,3),(2,2),(0.,1.),(0.,0.0449999999999999),
 .UNSPECIFIED.);
#774=B_SPLINE_SURFACE_WITH_KNOTS('',2,1,((#15921,#15922),(#15923,#15924),
(#15925,#15926)),.UNSPECIFIED.,.F.,.F.,.F.,(3,3),(2,2),(0.,1.),(0.,0.0449999999999999),
 .UNSPECIFIED.);
#775=B_SPLINE_SURFACE_WITH_KNOTS('',2,1,((#15936,#15937),(#15938,#15939),
(#15940,#15941)),.UNSPECIFIED.,.F.,.F.,.F.,(3,3),(2,2),(0.,1.),(0.,0.0449999999999999),
 .UNSPECIFIED.);
#776=B_SPLINE_SURFACE_WITH_KNOTS('',2,1,((#15969,#15970),(#15971,#15972),
(#15973,#15974)),.UNSPECIFIED.,.F.,.F.,.F.,(3,3),(2,2),(0.,1.),(0.,0.0449999999999999),
 .UNSPECIFIED.);
#777=B_SPLINE_SURFACE_WITH_KNOTS('',2,1,((#15984,#15985),(#15986,#15987),
(#15988,#15989)),.UNSPECIFIED.,.F.,.F.,.F.,(3,3),(2,2),(0.,1.),(0.,0.0449999999999999),
 .UNSPECIFIED.);
#778=B_SPLINE_SURFACE_WITH_KNOTS('',2,1,((#15999,#16000),(#16001,#16002),
(#16003,#16004)),.UNSPECIFIED.,.F.,.F.,.F.,(3,3),(2,2),(0.,1.),(0.,0.0449999999999999),
 .UNSPECIFIED.);
#779=B_SPLINE_SURFACE_WITH_KNOTS('',2,1,((#16014,#16015),(#16016,#16017),
(#16018,#16019)),.UNSPECIFIED.,.F.,.F.,.F.,(3,3),(2,2),(0.,1.),(0.,0.0449999999999999),
 .UNSPECIFIED.);
#780=B_SPLINE_SURFACE_WITH_KNOTS('',2,1,((#16029,#16030),(#16031,#16032),
(#16033,#16034)),.UNSPECIFIED.,.F.,.F.,.F.,(3,3),(2,2),(0.,1.),(0.,0.0449999999999999),
 .UNSPECIFIED.);
#781=B_SPLINE_SURFACE_WITH_KNOTS('',2,1,((#16044,#16045),(#16046,#16047),
(#16048,#16049)),.UNSPECIFIED.,.F.,.F.,.F.,(3,3),(2,2),(0.,1.),(0.,0.0449999999999999),
 .UNSPECIFIED.);
#782=B_SPLINE_SURFACE_WITH_KNOTS('',2,1,((#16059,#16060),(#16061,#16062),
(#16063,#16064)),.UNSPECIFIED.,.F.,.F.,.F.,(3,3),(2,2),(0.,1.),(0.,0.0449999999999999),
 .UNSPECIFIED.);
#783=B_SPLINE_SURFACE_WITH_KNOTS('',2,1,((#16074,#16075),(#16076,#16077),
(#16078,#16079)),.UNSPECIFIED.,.F.,.F.,.F.,(3,3),(2,2),(0.,1.),(0.,0.0449999999999999),
 .UNSPECIFIED.);
#784=B_SPLINE_SURFACE_WITH_KNOTS('',2,1,((#16089,#16090),(#16091,#16092),
(#16093,#16094)),.UNSPECIFIED.,.F.,.F.,.F.,(3,3),(2,2),(0.,1.),(0.,0.0449999999999999),
 .UNSPECIFIED.);
#785=B_SPLINE_SURFACE_WITH_KNOTS('',2,1,((#16114,#16115),(#16116,#16117),
(#16118,#16119)),.UNSPECIFIED.,.F.,.F.,.F.,(3,3),(2,2),(0.,1.),(0.,0.0449999999999999),
 .UNSPECIFIED.);
#786=B_SPLINE_SURFACE_WITH_KNOTS('',2,1,((#16132,#16133),(#16134,#16135),
(#16136,#16137)),.UNSPECIFIED.,.F.,.F.,.F.,(3,3),(2,2),(0.,1.),(0.,0.0449999999999999),
 .UNSPECIFIED.);
#787=B_SPLINE_SURFACE_WITH_KNOTS('',2,1,((#16147,#16148),(#16149,#16150),
(#16151,#16152)),.UNSPECIFIED.,.F.,.F.,.F.,(3,3),(2,2),(0.,1.),(0.,0.0449999999999999),
 .UNSPECIFIED.);
#788=B_SPLINE_SURFACE_WITH_KNOTS('',2,1,((#16162,#16163),(#16164,#16165),
(#16166,#16167)),.UNSPECIFIED.,.F.,.F.,.F.,(3,3),(2,2),(0.,1.),(0.,0.0449999999999999),
 .UNSPECIFIED.);
#789=B_SPLINE_SURFACE_WITH_KNOTS('',2,1,((#16177,#16178),(#16179,#16180),
(#16181,#16182)),.UNSPECIFIED.,.F.,.F.,.F.,(3,3),(2,2),(0.,1.),(0.,0.0449999999999999),
 .UNSPECIFIED.);
#790=B_SPLINE_SURFACE_WITH_KNOTS('',2,1,((#16192,#16193),(#16194,#16195),
(#16196,#16197)),.UNSPECIFIED.,.F.,.F.,.F.,(3,3),(2,2),(0.,1.),(0.,0.0449999999999999),
 .UNSPECIFIED.);
#791=B_SPLINE_SURFACE_WITH_KNOTS('',2,1,((#16207,#16208),(#16209,#16210),
(#16211,#16212)),.UNSPECIFIED.,.F.,.F.,.F.,(3,3),(2,2),(0.,1.),(0.,0.0449999999999999),
 .UNSPECIFIED.);
#792=B_SPLINE_SURFACE_WITH_KNOTS('',2,1,((#16222,#16223),(#16224,#16225),
(#16226,#16227)),.UNSPECIFIED.,.F.,.F.,.F.,(3,3),(2,2),(0.,1.),(0.,0.0449999999999999),
 .UNSPECIFIED.);
#793=B_SPLINE_SURFACE_WITH_KNOTS('',2,1,((#16237,#16238),(#16239,#16240),
(#16241,#16242)),.UNSPECIFIED.,.F.,.F.,.F.,(3,3),(2,2),(0.,1.),(0.,0.0449999999999999),
 .UNSPECIFIED.);
#794=B_SPLINE_SURFACE_WITH_KNOTS('',2,1,((#16264,#16265),(#16266,#16267),
(#16268,#16269)),.UNSPECIFIED.,.F.,.F.,.F.,(3,3),(2,2),(0.,1.),(0.,0.0449999999999999),
 .UNSPECIFIED.);
#795=B_SPLINE_SURFACE_WITH_KNOTS('',2,1,((#16279,#16280),(#16281,#16282),
(#16283,#16284)),.UNSPECIFIED.,.F.,.F.,.F.,(3,3),(2,2),(0.,1.),(0.,0.0449999999999999),
 .UNSPECIFIED.);
#796=B_SPLINE_SURFACE_WITH_KNOTS('',2,1,((#16300,#16301),(#16302,#16303),
(#16304,#16305)),.UNSPECIFIED.,.F.,.F.,.F.,(3,3),(2,2),(0.,1.),(0.,0.0449999999999999),
 .UNSPECIFIED.);
#797=B_SPLINE_SURFACE_WITH_KNOTS('',2,1,((#16315,#16316),(#16317,#16318),
(#16319,#16320)),.UNSPECIFIED.,.F.,.F.,.F.,(3,3),(2,2),(0.,1.),(0.,0.0449999999999999),
 .UNSPECIFIED.);
#798=B_SPLINE_SURFACE_WITH_KNOTS('',2,1,((#16330,#16331),(#16332,#16333),
(#16334,#16335)),.UNSPECIFIED.,.F.,.F.,.F.,(3,3),(2,2),(0.,1.),(0.,0.0449999999999999),
 .UNSPECIFIED.);
#799=B_SPLINE_SURFACE_WITH_KNOTS('',2,1,((#16345,#16346),(#16347,#16348),
(#16349,#16350)),.UNSPECIFIED.,.F.,.F.,.F.,(3,3),(2,2),(0.,1.),(0.,0.0449999999999999),
 .UNSPECIFIED.);
#800=B_SPLINE_SURFACE_WITH_KNOTS('',2,1,((#16360,#16361),(#16362,#16363),
(#16364,#16365)),.UNSPECIFIED.,.F.,.F.,.F.,(3,3),(2,2),(0.,1.),(0.,0.0449999999999999),
 .UNSPECIFIED.);
#801=B_SPLINE_SURFACE_WITH_KNOTS('',2,1,((#16375,#16376),(#16377,#16378),
(#16379,#16380)),.UNSPECIFIED.,.F.,.F.,.F.,(3,3),(2,2),(0.,1.),(0.,0.0449999999999999),
 .UNSPECIFIED.);
#802=B_SPLINE_SURFACE_WITH_KNOTS('',2,1,((#16390,#16391),(#16392,#16393),
(#16394,#16395)),.UNSPECIFIED.,.F.,.F.,.F.,(3,3),(2,2),(0.,1.),(0.,0.0449999999999999),
 .UNSPECIFIED.);
#803=B_SPLINE_SURFACE_WITH_KNOTS('',2,1,((#16411,#16412),(#16413,#16414),
(#16415,#16416)),.UNSPECIFIED.,.F.,.F.,.F.,(3,3),(2,2),(0.,1.),(0.,0.0449999999999999),
 .UNSPECIFIED.);
#804=B_SPLINE_SURFACE_WITH_KNOTS('',2,1,((#16426,#16427),(#16428,#16429),
(#16430,#16431)),.UNSPECIFIED.,.F.,.F.,.F.,(3,3),(2,2),(0.,1.),(0.,0.0449999999999999),
 .UNSPECIFIED.);
#805=B_SPLINE_SURFACE_WITH_KNOTS('',2,1,((#16441,#16442),(#16443,#16444),
(#16445,#16446)),.UNSPECIFIED.,.F.,.F.,.F.,(3,3),(2,2),(0.,1.),(0.,0.0449999999999999),
 .UNSPECIFIED.);
#806=B_SPLINE_SURFACE_WITH_KNOTS('',2,1,((#16456,#16457),(#16458,#16459),
(#16460,#16461)),.UNSPECIFIED.,.F.,.F.,.F.,(3,3),(2,2),(0.,1.),(0.,0.0449999999999999),
 .UNSPECIFIED.);
#807=B_SPLINE_SURFACE_WITH_KNOTS('',2,1,((#16471,#16472),(#16473,#16474),
(#16475,#16476)),.UNSPECIFIED.,.F.,.F.,.F.,(3,3),(2,2),(0.,1.),(0.,0.0449999999999999),
 .UNSPECIFIED.);
#808=B_SPLINE_SURFACE_WITH_KNOTS('',2,1,((#16486,#16487),(#16488,#16489),
(#16490,#16491)),.UNSPECIFIED.,.F.,.F.,.F.,(3,3),(2,2),(0.,1.),(0.,0.0449999999999999),
 .UNSPECIFIED.);
#809=B_SPLINE_SURFACE_WITH_KNOTS('',2,1,((#16501,#16502),(#16503,#16504),
(#16505,#16506)),.UNSPECIFIED.,.F.,.F.,.F.,(3,3),(2,2),(0.,1.),(0.,0.0449999999999999),
 .UNSPECIFIED.);
#810=B_SPLINE_SURFACE_WITH_KNOTS('',2,1,((#16516,#16517),(#16518,#16519),
(#16520,#16521)),.UNSPECIFIED.,.F.,.F.,.F.,(3,3),(2,2),(0.,1.),(0.,0.0449999999999999),
 .UNSPECIFIED.);
#811=B_SPLINE_SURFACE_WITH_KNOTS('',2,1,((#16531,#16532),(#16533,#16534),
(#16535,#16536)),.UNSPECIFIED.,.F.,.F.,.F.,(3,3),(2,2),(0.,1.),(0.,0.0449999999999999),
 .UNSPECIFIED.);
#812=B_SPLINE_SURFACE_WITH_KNOTS('',2,1,((#16546,#16547),(#16548,#16549),
(#16550,#16551)),.UNSPECIFIED.,.F.,.F.,.F.,(3,3),(2,2),(0.,1.),(0.,0.0449999999999999),
 .UNSPECIFIED.);
#813=B_SPLINE_SURFACE_WITH_KNOTS('',2,1,((#16561,#16562),(#16563,#16564),
(#16565,#16566)),.UNSPECIFIED.,.F.,.F.,.F.,(3,3),(2,2),(0.,1.),(0.,0.0449999999999999),
 .UNSPECIFIED.);
#814=B_SPLINE_SURFACE_WITH_KNOTS('',2,1,((#16576,#16577),(#16578,#16579),
(#16580,#16581)),.UNSPECIFIED.,.F.,.F.,.F.,(3,3),(2,2),(0.,1.),(0.,0.0449999999999999),
 .UNSPECIFIED.);
#815=B_SPLINE_SURFACE_WITH_KNOTS('',2,1,((#16591,#16592),(#16593,#16594),
(#16595,#16596)),.UNSPECIFIED.,.F.,.F.,.F.,(3,3),(2,2),(0.,1.),(0.,0.0449999999999999),
 .UNSPECIFIED.);
#816=B_SPLINE_SURFACE_WITH_KNOTS('',2,1,((#16606,#16607),(#16608,#16609),
(#16610,#16611)),.UNSPECIFIED.,.F.,.F.,.F.,(3,3),(2,2),(0.,1.),(0.,0.0449999999999999),
 .UNSPECIFIED.);
#817=B_SPLINE_SURFACE_WITH_KNOTS('',2,1,((#16621,#16622),(#16623,#16624),
(#16625,#16626)),.UNSPECIFIED.,.F.,.F.,.F.,(3,3),(2,2),(0.,1.),(0.,0.0449999999999999),
 .UNSPECIFIED.);
#818=B_SPLINE_SURFACE_WITH_KNOTS('',2,1,((#16680,#16681),(#16682,#16683),
(#16684,#16685)),.UNSPECIFIED.,.F.,.F.,.F.,(3,3),(2,2),(0.,1.),(0.,0.0449999999999999),
 .UNSPECIFIED.);
#819=B_SPLINE_SURFACE_WITH_KNOTS('',2,1,((#16695,#16696),(#16697,#16698),
(#16699,#16700)),.UNSPECIFIED.,.F.,.F.,.F.,(3,3),(2,2),(0.,1.),(0.,0.0449999999999999),
 .UNSPECIFIED.);
#820=B_SPLINE_SURFACE_WITH_KNOTS('',2,1,((#16710,#16711),(#16712,#16713),
(#16714,#16715)),.UNSPECIFIED.,.F.,.F.,.F.,(3,3),(2,2),(0.,1.),(0.,0.0449999999999999),
 .UNSPECIFIED.);
#821=B_SPLINE_SURFACE_WITH_KNOTS('',2,1,((#16725,#16726),(#16727,#16728),
(#16729,#16730)),.UNSPECIFIED.,.F.,.F.,.F.,(3,3),(2,2),(0.,1.),(0.,0.0449999999999999),
 .UNSPECIFIED.);
#822=B_SPLINE_SURFACE_WITH_KNOTS('',2,1,((#16740,#16741),(#16742,#16743),
(#16744,#16745)),.UNSPECIFIED.,.F.,.F.,.F.,(3,3),(2,2),(0.,1.),(0.,0.0449999999999999),
 .UNSPECIFIED.);
#823=B_SPLINE_SURFACE_WITH_KNOTS('',2,1,((#16773,#16774),(#16775,#16776),
(#16777,#16778)),.UNSPECIFIED.,.F.,.F.,.F.,(3,3),(2,2),(0.,1.),(0.,0.0449999999999999),
 .UNSPECIFIED.);
#824=B_SPLINE_SURFACE_WITH_KNOTS('',2,1,((#16788,#16789),(#16790,#16791),
(#16792,#16793)),.UNSPECIFIED.,.F.,.F.,.F.,(3,3),(2,2),(0.,1.),(0.,0.0449999999999999),
 .UNSPECIFIED.);
#825=B_SPLINE_SURFACE_WITH_KNOTS('',2,1,((#16803,#16804),(#16805,#16806),
(#16807,#16808)),.UNSPECIFIED.,.F.,.F.,.F.,(3,3),(2,2),(0.,1.),(0.,0.0449999999999999),
 .UNSPECIFIED.);
#826=B_SPLINE_SURFACE_WITH_KNOTS('',2,1,((#16818,#16819),(#16820,#16821),
(#16822,#16823)),.UNSPECIFIED.,.F.,.F.,.F.,(3,3),(2,2),(0.,1.),(0.,0.0449999999999999),
 .UNSPECIFIED.);
#827=B_SPLINE_SURFACE_WITH_KNOTS('',2,1,((#16833,#16834),(#16835,#16836),
(#16837,#16838)),.UNSPECIFIED.,.F.,.F.,.F.,(3,3),(2,2),(0.,1.),(0.,0.0449999999999999),
 .UNSPECIFIED.);
#828=B_SPLINE_SURFACE_WITH_KNOTS('',2,1,((#16870,#16871),(#16872,#16873),
(#16874,#16875)),.UNSPECIFIED.,.F.,.F.,.F.,(3,3),(2,2),(0.,1.),(0.,0.0449999999999999),
 .UNSPECIFIED.);
#829=B_SPLINE_SURFACE_WITH_KNOTS('',2,1,((#16888,#16889),(#16890,#16891),
(#16892,#16893)),.UNSPECIFIED.,.F.,.F.,.F.,(3,3),(2,2),(0.,1.),(0.,0.0449999999999999),
 .UNSPECIFIED.);
#830=B_SPLINE_SURFACE_WITH_KNOTS('',2,1,((#16903,#16904),(#16905,#16906),
(#16907,#16908)),.UNSPECIFIED.,.F.,.F.,.F.,(3,3),(2,2),(0.,1.),(0.,0.0449999999999999),
 .UNSPECIFIED.);
#831=B_SPLINE_SURFACE_WITH_KNOTS('',2,1,((#16918,#16919),(#16920,#16921),
(#16922,#16923)),.UNSPECIFIED.,.F.,.F.,.F.,(3,3),(2,2),(0.,1.),(0.,0.0449999999999999),
 .UNSPECIFIED.);
#832=B_SPLINE_SURFACE_WITH_KNOTS('',2,1,((#16933,#16934),(#16935,#16936),
(#16937,#16938)),.UNSPECIFIED.,.F.,.F.,.F.,(3,3),(2,2),(0.,1.),(0.,0.0449999999999999),
 .UNSPECIFIED.);
#833=B_SPLINE_SURFACE_WITH_KNOTS('',2,1,((#16948,#16949),(#16950,#16951),
(#16952,#16953)),.UNSPECIFIED.,.F.,.F.,.F.,(3,3),(2,2),(0.,1.),(0.,0.0449999999999999),
 .UNSPECIFIED.);
#834=B_SPLINE_SURFACE_WITH_KNOTS('',2,1,((#16963,#16964),(#16965,#16966),
(#16967,#16968)),.UNSPECIFIED.,.F.,.F.,.F.,(3,3),(2,2),(0.,1.),(0.,0.0449999999999999),
 .UNSPECIFIED.);
#835=B_SPLINE_SURFACE_WITH_KNOTS('',2,1,((#16978,#16979),(#16980,#16981),
(#16982,#16983)),.UNSPECIFIED.,.F.,.F.,.F.,(3,3),(2,2),(0.,1.),(0.,0.0449999999999999),
 .UNSPECIFIED.);
#836=B_SPLINE_SURFACE_WITH_KNOTS('',2,1,((#16990,#16991),(#16992,#16993),
(#16994,#16995)),.UNSPECIFIED.,.F.,.F.,.F.,(3,3),(2,2),(0.,1.),(0.,0.0449999999999999),
 .UNSPECIFIED.);
#837=B_SPLINE_SURFACE_WITH_KNOTS('',2,1,((#17008,#17009),(#17010,#17011),
(#17012,#17013)),.UNSPECIFIED.,.F.,.F.,.F.,(3,3),(2,2),(0.,1.),(0.,0.0449999999999999),
 .UNSPECIFIED.);
#838=B_SPLINE_SURFACE_WITH_KNOTS('',2,1,((#17023,#17024),(#17025,#17026),
(#17027,#17028)),.UNSPECIFIED.,.F.,.F.,.F.,(3,3),(2,2),(0.,1.),(0.,0.0449999999999999),
 .UNSPECIFIED.);
#839=B_SPLINE_SURFACE_WITH_KNOTS('',2,1,((#17038,#17039),(#17040,#17041),
(#17042,#17043)),.UNSPECIFIED.,.F.,.F.,.F.,(3,3),(2,2),(0.,1.),(0.,0.0449999999999999),
 .UNSPECIFIED.);
#840=B_SPLINE_SURFACE_WITH_KNOTS('',2,1,((#17053,#17054),(#17055,#17056),
(#17057,#17058)),.UNSPECIFIED.,.F.,.F.,.F.,(3,3),(2,2),(0.,1.),(0.,0.0449999999999999),
 .UNSPECIFIED.);
#841=B_SPLINE_SURFACE_WITH_KNOTS('',2,1,((#17068,#17069),(#17070,#17071),
(#17072,#17073)),.UNSPECIFIED.,.F.,.F.,.F.,(3,3),(2,2),(0.,1.),(0.,0.0449999999999999),
 .UNSPECIFIED.);
#842=B_SPLINE_SURFACE_WITH_KNOTS('',2,1,((#17083,#17084),(#17085,#17086),
(#17087,#17088)),.UNSPECIFIED.,.F.,.F.,.F.,(3,3),(2,2),(0.,1.),(0.,0.0449999999999999),
 .UNSPECIFIED.);
#843=B_SPLINE_SURFACE_WITH_KNOTS('',2,1,((#17098,#17099),(#17100,#17101),
(#17102,#17103)),.UNSPECIFIED.,.F.,.F.,.F.,(3,3),(2,2),(0.,1.),(0.,0.0449999999999999),
 .UNSPECIFIED.);
#844=B_SPLINE_SURFACE_WITH_KNOTS('',2,1,((#17141,#17142),(#17143,#17144),
(#17145,#17146)),.UNSPECIFIED.,.F.,.F.,.F.,(3,3),(2,2),(0.,1.),(0.,0.0449999999999999),
 .UNSPECIFIED.);
#845=B_SPLINE_SURFACE_WITH_KNOTS('',2,1,((#17159,#17160),(#17161,#17162),
(#17163,#17164)),.UNSPECIFIED.,.F.,.F.,.F.,(3,3),(2,2),(0.,1.),(0.,0.0449999999999999),
 .UNSPECIFIED.);
#846=B_SPLINE_SURFACE_WITH_KNOTS('',2,1,((#17174,#17175),(#17176,#17177),
(#17178,#17179)),.UNSPECIFIED.,.F.,.F.,.F.,(3,3),(2,2),(0.,1.),(0.,0.0449999999999999),
 .UNSPECIFIED.);
#847=B_SPLINE_SURFACE_WITH_KNOTS('',2,1,((#17195,#17196),(#17197,#17198),
(#17199,#17200)),.UNSPECIFIED.,.F.,.F.,.F.,(3,3),(2,2),(0.,1.),(0.,0.0449999999999999),
 .UNSPECIFIED.);
#848=B_SPLINE_SURFACE_WITH_KNOTS('',2,1,((#17207,#17208),(#17209,#17210),
(#17211,#17212)),.UNSPECIFIED.,.F.,.F.,.F.,(3,3),(2,2),(0.,1.),(0.,0.0449999999999999),
 .UNSPECIFIED.);
#849=B_SPLINE_SURFACE_WITH_KNOTS('',2,1,((#17225,#17226),(#17227,#17228),
(#17229,#17230)),.UNSPECIFIED.,.F.,.F.,.F.,(3,3),(2,2),(0.,1.),(0.,0.0449999999999999),
 .UNSPECIFIED.);
#850=B_SPLINE_SURFACE_WITH_KNOTS('',2,1,((#17240,#17241),(#17242,#17243),
(#17244,#17245)),.UNSPECIFIED.,.F.,.F.,.F.,(3,3),(2,2),(0.,1.),(0.,0.0449999999999999),
 .UNSPECIFIED.);
#851=B_SPLINE_SURFACE_WITH_KNOTS('',2,1,((#17261,#17262),(#17263,#17264),
(#17265,#17266)),.UNSPECIFIED.,.F.,.F.,.F.,(3,3),(2,2),(0.,1.),(0.,0.0449999999999999),
 .UNSPECIFIED.);
#852=B_SPLINE_SURFACE_WITH_KNOTS('',2,1,((#17276,#17277),(#17278,#17279),
(#17280,#17281)),.UNSPECIFIED.,.F.,.F.,.F.,(3,3),(2,2),(0.,1.),(0.,0.0449999999999999),
 .UNSPECIFIED.);
#853=B_SPLINE_SURFACE_WITH_KNOTS('',2,1,((#17291,#17292),(#17293,#17294),
(#17295,#17296)),.UNSPECIFIED.,.F.,.F.,.F.,(3,3),(2,2),(0.,1.),(0.,0.0449999999999999),
 .UNSPECIFIED.);
#854=B_SPLINE_SURFACE_WITH_KNOTS('',2,1,((#17306,#17307),(#17308,#17309),
(#17310,#17311)),.UNSPECIFIED.,.F.,.F.,.F.,(3,3),(2,2),(0.,1.),(0.,0.0449999999999999),
 .UNSPECIFIED.);
#855=B_SPLINE_SURFACE_WITH_KNOTS('',2,1,((#17321,#17322),(#17323,#17324),
(#17325,#17326)),.UNSPECIFIED.,.F.,.F.,.F.,(3,3),(2,2),(0.,1.),(0.,0.0449999999999999),
 .UNSPECIFIED.);
#856=B_SPLINE_SURFACE_WITH_KNOTS('',2,1,((#17336,#17337),(#17338,#17339),
(#17340,#17341)),.UNSPECIFIED.,.F.,.F.,.F.,(3,3),(2,2),(0.,1.),(0.,0.0449999999999999),
 .UNSPECIFIED.);
#857=B_SPLINE_SURFACE_WITH_KNOTS('',2,1,((#17351,#17352),(#17353,#17354),
(#17355,#17356)),.UNSPECIFIED.,.F.,.F.,.F.,(3,3),(2,2),(0.,1.),(0.,0.0449999999999999),
 .UNSPECIFIED.);
#858=B_SPLINE_SURFACE_WITH_KNOTS('',2,1,((#17366,#17367),(#17368,#17369),
(#17370,#17371)),.UNSPECIFIED.,.F.,.F.,.F.,(3,3),(2,2),(0.,1.),(0.,0.0449999999999999),
 .UNSPECIFIED.);
#859=B_SPLINE_SURFACE_WITH_KNOTS('',2,1,((#17381,#17382),(#17383,#17384),
(#17385,#17386)),.UNSPECIFIED.,.F.,.F.,.F.,(3,3),(2,2),(0.,1.),(0.,0.0449999999999999),
 .UNSPECIFIED.);
#860=B_SPLINE_SURFACE_WITH_KNOTS('',2,1,((#17402,#17403),(#17404,#17405),
(#17406,#17407)),.UNSPECIFIED.,.F.,.F.,.F.,(3,3),(2,2),(0.,1.),(0.,0.0449999999999999),
 .UNSPECIFIED.);
#861=B_SPLINE_SURFACE_WITH_KNOTS('',2,1,((#17497,#17498),(#17499,#17500),
(#17501,#17502)),.UNSPECIFIED.,.F.,.F.,.F.,(3,3),(2,2),(0.,1.),(0.,0.0449999999999999),
 .UNSPECIFIED.);
#862=B_SPLINE_SURFACE_WITH_KNOTS('',2,1,((#17515,#17516),(#17517,#17518),
(#17519,#17520)),.UNSPECIFIED.,.F.,.F.,.F.,(3,3),(2,2),(0.,1.),(0.,0.0449999999999999),
 .UNSPECIFIED.);
#863=B_SPLINE_SURFACE_WITH_KNOTS('',2,1,((#17530,#17531),(#17532,#17533),
(#17534,#17535)),.UNSPECIFIED.,.F.,.F.,.F.,(3,3),(2,2),(0.,1.),(0.,0.0449999999999999),
 .UNSPECIFIED.);
#864=B_SPLINE_SURFACE_WITH_KNOTS('',2,1,((#17545,#17546),(#17547,#17548),
(#17549,#17550)),.UNSPECIFIED.,.F.,.F.,.F.,(3,3),(2,2),(0.,1.),(0.,0.0449999999999999),
 .UNSPECIFIED.);
#865=B_SPLINE_SURFACE_WITH_KNOTS('',2,1,((#17560,#17561),(#17562,#17563),
(#17564,#17565)),.UNSPECIFIED.,.F.,.F.,.F.,(3,3),(2,2),(0.,1.),(0.,0.0449999999999999),
 .UNSPECIFIED.);
#866=B_SPLINE_SURFACE_WITH_KNOTS('',2,1,((#17593,#17594),(#17595,#17596),
(#17597,#17598)),.UNSPECIFIED.,.F.,.F.,.F.,(3,3),(2,2),(0.,1.),(0.,0.0449999999999999),
 .UNSPECIFIED.);
#867=B_SPLINE_SURFACE_WITH_KNOTS('',2,1,((#17608,#17609),(#17610,#17611),
(#17612,#17613)),.UNSPECIFIED.,.F.,.F.,.F.,(3,3),(2,2),(0.,1.),(0.,0.0449999999999999),
 .UNSPECIFIED.);
#868=B_SPLINE_SURFACE_WITH_KNOTS('',2,1,((#17623,#17624),(#17625,#17626),
(#17627,#17628)),.UNSPECIFIED.,.F.,.F.,.F.,(3,3),(2,2),(0.,1.),(0.,0.0449999999999999),
 .UNSPECIFIED.);
#869=B_SPLINE_SURFACE_WITH_KNOTS('',2,1,((#17638,#17639),(#17640,#17641),
(#17642,#17643)),.UNSPECIFIED.,.F.,.F.,.F.,(3,3),(2,2),(0.,1.),(0.,0.0449999999999999),
 .UNSPECIFIED.);
#870=B_SPLINE_SURFACE_WITH_KNOTS('',2,1,((#17653,#17654),(#17655,#17656),
(#17657,#17658)),.UNSPECIFIED.,.F.,.F.,.F.,(3,3),(2,2),(0.,1.),(0.,0.0449999999999999),
 .UNSPECIFIED.);
#871=B_SPLINE_SURFACE_WITH_KNOTS('',2,1,((#17668,#17669),(#17670,#17671),
(#17672,#17673)),.UNSPECIFIED.,.F.,.F.,.F.,(3,3),(2,2),(0.,1.),(0.,0.0449999999999999),
 .UNSPECIFIED.);
#872=FACE_OUTER_BOUND('',#1449,.T.);
#873=FACE_OUTER_BOUND('',#1450,.T.);
#874=FACE_OUTER_BOUND('',#1451,.T.);
#875=FACE_OUTER_BOUND('',#1452,.T.);
#876=FACE_OUTER_BOUND('',#1453,.T.);
#877=FACE_OUTER_BOUND('',#1454,.T.);
#878=FACE_OUTER_BOUND('',#1455,.T.);
#879=FACE_OUTER_BOUND('',#1456,.T.);
#880=FACE_OUTER_BOUND('',#1457,.T.);
#881=FACE_OUTER_BOUND('',#1458,.T.);
#882=FACE_OUTER_BOUND('',#1459,.T.);
#883=FACE_OUTER_BOUND('',#1460,.T.);
#884=FACE_OUTER_BOUND('',#1461,.T.);
#885=FACE_OUTER_BOUND('',#1462,.T.);
#886=FACE_OUTER_BOUND('',#1463,.T.);
#887=FACE_OUTER_BOUND('',#1464,.T.);
#888=FACE_OUTER_BOUND('',#1465,.T.);
#889=FACE_OUTER_BOUND('',#1466,.T.);
#890=FACE_OUTER_BOUND('',#1467,.T.);
#891=FACE_OUTER_BOUND('',#1468,.T.);
#892=FACE_OUTER_BOUND('',#1469,.T.);
#893=FACE_OUTER_BOUND('',#1470,.T.);
#894=FACE_OUTER_BOUND('',#1471,.T.);
#895=FACE_OUTER_BOUND('',#1472,.T.);
#896=FACE_OUTER_BOUND('',#1473,.T.);
#897=FACE_OUTER_BOUND('',#1474,.T.);
#898=FACE_OUTER_BOUND('',#1475,.T.);
#899=FACE_OUTER_BOUND('',#1476,.T.);
#900=FACE_OUTER_BOUND('',#1477,.T.);
#901=FACE_OUTER_BOUND('',#1478,.T.);
#902=FACE_OUTER_BOUND('',#1479,.T.);
#903=FACE_OUTER_BOUND('',#1480,.T.);
#904=FACE_OUTER_BOUND('',#1481,.T.);
#905=FACE_OUTER_BOUND('',#1482,.T.);
#906=FACE_OUTER_BOUND('',#1483,.T.);
#907=FACE_OUTER_BOUND('',#1484,.T.);
#908=FACE_OUTER_BOUND('',#1485,.T.);
#909=FACE_OUTER_BOUND('',#1486,.T.);
#910=FACE_OUTER_BOUND('',#1487,.T.);
#911=FACE_OUTER_BOUND('',#1488,.T.);
#912=FACE_OUTER_BOUND('',#1489,.T.);
#913=FACE_OUTER_BOUND('',#1491,.T.);
#914=FACE_OUTER_BOUND('',#1492,.T.);
#915=FACE_OUTER_BOUND('',#1493,.T.);
#916=FACE_OUTER_BOUND('',#1494,.T.);
#917=FACE_OUTER_BOUND('',#1495,.T.);
#918=FACE_OUTER_BOUND('',#1496,.T.);
#919=FACE_OUTER_BOUND('',#1497,.T.);
#920=FACE_OUTER_BOUND('',#1498,.T.);
#921=FACE_OUTER_BOUND('',#1499,.T.);
#922=FACE_OUTER_BOUND('',#1500,.T.);
#923=FACE_OUTER_BOUND('',#1501,.T.);
#924=FACE_OUTER_BOUND('',#1502,.T.);
#925=FACE_OUTER_BOUND('',#1503,.T.);
#926=FACE_OUTER_BOUND('',#1504,.T.);
#927=FACE_OUTER_BOUND('',#1505,.T.);
#928=FACE_OUTER_BOUND('',#1506,.T.);
#929=FACE_OUTER_BOUND('',#1507,.T.);
#930=FACE_OUTER_BOUND('',#1508,.T.);
#931=FACE_OUTER_BOUND('',#1509,.T.);
#932=FACE_OUTER_BOUND('',#1510,.T.);
#933=FACE_OUTER_BOUND('',#1511,.T.);
#934=FACE_OUTER_BOUND('',#1512,.T.);
#935=FACE_OUTER_BOUND('',#1513,.T.);
#936=FACE_OUTER_BOUND('',#1514,.T.);
#937=FACE_OUTER_BOUND('',#1515,.T.);
#938=FACE_OUTER_BOUND('',#1516,.T.);
#939=FACE_OUTER_BOUND('',#1517,.T.);
#940=FACE_OUTER_BOUND('',#1518,.T.);
#941=FACE_OUTER_BOUND('',#1519,.T.);
#942=FACE_OUTER_BOUND('',#1520,.T.);
#943=FACE_OUTER_BOUND('',#1521,.T.);
#944=FACE_OUTER_BOUND('',#1522,.T.);
#945=FACE_OUTER_BOUND('',#1523,.T.);
#946=FACE_OUTER_BOUND('',#1524,.T.);
#947=FACE_OUTER_BOUND('',#1525,.T.);
#948=FACE_OUTER_BOUND('',#1526,.T.);
#949=FACE_OUTER_BOUND('',#1527,.T.);
#950=FACE_OUTER_BOUND('',#1528,.T.);
#951=FACE_OUTER_BOUND('',#1529,.T.);
#952=FACE_OUTER_BOUND('',#1530,.T.);
#953=FACE_OUTER_BOUND('',#1531,.T.);
#954=FACE_OUTER_BOUND('',#1533,.T.);
#955=FACE_OUTER_BOUND('',#1534,.T.);
#956=FACE_OUTER_BOUND('',#1535,.T.);
#957=FACE_OUTER_BOUND('',#1536,.T.);
#958=FACE_OUTER_BOUND('',#1537,.T.);
#959=FACE_OUTER_BOUND('',#1538,.T.);
#960=FACE_OUTER_BOUND('',#1539,.T.);
#961=FACE_OUTER_BOUND('',#1540,.T.);
#962=FACE_OUTER_BOUND('',#1541,.T.);
#963=FACE_OUTER_BOUND('',#1542,.T.);
#964=FACE_OUTER_BOUND('',#1543,.T.);
#965=FACE_OUTER_BOUND('',#1544,.T.);
#966=FACE_OUTER_BOUND('',#1545,.T.);
#967=FACE_OUTER_BOUND('',#1546,.T.);
#968=FACE_OUTER_BOUND('',#1547,.T.);
#969=FACE_OUTER_BOUND('',#1548,.T.);
#970=FACE_OUTER_BOUND('',#1549,.T.);
#971=FACE_OUTER_BOUND('',#1550,.T.);
#972=FACE_OUTER_BOUND('',#1551,.T.);
#973=FACE_OUTER_BOUND('',#1552,.T.);
#974=FACE_OUTER_BOUND('',#1553,.T.);
#975=FACE_OUTER_BOUND('',#1554,.T.);
#976=FACE_OUTER_BOUND('',#1555,.T.);
#977=FACE_OUTER_BOUND('',#1557,.T.);
#978=FACE_OUTER_BOUND('',#1558,.T.);
#979=FACE_OUTER_BOUND('',#1559,.T.);
#980=FACE_OUTER_BOUND('',#1560,.T.);
#981=FACE_OUTER_BOUND('',#1561,.T.);
#982=FACE_OUTER_BOUND('',#1562,.T.);
#983=FACE_OUTER_BOUND('',#1563,.T.);
#984=FACE_OUTER_BOUND('',#1564,.T.);
#985=FACE_OUTER_BOUND('',#1565,.T.);
#986=FACE_OUTER_BOUND('',#1566,.T.);
#987=FACE_OUTER_BOUND('',#1567,.T.);
#988=FACE_OUTER_BOUND('',#1568,.T.);
#989=FACE_OUTER_BOUND('',#1569,.T.);
#990=FACE_OUTER_BOUND('',#1570,.T.);
#991=FACE_OUTER_BOUND('',#1571,.T.);
#992=FACE_OUTER_BOUND('',#1572,.T.);
#993=FACE_OUTER_BOUND('',#1573,.T.);
#994=FACE_OUTER_BOUND('',#1574,.T.);
#995=FACE_OUTER_BOUND('',#1575,.T.);
#996=FACE_OUTER_BOUND('',#1576,.T.);
#997=FACE_OUTER_BOUND('',#1577,.T.);
#998=FACE_OUTER_BOUND('',#1578,.T.);
#999=FACE_OUTER_BOUND('',#1579,.T.);
#1000=FACE_OUTER_BOUND('',#1580,.T.);
#1001=FACE_OUTER_BOUND('',#1581,.T.);
#1002=FACE_OUTER_BOUND('',#1583,.T.);
#1003=FACE_OUTER_BOUND('',#1584,.T.);
#1004=FACE_OUTER_BOUND('',#1585,.T.);
#1005=FACE_OUTER_BOUND('',#1586,.T.);
#1006=FACE_OUTER_BOUND('',#1587,.T.);
#1007=FACE_OUTER_BOUND('',#1588,.T.);
#1008=FACE_OUTER_BOUND('',#1589,.T.);
#1009=FACE_OUTER_BOUND('',#1590,.T.);
#1010=FACE_OUTER_BOUND('',#1591,.T.);
#1011=FACE_OUTER_BOUND('',#1592,.T.);
#1012=FACE_OUTER_BOUND('',#1593,.T.);
#1013=FACE_OUTER_BOUND('',#1594,.T.);
#1014=FACE_OUTER_BOUND('',#1595,.T.);
#1015=FACE_OUTER_BOUND('',#1596,.T.);
#1016=FACE_OUTER_BOUND('',#1597,.T.);
#1017=FACE_OUTER_BOUND('',#1598,.T.);
#1018=FACE_OUTER_BOUND('',#1599,.T.);
#1019=FACE_OUTER_BOUND('',#1600,.T.);
#1020=FACE_OUTER_BOUND('',#1601,.T.);
#1021=FACE_OUTER_BOUND('',#1602,.T.);
#1022=FACE_OUTER_BOUND('',#1603,.T.);
#1023=FACE_OUTER_BOUND('',#1604,.T.);
#1024=FACE_OUTER_BOUND('',#1605,.T.);
#1025=FACE_OUTER_BOUND('',#1606,.T.);
#1026=FACE_OUTER_BOUND('',#1607,.T.);
#1027=FACE_OUTER_BOUND('',#1608,.T.);
#1028=FACE_OUTER_BOUND('',#1609,.T.);
#1029=FACE_OUTER_BOUND('',#1610,.T.);
#1030=FACE_OUTER_BOUND('',#1611,.T.);
#1031=FACE_OUTER_BOUND('',#1612,.T.);
#1032=FACE_OUTER_BOUND('',#1613,.T.);
#1033=FACE_OUTER_BOUND('',#1614,.T.);
#1034=FACE_OUTER_BOUND('',#1615,.T.);
#1035=FACE_OUTER_BOUND('',#1616,.T.);
#1036=FACE_OUTER_BOUND('',#1617,.T.);
#1037=FACE_OUTER_BOUND('',#1618,.T.);
#1038=FACE_OUTER_BOUND('',#1619,.T.);
#1039=FACE_OUTER_BOUND('',#1620,.T.);
#1040=FACE_OUTER_BOUND('',#1621,.T.);
#1041=FACE_OUTER_BOUND('',#1622,.T.);
#1042=FACE_OUTER_BOUND('',#1623,.T.);
#1043=FACE_OUTER_BOUND('',#1624,.T.);
#1044=FACE_OUTER_BOUND('',#1625,.T.);
#1045=FACE_OUTER_BOUND('',#1626,.T.);
#1046=FACE_OUTER_BOUND('',#1627,.T.);
#1047=FACE_OUTER_BOUND('',#1628,.T.);
#1048=FACE_OUTER_BOUND('',#1629,.T.);
#1049=FACE_OUTER_BOUND('',#1630,.T.);
#1050=FACE_OUTER_BOUND('',#1631,.T.);
#1051=FACE_OUTER_BOUND('',#1632,.T.);
#1052=FACE_OUTER_BOUND('',#1633,.T.);
#1053=FACE_OUTER_BOUND('',#1634,.T.);
#1054=FACE_OUTER_BOUND('',#1635,.T.);
#1055=FACE_OUTER_BOUND('',#1636,.T.);
#1056=FACE_OUTER_BOUND('',#1637,.T.);
#1057=FACE_OUTER_BOUND('',#1638,.T.);
#1058=FACE_OUTER_BOUND('',#1639,.T.);
#1059=FACE_OUTER_BOUND('',#1640,.T.);
#1060=FACE_OUTER_BOUND('',#1641,.T.);
#1061=FACE_OUTER_BOUND('',#1642,.T.);
#1062=FACE_OUTER_BOUND('',#1644,.T.);
#1063=FACE_OUTER_BOUND('',#1645,.T.);
#1064=FACE_OUTER_BOUND('',#1646,.T.);
#1065=FACE_OUTER_BOUND('',#1647,.T.);
#1066=FACE_OUTER_BOUND('',#1648,.T.);
#1067=FACE_OUTER_BOUND('',#1649,.T.);
#1068=FACE_OUTER_BOUND('',#1650,.T.);
#1069=FACE_OUTER_BOUND('',#1651,.T.);
#1070=FACE_OUTER_BOUND('',#1652,.T.);
#1071=FACE_OUTER_BOUND('',#1653,.T.);
#1072=FACE_OUTER_BOUND('',#1654,.T.);
#1073=FACE_OUTER_BOUND('',#1655,.T.);
#1074=FACE_OUTER_BOUND('',#1656,.T.);
#1075=FACE_OUTER_BOUND('',#1657,.T.);
#1076=FACE_OUTER_BOUND('',#1658,.T.);
#1077=FACE_OUTER_BOUND('',#1659,.T.);
#1078=FACE_OUTER_BOUND('',#1660,.T.);
#1079=FACE_OUTER_BOUND('',#1661,.T.);
#1080=FACE_OUTER_BOUND('',#1662,.T.);
#1081=FACE_OUTER_BOUND('',#1663,.T.);
#1082=FACE_OUTER_BOUND('',#1664,.T.);
#1083=FACE_OUTER_BOUND('',#1665,.T.);
#1084=FACE_OUTER_BOUND('',#1666,.T.);
#1085=FACE_OUTER_BOUND('',#1667,.T.);
#1086=FACE_OUTER_BOUND('',#1668,.T.);
#1087=FACE_OUTER_BOUND('',#1669,.T.);
#1088=FACE_OUTER_BOUND('',#1670,.T.);
#1089=FACE_OUTER_BOUND('',#1671,.T.);
#1090=FACE_OUTER_BOUND('',#1672,.T.);
#1091=FACE_OUTER_BOUND('',#1673,.T.);
#1092=FACE_OUTER_BOUND('',#1674,.T.);
#1093=FACE_OUTER_BOUND('',#1675,.T.);
#1094=FACE_OUTER_BOUND('',#1676,.T.);
#1095=FACE_OUTER_BOUND('',#1677,.T.);
#1096=FACE_OUTER_BOUND('',#1680,.T.);
#1097=FACE_OUTER_BOUND('',#1681,.T.);
#1098=FACE_OUTER_BOUND('',#1682,.T.);
#1099=FACE_OUTER_BOUND('',#1683,.T.);
#1100=FACE_OUTER_BOUND('',#1684,.T.);
#1101=FACE_OUTER_BOUND('',#1685,.T.);
#1102=FACE_OUTER_BOUND('',#1686,.T.);
#1103=FACE_OUTER_BOUND('',#1687,.T.);
#1104=FACE_OUTER_BOUND('',#1688,.T.);
#1105=FACE_OUTER_BOUND('',#1689,.T.);
#1106=FACE_OUTER_BOUND('',#1690,.T.);
#1107=FACE_OUTER_BOUND('',#1691,.T.);
#1108=FACE_OUTER_BOUND('',#1692,.T.);
#1109=FACE_OUTER_BOUND('',#1693,.T.);
#1110=FACE_OUTER_BOUND('',#1694,.T.);
#1111=FACE_OUTER_BOUND('',#1695,.T.);
#1112=FACE_OUTER_BOUND('',#1696,.T.);
#1113=FACE_OUTER_BOUND('',#1697,.T.);
#1114=FACE_OUTER_BOUND('',#1698,.T.);
#1115=FACE_OUTER_BOUND('',#1699,.T.);
#1116=FACE_OUTER_BOUND('',#1700,.T.);
#1117=FACE_OUTER_BOUND('',#1701,.T.);
#1118=FACE_OUTER_BOUND('',#1702,.T.);
#1119=FACE_OUTER_BOUND('',#1703,.T.);
#1120=FACE_OUTER_BOUND('',#1704,.T.);
#1121=FACE_OUTER_BOUND('',#1705,.T.);
#1122=FACE_OUTER_BOUND('',#1706,.T.);
#1123=FACE_OUTER_BOUND('',#1707,.T.);
#1124=FACE_OUTER_BOUND('',#1708,.T.);
#1125=FACE_OUTER_BOUND('',#1709,.T.);
#1126=FACE_OUTER_BOUND('',#1710,.T.);
#1127=FACE_OUTER_BOUND('',#1711,.T.);
#1128=FACE_OUTER_BOUND('',#1712,.T.);
#1129=FACE_OUTER_BOUND('',#1713,.T.);
#1130=FACE_OUTER_BOUND('',#1714,.T.);
#1131=FACE_OUTER_BOUND('',#1715,.T.);
#1132=FACE_OUTER_BOUND('',#1716,.T.);
#1133=FACE_OUTER_BOUND('',#1718,.T.);
#1134=FACE_OUTER_BOUND('',#1719,.T.);
#1135=FACE_OUTER_BOUND('',#1720,.T.);
#1136=FACE_OUTER_BOUND('',#1721,.T.);
#1137=FACE_OUTER_BOUND('',#1722,.T.);
#1138=FACE_OUTER_BOUND('',#1723,.T.);
#1139=FACE_OUTER_BOUND('',#1724,.T.);
#1140=FACE_OUTER_BOUND('',#1725,.T.);
#1141=FACE_OUTER_BOUND('',#1726,.T.);
#1142=FACE_OUTER_BOUND('',#1727,.T.);
#1143=FACE_OUTER_BOUND('',#1728,.T.);
#1144=FACE_OUTER_BOUND('',#1729,.T.);
#1145=FACE_OUTER_BOUND('',#1730,.T.);
#1146=FACE_OUTER_BOUND('',#1731,.T.);
#1147=FACE_OUTER_BOUND('',#1732,.T.);
#1148=FACE_OUTER_BOUND('',#1733,.T.);
#1149=FACE_OUTER_BOUND('',#1734,.T.);
#1150=FACE_OUTER_BOUND('',#1735,.T.);
#1151=FACE_OUTER_BOUND('',#1736,.T.);
#1152=FACE_OUTER_BOUND('',#1737,.T.);
#1153=FACE_OUTER_BOUND('',#1738,.T.);
#1154=FACE_OUTER_BOUND('',#1739,.T.);
#1155=FACE_OUTER_BOUND('',#1740,.T.);
#1156=FACE_OUTER_BOUND('',#1742,.T.);
#1157=FACE_OUTER_BOUND('',#1743,.T.);
#1158=FACE_OUTER_BOUND('',#1744,.T.);
#1159=FACE_OUTER_BOUND('',#1745,.T.);
#1160=FACE_OUTER_BOUND('',#1746,.T.);
#1161=FACE_OUTER_BOUND('',#1747,.T.);
#1162=FACE_OUTER_BOUND('',#1748,.T.);
#1163=FACE_OUTER_BOUND('',#1749,.T.);
#1164=FACE_OUTER_BOUND('',#1750,.T.);
#1165=FACE_OUTER_BOUND('',#1751,.T.);
#1166=FACE_OUTER_BOUND('',#1752,.T.);
#1167=FACE_OUTER_BOUND('',#1753,.T.);
#1168=FACE_OUTER_BOUND('',#1754,.T.);
#1169=FACE_OUTER_BOUND('',#1755,.T.);
#1170=FACE_OUTER_BOUND('',#1756,.T.);
#1171=FACE_OUTER_BOUND('',#1757,.T.);
#1172=FACE_OUTER_BOUND('',#1758,.T.);
#1173=FACE_OUTER_BOUND('',#1759,.T.);
#1174=FACE_OUTER_BOUND('',#1760,.T.);
#1175=FACE_OUTER_BOUND('',#1761,.T.);
#1176=FACE_OUTER_BOUND('',#1762,.T.);
#1177=FACE_OUTER_BOUND('',#1763,.T.);
#1178=FACE_OUTER_BOUND('',#1764,.T.);
#1179=FACE_OUTER_BOUND('',#1765,.T.);
#1180=FACE_OUTER_BOUND('',#1766,.T.);
#1181=FACE_OUTER_BOUND('',#1767,.T.);
#1182=FACE_OUTER_BOUND('',#1768,.T.);
#1183=FACE_OUTER_BOUND('',#1769,.T.);
#1184=FACE_OUTER_BOUND('',#1770,.T.);
#1185=FACE_OUTER_BOUND('',#1771,.T.);
#1186=FACE_OUTER_BOUND('',#1772,.T.);
#1187=FACE_OUTER_BOUND('',#1773,.T.);
#1188=FACE_OUTER_BOUND('',#1774,.T.);
#1189=FACE_OUTER_BOUND('',#1775,.T.);
#1190=FACE_OUTER_BOUND('',#1776,.T.);
#1191=FACE_OUTER_BOUND('',#1777,.T.);
#1192=FACE_OUTER_BOUND('',#1778,.T.);
#1193=FACE_OUTER_BOUND('',#1779,.T.);
#1194=FACE_OUTER_BOUND('',#1781,.T.);
#1195=FACE_OUTER_BOUND('',#1782,.T.);
#1196=FACE_OUTER_BOUND('',#1783,.T.);
#1197=FACE_OUTER_BOUND('',#1784,.T.);
#1198=FACE_OUTER_BOUND('',#1785,.T.);
#1199=FACE_OUTER_BOUND('',#1786,.T.);
#1200=FACE_OUTER_BOUND('',#1787,.T.);
#1201=FACE_OUTER_BOUND('',#1788,.T.);
#1202=FACE_OUTER_BOUND('',#1789,.T.);
#1203=FACE_OUTER_BOUND('',#1790,.T.);
#1204=FACE_OUTER_BOUND('',#1791,.T.);
#1205=FACE_OUTER_BOUND('',#1792,.T.);
#1206=FACE_OUTER_BOUND('',#1793,.T.);
#1207=FACE_OUTER_BOUND('',#1794,.T.);
#1208=FACE_OUTER_BOUND('',#1795,.T.);
#1209=FACE_OUTER_BOUND('',#1796,.T.);
#1210=FACE_OUTER_BOUND('',#1797,.T.);
#1211=FACE_OUTER_BOUND('',#1798,.T.);
#1212=FACE_OUTER_BOUND('',#1799,.T.);
#1213=FACE_OUTER_BOUND('',#1800,.T.);
#1214=FACE_OUTER_BOUND('',#1801,.T.);
#1215=FACE_OUTER_BOUND('',#1802,.T.);
#1216=FACE_OUTER_BOUND('',#1803,.T.);
#1217=FACE_OUTER_BOUND('',#1804,.T.);
#1218=FACE_OUTER_BOUND('',#1805,.T.);
#1219=FACE_OUTER_BOUND('',#1806,.T.);
#1220=FACE_OUTER_BOUND('',#1807,.T.);
#1221=FACE_OUTER_BOUND('',#1808,.T.);
#1222=FACE_OUTER_BOUND('',#1809,.T.);
#1223=FACE_OUTER_BOUND('',#1810,.T.);
#1224=FACE_OUTER_BOUND('',#1811,.T.);
#1225=FACE_OUTER_BOUND('',#1812,.T.);
#1226=FACE_OUTER_BOUND('',#1813,.T.);
#1227=FACE_OUTER_BOUND('',#1814,.T.);
#1228=FACE_OUTER_BOUND('',#1815,.T.);
#1229=FACE_OUTER_BOUND('',#1816,.T.);
#1230=FACE_OUTER_BOUND('',#1817,.T.);
#1231=FACE_OUTER_BOUND('',#1818,.T.);
#1232=FACE_OUTER_BOUND('',#1819,.T.);
#1233=FACE_OUTER_BOUND('',#1820,.T.);
#1234=FACE_OUTER_BOUND('',#1821,.T.);
#1235=FACE_OUTER_BOUND('',#1822,.T.);
#1236=FACE_OUTER_BOUND('',#1823,.T.);
#1237=FACE_OUTER_BOUND('',#1824,.T.);
#1238=FACE_OUTER_BOUND('',#1825,.T.);
#1239=FACE_OUTER_BOUND('',#1826,.T.);
#1240=FACE_OUTER_BOUND('',#1827,.T.);
#1241=FACE_OUTER_BOUND('',#1828,.T.);
#1242=FACE_OUTER_BOUND('',#1830,.T.);
#1243=FACE_OUTER_BOUND('',#1831,.T.);
#1244=FACE_OUTER_BOUND('',#1832,.T.);
#1245=FACE_OUTER_BOUND('',#1833,.T.);
#1246=FACE_OUTER_BOUND('',#1834,.T.);
#1247=FACE_OUTER_BOUND('',#1835,.T.);
#1248=FACE_OUTER_BOUND('',#1836,.T.);
#1249=FACE_OUTER_BOUND('',#1837,.T.);
#1250=FACE_OUTER_BOUND('',#1838,.T.);
#1251=FACE_OUTER_BOUND('',#1839,.T.);
#1252=FACE_OUTER_BOUND('',#1840,.T.);
#1253=FACE_OUTER_BOUND('',#1841,.T.);
#1254=FACE_OUTER_BOUND('',#1842,.T.);
#1255=FACE_OUTER_BOUND('',#1843,.T.);
#1256=FACE_OUTER_BOUND('',#1844,.T.);
#1257=FACE_OUTER_BOUND('',#1845,.T.);
#1258=FACE_OUTER_BOUND('',#1846,.T.);
#1259=FACE_OUTER_BOUND('',#1847,.T.);
#1260=FACE_OUTER_BOUND('',#1848,.T.);
#1261=FACE_OUTER_BOUND('',#1849,.T.);
#1262=FACE_OUTER_BOUND('',#1850,.T.);
#1263=FACE_OUTER_BOUND('',#1852,.T.);
#1264=FACE_OUTER_BOUND('',#1853,.T.);
#1265=FACE_OUTER_BOUND('',#1854,.T.);
#1266=FACE_OUTER_BOUND('',#1855,.T.);
#1267=FACE_OUTER_BOUND('',#1856,.T.);
#1268=FACE_OUTER_BOUND('',#1857,.T.);
#1269=FACE_OUTER_BOUND('',#1858,.T.);
#1270=FACE_OUTER_BOUND('',#1859,.T.);
#1271=FACE_OUTER_BOUND('',#1860,.T.);
#1272=FACE_OUTER_BOUND('',#1861,.T.);
#1273=FACE_OUTER_BOUND('',#1862,.T.);
#1274=FACE_OUTER_BOUND('',#1863,.T.);
#1275=FACE_OUTER_BOUND('',#1864,.T.);
#1276=FACE_OUTER_BOUND('',#1865,.T.);
#1277=FACE_OUTER_BOUND('',#1866,.T.);
#1278=FACE_OUTER_BOUND('',#1867,.T.);
#1279=FACE_OUTER_BOUND('',#1868,.T.);
#1280=FACE_OUTER_BOUND('',#1869,.T.);
#1281=FACE_OUTER_BOUND('',#1870,.T.);
#1282=FACE_OUTER_BOUND('',#1871,.T.);
#1283=FACE_OUTER_BOUND('',#1872,.T.);
#1284=FACE_OUTER_BOUND('',#1873,.T.);
#1285=FACE_OUTER_BOUND('',#1874,.T.);
#1286=FACE_OUTER_BOUND('',#1875,.T.);
#1287=FACE_OUTER_BOUND('',#1876,.T.);
#1288=FACE_OUTER_BOUND('',#1877,.T.);
#1289=FACE_OUTER_BOUND('',#1878,.T.);
#1290=FACE_OUTER_BOUND('',#1879,.T.);
#1291=FACE_OUTER_BOUND('',#1880,.T.);
#1292=FACE_OUTER_BOUND('',#1881,.T.);
#1293=FACE_OUTER_BOUND('',#1882,.T.);
#1294=FACE_OUTER_BOUND('',#1883,.T.);
#1295=FACE_OUTER_BOUND('',#1884,.T.);
#1296=FACE_OUTER_BOUND('',#1885,.T.);
#1297=FACE_OUTER_BOUND('',#1886,.T.);
#1298=FACE_OUTER_BOUND('',#1887,.T.);
#1299=FACE_OUTER_BOUND('',#1888,.T.);
#1300=FACE_OUTER_BOUND('',#1889,.T.);
#1301=FACE_OUTER_BOUND('',#1890,.T.);
#1302=FACE_OUTER_BOUND('',#1891,.T.);
#1303=FACE_OUTER_BOUND('',#1892,.T.);
#1304=FACE_OUTER_BOUND('',#1893,.T.);
#1305=FACE_OUTER_BOUND('',#1894,.T.);
#1306=FACE_OUTER_BOUND('',#1895,.T.);
#1307=FACE_OUTER_BOUND('',#1896,.T.);
#1308=FACE_OUTER_BOUND('',#1897,.T.);
#1309=FACE_OUTER_BOUND('',#1898,.T.);
#1310=FACE_OUTER_BOUND('',#1899,.T.);
#1311=FACE_OUTER_BOUND('',#1900,.T.);
#1312=FACE_OUTER_BOUND('',#1901,.T.);
#1313=FACE_OUTER_BOUND('',#1902,.T.);
#1314=FACE_OUTER_BOUND('',#1903,.T.);
#1315=FACE_OUTER_BOUND('',#1904,.T.);
#1316=FACE_OUTER_BOUND('',#1905,.T.);
#1317=FACE_OUTER_BOUND('',#1906,.T.);
#1318=FACE_OUTER_BOUND('',#1907,.T.);
#1319=FACE_OUTER_BOUND('',#1908,.T.);
#1320=FACE_OUTER_BOUND('',#1909,.T.);
#1321=FACE_OUTER_BOUND('',#1910,.T.);
#1322=FACE_OUTER_BOUND('',#1911,.T.);
#1323=FACE_OUTER_BOUND('',#1912,.T.);
#1324=FACE_OUTER_BOUND('',#1913,.T.);
#1325=FACE_OUTER_BOUND('',#1914,.T.);
#1326=FACE_OUTER_BOUND('',#1915,.T.);
#1327=FACE_OUTER_BOUND('',#1916,.T.);
#1328=FACE_OUTER_BOUND('',#1917,.T.);
#1329=FACE_OUTER_BOUND('',#1918,.T.);
#1330=FACE_OUTER_BOUND('',#1919,.T.);
#1331=FACE_OUTER_BOUND('',#1920,.T.);
#1332=FACE_OUTER_BOUND('',#1921,.T.);
#1333=FACE_OUTER_BOUND('',#1922,.T.);
#1334=FACE_OUTER_BOUND('',#1923,.T.);
#1335=FACE_OUTER_BOUND('',#1924,.T.);
#1336=FACE_OUTER_BOUND('',#1925,.T.);
#1337=FACE_OUTER_BOUND('',#1926,.T.);
#1338=FACE_OUTER_BOUND('',#1927,.T.);
#1339=FACE_OUTER_BOUND('',#1928,.T.);
#1340=FACE_OUTER_BOUND('',#1929,.T.);
#1341=FACE_OUTER_BOUND('',#1930,.T.);
#1342=FACE_OUTER_BOUND('',#1931,.T.);
#1343=FACE_OUTER_BOUND('',#1932,.T.);
#1344=FACE_OUTER_BOUND('',#1933,.T.);
#1345=FACE_OUTER_BOUND('',#1934,.T.);
#1346=FACE_OUTER_BOUND('',#1935,.T.);
#1347=FACE_OUTER_BOUND('',#1936,.T.);
#1348=FACE_OUTER_BOUND('',#1937,.T.);
#1349=FACE_OUTER_BOUND('',#1938,.T.);
#1350=FACE_OUTER_BOUND('',#1939,.T.);
#1351=FACE_OUTER_BOUND('',#1940,.T.);
#1352=FACE_OUTER_BOUND('',#1941,.T.);
#1353=FACE_OUTER_BOUND('',#1942,.T.);
#1354=FACE_OUTER_BOUND('',#1943,.T.);
#1355=FACE_OUTER_BOUND('',#1944,.T.);
#1356=FACE_OUTER_BOUND('',#1945,.T.);
#1357=FACE_OUTER_BOUND('',#1946,.T.);
#1358=FACE_OUTER_BOUND('',#1947,.T.);
#1359=FACE_OUTER_BOUND('',#1948,.T.);
#1360=FACE_OUTER_BOUND('',#1949,.T.);
#1361=FACE_OUTER_BOUND('',#1950,.T.);
#1362=FACE_OUTER_BOUND('',#1951,.T.);
#1363=FACE_OUTER_BOUND('',#1952,.T.);
#1364=FACE_OUTER_BOUND('',#1953,.T.);
#1365=FACE_OUTER_BOUND('',#1954,.T.);
#1366=FACE_OUTER_BOUND('',#1955,.T.);
#1367=FACE_OUTER_BOUND('',#1956,.T.);
#1368=FACE_OUTER_BOUND('',#1957,.T.);
#1369=FACE_OUTER_BOUND('',#1958,.T.);
#1370=FACE_OUTER_BOUND('',#1959,.T.);
#1371=FACE_OUTER_BOUND('',#1960,.T.);
#1372=FACE_OUTER_BOUND('',#1961,.T.);
#1373=FACE_OUTER_BOUND('',#1962,.T.);
#1374=FACE_OUTER_BOUND('',#1963,.T.);
#1375=FACE_OUTER_BOUND('',#1964,.T.);
#1376=FACE_OUTER_BOUND('',#1965,.T.);
#1377=FACE_OUTER_BOUND('',#1966,.T.);
#1378=FACE_OUTER_BOUND('',#1967,.T.);
#1379=FACE_OUTER_BOUND('',#1969,.T.);
#1380=FACE_OUTER_BOUND('',#1970,.T.);
#1381=FACE_OUTER_BOUND('',#1971,.T.);
#1382=FACE_OUTER_BOUND('',#1972,.T.);
#1383=FACE_OUTER_BOUND('',#1973,.T.);
#1384=FACE_OUTER_BOUND('',#1975,.T.);
#1385=FACE_OUTER_BOUND('',#1978,.T.);
#1386=FACE_OUTER_BOUND('',#1980,.T.);
#1387=FACE_OUTER_BOUND('',#1981,.T.);
#1388=FACE_OUTER_BOUND('',#1982,.T.);
#1389=FACE_OUTER_BOUND('',#1983,.T.);
#1390=FACE_OUTER_BOUND('',#1984,.T.);
#1391=FACE_OUTER_BOUND('',#1985,.T.);
#1392=FACE_OUTER_BOUND('',#1986,.T.);
#1393=FACE_OUTER_BOUND('',#1988,.T.);
#1394=FACE_OUTER_BOUND('',#1991,.T.);
#1395=FACE_OUTER_BOUND('',#1993,.T.);
#1396=FACE_OUTER_BOUND('',#1994,.T.);
#1397=FACE_OUTER_BOUND('',#1995,.T.);
#1398=FACE_OUTER_BOUND('',#1996,.T.);
#1399=FACE_OUTER_BOUND('',#1998,.T.);
#1400=FACE_OUTER_BOUND('',#2000,.T.);
#1401=FACE_OUTER_BOUND('',#2002,.T.);
#1402=FACE_OUTER_BOUND('',#2003,.T.);
#1403=FACE_OUTER_BOUND('',#2004,.T.);
#1404=FACE_OUTER_BOUND('',#2005,.T.);
#1405=FACE_OUTER_BOUND('',#2006,.T.);
#1406=FACE_OUTER_BOUND('',#2008,.T.);
#1407=FACE_OUTER_BOUND('',#2010,.T.);
#1408=FACE_OUTER_BOUND('',#2012,.T.);
#1409=FACE_OUTER_BOUND('',#2013,.T.);
#1410=FACE_OUTER_BOUND('',#2014,.T.);
#1411=FACE_OUTER_BOUND('',#2015,.T.);
#1412=FACE_OUTER_BOUND('',#2016,.T.);
#1413=FACE_OUTER_BOUND('',#2017,.T.);
#1414=FACE_OUTER_BOUND('',#2018,.T.);
#1415=FACE_OUTER_BOUND('',#2019,.T.);
#1416=FACE_OUTER_BOUND('',#2020,.T.);
#1417=FACE_OUTER_BOUND('',#2021,.T.);
#1418=FACE_OUTER_BOUND('',#2022,.T.);
#1419=FACE_OUTER_BOUND('',#2023,.T.);
#1420=FACE_OUTER_BOUND('',#2024,.T.);
#1421=FACE_OUTER_BOUND('',#2025,.T.);
#1422=FACE_OUTER_BOUND('',#2026,.T.);
#1423=FACE_OUTER_BOUND('',#2027,.T.);
#1424=FACE_OUTER_BOUND('',#2028,.T.);
#1425=FACE_OUTER_BOUND('',#2029,.T.);
#1426=FACE_OUTER_BOUND('',#2030,.T.);
#1427=FACE_OUTER_BOUND('',#2032,.T.);
#1428=FACE_OUTER_BOUND('',#2033,.T.);
#1429=FACE_OUTER_BOUND('',#2060,.T.);
#1430=FACE_OUTER_BOUND('',#2061,.T.);
#1431=FACE_OUTER_BOUND('',#2062,.T.);
#1432=FACE_OUTER_BOUND('',#2063,.T.);
#1433=FACE_OUTER_BOUND('',#2064,.T.);
#1434=FACE_OUTER_BOUND('',#2071,.T.);
#1435=FACE_OUTER_BOUND('',#2072,.T.);
#1436=FACE_OUTER_BOUND('',#2073,.T.);
#1437=FACE_OUTER_BOUND('',#2074,.T.);
#1438=FACE_OUTER_BOUND('',#2075,.T.);
#1439=FACE_OUTER_BOUND('',#2076,.T.);
#1440=FACE_OUTER_BOUND('',#2077,.T.);
#1441=FACE_OUTER_BOUND('',#2078,.T.);
#1442=FACE_OUTER_BOUND('',#2079,.T.);
#1443=FACE_OUTER_BOUND('',#2083,.T.);
#1444=FACE_OUTER_BOUND('',#2084,.T.);
#1445=FACE_OUTER_BOUND('',#2085,.T.);
#1446=FACE_OUTER_BOUND('',#2086,.T.);
#1447=FACE_OUTER_BOUND('',#2087,.T.);
#1448=FACE_OUTER_BOUND('',#2088,.T.);
#1449=EDGE_LOOP('',(#6825,#6826,#6827,#6828));
#1450=EDGE_LOOP('',(#6829,#6830,#6831,#6832));
#1451=EDGE_LOOP('',(#6833,#6834,#6835,#6836));
#1452=EDGE_LOOP('',(#6837,#6838,#6839,#6840));
#1453=EDGE_LOOP('',(#6841,#6842,#6843,#6844));
#1454=EDGE_LOOP('',(#6845,#6846,#6847,#6848));
#1455=EDGE_LOOP('',(#6849,#6850,#6851,#6852));
#1456=EDGE_LOOP('',(#6853,#6854,#6855,#6856));
#1457=EDGE_LOOP('',(#6857,#6858,#6859,#6860));
#1458=EDGE_LOOP('',(#6861,#6862,#6863,#6864));
#1459=EDGE_LOOP('',(#6865,#6866,#6867,#6868));
#1460=EDGE_LOOP('',(#6869,#6870,#6871,#6872));
#1461=EDGE_LOOP('',(#6873,#6874,#6875,#6876,#6877,#6878,#6879,#6880,#6881,
#6882,#6883,#6884));
#1462=EDGE_LOOP('',(#6885,#6886,#6887,#6888));
#1463=EDGE_LOOP('',(#6889,#6890,#6891,#6892));
#1464=EDGE_LOOP('',(#6893,#6894,#6895,#6896));
#1465=EDGE_LOOP('',(#6897,#6898,#6899,#6900));
#1466=EDGE_LOOP('',(#6901,#6902,#6903,#6904));
#1467=EDGE_LOOP('',(#6905,#6906,#6907,#6908));
#1468=EDGE_LOOP('',(#6909,#6910,#6911,#6912));
#1469=EDGE_LOOP('',(#6913,#6914,#6915,#6916));
#1470=EDGE_LOOP('',(#6917,#6918,#6919,#6920));
#1471=EDGE_LOOP('',(#6921,#6922,#6923,#6924));
#1472=EDGE_LOOP('',(#6925,#6926,#6927,#6928));
#1473=EDGE_LOOP('',(#6929,#6930,#6931,#6932));
#1474=EDGE_LOOP('',(#6933,#6934,#6935,#6936));
#1475=EDGE_LOOP('',(#6937,#6938,#6939,#6940));
#1476=EDGE_LOOP('',(#6941,#6942,#6943,#6944));
#1477=EDGE_LOOP('',(#6945,#6946,#6947,#6948));
#1478=EDGE_LOOP('',(#6949,#6950,#6951,#6952));
#1479=EDGE_LOOP('',(#6953,#6954,#6955,#6956));
#1480=EDGE_LOOP('',(#6957,#6958,#6959,#6960));
#1481=EDGE_LOOP('',(#6961,#6962,#6963,#6964));
#1482=EDGE_LOOP('',(#6965,#6966,#6967,#6968));
#1483=EDGE_LOOP('',(#6969,#6970,#6971,#6972));
#1484=EDGE_LOOP('',(#6973,#6974,#6975,#6976));
#1485=EDGE_LOOP('',(#6977,#6978,#6979,#6980));
#1486=EDGE_LOOP('',(#6981,#6982,#6983,#6984));
#1487=EDGE_LOOP('',(#6985,#6986,#6987,#6988));
#1488=EDGE_LOOP('',(#6989,#6990,#6991,#6992));
#1489=EDGE_LOOP('',(#6993,#6994,#6995,#6996,#6997,#6998,#6999,#7000,#7001,
#7002,#7003,#7004,#7005,#7006,#7007,#7008,#7009,#7010,#7011));
#1490=EDGE_LOOP('',(#7012,#7013,#7014,#7015,#7016,#7017,#7018,#7019));
#1491=EDGE_LOOP('',(#7020,#7021,#7022,#7023));
#1492=EDGE_LOOP('',(#7024,#7025,#7026,#7027));
#1493=EDGE_LOOP('',(#7028,#7029,#7030,#7031));
#1494=EDGE_LOOP('',(#7032,#7033,#7034,#7035));
#1495=EDGE_LOOP('',(#7036,#7037,#7038,#7039));
#1496=EDGE_LOOP('',(#7040,#7041,#7042,#7043));
#1497=EDGE_LOOP('',(#7044,#7045,#7046,#7047));
#1498=EDGE_LOOP('',(#7048,#7049,#7050,#7051));
#1499=EDGE_LOOP('',(#7052,#7053,#7054,#7055));
#1500=EDGE_LOOP('',(#7056,#7057,#7058,#7059));
#1501=EDGE_LOOP('',(#7060,#7061,#7062,#7063));
#1502=EDGE_LOOP('',(#7064,#7065,#7066,#7067));
#1503=EDGE_LOOP('',(#7068,#7069,#7070,#7071,#7072,#7073,#7074,#7075,#7076,
#7077,#7078,#7079));
#1504=EDGE_LOOP('',(#7080,#7081,#7082,#7083));
#1505=EDGE_LOOP('',(#7084,#7085,#7086,#7087));
#1506=EDGE_LOOP('',(#7088,#7089,#7090,#7091));
#1507=EDGE_LOOP('',(#7092,#7093,#7094,#7095));
#1508=EDGE_LOOP('',(#7096,#7097,#7098,#7099));
#1509=EDGE_LOOP('',(#7100,#7101,#7102,#7103));
#1510=EDGE_LOOP('',(#7104,#7105,#7106,#7107,#7108,#7109));
#1511=EDGE_LOOP('',(#7110,#7111,#7112,#7113));
#1512=EDGE_LOOP('',(#7114,#7115,#7116,#7117));
#1513=EDGE_LOOP('',(#7118,#7119,#7120,#7121));
#1514=EDGE_LOOP('',(#7122,#7123,#7124,#7125));
#1515=EDGE_LOOP('',(#7126,#7127,#7128,#7129));
#1516=EDGE_LOOP('',(#7130,#7131,#7132,#7133));
#1517=EDGE_LOOP('',(#7134,#7135,#7136,#7137));
#1518=EDGE_LOOP('',(#7138,#7139,#7140,#7141));
#1519=EDGE_LOOP('',(#7142,#7143,#7144,#7145));
#1520=EDGE_LOOP('',(#7146,#7147,#7148,#7149));
#1521=EDGE_LOOP('',(#7150,#7151,#7152,#7153));
#1522=EDGE_LOOP('',(#7154,#7155,#7156,#7157));
#1523=EDGE_LOOP('',(#7158,#7159,#7160,#7161));
#1524=EDGE_LOOP('',(#7162,#7163,#7164,#7165));
#1525=EDGE_LOOP('',(#7166,#7167,#7168,#7169));
#1526=EDGE_LOOP('',(#7170,#7171,#7172,#7173));
#1527=EDGE_LOOP('',(#7174,#7175,#7176,#7177));
#1528=EDGE_LOOP('',(#7178,#7179,#7180,#7181));
#1529=EDGE_LOOP('',(#7182,#7183,#7184,#7185));
#1530=EDGE_LOOP('',(#7186,#7187,#7188,#7189));
#1531=EDGE_LOOP('',(#7190,#7191,#7192,#7193,#7194,#7195,#7196,#7197,#7198,
#7199,#7200));
#1532=EDGE_LOOP('',(#7201,#7202,#7203,#7204,#7205,#7206,#7207,#7208,#7209));
#1533=EDGE_LOOP('',(#7210,#7211,#7212,#7213));
#1534=EDGE_LOOP('',(#7214,#7215,#7216,#7217));
#1535=EDGE_LOOP('',(#7218,#7219,#7220,#7221));
#1536=EDGE_LOOP('',(#7222,#7223,#7224,#7225));
#1537=EDGE_LOOP('',(#7226,#7227,#7228,#7229));
#1538=EDGE_LOOP('',(#7230,#7231,#7232,#7233));
#1539=EDGE_LOOP('',(#7234,#7235,#7236,#7237));
#1540=EDGE_LOOP('',(#7238,#7239,#7240,#7241));
#1541=EDGE_LOOP('',(#7242,#7243,#7244,#7245));
#1542=EDGE_LOOP('',(#7246,#7247,#7248,#7249));
#1543=EDGE_LOOP('',(#7250,#7251,#7252,#7253));
#1544=EDGE_LOOP('',(#7254,#7255,#7256,#7257));
#1545=EDGE_LOOP('',(#7258,#7259,#7260,#7261));
#1546=EDGE_LOOP('',(#7262,#7263,#7264,#7265));
#1547=EDGE_LOOP('',(#7266,#7267,#7268,#7269));
#1548=EDGE_LOOP('',(#7270,#7271,#7272,#7273));
#1549=EDGE_LOOP('',(#7274,#7275,#7276,#7277));
#1550=EDGE_LOOP('',(#7278,#7279,#7280,#7281));
#1551=EDGE_LOOP('',(#7282,#7283,#7284,#7285));
#1552=EDGE_LOOP('',(#7286,#7287,#7288,#7289));
#1553=EDGE_LOOP('',(#7290,#7291,#7292,#7293));
#1554=EDGE_LOOP('',(#7294,#7295,#7296,#7297));
#1555=EDGE_LOOP('',(#7298,#7299,#7300,#7301,#7302,#7303,#7304,#7305,#7306,
#7307,#7308,#7309));
#1556=EDGE_LOOP('',(#7310,#7311,#7312,#7313,#7314,#7315,#7316,#7317,#7318,
#7319));
#1557=EDGE_LOOP('',(#7320,#7321,#7322,#7323));
#1558=EDGE_LOOP('',(#7324,#7325,#7326,#7327));
#1559=EDGE_LOOP('',(#7328,#7329,#7330,#7331));
#1560=EDGE_LOOP('',(#7332,#7333,#7334,#7335));
#1561=EDGE_LOOP('',(#7336,#7337,#7338,#7339));
#1562=EDGE_LOOP('',(#7340,#7341,#7342,#7343));
#1563=EDGE_LOOP('',(#7344,#7345,#7346,#7347));
#1564=EDGE_LOOP('',(#7348,#7349,#7350,#7351));
#1565=EDGE_LOOP('',(#7352,#7353,#7354,#7355));
#1566=EDGE_LOOP('',(#7356,#7357,#7358,#7359));
#1567=EDGE_LOOP('',(#7360,#7361,#7362,#7363,#7364,#7365,#7366,#7367,#7368,
#7369));
#1568=EDGE_LOOP('',(#7370,#7371,#7372,#7373));
#1569=EDGE_LOOP('',(#7374,#7375,#7376,#7377));
#1570=EDGE_LOOP('',(#7378,#7379,#7380,#7381));
#1571=EDGE_LOOP('',(#7382,#7383,#7384,#7385));
#1572=EDGE_LOOP('',(#7386,#7387,#7388,#7389));
#1573=EDGE_LOOP('',(#7390,#7391,#7392,#7393));
#1574=EDGE_LOOP('',(#7394,#7395,#7396,#7397));
#1575=EDGE_LOOP('',(#7398,#7399,#7400,#7401));
#1576=EDGE_LOOP('',(#7402,#7403,#7404,#7405));
#1577=EDGE_LOOP('',(#7406,#7407,#7408,#7409));
#1578=EDGE_LOOP('',(#7410,#7411,#7412,#7413));
#1579=EDGE_LOOP('',(#7414,#7415,#7416,#7417));
#1580=EDGE_LOOP('',(#7418,#7419,#7420,#7421));
#1581=EDGE_LOOP('',(#7422,#7423,#7424,#7425,#7426,#7427,#7428,#7429));
#1582=EDGE_LOOP('',(#7430,#7431,#7432,#7433,#7434));
#1583=EDGE_LOOP('',(#7435,#7436,#7437,#7438));
#1584=EDGE_LOOP('',(#7439,#7440,#7441,#7442));
#1585=EDGE_LOOP('',(#7443,#7444,#7445,#7446));
#1586=EDGE_LOOP('',(#7447,#7448,#7449,#7450));
#1587=EDGE_LOOP('',(#7451,#7452,#7453,#7454));
#1588=EDGE_LOOP('',(#7455,#7456,#7457,#7458));
#1589=EDGE_LOOP('',(#7459,#7460,#7461,#7462));
#1590=EDGE_LOOP('',(#7463,#7464,#7465,#7466));
#1591=EDGE_LOOP('',(#7467,#7468,#7469,#7470));
#1592=EDGE_LOOP('',(#7471,#7472,#7473,#7474));
#1593=EDGE_LOOP('',(#7475,#7476,#7477,#7478));
#1594=EDGE_LOOP('',(#7479,#7480,#7481,#7482));
#1595=EDGE_LOOP('',(#7483,#7484,#7485,#7486));
#1596=EDGE_LOOP('',(#7487,#7488,#7489,#7490));
#1597=EDGE_LOOP('',(#7491,#7492,#7493,#7494));
#1598=EDGE_LOOP('',(#7495,#7496,#7497,#7498,#7499,#7500,#7501,#7502,#7503,
#7504,#7505,#7506,#7507,#7508,#7509));
#1599=EDGE_LOOP('',(#7510,#7511,#7512,#7513));
#1600=EDGE_LOOP('',(#7514,#7515,#7516,#7517));
#1601=EDGE_LOOP('',(#7518,#7519,#7520,#7521));
#1602=EDGE_LOOP('',(#7522,#7523,#7524,#7525));
#1603=EDGE_LOOP('',(#7526,#7527,#7528,#7529));
#1604=EDGE_LOOP('',(#7530,#7531,#7532,#7533));
#1605=EDGE_LOOP('',(#7534,#7535,#7536,#7537));
#1606=EDGE_LOOP('',(#7538,#7539,#7540,#7541));
#1607=EDGE_LOOP('',(#7542,#7543,#7544,#7545));
#1608=EDGE_LOOP('',(#7546,#7547,#7548,#7549));
#1609=EDGE_LOOP('',(#7550,#7551,#7552,#7553));
#1610=EDGE_LOOP('',(#7554,#7555,#7556,#7557));
#1611=EDGE_LOOP('',(#7558,#7559,#7560,#7561,#7562,#7563,#7564,#7565,#7566,
#7567,#7568,#7569));
#1612=EDGE_LOOP('',(#7570,#7571,#7572,#7573));
#1613=EDGE_LOOP('',(#7574,#7575,#7576,#7577));
#1614=EDGE_LOOP('',(#7578,#7579,#7580,#7581));
#1615=EDGE_LOOP('',(#7582,#7583,#7584,#7585));
#1616=EDGE_LOOP('',(#7586,#7587,#7588,#7589));
#1617=EDGE_LOOP('',(#7590,#7591,#7592,#7593));
#1618=EDGE_LOOP('',(#7594,#7595,#7596,#7597));
#1619=EDGE_LOOP('',(#7598,#7599,#7600,#7601));
#1620=EDGE_LOOP('',(#7602,#7603,#7604,#7605,#7606,#7607,#7608,#7609));
#1621=EDGE_LOOP('',(#7610,#7611,#7612,#7613,#7614));
#1622=EDGE_LOOP('',(#7615,#7616,#7617,#7618,#7619,#7620,#7621,#7622,#7623,
#7624));
#1623=EDGE_LOOP('',(#7625,#7626,#7627,#7628,#7629,#7630,#7631,#7632,#7633));
#1624=EDGE_LOOP('',(#7634,#7635,#7636,#7637,#7638,#7639,#7640,#7641));
#1625=EDGE_LOOP('',(#7642,#7643,#7644,#7645));
#1626=EDGE_LOOP('',(#7646,#7647,#7648,#7649));
#1627=EDGE_LOOP('',(#7650,#7651,#7652,#7653));
#1628=EDGE_LOOP('',(#7654,#7655,#7656,#7657));
#1629=EDGE_LOOP('',(#7658,#7659,#7660,#7661));
#1630=EDGE_LOOP('',(#7662,#7663,#7664,#7665));
#1631=EDGE_LOOP('',(#7666,#7667,#7668,#7669));
#1632=EDGE_LOOP('',(#7670,#7671,#7672,#7673));
#1633=EDGE_LOOP('',(#7674,#7675,#7676,#7677));
#1634=EDGE_LOOP('',(#7678,#7679,#7680,#7681));
#1635=EDGE_LOOP('',(#7682,#7683,#7684,#7685));
#1636=EDGE_LOOP('',(#7686,#7687,#7688,#7689));
#1637=EDGE_LOOP('',(#7690,#7691,#7692,#7693));
#1638=EDGE_LOOP('',(#7694,#7695,#7696,#7697));
#1639=EDGE_LOOP('',(#7698,#7699,#7700,#7701));
#1640=EDGE_LOOP('',(#7702,#7703,#7704,#7705));
#1641=EDGE_LOOP('',(#7706,#7707,#7708,#7709));
#1642=EDGE_LOOP('',(#7710,#7711,#7712,#7713,#7714,#7715,#7716,#7717,#7718));
#1643=EDGE_LOOP('',(#7719,#7720,#7721,#7722,#7723,#7724,#7725,#7726));
#1644=EDGE_LOOP('',(#7727,#7728,#7729,#7730));
#1645=EDGE_LOOP('',(#7731,#7732,#7733,#7734));
#1646=EDGE_LOOP('',(#7735,#7736,#7737,#7738));
#1647=EDGE_LOOP('',(#7739,#7740,#7741,#7742));
#1648=EDGE_LOOP('',(#7743,#7744,#7745,#7746));
#1649=EDGE_LOOP('',(#7747,#7748,#7749,#7750));
#1650=EDGE_LOOP('',(#7751,#7752,#7753,#7754));
#1651=EDGE_LOOP('',(#7755,#7756,#7757,#7758));
#1652=EDGE_LOOP('',(#7759,#7760,#7761,#7762));
#1653=EDGE_LOOP('',(#7763,#7764,#7765,#7766));
#1654=EDGE_LOOP('',(#7767,#7768,#7769,#7770));
#1655=EDGE_LOOP('',(#7771,#7772,#7773,#7774));
#1656=EDGE_LOOP('',(#7775,#7776,#7777,#7778));
#1657=EDGE_LOOP('',(#7779,#7780,#7781,#7782));
#1658=EDGE_LOOP('',(#7783,#7784,#7785,#7786));
#1659=EDGE_LOOP('',(#7787,#7788,#7789,#7790));
#1660=EDGE_LOOP('',(#7791,#7792,#7793,#7794));
#1661=EDGE_LOOP('',(#7795,#7796,#7797,#7798));
#1662=EDGE_LOOP('',(#7799,#7800,#7801,#7802));
#1663=EDGE_LOOP('',(#7803,#7804,#7805,#7806));
#1664=EDGE_LOOP('',(#7807,#7808,#7809,#7810));
#1665=EDGE_LOOP('',(#7811,#7812,#7813,#7814));
#1666=EDGE_LOOP('',(#7815,#7816,#7817,#7818));
#1667=EDGE_LOOP('',(#7819,#7820,#7821,#7822));
#1668=EDGE_LOOP('',(#7823,#7824,#7825,#7826));
#1669=EDGE_LOOP('',(#7827,#7828,#7829,#7830));
#1670=EDGE_LOOP('',(#7831,#7832,#7833,#7834));
#1671=EDGE_LOOP('',(#7835,#7836,#7837,#7838));
#1672=EDGE_LOOP('',(#7839,#7840,#7841,#7842));
#1673=EDGE_LOOP('',(#7843,#7844,#7845,#7846));
#1674=EDGE_LOOP('',(#7847,#7848,#7849,#7850));
#1675=EDGE_LOOP('',(#7851,#7852,#7853,#7854));
#1676=EDGE_LOOP('',(#7855,#7856,#7857,#7858));
#1677=EDGE_LOOP('',(#7859,#7860,#7861,#7862,#7863,#7864,#7865,#7866,#7867,
#7868,#7869,#7870,#7871,#7872));
#1678=EDGE_LOOP('',(#7873,#7874,#7875,#7876,#7877,#7878,#7879,#7880,#7881,
#7882));
#1679=EDGE_LOOP('',(#7883,#7884,#7885,#7886,#7887,#7888,#7889,#7890,#7891));
#1680=EDGE_LOOP('',(#7892,#7893,#7894,#7895));
#1681=EDGE_LOOP('',(#7896,#7897,#7898,#7899));
#1682=EDGE_LOOP('',(#7900,#7901,#7902,#7903));
#1683=EDGE_LOOP('',(#7904,#7905,#7906,#7907));
#1684=EDGE_LOOP('',(#7908,#7909,#7910,#7911));
#1685=EDGE_LOOP('',(#7912,#7913,#7914,#7915));
#1686=EDGE_LOOP('',(#7916,#7917,#7918,#7919));
#1687=EDGE_LOOP('',(#7920,#7921,#7922,#7923));
#1688=EDGE_LOOP('',(#7924,#7925,#7926,#7927));
#1689=EDGE_LOOP('',(#7928,#7929,#7930,#7931));
#1690=EDGE_LOOP('',(#7932,#7933,#7934,#7935));
#1691=EDGE_LOOP('',(#7936,#7937,#7938,#7939));
#1692=EDGE_LOOP('',(#7940,#7941,#7942,#7943));
#1693=EDGE_LOOP('',(#7944,#7945,#7946,#7947));
#1694=EDGE_LOOP('',(#7948,#7949,#7950,#7951));
#1695=EDGE_LOOP('',(#7952,#7953,#7954,#7955));
#1696=EDGE_LOOP('',(#7956,#7957,#7958,#7959));
#1697=EDGE_LOOP('',(#7960,#7961,#7962,#7963));
#1698=EDGE_LOOP('',(#7964,#7965,#7966,#7967,#7968,#7969,#7970,#7971,#7972,
#7973,#7974,#7975,#7976,#7977,#7978,#7979,#7980,#7981));
#1699=EDGE_LOOP('',(#7982,#7983,#7984,#7985));
#1700=EDGE_LOOP('',(#7986,#7987,#7988,#7989));
#1701=EDGE_LOOP('',(#7990,#7991,#7992,#7993));
#1702=EDGE_LOOP('',(#7994,#7995,#7996,#7997));
#1703=EDGE_LOOP('',(#7998,#7999,#8000,#8001));
#1704=EDGE_LOOP('',(#8002,#8003,#8004,#8005));
#1705=EDGE_LOOP('',(#8006,#8007,#8008,#8009));
#1706=EDGE_LOOP('',(#8010,#8011,#8012,#8013));
#1707=EDGE_LOOP('',(#8014,#8015,#8016,#8017));
#1708=EDGE_LOOP('',(#8018,#8019,#8020,#8021));
#1709=EDGE_LOOP('',(#8022,#8023,#8024,#8025));
#1710=EDGE_LOOP('',(#8026,#8027,#8028,#8029));
#1711=EDGE_LOOP('',(#8030,#8031,#8032,#8033));
#1712=EDGE_LOOP('',(#8034,#8035,#8036,#8037));
#1713=EDGE_LOOP('',(#8038,#8039,#8040,#8041));
#1714=EDGE_LOOP('',(#8042,#8043,#8044,#8045));
#1715=EDGE_LOOP('',(#8046,#8047,#8048,#8049));
#1716=EDGE_LOOP('',(#8050,#8051,#8052,#8053,#8054,#8055,#8056,#8057,#8058));
#1717=EDGE_LOOP('',(#8059,#8060,#8061,#8062,#8063,#8064,#8065,#8066));
#1718=EDGE_LOOP('',(#8067,#8068,#8069,#8070));
#1719=EDGE_LOOP('',(#8071,#8072,#8073,#8074));
#1720=EDGE_LOOP('',(#8075,#8076,#8077,#8078));
#1721=EDGE_LOOP('',(#8079,#8080,#8081,#8082));
#1722=EDGE_LOOP('',(#8083,#8084,#8085,#8086));
#1723=EDGE_LOOP('',(#8087,#8088,#8089,#8090));
#1724=EDGE_LOOP('',(#8091,#8092,#8093,#8094));
#1725=EDGE_LOOP('',(#8095,#8096,#8097,#8098));
#1726=EDGE_LOOP('',(#8099,#8100,#8101,#8102));
#1727=EDGE_LOOP('',(#8103,#8104,#8105,#8106));
#1728=EDGE_LOOP('',(#8107,#8108,#8109,#8110));
#1729=EDGE_LOOP('',(#8111,#8112,#8113,#8114));
#1730=EDGE_LOOP('',(#8115,#8116,#8117,#8118));
#1731=EDGE_LOOP('',(#8119,#8120,#8121,#8122));
#1732=EDGE_LOOP('',(#8123,#8124,#8125,#8126));
#1733=EDGE_LOOP('',(#8127,#8128,#8129,#8130));
#1734=EDGE_LOOP('',(#8131,#8132,#8133,#8134));
#1735=EDGE_LOOP('',(#8135,#8136,#8137,#8138));
#1736=EDGE_LOOP('',(#8139,#8140,#8141,#8142));
#1737=EDGE_LOOP('',(#8143,#8144,#8145,#8146));
#1738=EDGE_LOOP('',(#8147,#8148,#8149,#8150));
#1739=EDGE_LOOP('',(#8151,#8152,#8153,#8154));
#1740=EDGE_LOOP('',(#8155,#8156,#8157,#8158,#8159,#8160,#8161,#8162,#8163,
#8164,#8165,#8166,#8167,#8168));
#1741=EDGE_LOOP('',(#8169,#8170,#8171,#8172,#8173,#8174,#8175,#8176));
#1742=EDGE_LOOP('',(#8177,#8178,#8179,#8180));
#1743=EDGE_LOOP('',(#8181,#8182,#8183,#8184));
#1744=EDGE_LOOP('',(#8185,#8186,#8187,#8188));
#1745=EDGE_LOOP('',(#8189,#8190,#8191,#8192));
#1746=EDGE_LOOP('',(#8193,#8194,#8195,#8196));
#1747=EDGE_LOOP('',(#8197,#8198,#8199,#8200));
#1748=EDGE_LOOP('',(#8201,#8202,#8203,#8204));
#1749=EDGE_LOOP('',(#8205,#8206,#8207,#8208));
#1750=EDGE_LOOP('',(#8209,#8210,#8211,#8212));
#1751=EDGE_LOOP('',(#8213,#8214,#8215,#8216));
#1752=EDGE_LOOP('',(#8217,#8218,#8219,#8220));
#1753=EDGE_LOOP('',(#8221,#8222,#8223,#8224));
#1754=EDGE_LOOP('',(#8225,#8226,#8227,#8228));
#1755=EDGE_LOOP('',(#8229,#8230,#8231,#8232));
#1756=EDGE_LOOP('',(#8233,#8234,#8235,#8236));
#1757=EDGE_LOOP('',(#8237,#8238,#8239,#8240));
#1758=EDGE_LOOP('',(#8241,#8242,#8243,#8244));
#1759=EDGE_LOOP('',(#8245,#8246,#8247,#8248));
#1760=EDGE_LOOP('',(#8249,#8250,#8251,#8252));
#1761=EDGE_LOOP('',(#8253,#8254,#8255,#8256));
#1762=EDGE_LOOP('',(#8257,#8258,#8259,#8260));
#1763=EDGE_LOOP('',(#8261,#8262,#8263,#8264));
#1764=EDGE_LOOP('',(#8265,#8266,#8267,#8268));
#1765=EDGE_LOOP('',(#8269,#8270,#8271,#8272));
#1766=EDGE_LOOP('',(#8273,#8274,#8275,#8276));
#1767=EDGE_LOOP('',(#8277,#8278,#8279,#8280));
#1768=EDGE_LOOP('',(#8281,#8282,#8283,#8284));
#1769=EDGE_LOOP('',(#8285,#8286,#8287,#8288));
#1770=EDGE_LOOP('',(#8289,#8290,#8291,#8292));
#1771=EDGE_LOOP('',(#8293,#8294,#8295,#8296));
#1772=EDGE_LOOP('',(#8297,#8298,#8299,#8300));
#1773=EDGE_LOOP('',(#8301,#8302,#8303,#8304));
#1774=EDGE_LOOP('',(#8305,#8306,#8307,#8308));
#1775=EDGE_LOOP('',(#8309,#8310,#8311,#8312));
#1776=EDGE_LOOP('',(#8313,#8314,#8315,#8316));
#1777=EDGE_LOOP('',(#8317,#8318,#8319,#8320));
#1778=EDGE_LOOP('',(#8321,#8322,#8323,#8324));
#1779=EDGE_LOOP('',(#8325,#8326,#8327,#8328,#8329,#8330,#8331,#8332,#8333,
#8334,#8335,#8336,#8337,#8338,#8339,#8340,#8341,#8342,#8343,#8344,#8345,
#8346,#8347,#8348,#8349,#8350,#8351));
#1780=EDGE_LOOP('',(#8352,#8353,#8354,#8355,#8356,#8357,#8358,#8359,#8360,
#8361));
#1781=EDGE_LOOP('',(#8362,#8363,#8364,#8365));
#1782=EDGE_LOOP('',(#8366,#8367,#8368,#8369));
#1783=EDGE_LOOP('',(#8370,#8371,#8372,#8373));
#1784=EDGE_LOOP('',(#8374,#8375,#8376,#8377));
#1785=EDGE_LOOP('',(#8378,#8379,#8380,#8381));
#1786=EDGE_LOOP('',(#8382,#8383,#8384,#8385));
#1787=EDGE_LOOP('',(#8386,#8387,#8388,#8389,#8390,#8391));
#1788=EDGE_LOOP('',(#8392,#8393,#8394,#8395));
#1789=EDGE_LOOP('',(#8396,#8397,#8398,#8399));
#1790=EDGE_LOOP('',(#8400,#8401,#8402,#8403));
#1791=EDGE_LOOP('',(#8404,#8405,#8406,#8407));
#1792=EDGE_LOOP('',(#8408,#8409,#8410,#8411));
#1793=EDGE_LOOP('',(#8412,#8413,#8414,#8415));
#1794=EDGE_LOOP('',(#8416,#8417,#8418,#8419));
#1795=EDGE_LOOP('',(#8420,#8421,#8422,#8423));
#1796=EDGE_LOOP('',(#8424,#8425,#8426,#8427));
#1797=EDGE_LOOP('',(#8428,#8429,#8430,#8431));
#1798=EDGE_LOOP('',(#8432,#8433,#8434,#8435));
#1799=EDGE_LOOP('',(#8436,#8437,#8438,#8439));
#1800=EDGE_LOOP('',(#8440,#8441,#8442,#8443));
#1801=EDGE_LOOP('',(#8444,#8445,#8446,#8447));
#1802=EDGE_LOOP('',(#8448,#8449,#8450,#8451));
#1803=EDGE_LOOP('',(#8452,#8453,#8454,#8455));
#1804=EDGE_LOOP('',(#8456,#8457,#8458,#8459));
#1805=EDGE_LOOP('',(#8460,#8461,#8462,#8463));
#1806=EDGE_LOOP('',(#8464,#8465,#8466,#8467,#8468,#8469,#8470,#8471,#8472,
#8473,#8474,#8475,#8476,#8477,#8478,#8479,#8480,#8481));
#1807=EDGE_LOOP('',(#8482,#8483,#8484,#8485));
#1808=EDGE_LOOP('',(#8486,#8487,#8488,#8489));
#1809=EDGE_LOOP('',(#8490,#8491,#8492,#8493));
#1810=EDGE_LOOP('',(#8494,#8495,#8496,#8497));
#1811=EDGE_LOOP('',(#8498,#8499,#8500,#8501));
#1812=EDGE_LOOP('',(#8502,#8503,#8504,#8505));
#1813=EDGE_LOOP('',(#8506,#8507,#8508,#8509));
#1814=EDGE_LOOP('',(#8510,#8511,#8512,#8513));
#1815=EDGE_LOOP('',(#8514,#8515,#8516,#8517));
#1816=EDGE_LOOP('',(#8518,#8519,#8520,#8521));
#1817=EDGE_LOOP('',(#8522,#8523,#8524,#8525));
#1818=EDGE_LOOP('',(#8526,#8527,#8528,#8529));
#1819=EDGE_LOOP('',(#8530,#8531,#8532,#8533));
#1820=EDGE_LOOP('',(#8534,#8535,#8536,#8537));
#1821=EDGE_LOOP('',(#8538,#8539,#8540,#8541));
#1822=EDGE_LOOP('',(#8542,#8543,#8544,#8545));
#1823=EDGE_LOOP('',(#8546,#8547,#8548,#8549));
#1824=EDGE_LOOP('',(#8550,#8551,#8552,#8553));
#1825=EDGE_LOOP('',(#8554,#8555,#8556,#8557));
#1826=EDGE_LOOP('',(#8558,#8559,#8560,#8561));
#1827=EDGE_LOOP('',(#8562,#8563,#8564,#8565));
#1828=EDGE_LOOP('',(#8566,#8567,#8568,#8569,#8570,#8571,#8572,#8573,#8574,
#8575,#8576,#8577,#8578));
#1829=EDGE_LOOP('',(#8579,#8580,#8581,#8582,#8583,#8584,#8585,#8586));
#1830=EDGE_LOOP('',(#8587,#8588,#8589,#8590));
#1831=EDGE_LOOP('',(#8591,#8592,#8593,#8594));
#1832=EDGE_LOOP('',(#8595,#8596,#8597,#8598));
#1833=EDGE_LOOP('',(#8599,#8600,#8601,#8602));
#1834=EDGE_LOOP('',(#8603,#8604,#8605,#8606));
#1835=EDGE_LOOP('',(#8607,#8608,#8609,#8610));
#1836=EDGE_LOOP('',(#8611,#8612,#8613,#8614));
#1837=EDGE_LOOP('',(#8615,#8616,#8617,#8618));
#1838=EDGE_LOOP('',(#8619,#8620,#8621,#8622));
#1839=EDGE_LOOP('',(#8623,#8624,#8625,#8626));
#1840=EDGE_LOOP('',(#8627,#8628,#8629,#8630));
#1841=EDGE_LOOP('',(#8631,#8632,#8633,#8634));
#1842=EDGE_LOOP('',(#8635,#8636,#8637,#8638));
#1843=EDGE_LOOP('',(#8639,#8640,#8641,#8642));
#1844=EDGE_LOOP('',(#8643,#8644,#8645,#8646));
#1845=EDGE_LOOP('',(#8647,#8648,#8649,#8650));
#1846=EDGE_LOOP('',(#8651,#8652,#8653,#8654));
#1847=EDGE_LOOP('',(#8655,#8656,#8657,#8658));
#1848=EDGE_LOOP('',(#8659,#8660,#8661,#8662));
#1849=EDGE_LOOP('',(#8663,#8664,#8665,#8666));
#1850=EDGE_LOOP('',(#8667,#8668,#8669,#8670,#8671,#8672,#8673,#8674,#8675,
#8676,#8677,#8678,#8679,#8680,#8681));
#1851=EDGE_LOOP('',(#8682,#8683,#8684,#8685,#8686));
#1852=EDGE_LOOP('',(#8687,#8688,#8689,#8690));
#1853=EDGE_LOOP('',(#8691,#8692,#8693,#8694));
#1854=EDGE_LOOP('',(#8695,#8696,#8697,#8698));
#1855=EDGE_LOOP('',(#8699,#8700,#8701,#8702));
#1856=EDGE_LOOP('',(#8703,#8704,#8705,#8706));
#1857=EDGE_LOOP('',(#8707,#8708,#8709,#8710));
#1858=EDGE_LOOP('',(#8711,#8712,#8713,#8714));
#1859=EDGE_LOOP('',(#8715,#8716,#8717,#8718));
#1860=EDGE_LOOP('',(#8719,#8720,#8721,#8722,#8723,#8724,#8725,#8726));
#1861=EDGE_LOOP('',(#8727,#8728,#8729,#8730));
#1862=EDGE_LOOP('',(#8731,#8732,#8733,#8734));
#1863=EDGE_LOOP('',(#8735,#8736,#8737,#8738));
#1864=EDGE_LOOP('',(#8739,#8740,#8741,#8742));
#1865=EDGE_LOOP('',(#8743,#8744,#8745,#8746));
#1866=EDGE_LOOP('',(#8747,#8748,#8749,#8750,#8751));
#1867=EDGE_LOOP('',(#8752,#8753,#8754,#8755,#8756,#8757,#8758,#8759));
#1868=EDGE_LOOP('',(#8760,#8761,#8762,#8763,#8764,#8765,#8766,#8767,#8768,
#8769));
#1869=EDGE_LOOP('',(#8770,#8771,#8772,#8773,#8774,#8775,#8776,#8777));
#1870=EDGE_LOOP('',(#8778,#8779,#8780,#8781,#8782,#8783,#8784,#8785));
#1871=EDGE_LOOP('',(#8786,#8787,#8788,#8789,#8790,#8791,#8792,#8793,#8794,
#8795));
#1872=EDGE_LOOP('',(#8796,#8797,#8798,#8799,#8800,#8801,#8802,#8803,#8804));
#1873=EDGE_LOOP('',(#8805,#8806,#8807,#8808,#8809,#8810,#8811,#8812));
#1874=EDGE_LOOP('',(#8813,#8814,#8815,#8816));
#1875=EDGE_LOOP('',(#8817,#8818,#8819,#8820));
#1876=EDGE_LOOP('',(#8821,#8822,#8823,#8824));
#1877=EDGE_LOOP('',(#8825,#8826,#8827,#8828));
#1878=EDGE_LOOP('',(#8829,#8830,#8831,#8832));
#1879=EDGE_LOOP('',(#8833,#8834,#8835,#8836));
#1880=EDGE_LOOP('',(#8837,#8838,#8839,#8840));
#1881=EDGE_LOOP('',(#8841,#8842,#8843,#8844));
#1882=EDGE_LOOP('',(#8845,#8846,#8847,#8848));
#1883=EDGE_LOOP('',(#8849,#8850,#8851,#8852));
#1884=EDGE_LOOP('',(#8853,#8854,#8855,#8856));
#1885=EDGE_LOOP('',(#8857,#8858,#8859,#8860));
#1886=EDGE_LOOP('',(#8861,#8862,#8863,#8864));
#1887=EDGE_LOOP('',(#8865,#8866,#8867,#8868));
#1888=EDGE_LOOP('',(#8869,#8870,#8871,#8872));
#1889=EDGE_LOOP('',(#8873,#8874,#8875,#8876));
#1890=EDGE_LOOP('',(#8877,#8878,#8879,#8880));
#1891=EDGE_LOOP('',(#8881,#8882,#8883,#8884,#8885,#8886,#8887,#8888,#8889,
#8890,#8891,#8892,#8893,#8894,#8895,#8896,#8897));
#1892=EDGE_LOOP('',(#8898,#8899,#8900,#8901));
#1893=EDGE_LOOP('',(#8902,#8903,#8904,#8905));
#1894=EDGE_LOOP('',(#8906,#8907,#8908,#8909));
#1895=EDGE_LOOP('',(#8910,#8911,#8912,#8913));
#1896=EDGE_LOOP('',(#8914,#8915,#8916,#8917));
#1897=EDGE_LOOP('',(#8918,#8919,#8920,#8921));
#1898=EDGE_LOOP('',(#8922,#8923,#8924,#8925));
#1899=EDGE_LOOP('',(#8926,#8927,#8928,#8929));
#1900=EDGE_LOOP('',(#8930,#8931,#8932,#8933));
#1901=EDGE_LOOP('',(#8934,#8935,#8936,#8937));
#1902=EDGE_LOOP('',(#8938,#8939,#8940,#8941));
#1903=EDGE_LOOP('',(#8942,#8943,#8944,#8945));
#1904=EDGE_LOOP('',(#8946,#8947,#8948,#8949,#8950,#8951,#8952,#8953,#8954,
#8955,#8956,#8957));
#1905=EDGE_LOOP('',(#8958,#8959,#8960,#8961));
#1906=EDGE_LOOP('',(#8962,#8963,#8964,#8965));
#1907=EDGE_LOOP('',(#8966,#8967,#8968,#8969));
#1908=EDGE_LOOP('',(#8970,#8971,#8972,#8973));
#1909=EDGE_LOOP('',(#8974,#8975,#8976,#8977));
#1910=EDGE_LOOP('',(#8978,#8979,#8980,#8981));
#1911=EDGE_LOOP('',(#8982,#8983,#8984,#8985));
#1912=EDGE_LOOP('',(#8986,#8987,#8988,#8989));
#1913=EDGE_LOOP('',(#8990,#8991,#8992,#8993));
#1914=EDGE_LOOP('',(#8994,#8995,#8996,#8997));
#1915=EDGE_LOOP('',(#8998,#8999,#9000,#9001));
#1916=EDGE_LOOP('',(#9002,#9003,#9004,#9005));
#1917=EDGE_LOOP('',(#9006,#9007,#9008,#9009,#9010,#9011,#9012,#9013,#9014,
#9015,#9016,#9017));
#1918=EDGE_LOOP('',(#9018,#9019,#9020,#9021));
#1919=EDGE_LOOP('',(#9022,#9023,#9024,#9025));
#1920=EDGE_LOOP('',(#9026,#9027,#9028,#9029));
#1921=EDGE_LOOP('',(#9030,#9031,#9032,#9033));
#1922=EDGE_LOOP('',(#9034,#9035,#9036,#9037));
#1923=EDGE_LOOP('',(#9038,#9039,#9040,#9041));
#1924=EDGE_LOOP('',(#9042,#9043,#9044,#9045));
#1925=EDGE_LOOP('',(#9046,#9047,#9048,#9049));
#1926=EDGE_LOOP('',(#9050,#9051,#9052,#9053));
#1927=EDGE_LOOP('',(#9054,#9055,#9056,#9057));
#1928=EDGE_LOOP('',(#9058,#9059,#9060,#9061));
#1929=EDGE_LOOP('',(#9062,#9063,#9064,#9065));
#1930=EDGE_LOOP('',(#9066,#9067,#9068,#9069));
#1931=EDGE_LOOP('',(#9070,#9071,#9072,#9073));
#1932=EDGE_LOOP('',(#9074,#9075,#9076,#9077));
#1933=EDGE_LOOP('',(#9078,#9079,#9080,#9081));
#1934=EDGE_LOOP('',(#9082,#9083,#9084,#9085));
#1935=EDGE_LOOP('',(#9086,#9087,#9088,#9089));
#1936=EDGE_LOOP('',(#9090,#9091,#9092,#9093));
#1937=EDGE_LOOP('',(#9094,#9095,#9096,#9097));
#1938=EDGE_LOOP('',(#9098,#9099,#9100,#9101));
#1939=EDGE_LOOP('',(#9102,#9103,#9104,#9105));
#1940=EDGE_LOOP('',(#9106,#9107,#9108,#9109));
#1941=EDGE_LOOP('',(#9110,#9111,#9112,#9113,#9114,#9115,#9116,#9117,#9118,
#9119,#9120,#9121));
#1942=EDGE_LOOP('',(#9122,#9123,#9124,#9125));
#1943=EDGE_LOOP('',(#9126,#9127,#9128,#9129,#9130,#9131,#9132,#9133,#9134,
#9135,#9136,#9137,#9138,#9139,#9140,#9141,#9142,#9143,#9144,#9145));
#1944=EDGE_LOOP('',(#9146,#9147,#9148,#9149));
#1945=EDGE_LOOP('',(#9150,#9151,#9152,#9153));
#1946=EDGE_LOOP('',(#9154,#9155,#9156,#9157));
#1947=EDGE_LOOP('',(#9158,#9159,#9160,#9161,#9162,#9163,#9164,#9165,#9166,
#9167,#9168,#9169));
#1948=EDGE_LOOP('',(#9170,#9171,#9172,#9173));
#1949=EDGE_LOOP('',(#9174,#9175,#9176,#9177));
#1950=EDGE_LOOP('',(#9178,#9179,#9180,#9181));
#1951=EDGE_LOOP('',(#9182,#9183,#9184,#9185));
#1952=EDGE_LOOP('',(#9186,#9187,#9188,#9189,#9190,#9191,#9192,#9193,#9194,
#9195,#9196,#9197,#9198));
#1953=EDGE_LOOP('',(#9199,#9200,#9201,#9202));
#1954=EDGE_LOOP('',(#9203,#9204,#9205,#9206));
#1955=EDGE_LOOP('',(#9207,#9208,#9209,#9210));
#1956=EDGE_LOOP('',(#9211,#9212,#9213,#9214,#9215,#9216,#9217,#9218,#9219,
#9220,#9221,#9222,#9223));
#1957=EDGE_LOOP('',(#9224,#9225,#9226,#9227));
#1958=EDGE_LOOP('',(#9228,#9229,#9230,#9231));
#1959=EDGE_LOOP('',(#9232,#9233,#9234,#9235));
#1960=EDGE_LOOP('',(#9236,#9237,#9238,#9239));
#1961=EDGE_LOOP('',(#9240,#9241,#9242,#9243));
#1962=EDGE_LOOP('',(#9244,#9245,#9246,#9247));
#1963=EDGE_LOOP('',(#9248,#9249,#9250,#9251));
#1964=EDGE_LOOP('',(#9252,#9253,#9254,#9255));
#1965=EDGE_LOOP('',(#9256,#9257,#9258,#9259,#9260,#9261,#9262,#9263,#9264,
#9265,#9266,#9267,#9268,#9269,#9270,#9271,#9272,#9273,#9274,#9275,#9276,
#9277,#9278,#9279,#9280,#9281,#9282,#9283,#9284,#9285,#9286,#9287,#9288,
#9289,#9290,#9291,#9292,#9293));
#1966=EDGE_LOOP('',(#9294,#9295,#9296,#9297));
#1967=EDGE_LOOP('',(#9298,#9299,#9300,#9301,#9302,#9303,#9304,#9305));
#1968=EDGE_LOOP('',(#9306,#9307,#9308,#9309,#9310,#9311,#9312,#9313,#9314,
#9315,#9316,#9317));
#1969=EDGE_LOOP('',(#9318,#9319,#9320,#9321));
#1970=EDGE_LOOP('',(#9322,#9323,#9324,#9325));
#1971=EDGE_LOOP('',(#9326));
#1972=EDGE_LOOP('',(#9327,#9328,#9329,#9330));
#1973=EDGE_LOOP('',(#9331));
#1974=EDGE_LOOP('',(#9332));
#1975=EDGE_LOOP('',(#9333,#9334,#9335,#9336));
#1976=EDGE_LOOP('',(#9337,#9338,#9339,#9340));
#1977=EDGE_LOOP('',(#9341,#9342,#9343,#9344));
#1978=EDGE_LOOP('',(#9345));
#1979=EDGE_LOOP('',(#9346));
#1980=EDGE_LOOP('',(#9347,#9348,#9349,#9350));
#1981=EDGE_LOOP('',(#9351,#9352,#9353,#9354));
#1982=EDGE_LOOP('',(#9355,#9356,#9357,#9358));
#1983=EDGE_LOOP('',(#9359,#9360,#9361,#9362));
#1984=EDGE_LOOP('',(#9363));
#1985=EDGE_LOOP('',(#9364,#9365,#9366,#9367));
#1986=EDGE_LOOP('',(#9368));
#1987=EDGE_LOOP('',(#9369));
#1988=EDGE_LOOP('',(#9370,#9371,#9372,#9373));
#1989=EDGE_LOOP('',(#9374,#9375,#9376,#9377));
#1990=EDGE_LOOP('',(#9378,#9379,#9380,#9381));
#1991=EDGE_LOOP('',(#9382));
#1992=EDGE_LOOP('',(#9383));
#1993=EDGE_LOOP('',(#9384,#9385,#9386,#9387));
#1994=EDGE_LOOP('',(#9388));
#1995=EDGE_LOOP('',(#9389,#9390,#9391,#9392));
#1996=EDGE_LOOP('',(#9393));
#1997=EDGE_LOOP('',(#9394));
#1998=EDGE_LOOP('',(#9395,#9396,#9397,#9398,#9399,#9400,#9401,#9402,#9403,
#9404,#9405,#9406));
#1999=EDGE_LOOP('',(#9407,#9408,#9409,#9410));
#2000=EDGE_LOOP('',(#9411));
#2001=EDGE_LOOP('',(#9412));
#2002=EDGE_LOOP('',(#9413,#9414,#9415,#9416));
#2003=EDGE_LOOP('',(#9417,#9418,#9419,#9420));
#2004=EDGE_LOOP('',(#9421));
#2005=EDGE_LOOP('',(#9422,#9423,#9424,#9425));
#2006=EDGE_LOOP('',(#9426));
#2007=EDGE_LOOP('',(#9427));
#2008=EDGE_LOOP('',(#9428,#9429,#9430,#9431,#9432,#9433,#9434,#9435,#9436,
#9437,#9438,#9439));
#2009=EDGE_LOOP('',(#9440,#9441,#9442,#9443));
#2010=EDGE_LOOP('',(#9444));
#2011=EDGE_LOOP('',(#9445));
#2012=EDGE_LOOP('',(#9446,#9447,#9448,#9449));
#2013=EDGE_LOOP('',(#9450,#9451,#9452,#9453));
#2014=EDGE_LOOP('',(#9454,#9455,#9456,#9457));
#2015=EDGE_LOOP('',(#9458,#9459,#9460,#9461));
#2016=EDGE_LOOP('',(#9462,#9463,#9464,#9465));
#2017=EDGE_LOOP('',(#9466,#9467,#9468,#9469));
#2018=EDGE_LOOP('',(#9470,#9471,#9472,#9473));
#2019=EDGE_LOOP('',(#9474,#9475,#9476,#9477,#9478,#9479,#9480,#9481,#9482,
#9483,#9484,#9485));
#2020=EDGE_LOOP('',(#9486,#9487,#9488,#9489));
#2021=EDGE_LOOP('',(#9490,#9491,#9492,#9493));
#2022=EDGE_LOOP('',(#9494,#9495,#9496,#9497));
#2023=EDGE_LOOP('',(#9498,#9499,#9500,#9501));
#2024=EDGE_LOOP('',(#9502,#9503,#9504,#9505));
#2025=EDGE_LOOP('',(#9506,#9507,#9508,#9509));
#2026=EDGE_LOOP('',(#9510,#9511,#9512,#9513));
#2027=EDGE_LOOP('',(#9514,#9515,#9516,#9517,#9518,#9519,#9520,#9521,#9522,
#9523,#9524,#9525));
#2028=EDGE_LOOP('',(#9526,#9527,#9528,#9529));
#2029=EDGE_LOOP('',(#9530,#9531,#9532,#9533));
#2030=EDGE_LOOP('',(#9534,#9535,#9536,#9537,#9538,#9539));
#2031=EDGE_LOOP('',(#9540));
#2032=EDGE_LOOP('',(#9541,#9542,#9543,#9544,#9545,#9546));
#2033=EDGE_LOOP('',(#9547,#9548,#9549,#9550,#9551,#9552));
#2034=EDGE_LOOP('',(#9553,#9554,#9555,#9556,#9557,#9558,#9559,#9560,#9561));
#2035=EDGE_LOOP('',(#9562,#9563,#9564,#9565,#9566,#9567,#9568,#9569,#9570,
#9571,#9572,#9573,#9574,#9575));
#2036=EDGE_LOOP('',(#9576,#9577,#9578,#9579,#9580,#9581,#9582,#9583,#9584,
#9585,#9586,#9587,#9588,#9589,#9590,#9591,#9592,#9593));
#2037=EDGE_LOOP('',(#9594,#9595,#9596,#9597,#9598,#9599,#9600,#9601,#9602));
#2038=EDGE_LOOP('',(#9603,#9604,#9605,#9606,#9607,#9608,#9609,#9610,#9611,
#9612,#9613,#9614,#9615,#9616));
#2039=EDGE_LOOP('',(#9617,#9618,#9619,#9620,#9621,#9622,#9623,#9624,#9625,
#9626,#9627,#9628,#9629,#9630,#9631,#9632,#9633,#9634,#9635,#9636,#9637,
#9638,#9639,#9640,#9641,#9642,#9643));
#2040=EDGE_LOOP('',(#9644,#9645,#9646,#9647,#9648,#9649));
#2041=EDGE_LOOP('',(#9650,#9651,#9652,#9653,#9654,#9655,#9656,#9657,#9658,
#9659,#9660,#9661,#9662,#9663,#9664,#9665,#9666,#9667));
#2042=EDGE_LOOP('',(#9668,#9669,#9670,#9671,#9672,#9673,#9674,#9675,#9676,
#9677,#9678,#9679,#9680));
#2043=EDGE_LOOP('',(#9681,#9682,#9683,#9684,#9685,#9686,#9687,#9688,#9689,
#9690,#9691,#9692,#9693,#9694,#9695));
#2044=EDGE_LOOP('',(#9696,#9697,#9698,#9699,#9700,#9701,#9702,#9703));
#2045=EDGE_LOOP('',(#9704,#9705,#9706,#9707));
#2046=EDGE_LOOP('',(#9708,#9709,#9710,#9711,#9712,#9713,#9714,#9715,#9716,
#9717,#9718,#9719,#9720,#9721,#9722,#9723,#9724));
#2047=EDGE_LOOP('',(#9725,#9726,#9727,#9728,#9729,#9730,#9731,#9732,#9733,
#9734,#9735,#9736));
#2048=EDGE_LOOP('',(#9737,#9738,#9739,#9740,#9741,#9742,#9743,#9744,#9745,
#9746,#9747,#9748));
#2049=EDGE_LOOP('',(#9749,#9750,#9751,#9752,#9753,#9754,#9755,#9756));
#2050=EDGE_LOOP('',(#9757,#9758,#9759,#9760,#9761,#9762,#9763,#9764,#9765,
#9766,#9767,#9768));
#2051=EDGE_LOOP('',(#9769,#9770,#9771,#9772,#9773,#9774,#9775,#9776,#9777,
#9778,#9779,#9780,#9781,#9782,#9783));
#2052=EDGE_LOOP('',(#9784,#9785,#9786,#9787,#9788,#9789,#9790,#9791));
#2053=EDGE_LOOP('',(#9792,#9793,#9794,#9795,#9796,#9797,#9798,#9799,#9800,
#9801));
#2054=EDGE_LOOP('',(#9802,#9803,#9804,#9805,#9806,#9807,#9808,#9809,#9810,
#9811,#9812,#9813));
#2055=EDGE_LOOP('',(#9814,#9815,#9816,#9817,#9818,#9819,#9820,#9821,#9822,
#9823,#9824));
#2056=EDGE_LOOP('',(#9825,#9826,#9827,#9828,#9829,#9830));
#2057=EDGE_LOOP('',(#9831,#9832,#9833,#9834,#9835,#9836,#9837,#9838,#9839,
#9840,#9841,#9842));
#2058=EDGE_LOOP('',(#9843,#9844,#9845,#9846,#9847,#9848,#9849,#9850,#9851,
#9852,#9853,#9854,#9855,#9856,#9857,#9858,#9859,#9860,#9861));
#2059=EDGE_LOOP('',(#9862,#9863,#9864,#9865,#9866,#9867,#9868,#9869,#9870,
#9871,#9872,#9873));
#2060=EDGE_LOOP('',(#9874,#9875,#9876,#9877,#9878,#9879));
#2061=EDGE_LOOP('',(#9880,#9881,#9882));
#2062=EDGE_LOOP('',(#9883,#9884,#9885));
#2063=EDGE_LOOP('',(#9886,#9887,#9888,#9889));
#2064=EDGE_LOOP('',(#9890,#9891,#9892,#9893));
#2065=EDGE_LOOP('',(#9894,#9895,#9896,#9897));
#2066=EDGE_LOOP('',(#9898,#9899,#9900,#9901));
#2067=EDGE_LOOP('',(#9902,#9903,#9904,#9905));
#2068=EDGE_LOOP('',(#9906,#9907,#9908,#9909));
#2069=EDGE_LOOP('',(#9910));
#2070=EDGE_LOOP('',(#9911));
#2071=EDGE_LOOP('',(#9912,#9913,#9914,#9915));
#2072=EDGE_LOOP('',(#9916,#9917,#9918,#9919,#9920,#9921,#9922,#9923,#9924,
#9925,#9926,#9927));
#2073=EDGE_LOOP('',(#9928,#9929,#9930,#9931));
#2074=EDGE_LOOP('',(#9932,#9933,#9934,#9935,#9936,#9937,#9938,#9939));
#2075=EDGE_LOOP('',(#9940,#9941,#9942,#9943));
#2076=EDGE_LOOP('',(#9944,#9945,#9946,#9947));
#2077=EDGE_LOOP('',(#9948,#9949,#9950,#9951,#9952,#9953,#9954,#9955));
#2078=EDGE_LOOP('',(#9956,#9957,#9958,#9959));
#2079=EDGE_LOOP('',(#9960,#9961,#9962,#9963,#9964,#9965));
#2080=EDGE_LOOP('',(#9966));
#2081=EDGE_LOOP('',(#9967));
#2082=EDGE_LOOP('',(#9968));
#2083=EDGE_LOOP('',(#9969,#9970,#9971,#9972));
#2084=EDGE_LOOP('',(#9973,#9974,#9975,#9976));
#2085=EDGE_LOOP('',(#9977,#9978,#9979,#9980));
#2086=EDGE_LOOP('',(#9981,#9982,#9983,#9984));
#2087=EDGE_LOOP('',(#9985,#9986,#9987,#9988));
#2088=EDGE_LOOP('',(#9989,#9990,#9991,#9992));
#2089=LINE('',#13235,#3137);
#2090=LINE('',#13237,#3138);
#2091=LINE('',#13239,#3139);
#2092=LINE('',#13240,#3140);
#2093=LINE('',#13243,#3141);
#2094=LINE('',#13245,#3142);
#2095=LINE('',#13246,#3143);
#2096=LINE('',#13249,#3144);
#2097=LINE('',#13251,#3145);
#2098=LINE('',#13252,#3146);
#2099=LINE('',#13255,#3147);
#2100=LINE('',#13257,#3148);
#2101=LINE('',#13258,#3149);
#2102=LINE('',#13261,#3150);
#2103=LINE('',#13263,#3151);
#2104=LINE('',#13264,#3152);
#2105=LINE('',#13267,#3153);
#2106=LINE('',#13269,#3154);
#2107=LINE('',#13270,#3155);
#2108=LINE('',#13273,#3156);
#2109=LINE('',#13275,#3157);
#2110=LINE('',#13276,#3158);
#2111=LINE('',#13279,#3159);
#2112=LINE('',#13281,#3160);
#2113=LINE('',#13282,#3161);
#2114=LINE('',#13285,#3162);
#2115=LINE('',#13287,#3163);
#2116=LINE('',#13288,#3164);
#2117=LINE('',#13291,#3165);
#2118=LINE('',#13293,#3166);
#2119=LINE('',#13294,#3167);
#2120=LINE('',#13297,#3168);
#2121=LINE('',#13299,#3169);
#2122=LINE('',#13300,#3170);
#2123=LINE('',#13302,#3171);
#2124=LINE('',#13303,#3172);
#2125=LINE('',#13308,#3173);
#2126=LINE('',#13310,#3174);
#2127=LINE('',#13312,#3175);
#2128=LINE('',#13313,#3176);
#2129=LINE('',#13325,#3177);
#2130=LINE('',#13340,#3178);
#2131=LINE('',#13355,#3179);
#2132=LINE('',#13370,#3180);
#2133=LINE('',#13385,#3181);
#2134=LINE('',#13391,#3182);
#2135=LINE('',#13393,#3183);
#2136=LINE('',#13394,#3184);
#2137=LINE('',#13396,#3185);
#2138=LINE('',#13397,#3186);
#2139=LINE('',#13401,#3187);
#2140=LINE('',#13403,#3188);
#2141=LINE('',#13405,#3189);
#2142=LINE('',#13406,#3190);
#2143=LINE('',#13409,#3191);
#2144=LINE('',#13411,#3192);
#2145=LINE('',#13412,#3193);
#2146=LINE('',#13424,#3194);
#2147=LINE('',#13439,#3195);
#2148=LINE('',#13454,#3196);
#2149=LINE('',#13469,#3197);
#2150=LINE('',#13475,#3198);
#2151=LINE('',#13477,#3199);
#2152=LINE('',#13478,#3200);
#2153=LINE('',#13481,#3201);
#2154=LINE('',#13483,#3202);
#2155=LINE('',#13484,#3203);
#2156=LINE('',#13487,#3204);
#2157=LINE('',#13489,#3205);
#2158=LINE('',#13490,#3206);
#2159=LINE('',#13502,#3207);
#2160=LINE('',#13517,#3208);
#2161=LINE('',#13532,#3209);
#2162=LINE('',#13547,#3210);
#2163=LINE('',#13562,#3211);
#2164=LINE('',#13577,#3212);
#2165=LINE('',#13592,#3213);
#2166=LINE('',#13598,#3214);
#2167=LINE('',#13600,#3215);
#2168=LINE('',#13601,#3216);
#2169=LINE('',#13604,#3217);
#2170=LINE('',#13606,#3218);
#2171=LINE('',#13607,#3219);
#2172=LINE('',#13609,#3220);
#2173=LINE('',#13610,#3221);
#2174=LINE('',#13615,#3222);
#2175=LINE('',#13617,#3223);
#2176=LINE('',#13619,#3224);
#2177=LINE('',#13620,#3225);
#2178=LINE('',#13623,#3226);
#2179=LINE('',#13625,#3227);
#2180=LINE('',#13626,#3228);
#2181=LINE('',#13629,#3229);
#2182=LINE('',#13631,#3230);
#2183=LINE('',#13632,#3231);
#2184=LINE('',#13635,#3232);
#2185=LINE('',#13637,#3233);
#2186=LINE('',#13638,#3234);
#2187=LINE('',#13641,#3235);
#2188=LINE('',#13643,#3236);
#2189=LINE('',#13644,#3237);
#2190=LINE('',#13647,#3238);
#2191=LINE('',#13649,#3239);
#2192=LINE('',#13650,#3240);
#2193=LINE('',#13653,#3241);
#2194=LINE('',#13655,#3242);
#2195=LINE('',#13656,#3243);
#2196=LINE('',#13659,#3244);
#2197=LINE('',#13661,#3245);
#2198=LINE('',#13662,#3246);
#2199=LINE('',#13665,#3247);
#2200=LINE('',#13667,#3248);
#2201=LINE('',#13668,#3249);
#2202=LINE('',#13671,#3250);
#2203=LINE('',#13673,#3251);
#2204=LINE('',#13674,#3252);
#2205=LINE('',#13677,#3253);
#2206=LINE('',#13679,#3254);
#2207=LINE('',#13680,#3255);
#2208=LINE('',#13682,#3256);
#2209=LINE('',#13683,#3257);
#2210=LINE('',#13688,#3258);
#2211=LINE('',#13690,#3259);
#2212=LINE('',#13692,#3260);
#2213=LINE('',#13693,#3261);
#2214=LINE('',#13696,#3262);
#2215=LINE('',#13698,#3263);
#2216=LINE('',#13699,#3264);
#2217=LINE('',#13702,#3265);
#2218=LINE('',#13704,#3266);
#2219=LINE('',#13705,#3267);
#2220=LINE('',#13708,#3268);
#2221=LINE('',#13710,#3269);
#2222=LINE('',#13711,#3270);
#2223=LINE('',#13714,#3271);
#2224=LINE('',#13716,#3272);
#2225=LINE('',#13717,#3273);
#2226=LINE('',#13719,#3274);
#2227=LINE('',#13720,#3275);
#2228=LINE('',#13734,#3276);
#2229=LINE('',#13739,#3277);
#2230=LINE('',#13751,#3278);
#2231=LINE('',#13766,#3279);
#2232=LINE('',#13781,#3280);
#2233=LINE('',#13796,#3281);
#2234=LINE('',#13811,#3282);
#2235=LINE('',#13826,#3283);
#2236=LINE('',#13841,#3284);
#2237=LINE('',#13869,#3285);
#2238=LINE('',#13874,#3286);
#2239=LINE('',#13886,#3287);
#2240=LINE('',#13901,#3288);
#2241=LINE('',#13916,#3289);
#2242=LINE('',#13931,#3290);
#2243=LINE('',#13946,#3291);
#2244=LINE('',#13961,#3292);
#2245=LINE('',#13976,#3293);
#2246=LINE('',#13991,#3294);
#2247=LINE('',#14006,#3295);
#2248=LINE('',#14026,#3296);
#2249=LINE('',#14028,#3297);
#2250=LINE('',#14030,#3298);
#2251=LINE('',#14031,#3299);
#2252=LINE('',#14043,#3300);
#2253=LINE('',#14058,#3301);
#2254=LINE('',#14073,#3302);
#2255=LINE('',#14088,#3303);
#2256=LINE('',#14103,#3304);
#2257=LINE('',#14118,#3305);
#2258=LINE('',#14133,#3306);
#2259=LINE('',#14139,#3307);
#2260=LINE('',#14141,#3308);
#2261=LINE('',#14142,#3309);
#2262=LINE('',#14144,#3310);
#2263=LINE('',#14145,#3311);
#2264=LINE('',#14158,#3312);
#2265=LINE('',#14163,#3313);
#2266=LINE('',#14175,#3314);
#2267=LINE('',#14190,#3315);
#2268=LINE('',#14205,#3316);
#2269=LINE('',#14220,#3317);
#2270=LINE('',#14235,#3318);
#2271=LINE('',#14250,#3319);
#2272=LINE('',#14265,#3320);
#2273=LINE('',#14280,#3321);
#2274=LINE('',#14286,#3322);
#2275=LINE('',#14288,#3323);
#2276=LINE('',#14289,#3324);
#2277=LINE('',#14292,#3325);
#2278=LINE('',#14294,#3326);
#2279=LINE('',#14295,#3327);
#2280=LINE('',#14297,#3328);
#2281=LINE('',#14298,#3329);
#2282=LINE('',#14303,#3330);
#2283=LINE('',#14305,#3331);
#2284=LINE('',#14307,#3332);
#2285=LINE('',#14308,#3333);
#2286=LINE('',#14311,#3334);
#2287=LINE('',#14313,#3335);
#2288=LINE('',#14314,#3336);
#2289=LINE('',#14317,#3337);
#2290=LINE('',#14319,#3338);
#2291=LINE('',#14320,#3339);
#2292=LINE('',#14323,#3340);
#2293=LINE('',#14325,#3341);
#2294=LINE('',#14326,#3342);
#2295=LINE('',#14329,#3343);
#2296=LINE('',#14331,#3344);
#2297=LINE('',#14332,#3345);
#2298=LINE('',#14335,#3346);
#2299=LINE('',#14337,#3347);
#2300=LINE('',#14338,#3348);
#2301=LINE('',#14341,#3349);
#2302=LINE('',#14343,#3350);
#2303=LINE('',#14344,#3351);
#2304=LINE('',#14347,#3352);
#2305=LINE('',#14349,#3353);
#2306=LINE('',#14350,#3354);
#2307=LINE('',#14353,#3355);
#2308=LINE('',#14355,#3356);
#2309=LINE('',#14356,#3357);
#2310=LINE('',#14358,#3358);
#2311=LINE('',#14359,#3359);
#2312=LINE('',#14373,#3360);
#2313=LINE('',#14378,#3361);
#2314=LINE('',#14390,#3362);
#2315=LINE('',#14396,#3363);
#2316=LINE('',#14398,#3364);
#2317=LINE('',#14399,#3365);
#2318=LINE('',#14402,#3366);
#2319=LINE('',#14404,#3367);
#2320=LINE('',#14405,#3368);
#2321=LINE('',#14407,#3369);
#2322=LINE('',#14408,#3370);
#2323=LINE('',#14412,#3371);
#2324=LINE('',#14414,#3372);
#2325=LINE('',#14416,#3373);
#2326=LINE('',#14417,#3374);
#2327=LINE('',#14420,#3375);
#2328=LINE('',#14422,#3376);
#2329=LINE('',#14423,#3377);
#2330=LINE('',#14426,#3378);
#2331=LINE('',#14428,#3379);
#2332=LINE('',#14429,#3380);
#2333=LINE('',#14432,#3381);
#2334=LINE('',#14434,#3382);
#2335=LINE('',#14435,#3383);
#2336=LINE('',#14438,#3384);
#2337=LINE('',#14440,#3385);
#2338=LINE('',#14441,#3386);
#2339=LINE('',#14444,#3387);
#2340=LINE('',#14446,#3388);
#2341=LINE('',#14447,#3389);
#2342=LINE('',#14450,#3390);
#2343=LINE('',#14452,#3391);
#2344=LINE('',#14453,#3392);
#2345=LINE('',#14455,#3393);
#2346=LINE('',#14456,#3394);
#2347=LINE('',#14461,#3395);
#2348=LINE('',#14463,#3396);
#2349=LINE('',#14465,#3397);
#2350=LINE('',#14466,#3398);
#2351=LINE('',#14469,#3399);
#2352=LINE('',#14471,#3400);
#2353=LINE('',#14472,#3401);
#2354=LINE('',#14475,#3402);
#2355=LINE('',#14477,#3403);
#2356=LINE('',#14478,#3404);
#2357=LINE('',#14481,#3405);
#2358=LINE('',#14483,#3406);
#2359=LINE('',#14484,#3407);
#2360=LINE('',#14487,#3408);
#2361=LINE('',#14489,#3409);
#2362=LINE('',#14490,#3410);
#2363=LINE('',#14493,#3411);
#2364=LINE('',#14495,#3412);
#2365=LINE('',#14496,#3413);
#2366=LINE('',#14499,#3414);
#2367=LINE('',#14501,#3415);
#2368=LINE('',#14502,#3416);
#2369=LINE('',#14505,#3417);
#2370=LINE('',#14507,#3418);
#2371=LINE('',#14508,#3419);
#2372=LINE('',#14511,#3420);
#2373=LINE('',#14513,#3421);
#2374=LINE('',#14514,#3422);
#2375=LINE('',#14526,#3423);
#2376=LINE('',#14541,#3424);
#2377=LINE('',#14547,#3425);
#2378=LINE('',#14549,#3426);
#2379=LINE('',#14550,#3427);
#2380=LINE('',#14553,#3428);
#2381=LINE('',#14555,#3429);
#2382=LINE('',#14556,#3430);
#2383=LINE('',#14559,#3431);
#2384=LINE('',#14561,#3432);
#2385=LINE('',#14562,#3433);
#2386=LINE('',#14564,#3434);
#2387=LINE('',#14565,#3435);
#2388=LINE('',#14570,#3436);
#2389=LINE('',#14572,#3437);
#2390=LINE('',#14574,#3438);
#2391=LINE('',#14575,#3439);
#2392=LINE('',#14578,#3440);
#2393=LINE('',#14580,#3441);
#2394=LINE('',#14581,#3442);
#2395=LINE('',#14584,#3443);
#2396=LINE('',#14586,#3444);
#2397=LINE('',#14587,#3445);
#2398=LINE('',#14590,#3446);
#2399=LINE('',#14592,#3447);
#2400=LINE('',#14593,#3448);
#2401=LINE('',#14596,#3449);
#2402=LINE('',#14598,#3450);
#2403=LINE('',#14599,#3451);
#2404=LINE('',#14602,#3452);
#2405=LINE('',#14604,#3453);
#2406=LINE('',#14605,#3454);
#2407=LINE('',#14608,#3455);
#2408=LINE('',#14610,#3456);
#2409=LINE('',#14611,#3457);
#2410=LINE('',#14614,#3458);
#2411=LINE('',#14616,#3459);
#2412=LINE('',#14617,#3460);
#2413=LINE('',#14620,#3461);
#2414=LINE('',#14622,#3462);
#2415=LINE('',#14623,#3463);
#2416=LINE('',#14626,#3464);
#2417=LINE('',#14628,#3465);
#2418=LINE('',#14629,#3466);
#2419=LINE('',#14632,#3467);
#2420=LINE('',#14634,#3468);
#2421=LINE('',#14635,#3469);
#2422=LINE('',#14637,#3470);
#2423=LINE('',#14638,#3471);
#2424=LINE('',#14643,#3472);
#2425=LINE('',#14645,#3473);
#2426=LINE('',#14647,#3474);
#2427=LINE('',#14648,#3475);
#2428=LINE('',#14651,#3476);
#2429=LINE('',#14653,#3477);
#2430=LINE('',#14654,#3478);
#2431=LINE('',#14657,#3479);
#2432=LINE('',#14659,#3480);
#2433=LINE('',#14660,#3481);
#2434=LINE('',#14663,#3482);
#2435=LINE('',#14665,#3483);
#2436=LINE('',#14666,#3484);
#2437=LINE('',#14669,#3485);
#2438=LINE('',#14671,#3486);
#2439=LINE('',#14672,#3487);
#2440=LINE('',#14675,#3488);
#2441=LINE('',#14677,#3489);
#2442=LINE('',#14678,#3490);
#2443=LINE('',#14681,#3491);
#2444=LINE('',#14683,#3492);
#2445=LINE('',#14684,#3493);
#2446=LINE('',#14686,#3494);
#2447=LINE('',#14687,#3495);
#2448=LINE('',#14705,#3496);
#2449=LINE('',#14710,#3497);
#2450=LINE('',#14722,#3498);
#2451=LINE('',#14737,#3499);
#2452=LINE('',#14752,#3500);
#2453=LINE('',#14767,#3501);
#2454=LINE('',#14782,#3502);
#2455=LINE('',#14797,#3503);
#2456=LINE('',#14825,#3504);
#2457=LINE('',#14830,#3505);
#2458=LINE('',#14842,#3506);
#2459=LINE('',#14857,#3507);
#2460=LINE('',#14872,#3508);
#2461=LINE('',#14887,#3509);
#2462=LINE('',#14902,#3510);
#2463=LINE('',#14917,#3511);
#2464=LINE('',#14932,#3512);
#2465=LINE('',#14952,#3513);
#2466=LINE('',#14954,#3514);
#2467=LINE('',#14956,#3515);
#2468=LINE('',#14957,#3516);
#2469=LINE('',#14969,#3517);
#2470=LINE('',#14984,#3518);
#2471=LINE('',#14999,#3519);
#2472=LINE('',#15014,#3520);
#2473=LINE('',#15029,#3521);
#2474=LINE('',#15044,#3522);
#2475=LINE('',#15050,#3523);
#2476=LINE('',#15052,#3524);
#2477=LINE('',#15053,#3525);
#2478=LINE('',#15055,#3526);
#2479=LINE('',#15056,#3527);
#2480=LINE('',#15060,#3528);
#2481=LINE('',#15062,#3529);
#2482=LINE('',#15064,#3530);
#2483=LINE('',#15065,#3531);
#2484=LINE('',#15077,#3532);
#2485=LINE('',#15092,#3533);
#2486=LINE('',#15107,#3534);
#2487=LINE('',#15122,#3535);
#2488=LINE('',#15137,#3536);
#2489=LINE('',#15152,#3537);
#2490=LINE('',#15167,#3538);
#2491=LINE('',#15173,#3539);
#2492=LINE('',#15175,#3540);
#2493=LINE('',#15176,#3541);
#2494=LINE('',#15178,#3542);
#2495=LINE('',#15179,#3543);
#2496=LINE('',#15192,#3544);
#2497=LINE('',#15197,#3545);
#2498=LINE('',#15209,#3546);
#2499=LINE('',#15224,#3547);
#2500=LINE('',#15239,#3548);
#2501=LINE('',#15254,#3549);
#2502=LINE('',#15269,#3550);
#2503=LINE('',#15284,#3551);
#2504=LINE('',#15299,#3552);
#2505=LINE('',#15314,#3553);
#2506=LINE('',#15329,#3554);
#2507=LINE('',#15344,#3555);
#2508=LINE('',#15350,#3556);
#2509=LINE('',#15352,#3557);
#2510=LINE('',#15353,#3558);
#2511=LINE('',#15356,#3559);
#2512=LINE('',#15358,#3560);
#2513=LINE('',#15359,#3561);
#2514=LINE('',#15361,#3562);
#2515=LINE('',#15362,#3563);
#2516=LINE('',#15376,#3564);
#2517=LINE('',#15381,#3565);
#2518=LINE('',#15393,#3566);
#2519=LINE('',#15408,#3567);
#2520=LINE('',#15414,#3568);
#2521=LINE('',#15416,#3569);
#2522=LINE('',#15417,#3570);
#2523=LINE('',#15420,#3571);
#2524=LINE('',#15422,#3572);
#2525=LINE('',#15423,#3573);
#2526=LINE('',#15426,#3574);
#2527=LINE('',#15428,#3575);
#2528=LINE('',#15429,#3576);
#2529=LINE('',#15441,#3577);
#2530=LINE('',#15456,#3578);
#2531=LINE('',#15462,#3579);
#2532=LINE('',#15464,#3580);
#2533=LINE('',#15465,#3581);
#2534=LINE('',#15468,#3582);
#2535=LINE('',#15470,#3583);
#2536=LINE('',#15471,#3584);
#2537=LINE('',#15474,#3585);
#2538=LINE('',#15476,#3586);
#2539=LINE('',#15477,#3587);
#2540=LINE('',#15489,#3588);
#2541=LINE('',#15504,#3589);
#2542=LINE('',#15519,#3590);
#2543=LINE('',#15534,#3591);
#2544=LINE('',#15549,#3592);
#2545=LINE('',#15555,#3593);
#2546=LINE('',#15557,#3594);
#2547=LINE('',#15558,#3595);
#2548=LINE('',#15584,#3596);
#2549=LINE('',#15589,#3597);
#2550=LINE('',#15601,#3598);
#2551=LINE('',#15616,#3599);
#2552=LINE('',#15631,#3600);
#2553=LINE('',#15646,#3601);
#2554=LINE('',#15661,#3602);
#2555=LINE('',#15676,#3603);
#2556=LINE('',#15704,#3604);
#2557=LINE('',#15709,#3605);
#2558=LINE('',#15721,#3606);
#2559=LINE('',#15736,#3607);
#2560=LINE('',#15751,#3608);
#2561=LINE('',#15766,#3609);
#2562=LINE('',#15781,#3610);
#2563=LINE('',#15796,#3611);
#2564=LINE('',#15811,#3612);
#2565=LINE('',#15840,#3613);
#2566=LINE('',#15845,#3614);
#2567=LINE('',#15857,#3615);
#2568=LINE('',#15872,#3616);
#2569=LINE('',#15887,#3617);
#2570=LINE('',#15902,#3618);
#2571=LINE('',#15917,#3619);
#2572=LINE('',#15932,#3620);
#2573=LINE('',#15951,#3621);
#2574=LINE('',#15953,#3622);
#2575=LINE('',#15955,#3623);
#2576=LINE('',#15956,#3624);
#2577=LINE('',#15959,#3625);
#2578=LINE('',#15961,#3626);
#2579=LINE('',#15962,#3627);
#2580=LINE('',#15965,#3628);
#2581=LINE('',#15967,#3629);
#2582=LINE('',#15968,#3630);
#2583=LINE('',#15980,#3631);
#2584=LINE('',#15995,#3632);
#2585=LINE('',#16010,#3633);
#2586=LINE('',#16025,#3634);
#2587=LINE('',#16040,#3635);
#2588=LINE('',#16055,#3636);
#2589=LINE('',#16070,#3637);
#2590=LINE('',#16085,#3638);
#2591=LINE('',#16100,#3639);
#2592=LINE('',#16106,#3640);
#2593=LINE('',#16108,#3641);
#2594=LINE('',#16109,#3642);
#2595=LINE('',#16111,#3643);
#2596=LINE('',#16112,#3644);
#2597=LINE('',#16126,#3645);
#2598=LINE('',#16131,#3646);
#2599=LINE('',#16143,#3647);
#2600=LINE('',#16158,#3648);
#2601=LINE('',#16173,#3649);
#2602=LINE('',#16188,#3650);
#2603=LINE('',#16203,#3651);
#2604=LINE('',#16218,#3652);
#2605=LINE('',#16233,#3653);
#2606=LINE('',#16248,#3654);
#2607=LINE('',#16253,#3655);
#2608=LINE('',#16254,#3656);
#2609=LINE('',#16258,#3657);
#2610=LINE('',#16260,#3658);
#2611=LINE('',#16262,#3659);
#2612=LINE('',#16263,#3660);
#2613=LINE('',#16275,#3661);
#2614=LINE('',#16290,#3662);
#2615=LINE('',#16296,#3663);
#2616=LINE('',#16298,#3664);
#2617=LINE('',#16299,#3665);
#2618=LINE('',#16311,#3666);
#2619=LINE('',#16326,#3667);
#2620=LINE('',#16341,#3668);
#2621=LINE('',#16356,#3669);
#2622=LINE('',#16371,#3670);
#2623=LINE('',#16386,#3671);
#2624=LINE('',#16401,#3672);
#2625=LINE('',#16407,#3673);
#2626=LINE('',#16409,#3674);
#2627=LINE('',#16410,#3675);
#2628=LINE('',#16422,#3676);
#2629=LINE('',#16437,#3677);
#2630=LINE('',#16452,#3678);
#2631=LINE('',#16467,#3679);
#2632=LINE('',#16482,#3680);
#2633=LINE('',#16497,#3681);
#2634=LINE('',#16512,#3682);
#2635=LINE('',#16527,#3683);
#2636=LINE('',#16542,#3684);
#2637=LINE('',#16557,#3685);
#2638=LINE('',#16572,#3686);
#2639=LINE('',#16587,#3687);
#2640=LINE('',#16602,#3688);
#2641=LINE('',#16617,#3689);
#2642=LINE('',#16637,#3690);
#2643=LINE('',#16639,#3691);
#2644=LINE('',#16641,#3692);
#2645=LINE('',#16642,#3693);
#2646=LINE('',#16645,#3694);
#2647=LINE('',#16647,#3695);
#2648=LINE('',#16648,#3696);
#2649=LINE('',#16651,#3697);
#2650=LINE('',#16653,#3698);
#2651=LINE('',#16654,#3699);
#2652=LINE('',#16657,#3700);
#2653=LINE('',#16659,#3701);
#2654=LINE('',#16660,#3702);
#2655=LINE('',#16663,#3703);
#2656=LINE('',#16665,#3704);
#2657=LINE('',#16666,#3705);
#2658=LINE('',#16668,#3706);
#2659=LINE('',#16669,#3707);
#2660=LINE('',#16674,#3708);
#2661=LINE('',#16676,#3709);
#2662=LINE('',#16678,#3710);
#2663=LINE('',#16679,#3711);
#2664=LINE('',#16691,#3712);
#2665=LINE('',#16706,#3713);
#2666=LINE('',#16721,#3714);
#2667=LINE('',#16736,#3715);
#2668=LINE('',#16751,#3716);
#2669=LINE('',#16757,#3717);
#2670=LINE('',#16759,#3718);
#2671=LINE('',#16760,#3719);
#2672=LINE('',#16763,#3720);
#2673=LINE('',#16765,#3721);
#2674=LINE('',#16766,#3722);
#2675=LINE('',#16769,#3723);
#2676=LINE('',#16771,#3724);
#2677=LINE('',#16772,#3725);
#2678=LINE('',#16784,#3726);
#2679=LINE('',#16799,#3727);
#2680=LINE('',#16814,#3728);
#2681=LINE('',#16829,#3729);
#2682=LINE('',#16844,#3730);
#2683=LINE('',#16850,#3731);
#2684=LINE('',#16852,#3732);
#2685=LINE('',#16853,#3733);
#2686=LINE('',#16856,#3734);
#2687=LINE('',#16858,#3735);
#2688=LINE('',#16859,#3736);
#2689=LINE('',#16862,#3737);
#2690=LINE('',#16864,#3738);
#2691=LINE('',#16865,#3739);
#2692=LINE('',#16867,#3740);
#2693=LINE('',#16868,#3741);
#2694=LINE('',#16882,#3742);
#2695=LINE('',#16887,#3743);
#2696=LINE('',#16899,#3744);
#2697=LINE('',#16914,#3745);
#2698=LINE('',#16929,#3746);
#2699=LINE('',#16944,#3747);
#2700=LINE('',#16959,#3748);
#2701=LINE('',#16974,#3749);
#2702=LINE('',#17002,#3750);
#2703=LINE('',#17007,#3751);
#2704=LINE('',#17019,#3752);
#2705=LINE('',#17034,#3753);
#2706=LINE('',#17049,#3754);
#2707=LINE('',#17064,#3755);
#2708=LINE('',#17079,#3756);
#2709=LINE('',#17094,#3757);
#2710=LINE('',#17109,#3758);
#2711=LINE('',#17115,#3759);
#2712=LINE('',#17117,#3760);
#2713=LINE('',#17118,#3761);
#2714=LINE('',#17121,#3762);
#2715=LINE('',#17123,#3763);
#2716=LINE('',#17124,#3764);
#2717=LINE('',#17127,#3765);
#2718=LINE('',#17129,#3766);
#2719=LINE('',#17130,#3767);
#2720=LINE('',#17133,#3768);
#2721=LINE('',#17135,#3769);
#2722=LINE('',#17136,#3770);
#2723=LINE('',#17138,#3771);
#2724=LINE('',#17139,#3772);
#2725=LINE('',#17153,#3773);
#2726=LINE('',#17158,#3774);
#2727=LINE('',#17170,#3775);
#2728=LINE('',#17185,#3776);
#2729=LINE('',#17191,#3777);
#2730=LINE('',#17193,#3778);
#2731=LINE('',#17194,#3779);
#2732=LINE('',#17219,#3780);
#2733=LINE('',#17224,#3781);
#2734=LINE('',#17236,#3782);
#2735=LINE('',#17251,#3783);
#2736=LINE('',#17257,#3784);
#2737=LINE('',#17259,#3785);
#2738=LINE('',#17260,#3786);
#2739=LINE('',#17272,#3787);
#2740=LINE('',#17287,#3788);
#2741=LINE('',#17302,#3789);
#2742=LINE('',#17317,#3790);
#2743=LINE('',#17332,#3791);
#2744=LINE('',#17347,#3792);
#2745=LINE('',#17362,#3793);
#2746=LINE('',#17377,#3794);
#2747=LINE('',#17392,#3795);
#2748=LINE('',#17398,#3796);
#2749=LINE('',#17400,#3797);
#2750=LINE('',#17401,#3798);
#2751=LINE('',#17418,#3799);
#2752=LINE('',#17420,#3800);
#2753=LINE('',#17422,#3801);
#2754=LINE('',#17423,#3802);
#2755=LINE('',#17426,#3803);
#2756=LINE('',#17428,#3804);
#2757=LINE('',#17429,#3805);
#2758=LINE('',#17432,#3806);
#2759=LINE('',#17434,#3807);
#2760=LINE('',#17435,#3808);
#2761=LINE('',#17438,#3809);
#2762=LINE('',#17440,#3810);
#2763=LINE('',#17441,#3811);
#2764=LINE('',#17444,#3812);
#2765=LINE('',#17446,#3813);
#2766=LINE('',#17447,#3814);
#2767=LINE('',#17450,#3815);
#2768=LINE('',#17452,#3816);
#2769=LINE('',#17453,#3817);
#2770=LINE('',#17456,#3818);
#2771=LINE('',#17458,#3819);
#2772=LINE('',#17459,#3820);
#2773=LINE('',#17461,#3821);
#2774=LINE('',#17462,#3822);
#2775=LINE('',#17467,#3823);
#2776=LINE('',#17469,#3824);
#2777=LINE('',#17471,#3825);
#2778=LINE('',#17472,#3826);
#2779=LINE('',#17475,#3827);
#2780=LINE('',#17477,#3828);
#2781=LINE('',#17478,#3829);
#2782=LINE('',#17481,#3830);
#2783=LINE('',#17483,#3831);
#2784=LINE('',#17484,#3832);
#2785=LINE('',#17486,#3833);
#2786=LINE('',#17487,#3834);
#2787=LINE('',#17509,#3835);
#2788=LINE('',#17514,#3836);
#2789=LINE('',#17526,#3837);
#2790=LINE('',#17541,#3838);
#2791=LINE('',#17556,#3839);
#2792=LINE('',#17571,#3840);
#2793=LINE('',#17577,#3841);
#2794=LINE('',#17579,#3842);
#2795=LINE('',#17580,#3843);
#2796=LINE('',#17583,#3844);
#2797=LINE('',#17585,#3845);
#2798=LINE('',#17586,#3846);
#2799=LINE('',#17589,#3847);
#2800=LINE('',#17591,#3848);
#2801=LINE('',#17592,#3849);
#2802=LINE('',#17604,#3850);
#2803=LINE('',#17619,#3851);
#2804=LINE('',#17634,#3852);
#2805=LINE('',#17649,#3853);
#2806=LINE('',#17664,#3854);
#2807=LINE('',#17679,#3855);
#2808=LINE('',#17685,#3856);
#2809=LINE('',#17687,#3857);
#2810=LINE('',#17688,#3858);
#2811=LINE('',#17691,#3859);
#2812=LINE('',#17693,#3860);
#2813=LINE('',#17694,#3861);
#2814=LINE('',#17696,#3862);
#2815=LINE('',#17697,#3863);
#2816=LINE('',#17702,#3864);
#2817=LINE('',#17704,#3865);
#2818=LINE('',#17706,#3866);
#2819=LINE('',#17707,#3867);
#2820=LINE('',#17710,#3868);
#2821=LINE('',#17712,#3869);
#2822=LINE('',#17713,#3870);
#2823=LINE('',#17716,#3871);
#2824=LINE('',#17718,#3872);
#2825=LINE('',#17719,#3873);
#2826=LINE('',#17722,#3874);
#2827=LINE('',#17724,#3875);
#2828=LINE('',#17725,#3876);
#2829=LINE('',#17728,#3877);
#2830=LINE('',#17730,#3878);
#2831=LINE('',#17731,#3879);
#2832=LINE('',#17734,#3880);
#2833=LINE('',#17736,#3881);
#2834=LINE('',#17737,#3882);
#2835=LINE('',#17740,#3883);
#2836=LINE('',#17742,#3884);
#2837=LINE('',#17743,#3885);
#2838=LINE('',#17746,#3886);
#2839=LINE('',#17748,#3887);
#2840=LINE('',#17749,#3888);
#2841=LINE('',#17752,#3889);
#2842=LINE('',#17754,#3890);
#2843=LINE('',#17755,#3891);
#2844=LINE('',#17758,#3892);
#2845=LINE('',#17760,#3893);
#2846=LINE('',#17761,#3894);
#2847=LINE('',#17764,#3895);
#2848=LINE('',#17766,#3896);
#2849=LINE('',#17767,#3897);
#2850=LINE('',#17769,#3898);
#2851=LINE('',#17770,#3899);
#2852=LINE('',#17775,#3900);
#2853=LINE('',#17777,#3901);
#2854=LINE('',#17779,#3902);
#2855=LINE('',#17780,#3903);
#2856=LINE('',#17783,#3904);
#2857=LINE('',#17785,#3905);
#2858=LINE('',#17786,#3906);
#2859=LINE('',#17789,#3907);
#2860=LINE('',#17791,#3908);
#2861=LINE('',#17792,#3909);
#2862=LINE('',#17795,#3910);
#2863=LINE('',#17797,#3911);
#2864=LINE('',#17798,#3912);
#2865=LINE('',#17801,#3913);
#2866=LINE('',#17803,#3914);
#2867=LINE('',#17804,#3915);
#2868=LINE('',#17807,#3916);
#2869=LINE('',#17809,#3917);
#2870=LINE('',#17810,#3918);
#2871=LINE('',#17813,#3919);
#2872=LINE('',#17815,#3920);
#2873=LINE('',#17816,#3921);
#2874=LINE('',#17819,#3922);
#2875=LINE('',#17821,#3923);
#2876=LINE('',#17822,#3924);
#2877=LINE('',#17825,#3925);
#2878=LINE('',#17827,#3926);
#2879=LINE('',#17828,#3927);
#2880=LINE('',#17831,#3928);
#2881=LINE('',#17833,#3929);
#2882=LINE('',#17834,#3930);
#2883=LINE('',#17837,#3931);
#2884=LINE('',#17839,#3932);
#2885=LINE('',#17840,#3933);
#2886=LINE('',#17842,#3934);
#2887=LINE('',#17843,#3935);
#2888=LINE('',#17848,#3936);
#2889=LINE('',#17850,#3937);
#2890=LINE('',#17852,#3938);
#2891=LINE('',#17853,#3939);
#2892=LINE('',#17856,#3940);
#2893=LINE('',#17858,#3941);
#2894=LINE('',#17859,#3942);
#2895=LINE('',#17862,#3943);
#2896=LINE('',#17864,#3944);
#2897=LINE('',#17865,#3945);
#2898=LINE('',#17867,#3946);
#2899=LINE('',#17868,#3947);
#2900=LINE('',#17873,#3948);
#2901=LINE('',#17875,#3949);
#2902=LINE('',#17877,#3950);
#2903=LINE('',#17878,#3951);
#2904=LINE('',#17881,#3952);
#2905=LINE('',#17883,#3953);
#2906=LINE('',#17884,#3954);
#2907=LINE('',#17887,#3955);
#2908=LINE('',#17889,#3956);
#2909=LINE('',#17890,#3957);
#2910=LINE('',#17892,#3958);
#2911=LINE('',#17893,#3959);
#2912=LINE('',#17898,#3960);
#2913=LINE('',#17900,#3961);
#2914=LINE('',#17902,#3962);
#2915=LINE('',#17903,#3963);
#2916=LINE('',#17906,#3964);
#2917=LINE('',#17908,#3965);
#2918=LINE('',#17909,#3966);
#2919=LINE('',#17912,#3967);
#2920=LINE('',#17914,#3968);
#2921=LINE('',#17915,#3969);
#2922=LINE('',#17917,#3970);
#2923=LINE('',#17918,#3971);
#2924=LINE('',#17923,#3972);
#2925=LINE('',#17925,#3973);
#2926=LINE('',#17927,#3974);
#2927=LINE('',#17928,#3975);
#2928=LINE('',#17931,#3976);
#2929=LINE('',#17933,#3977);
#2930=LINE('',#17934,#3978);
#2931=LINE('',#17937,#3979);
#2932=LINE('',#17939,#3980);
#2933=LINE('',#17940,#3981);
#2934=LINE('',#17942,#3982);
#2935=LINE('',#17943,#3983);
#2936=LINE('',#17948,#3984);
#2937=LINE('',#17950,#3985);
#2938=LINE('',#17952,#3986);
#2939=LINE('',#17953,#3987);
#2940=LINE('',#17957,#3988);
#2941=LINE('',#17959,#3989);
#2942=LINE('',#17961,#3990);
#2943=LINE('',#17962,#3991);
#2944=LINE('',#17964,#3992);
#2945=LINE('',#17965,#3993);
#2946=LINE('',#17968,#3994);
#2947=LINE('',#17970,#3995);
#2948=LINE('',#17972,#3996);
#2949=LINE('',#17974,#3997);
#2950=LINE('',#17976,#3998);
#2951=LINE('',#17978,#3999);
#2952=LINE('',#17980,#4000);
#2953=LINE('',#17982,#4001);
#2954=LINE('',#17983,#4002);
#2955=LINE('',#17986,#4003);
#2956=LINE('',#17987,#4004);
#2957=LINE('',#17992,#4005);
#2958=LINE('',#17996,#4006);
#2959=LINE('',#17998,#4007);
#2960=LINE('',#18000,#4008);
#2961=LINE('',#18004,#4009);
#2962=LINE('',#18008,#4010);
#2963=LINE('',#18012,#4011);
#2964=LINE('',#18016,#4012);
#2965=LINE('',#18020,#4013);
#2966=LINE('',#18023,#4014);
#2967=LINE('',#18026,#4015);
#2968=LINE('',#18028,#4016);
#2969=LINE('',#18029,#4017);
#2970=LINE('',#18033,#4018);
#2971=LINE('',#18035,#4019);
#2972=LINE('',#18037,#4020);
#2973=LINE('',#18038,#4021);
#2974=LINE('',#18040,#4022);
#2975=LINE('',#18041,#4023);
#2976=LINE('',#18044,#4024);
#2977=LINE('',#18046,#4025);
#2978=LINE('',#18048,#4026);
#2979=LINE('',#18050,#4027);
#2980=LINE('',#18052,#4028);
#2981=LINE('',#18054,#4029);
#2982=LINE('',#18056,#4030);
#2983=LINE('',#18057,#4031);
#2984=LINE('',#18060,#4032);
#2985=LINE('',#18061,#4033);
#2986=LINE('',#18064,#4034);
#2987=LINE('',#18065,#4035);
#2988=LINE('',#18069,#4036);
#2989=LINE('',#18070,#4037);
#2990=LINE('',#18071,#4038);
#2991=LINE('',#18073,#4039);
#2992=LINE('',#18076,#4040);
#2993=LINE('',#18080,#4041);
#2994=LINE('',#18084,#4042);
#2995=LINE('',#18090,#4043);
#2996=LINE('',#18092,#4044);
#2997=LINE('',#18094,#4045);
#2998=LINE('',#18098,#4046);
#2999=LINE('',#18099,#4047);
#3000=LINE('',#18103,#4048);
#3001=LINE('',#18104,#4049);
#3002=LINE('',#18105,#4050);
#3003=LINE('',#18107,#4051);
#3004=LINE('',#18110,#4052);
#3005=LINE('',#18114,#4053);
#3006=LINE('',#18116,#4054);
#3007=LINE('',#18118,#4055);
#3008=LINE('',#18124,#4056);
#3009=LINE('',#18128,#4057);
#3010=LINE('',#18133,#4058);
#3011=LINE('',#18135,#4059);
#3012=LINE('',#18137,#4060);
#3013=LINE('',#18138,#4061);
#3014=LINE('',#18141,#4062);
#3015=LINE('',#18143,#4063);
#3016=LINE('',#18144,#4064);
#3017=LINE('',#18147,#4065);
#3018=LINE('',#18149,#4066);
#3019=LINE('',#18150,#4067);
#3020=LINE('',#18153,#4068);
#3021=LINE('',#18155,#4069);
#3022=LINE('',#18156,#4070);
#3023=LINE('',#18159,#4071);
#3024=LINE('',#18161,#4072);
#3025=LINE('',#18162,#4073);
#3026=LINE('',#18164,#4074);
#3027=LINE('',#18167,#4075);
#3028=LINE('',#18168,#4076);
#3029=LINE('',#18171,#4077);
#3030=LINE('',#18172,#4078);
#3031=LINE('',#18179,#4079);
#3032=LINE('',#18183,#4080);
#3033=LINE('',#18187,#4081);
#3034=LINE('',#18191,#4082);
#3035=LINE('',#18195,#4083);
#3036=LINE('',#18199,#4084);
#3037=LINE('',#18203,#4085);
#3038=LINE('',#18207,#4086);
#3039=LINE('',#18212,#4087);
#3040=LINE('',#18216,#4088);
#3041=LINE('',#18221,#4089);
#3042=LINE('',#18225,#4090);
#3043=LINE('',#18229,#4091);
#3044=LINE('',#18233,#4092);
#3045=LINE('',#18235,#4093);
#3046=LINE('',#18241,#4094);
#3047=LINE('',#18245,#4095);
#3048=LINE('',#18249,#4096);
#3049=LINE('',#18252,#4097);
#3050=LINE('',#18254,#4098);
#3051=LINE('',#18258,#4099);
#3052=LINE('',#18262,#4100);
#3053=LINE('',#18266,#4101);
#3054=LINE('',#18269,#4102);
#3055=LINE('',#18274,#4103);
#3056=LINE('',#18280,#4104);
#3057=LINE('',#18287,#4105);
#3058=LINE('',#18294,#4106);
#3059=LINE('',#18296,#4107);
#3060=LINE('',#18297,#4108);
#3061=LINE('',#18298,#4109);
#3062=LINE('',#18299,#4110);
#3063=LINE('',#18302,#4111);
#3064=LINE('',#18304,#4112);
#3065=LINE('',#18306,#4113);
#3066=LINE('',#18311,#4114);
#3067=LINE('',#18318,#4115);
#3068=LINE('',#18325,#4116);
#3069=LINE('',#18327,#4117);
#3070=LINE('',#18328,#4118);
#3071=LINE('',#18334,#4119);
#3072=LINE('',#18341,#4120);
#3073=LINE('',#18347,#4121);
#3074=LINE('',#18349,#4122);
#3075=LINE('',#18351,#4123);
#3076=LINE('',#18352,#4124);
#3077=LINE('',#18353,#4125);
#3078=LINE('',#18356,#4126);
#3079=LINE('',#18361,#4127);
#3080=LINE('',#18368,#4128);
#3081=LINE('',#18374,#4129);
#3082=LINE('',#18375,#4130);
#3083=LINE('',#18377,#4131);
#3084=LINE('',#18379,#4132);
#3085=LINE('',#18382,#4133);
#3086=LINE('',#18384,#4134);
#3087=LINE('',#18386,#4135);
#3088=LINE('',#18388,#4136);
#3089=LINE('',#18390,#4137);
#3090=LINE('',#18397,#4138);
#3091=LINE('',#18400,#4139);
#3092=LINE('',#18402,#4140);
#3093=LINE('',#18404,#4141);
#3094=LINE('',#18406,#4142);
#3095=LINE('',#18411,#4143);
#3096=LINE('',#18413,#4144);
#3097=LINE('',#18415,#4145);
#3098=LINE('',#18416,#4146);
#3099=LINE('',#18419,#4147);
#3100=LINE('',#18423,#4148);
#3101=LINE('',#18426,#4149);
#3102=LINE('',#18429,#4150);
#3103=LINE('',#18430,#4151);
#3104=LINE('',#18431,#4152);
#3105=LINE('',#18434,#4153);
#3106=LINE('',#18438,#4154);
#3107=LINE('',#18441,#4155);
#3108=LINE('',#18442,#4156);
#3109=LINE('',#18448,#4157);
#3110=LINE('',#18449,#4158);
#3111=LINE('',#18455,#4159);
#3112=LINE('',#18456,#4160);
#3113=LINE('',#18460,#4161);
#3114=LINE('',#18462,#4162);
#3115=LINE('',#18464,#4163);
#3116=LINE('',#18465,#4164);
#3117=LINE('',#18468,#4165);
#3118=LINE('',#18470,#4166);
#3119=LINE('',#18471,#4167);
#3120=LINE('',#18473,#4168);
#3121=LINE('',#18474,#4169);
#3122=LINE('',#18476,#4170);
#3123=LINE('',#18477,#4171);
#3124=LINE('',#18478,#4172);
#3125=LINE('',#18480,#4173);
#3126=LINE('',#18483,#4174);
#3127=LINE('',#18484,#4175);
#3128=LINE('',#18487,#4176);
#3129=LINE('',#18489,#4177);
#3130=LINE('',#18490,#4178);
#3131=LINE('',#18494,#4179);
#3132=LINE('',#18496,#4180);
#3133=LINE('',#18501,#4181);
#3134=LINE('',#18502,#4182);
#3135=LINE('',#18505,#4183);
#3136=LINE('',#18507,#4184);
#3137=VECTOR('',#11333,1.);
#3138=VECTOR('',#11334,1.);
#3139=VECTOR('',#11335,1.);
#3140=VECTOR('',#11336,1.);
#3141=VECTOR('',#11339,1.);
#3142=VECTOR('',#11340,1.);
#3143=VECTOR('',#11341,1.);
#3144=VECTOR('',#11344,1.);
#3145=VECTOR('',#11345,1.);
#3146=VECTOR('',#11346,1.);
#3147=VECTOR('',#11349,1.);
#3148=VECTOR('',#11350,1.);
#3149=VECTOR('',#11351,1.);
#3150=VECTOR('',#11354,1.);
#3151=VECTOR('',#11355,1.);
#3152=VECTOR('',#11356,1.);
#3153=VECTOR('',#11359,1.);
#3154=VECTOR('',#11360,1.);
#3155=VECTOR('',#11361,1.);
#3156=VECTOR('',#11364,1.);
#3157=VECTOR('',#11365,1.);
#3158=VECTOR('',#11366,1.);
#3159=VECTOR('',#11369,1.);
#3160=VECTOR('',#11370,1.);
#3161=VECTOR('',#11371,1.);
#3162=VECTOR('',#11374,1.);
#3163=VECTOR('',#11375,1.);
#3164=VECTOR('',#11376,1.);
#3165=VECTOR('',#11379,1.);
#3166=VECTOR('',#11380,1.);
#3167=VECTOR('',#11381,1.);
#3168=VECTOR('',#11384,1.);
#3169=VECTOR('',#11385,1.);
#3170=VECTOR('',#11386,1.);
#3171=VECTOR('',#11389,1.);
#3172=VECTOR('',#11390,1.);
#3173=VECTOR('',#11395,1.);
#3174=VECTOR('',#11396,1.);
#3175=VECTOR('',#11397,1.);
#3176=VECTOR('',#11398,1.);
#3177=VECTOR('',#11399,1.);
#3178=VECTOR('',#11400,1.);
#3179=VECTOR('',#11401,1.);
#3180=VECTOR('',#11402,1.);
#3181=VECTOR('',#11403,1.);
#3182=VECTOR('',#11406,1.);
#3183=VECTOR('',#11407,1.);
#3184=VECTOR('',#11408,1.);
#3185=VECTOR('',#11411,1.);
#3186=VECTOR('',#11412,1.);
#3187=VECTOR('',#11415,1.);
#3188=VECTOR('',#11416,1.);
#3189=VECTOR('',#11417,1.);
#3190=VECTOR('',#11418,1.);
#3191=VECTOR('',#11421,1.);
#3192=VECTOR('',#11422,1.);
#3193=VECTOR('',#11423,1.);
#3194=VECTOR('',#11424,1.);
#3195=VECTOR('',#11425,1.);
#3196=VECTOR('',#11426,1.);
#3197=VECTOR('',#11427,1.);
#3198=VECTOR('',#11430,1.);
#3199=VECTOR('',#11431,1.);
#3200=VECTOR('',#11432,1.);
#3201=VECTOR('',#11435,1.);
#3202=VECTOR('',#11436,1.);
#3203=VECTOR('',#11437,1.);
#3204=VECTOR('',#11440,1.);
#3205=VECTOR('',#11441,1.);
#3206=VECTOR('',#11442,1.);
#3207=VECTOR('',#11443,1.);
#3208=VECTOR('',#11444,1.);
#3209=VECTOR('',#11445,1.);
#3210=VECTOR('',#11446,1.);
#3211=VECTOR('',#11447,1.);
#3212=VECTOR('',#11448,1.);
#3213=VECTOR('',#11449,1.);
#3214=VECTOR('',#11452,1.);
#3215=VECTOR('',#11453,1.);
#3216=VECTOR('',#11454,1.);
#3217=VECTOR('',#11457,1.);
#3218=VECTOR('',#11458,1.);
#3219=VECTOR('',#11459,1.);
#3220=VECTOR('',#11462,1.);
#3221=VECTOR('',#11463,1.);
#3222=VECTOR('',#11468,1.);
#3223=VECTOR('',#11469,1.);
#3224=VECTOR('',#11470,1.);
#3225=VECTOR('',#11471,1.);
#3226=VECTOR('',#11474,1.);
#3227=VECTOR('',#11475,1.);
#3228=VECTOR('',#11476,1.);
#3229=VECTOR('',#11479,1.);
#3230=VECTOR('',#11480,1.);
#3231=VECTOR('',#11481,1.);
#3232=VECTOR('',#11484,1.);
#3233=VECTOR('',#11485,1.);
#3234=VECTOR('',#11486,1.);
#3235=VECTOR('',#11489,1.);
#3236=VECTOR('',#11490,1.);
#3237=VECTOR('',#11491,1.);
#3238=VECTOR('',#11494,1.);
#3239=VECTOR('',#11495,1.);
#3240=VECTOR('',#11496,1.);
#3241=VECTOR('',#11499,1.);
#3242=VECTOR('',#11500,1.);
#3243=VECTOR('',#11501,1.);
#3244=VECTOR('',#11504,1.);
#3245=VECTOR('',#11505,1.);
#3246=VECTOR('',#11506,1.);
#3247=VECTOR('',#11509,1.);
#3248=VECTOR('',#11510,1.);
#3249=VECTOR('',#11511,1.);
#3250=VECTOR('',#11514,1.);
#3251=VECTOR('',#11515,1.);
#3252=VECTOR('',#11516,1.);
#3253=VECTOR('',#11519,1.);
#3254=VECTOR('',#11520,1.);
#3255=VECTOR('',#11521,1.);
#3256=VECTOR('',#11524,1.);
#3257=VECTOR('',#11525,1.);
#3258=VECTOR('',#11530,1.);
#3259=VECTOR('',#11531,1.);
#3260=VECTOR('',#11532,1.);
#3261=VECTOR('',#11533,1.);
#3262=VECTOR('',#11536,1.);
#3263=VECTOR('',#11537,1.);
#3264=VECTOR('',#11538,1.);
#3265=VECTOR('',#11541,1.);
#3266=VECTOR('',#11542,1.);
#3267=VECTOR('',#11543,1.);
#3268=VECTOR('',#11546,1.);
#3269=VECTOR('',#11547,1.);
#3270=VECTOR('',#11548,1.);
#3271=VECTOR('',#11551,1.);
#3272=VECTOR('',#11552,1.);
#3273=VECTOR('',#11553,1.);
#3274=VECTOR('',#11556,1.);
#3275=VECTOR('',#11557,1.);
#3276=VECTOR('',#11560,1.);
#3277=VECTOR('',#11561,1.);
#3278=VECTOR('',#11562,1.);
#3279=VECTOR('',#11563,1.);
#3280=VECTOR('',#11564,1.);
#3281=VECTOR('',#11565,1.);
#3282=VECTOR('',#11566,1.);
#3283=VECTOR('',#11567,1.);
#3284=VECTOR('',#11568,1.);
#3285=VECTOR('',#11569,1.);
#3286=VECTOR('',#11570,1.);
#3287=VECTOR('',#11571,1.);
#3288=VECTOR('',#11572,1.);
#3289=VECTOR('',#11573,1.);
#3290=VECTOR('',#11574,1.);
#3291=VECTOR('',#11575,1.);
#3292=VECTOR('',#11576,1.);
#3293=VECTOR('',#11577,1.);
#3294=VECTOR('',#11578,1.);
#3295=VECTOR('',#11579,1.);
#3296=VECTOR('',#11584,1.);
#3297=VECTOR('',#11585,1.);
#3298=VECTOR('',#11586,1.);
#3299=VECTOR('',#11587,1.);
#3300=VECTOR('',#11588,1.);
#3301=VECTOR('',#11589,1.);
#3302=VECTOR('',#11590,1.);
#3303=VECTOR('',#11591,1.);
#3304=VECTOR('',#11592,1.);
#3305=VECTOR('',#11593,1.);
#3306=VECTOR('',#11594,1.);
#3307=VECTOR('',#11597,1.);
#3308=VECTOR('',#11598,1.);
#3309=VECTOR('',#11599,1.);
#3310=VECTOR('',#11602,1.);
#3311=VECTOR('',#11603,1.);
#3312=VECTOR('',#11604,1.);
#3313=VECTOR('',#11605,1.);
#3314=VECTOR('',#11606,1.);
#3315=VECTOR('',#11607,1.);
#3316=VECTOR('',#11608,1.);
#3317=VECTOR('',#11609,1.);
#3318=VECTOR('',#11610,1.);
#3319=VECTOR('',#11611,1.);
#3320=VECTOR('',#11612,1.);
#3321=VECTOR('',#11613,1.);
#3322=VECTOR('',#11616,1.);
#3323=VECTOR('',#11617,1.);
#3324=VECTOR('',#11618,1.);
#3325=VECTOR('',#11621,1.);
#3326=VECTOR('',#11622,1.);
#3327=VECTOR('',#11623,1.);
#3328=VECTOR('',#11626,1.);
#3329=VECTOR('',#11627,1.);
#3330=VECTOR('',#11632,1.);
#3331=VECTOR('',#11633,1.);
#3332=VECTOR('',#11634,1.);
#3333=VECTOR('',#11635,1.);
#3334=VECTOR('',#11638,1.);
#3335=VECTOR('',#11639,1.);
#3336=VECTOR('',#11640,1.);
#3337=VECTOR('',#11643,1.);
#3338=VECTOR('',#11644,1.);
#3339=VECTOR('',#11645,1.);
#3340=VECTOR('',#11648,1.);
#3341=VECTOR('',#11649,1.);
#3342=VECTOR('',#11650,1.);
#3343=VECTOR('',#11653,1.);
#3344=VECTOR('',#11654,1.);
#3345=VECTOR('',#11655,1.);
#3346=VECTOR('',#11658,1.);
#3347=VECTOR('',#11659,1.);
#3348=VECTOR('',#11660,1.);
#3349=VECTOR('',#11663,1.);
#3350=VECTOR('',#11664,1.);
#3351=VECTOR('',#11665,1.);
#3352=VECTOR('',#11668,1.);
#3353=VECTOR('',#11669,1.);
#3354=VECTOR('',#11670,1.);
#3355=VECTOR('',#11673,1.);
#3356=VECTOR('',#11674,1.);
#3357=VECTOR('',#11675,1.);
#3358=VECTOR('',#11678,1.);
#3359=VECTOR('',#11679,1.);
#3360=VECTOR('',#11682,1.);
#3361=VECTOR('',#11683,1.);
#3362=VECTOR('',#11684,1.);
#3363=VECTOR('',#11687,1.);
#3364=VECTOR('',#11688,1.);
#3365=VECTOR('',#11689,1.);
#3366=VECTOR('',#11692,1.);
#3367=VECTOR('',#11693,1.);
#3368=VECTOR('',#11694,1.);
#3369=VECTOR('',#11697,1.);
#3370=VECTOR('',#11698,1.);
#3371=VECTOR('',#11701,1.);
#3372=VECTOR('',#11702,1.);
#3373=VECTOR('',#11703,1.);
#3374=VECTOR('',#11704,1.);
#3375=VECTOR('',#11707,1.);
#3376=VECTOR('',#11708,1.);
#3377=VECTOR('',#11709,1.);
#3378=VECTOR('',#11712,1.);
#3379=VECTOR('',#11713,1.);
#3380=VECTOR('',#11714,1.);
#3381=VECTOR('',#11717,1.);
#3382=VECTOR('',#11718,1.);
#3383=VECTOR('',#11719,1.);
#3384=VECTOR('',#11722,1.);
#3385=VECTOR('',#11723,1.);
#3386=VECTOR('',#11724,1.);
#3387=VECTOR('',#11727,1.);
#3388=VECTOR('',#11728,1.);
#3389=VECTOR('',#11729,1.);
#3390=VECTOR('',#11732,1.);
#3391=VECTOR('',#11733,1.);
#3392=VECTOR('',#11734,1.);
#3393=VECTOR('',#11737,1.);
#3394=VECTOR('',#11738,1.);
#3395=VECTOR('',#11743,1.);
#3396=VECTOR('',#11744,1.);
#3397=VECTOR('',#11745,1.);
#3398=VECTOR('',#11746,1.);
#3399=VECTOR('',#11749,1.);
#3400=VECTOR('',#11750,1.);
#3401=VECTOR('',#11751,1.);
#3402=VECTOR('',#11754,1.);
#3403=VECTOR('',#11755,1.);
#3404=VECTOR('',#11756,1.);
#3405=VECTOR('',#11759,1.);
#3406=VECTOR('',#11760,1.);
#3407=VECTOR('',#11761,1.);
#3408=VECTOR('',#11764,1.);
#3409=VECTOR('',#11765,1.);
#3410=VECTOR('',#11766,1.);
#3411=VECTOR('',#11769,1.);
#3412=VECTOR('',#11770,1.);
#3413=VECTOR('',#11771,1.);
#3414=VECTOR('',#11774,1.);
#3415=VECTOR('',#11775,1.);
#3416=VECTOR('',#11776,1.);
#3417=VECTOR('',#11779,1.);
#3418=VECTOR('',#11780,1.);
#3419=VECTOR('',#11781,1.);
#3420=VECTOR('',#11784,1.);
#3421=VECTOR('',#11785,1.);
#3422=VECTOR('',#11786,1.);
#3423=VECTOR('',#11787,1.);
#3424=VECTOR('',#11788,1.);
#3425=VECTOR('',#11791,1.);
#3426=VECTOR('',#11792,1.);
#3427=VECTOR('',#11793,1.);
#3428=VECTOR('',#11796,1.);
#3429=VECTOR('',#11797,1.);
#3430=VECTOR('',#11798,1.);
#3431=VECTOR('',#11801,1.);
#3432=VECTOR('',#11802,1.);
#3433=VECTOR('',#11803,1.);
#3434=VECTOR('',#11806,1.);
#3435=VECTOR('',#11807,1.);
#3436=VECTOR('',#11812,1.);
#3437=VECTOR('',#11813,1.);
#3438=VECTOR('',#11814,1.);
#3439=VECTOR('',#11815,1.);
#3440=VECTOR('',#11818,1.);
#3441=VECTOR('',#11819,1.);
#3442=VECTOR('',#11820,1.);
#3443=VECTOR('',#11823,1.);
#3444=VECTOR('',#11824,1.);
#3445=VECTOR('',#11825,1.);
#3446=VECTOR('',#11828,1.);
#3447=VECTOR('',#11829,1.);
#3448=VECTOR('',#11830,1.);
#3449=VECTOR('',#11833,1.);
#3450=VECTOR('',#11834,1.);
#3451=VECTOR('',#11835,1.);
#3452=VECTOR('',#11838,1.);
#3453=VECTOR('',#11839,1.);
#3454=VECTOR('',#11840,1.);
#3455=VECTOR('',#11843,1.);
#3456=VECTOR('',#11844,1.);
#3457=VECTOR('',#11845,1.);
#3458=VECTOR('',#11848,1.);
#3459=VECTOR('',#11849,1.);
#3460=VECTOR('',#11850,1.);
#3461=VECTOR('',#11853,1.);
#3462=VECTOR('',#11854,1.);
#3463=VECTOR('',#11855,1.);
#3464=VECTOR('',#11858,1.);
#3465=VECTOR('',#11859,1.);
#3466=VECTOR('',#11860,1.);
#3467=VECTOR('',#11863,1.);
#3468=VECTOR('',#11864,1.);
#3469=VECTOR('',#11865,1.);
#3470=VECTOR('',#11868,1.);
#3471=VECTOR('',#11869,1.);
#3472=VECTOR('',#11874,1.);
#3473=VECTOR('',#11875,1.);
#3474=VECTOR('',#11876,1.);
#3475=VECTOR('',#11877,1.);
#3476=VECTOR('',#11880,1.);
#3477=VECTOR('',#11881,1.);
#3478=VECTOR('',#11882,1.);
#3479=VECTOR('',#11885,1.);
#3480=VECTOR('',#11886,1.);
#3481=VECTOR('',#11887,1.);
#3482=VECTOR('',#11890,1.);
#3483=VECTOR('',#11891,1.);
#3484=VECTOR('',#11892,1.);
#3485=VECTOR('',#11895,1.);
#3486=VECTOR('',#11896,1.);
#3487=VECTOR('',#11897,1.);
#3488=VECTOR('',#11900,1.);
#3489=VECTOR('',#11901,1.);
#3490=VECTOR('',#11902,1.);
#3491=VECTOR('',#11905,1.);
#3492=VECTOR('',#11906,1.);
#3493=VECTOR('',#11907,1.);
#3494=VECTOR('',#11910,1.);
#3495=VECTOR('',#11911,1.);
#3496=VECTOR('',#11922,1.);
#3497=VECTOR('',#11923,1.);
#3498=VECTOR('',#11924,1.);
#3499=VECTOR('',#11925,1.);
#3500=VECTOR('',#11926,1.);
#3501=VECTOR('',#11927,1.);
#3502=VECTOR('',#11928,1.);
#3503=VECTOR('',#11929,1.);
#3504=VECTOR('',#11930,1.);
#3505=VECTOR('',#11931,1.);
#3506=VECTOR('',#11932,1.);
#3507=VECTOR('',#11933,1.);
#3508=VECTOR('',#11934,1.);
#3509=VECTOR('',#11935,1.);
#3510=VECTOR('',#11936,1.);
#3511=VECTOR('',#11937,1.);
#3512=VECTOR('',#11938,1.);
#3513=VECTOR('',#11943,1.);
#3514=VECTOR('',#11944,1.);
#3515=VECTOR('',#11945,1.);
#3516=VECTOR('',#11946,1.);
#3517=VECTOR('',#11947,1.);
#3518=VECTOR('',#11948,1.);
#3519=VECTOR('',#11949,1.);
#3520=VECTOR('',#11950,1.);
#3521=VECTOR('',#11951,1.);
#3522=VECTOR('',#11952,1.);
#3523=VECTOR('',#11955,1.);
#3524=VECTOR('',#11956,1.);
#3525=VECTOR('',#11957,1.);
#3526=VECTOR('',#11960,1.);
#3527=VECTOR('',#11961,1.);
#3528=VECTOR('',#11964,1.);
#3529=VECTOR('',#11965,1.);
#3530=VECTOR('',#11966,1.);
#3531=VECTOR('',#11967,1.);
#3532=VECTOR('',#11968,1.);
#3533=VECTOR('',#11969,1.);
#3534=VECTOR('',#11970,1.);
#3535=VECTOR('',#11971,1.);
#3536=VECTOR('',#11972,1.);
#3537=VECTOR('',#11973,1.);
#3538=VECTOR('',#11974,1.);
#3539=VECTOR('',#11977,1.);
#3540=VECTOR('',#11978,1.);
#3541=VECTOR('',#11979,1.);
#3542=VECTOR('',#11982,1.);
#3543=VECTOR('',#11983,1.);
#3544=VECTOR('',#11984,1.);
#3545=VECTOR('',#11985,1.);
#3546=VECTOR('',#11986,1.);
#3547=VECTOR('',#11987,1.);
#3548=VECTOR('',#11988,1.);
#3549=VECTOR('',#11989,1.);
#3550=VECTOR('',#11990,1.);
#3551=VECTOR('',#11991,1.);
#3552=VECTOR('',#11992,1.);
#3553=VECTOR('',#11993,1.);
#3554=VECTOR('',#11994,1.);
#3555=VECTOR('',#11995,1.);
#3556=VECTOR('',#11998,1.);
#3557=VECTOR('',#11999,1.);
#3558=VECTOR('',#12000,1.);
#3559=VECTOR('',#12003,1.);
#3560=VECTOR('',#12004,1.);
#3561=VECTOR('',#12005,1.);
#3562=VECTOR('',#12008,1.);
#3563=VECTOR('',#12009,1.);
#3564=VECTOR('',#12012,1.);
#3565=VECTOR('',#12013,1.);
#3566=VECTOR('',#12014,1.);
#3567=VECTOR('',#12015,1.);
#3568=VECTOR('',#12018,1.);
#3569=VECTOR('',#12019,1.);
#3570=VECTOR('',#12020,1.);
#3571=VECTOR('',#12023,1.);
#3572=VECTOR('',#12024,1.);
#3573=VECTOR('',#12025,1.);
#3574=VECTOR('',#12028,1.);
#3575=VECTOR('',#12029,1.);
#3576=VECTOR('',#12030,1.);
#3577=VECTOR('',#12031,1.);
#3578=VECTOR('',#12032,1.);
#3579=VECTOR('',#12035,1.);
#3580=VECTOR('',#12036,1.);
#3581=VECTOR('',#12037,1.);
#3582=VECTOR('',#12040,1.);
#3583=VECTOR('',#12041,1.);
#3584=VECTOR('',#12042,1.);
#3585=VECTOR('',#12045,1.);
#3586=VECTOR('',#12046,1.);
#3587=VECTOR('',#12047,1.);
#3588=VECTOR('',#12048,1.);
#3589=VECTOR('',#12049,1.);
#3590=VECTOR('',#12050,1.);
#3591=VECTOR('',#12051,1.);
#3592=VECTOR('',#12052,1.);
#3593=VECTOR('',#12055,1.);
#3594=VECTOR('',#12056,1.);
#3595=VECTOR('',#12057,1.);
#3596=VECTOR('',#12060,1.);
#3597=VECTOR('',#12061,1.);
#3598=VECTOR('',#12062,1.);
#3599=VECTOR('',#12063,1.);
#3600=VECTOR('',#12064,1.);
#3601=VECTOR('',#12065,1.);
#3602=VECTOR('',#12066,1.);
#3603=VECTOR('',#12067,1.);
#3604=VECTOR('',#12068,1.);
#3605=VECTOR('',#12069,1.);
#3606=VECTOR('',#12070,1.);
#3607=VECTOR('',#12071,1.);
#3608=VECTOR('',#12072,1.);
#3609=VECTOR('',#12073,1.);
#3610=VECTOR('',#12074,1.);
#3611=VECTOR('',#12075,1.);
#3612=VECTOR('',#12076,1.);
#3613=VECTOR('',#12079,1.);
#3614=VECTOR('',#12080,1.);
#3615=VECTOR('',#12081,1.);
#3616=VECTOR('',#12082,1.);
#3617=VECTOR('',#12083,1.);
#3618=VECTOR('',#12084,1.);
#3619=VECTOR('',#12085,1.);
#3620=VECTOR('',#12086,1.);
#3621=VECTOR('',#12089,1.);
#3622=VECTOR('',#12090,1.);
#3623=VECTOR('',#12091,1.);
#3624=VECTOR('',#12092,1.);
#3625=VECTOR('',#12095,1.);
#3626=VECTOR('',#12096,1.);
#3627=VECTOR('',#12097,1.);
#3628=VECTOR('',#12100,1.);
#3629=VECTOR('',#12101,1.);
#3630=VECTOR('',#12102,1.);
#3631=VECTOR('',#12103,1.);
#3632=VECTOR('',#12104,1.);
#3633=VECTOR('',#12105,1.);
#3634=VECTOR('',#12106,1.);
#3635=VECTOR('',#12107,1.);
#3636=VECTOR('',#12108,1.);
#3637=VECTOR('',#12109,1.);
#3638=VECTOR('',#12110,1.);
#3639=VECTOR('',#12111,1.);
#3640=VECTOR('',#12114,1.);
#3641=VECTOR('',#12115,1.);
#3642=VECTOR('',#12116,1.);
#3643=VECTOR('',#12119,1.);
#3644=VECTOR('',#12120,1.);
#3645=VECTOR('',#12123,1.);
#3646=VECTOR('',#12124,1.);
#3647=VECTOR('',#12125,1.);
#3648=VECTOR('',#12126,1.);
#3649=VECTOR('',#12127,1.);
#3650=VECTOR('',#12128,1.);
#3651=VECTOR('',#12129,1.);
#3652=VECTOR('',#12130,1.);
#3653=VECTOR('',#12131,1.);
#3654=VECTOR('',#12132,1.);
#3655=VECTOR('',#12135,1.);
#3656=VECTOR('',#12136,1.);
#3657=VECTOR('',#12139,1.);
#3658=VECTOR('',#12140,1.);
#3659=VECTOR('',#12141,1.);
#3660=VECTOR('',#12142,1.);
#3661=VECTOR('',#12143,1.);
#3662=VECTOR('',#12144,1.);
#3663=VECTOR('',#12147,1.);
#3664=VECTOR('',#12148,1.);
#3665=VECTOR('',#12149,1.);
#3666=VECTOR('',#12150,1.);
#3667=VECTOR('',#12151,1.);
#3668=VECTOR('',#12152,1.);
#3669=VECTOR('',#12153,1.);
#3670=VECTOR('',#12154,1.);
#3671=VECTOR('',#12155,1.);
#3672=VECTOR('',#12156,1.);
#3673=VECTOR('',#12159,1.);
#3674=VECTOR('',#12160,1.);
#3675=VECTOR('',#12161,1.);
#3676=VECTOR('',#12162,1.);
#3677=VECTOR('',#12163,1.);
#3678=VECTOR('',#12164,1.);
#3679=VECTOR('',#12165,1.);
#3680=VECTOR('',#12166,1.);
#3681=VECTOR('',#12167,1.);
#3682=VECTOR('',#12168,1.);
#3683=VECTOR('',#12169,1.);
#3684=VECTOR('',#12170,1.);
#3685=VECTOR('',#12171,1.);
#3686=VECTOR('',#12172,1.);
#3687=VECTOR('',#12173,1.);
#3688=VECTOR('',#12174,1.);
#3689=VECTOR('',#12175,1.);
#3690=VECTOR('',#12180,1.);
#3691=VECTOR('',#12181,1.);
#3692=VECTOR('',#12182,1.);
#3693=VECTOR('',#12183,1.);
#3694=VECTOR('',#12186,1.);
#3695=VECTOR('',#12187,1.);
#3696=VECTOR('',#12188,1.);
#3697=VECTOR('',#12191,1.);
#3698=VECTOR('',#12192,1.);
#3699=VECTOR('',#12193,1.);
#3700=VECTOR('',#12196,1.);
#3701=VECTOR('',#12197,1.);
#3702=VECTOR('',#12198,1.);
#3703=VECTOR('',#12201,1.);
#3704=VECTOR('',#12202,1.);
#3705=VECTOR('',#12203,1.);
#3706=VECTOR('',#12206,1.);
#3707=VECTOR('',#12207,1.);
#3708=VECTOR('',#12212,1.);
#3709=VECTOR('',#12213,1.);
#3710=VECTOR('',#12214,1.);
#3711=VECTOR('',#12215,1.);
#3712=VECTOR('',#12216,1.);
#3713=VECTOR('',#12217,1.);
#3714=VECTOR('',#12218,1.);
#3715=VECTOR('',#12219,1.);
#3716=VECTOR('',#12220,1.);
#3717=VECTOR('',#12223,1.);
#3718=VECTOR('',#12224,1.);
#3719=VECTOR('',#12225,1.);
#3720=VECTOR('',#12228,1.);
#3721=VECTOR('',#12229,1.);
#3722=VECTOR('',#12230,1.);
#3723=VECTOR('',#12233,1.);
#3724=VECTOR('',#12234,1.);
#3725=VECTOR('',#12235,1.);
#3726=VECTOR('',#12236,1.);
#3727=VECTOR('',#12237,1.);
#3728=VECTOR('',#12238,1.);
#3729=VECTOR('',#12239,1.);
#3730=VECTOR('',#12240,1.);
#3731=VECTOR('',#12243,1.);
#3732=VECTOR('',#12244,1.);
#3733=VECTOR('',#12245,1.);
#3734=VECTOR('',#12248,1.);
#3735=VECTOR('',#12249,1.);
#3736=VECTOR('',#12250,1.);
#3737=VECTOR('',#12253,1.);
#3738=VECTOR('',#12254,1.);
#3739=VECTOR('',#12255,1.);
#3740=VECTOR('',#12258,1.);
#3741=VECTOR('',#12259,1.);
#3742=VECTOR('',#12262,1.);
#3743=VECTOR('',#12263,1.);
#3744=VECTOR('',#12264,1.);
#3745=VECTOR('',#12265,1.);
#3746=VECTOR('',#12266,1.);
#3747=VECTOR('',#12267,1.);
#3748=VECTOR('',#12268,1.);
#3749=VECTOR('',#12269,1.);
#3750=VECTOR('',#12270,1.);
#3751=VECTOR('',#12271,1.);
#3752=VECTOR('',#12272,1.);
#3753=VECTOR('',#12273,1.);
#3754=VECTOR('',#12274,1.);
#3755=VECTOR('',#12275,1.);
#3756=VECTOR('',#12276,1.);
#3757=VECTOR('',#12277,1.);
#3758=VECTOR('',#12278,1.);
#3759=VECTOR('',#12281,1.);
#3760=VECTOR('',#12282,1.);
#3761=VECTOR('',#12283,1.);
#3762=VECTOR('',#12286,1.);
#3763=VECTOR('',#12287,1.);
#3764=VECTOR('',#12288,1.);
#3765=VECTOR('',#12291,1.);
#3766=VECTOR('',#12292,1.);
#3767=VECTOR('',#12293,1.);
#3768=VECTOR('',#12296,1.);
#3769=VECTOR('',#12297,1.);
#3770=VECTOR('',#12298,1.);
#3771=VECTOR('',#12301,1.);
#3772=VECTOR('',#12302,1.);
#3773=VECTOR('',#12305,1.);
#3774=VECTOR('',#12306,1.);
#3775=VECTOR('',#12307,1.);
#3776=VECTOR('',#12308,1.);
#3777=VECTOR('',#12311,1.);
#3778=VECTOR('',#12312,1.);
#3779=VECTOR('',#12313,1.);
#3780=VECTOR('',#12314,1.);
#3781=VECTOR('',#12315,1.);
#3782=VECTOR('',#12316,1.);
#3783=VECTOR('',#12317,1.);
#3784=VECTOR('',#12320,1.);
#3785=VECTOR('',#12321,1.);
#3786=VECTOR('',#12322,1.);
#3787=VECTOR('',#12323,1.);
#3788=VECTOR('',#12324,1.);
#3789=VECTOR('',#12325,1.);
#3790=VECTOR('',#12326,1.);
#3791=VECTOR('',#12327,1.);
#3792=VECTOR('',#12328,1.);
#3793=VECTOR('',#12329,1.);
#3794=VECTOR('',#12330,1.);
#3795=VECTOR('',#12331,1.);
#3796=VECTOR('',#12334,1.);
#3797=VECTOR('',#12335,1.);
#3798=VECTOR('',#12336,1.);
#3799=VECTOR('',#12341,1.);
#3800=VECTOR('',#12342,1.);
#3801=VECTOR('',#12343,1.);
#3802=VECTOR('',#12344,1.);
#3803=VECTOR('',#12347,1.);
#3804=VECTOR('',#12348,1.);
#3805=VECTOR('',#12349,1.);
#3806=VECTOR('',#12352,1.);
#3807=VECTOR('',#12353,1.);
#3808=VECTOR('',#12354,1.);
#3809=VECTOR('',#12357,1.);
#3810=VECTOR('',#12358,1.);
#3811=VECTOR('',#12359,1.);
#3812=VECTOR('',#12362,1.);
#3813=VECTOR('',#12363,1.);
#3814=VECTOR('',#12364,1.);
#3815=VECTOR('',#12367,1.);
#3816=VECTOR('',#12368,1.);
#3817=VECTOR('',#12369,1.);
#3818=VECTOR('',#12372,1.);
#3819=VECTOR('',#12373,1.);
#3820=VECTOR('',#12374,1.);
#3821=VECTOR('',#12377,1.);
#3822=VECTOR('',#12378,1.);
#3823=VECTOR('',#12383,1.);
#3824=VECTOR('',#12384,1.);
#3825=VECTOR('',#12385,1.);
#3826=VECTOR('',#12386,1.);
#3827=VECTOR('',#12389,1.);
#3828=VECTOR('',#12390,1.);
#3829=VECTOR('',#12391,1.);
#3830=VECTOR('',#12394,1.);
#3831=VECTOR('',#12395,1.);
#3832=VECTOR('',#12396,1.);
#3833=VECTOR('',#12399,1.);
#3834=VECTOR('',#12400,1.);
#3835=VECTOR('',#12419,1.);
#3836=VECTOR('',#12420,1.);
#3837=VECTOR('',#12421,1.);
#3838=VECTOR('',#12422,1.);
#3839=VECTOR('',#12423,1.);
#3840=VECTOR('',#12424,1.);
#3841=VECTOR('',#12427,1.);
#3842=VECTOR('',#12428,1.);
#3843=VECTOR('',#12429,1.);
#3844=VECTOR('',#12432,1.);
#3845=VECTOR('',#12433,1.);
#3846=VECTOR('',#12434,1.);
#3847=VECTOR('',#12437,1.);
#3848=VECTOR('',#12438,1.);
#3849=VECTOR('',#12439,1.);
#3850=VECTOR('',#12440,1.);
#3851=VECTOR('',#12441,1.);
#3852=VECTOR('',#12442,1.);
#3853=VECTOR('',#12443,1.);
#3854=VECTOR('',#12444,1.);
#3855=VECTOR('',#12445,1.);
#3856=VECTOR('',#12448,1.);
#3857=VECTOR('',#12449,1.);
#3858=VECTOR('',#12450,1.);
#3859=VECTOR('',#12453,1.);
#3860=VECTOR('',#12454,1.);
#3861=VECTOR('',#12455,1.);
#3862=VECTOR('',#12458,1.);
#3863=VECTOR('',#12459,1.);
#3864=VECTOR('',#12464,1.);
#3865=VECTOR('',#12465,1.);
#3866=VECTOR('',#12466,1.);
#3867=VECTOR('',#12467,1.);
#3868=VECTOR('',#12470,1.);
#3869=VECTOR('',#12471,1.);
#3870=VECTOR('',#12472,1.);
#3871=VECTOR('',#12475,1.);
#3872=VECTOR('',#12476,1.);
#3873=VECTOR('',#12477,1.);
#3874=VECTOR('',#12480,1.);
#3875=VECTOR('',#12481,1.);
#3876=VECTOR('',#12482,1.);
#3877=VECTOR('',#12485,1.);
#3878=VECTOR('',#12486,1.);
#3879=VECTOR('',#12487,1.);
#3880=VECTOR('',#12490,1.);
#3881=VECTOR('',#12491,1.);
#3882=VECTOR('',#12492,1.);
#3883=VECTOR('',#12495,1.);
#3884=VECTOR('',#12496,1.);
#3885=VECTOR('',#12497,1.);
#3886=VECTOR('',#12500,1.);
#3887=VECTOR('',#12501,1.);
#3888=VECTOR('',#12502,1.);
#3889=VECTOR('',#12505,1.);
#3890=VECTOR('',#12506,1.);
#3891=VECTOR('',#12507,1.);
#3892=VECTOR('',#12510,1.);
#3893=VECTOR('',#12511,1.);
#3894=VECTOR('',#12512,1.);
#3895=VECTOR('',#12515,1.);
#3896=VECTOR('',#12516,1.);
#3897=VECTOR('',#12517,1.);
#3898=VECTOR('',#12520,1.);
#3899=VECTOR('',#12521,1.);
#3900=VECTOR('',#12526,1.);
#3901=VECTOR('',#12527,1.);
#3902=VECTOR('',#12528,1.);
#3903=VECTOR('',#12529,1.);
#3904=VECTOR('',#12532,1.);
#3905=VECTOR('',#12533,1.);
#3906=VECTOR('',#12534,1.);
#3907=VECTOR('',#12537,1.);
#3908=VECTOR('',#12538,1.);
#3909=VECTOR('',#12539,1.);
#3910=VECTOR('',#12542,1.);
#3911=VECTOR('',#12543,1.);
#3912=VECTOR('',#12544,1.);
#3913=VECTOR('',#12547,1.);
#3914=VECTOR('',#12548,1.);
#3915=VECTOR('',#12549,1.);
#3916=VECTOR('',#12552,1.);
#3917=VECTOR('',#12553,1.);
#3918=VECTOR('',#12554,1.);
#3919=VECTOR('',#12557,1.);
#3920=VECTOR('',#12558,1.);
#3921=VECTOR('',#12559,1.);
#3922=VECTOR('',#12562,1.);
#3923=VECTOR('',#12563,1.);
#3924=VECTOR('',#12564,1.);
#3925=VECTOR('',#12567,1.);
#3926=VECTOR('',#12568,1.);
#3927=VECTOR('',#12569,1.);
#3928=VECTOR('',#12572,1.);
#3929=VECTOR('',#12573,1.);
#3930=VECTOR('',#12574,1.);
#3931=VECTOR('',#12577,1.);
#3932=VECTOR('',#12578,1.);
#3933=VECTOR('',#12579,1.);
#3934=VECTOR('',#12582,1.);
#3935=VECTOR('',#12583,1.);
#3936=VECTOR('',#12588,1.);
#3937=VECTOR('',#12589,1.);
#3938=VECTOR('',#12590,1.);
#3939=VECTOR('',#12591,1.);
#3940=VECTOR('',#12594,1.);
#3941=VECTOR('',#12595,1.);
#3942=VECTOR('',#12596,1.);
#3943=VECTOR('',#12599,1.);
#3944=VECTOR('',#12600,1.);
#3945=VECTOR('',#12601,1.);
#3946=VECTOR('',#12604,1.);
#3947=VECTOR('',#12605,1.);
#3948=VECTOR('',#12610,1.);
#3949=VECTOR('',#12611,1.);
#3950=VECTOR('',#12612,1.);
#3951=VECTOR('',#12613,1.);
#3952=VECTOR('',#12616,1.);
#3953=VECTOR('',#12617,1.);
#3954=VECTOR('',#12618,1.);
#3955=VECTOR('',#12621,1.);
#3956=VECTOR('',#12622,1.);
#3957=VECTOR('',#12623,1.);
#3958=VECTOR('',#12626,1.);
#3959=VECTOR('',#12627,1.);
#3960=VECTOR('',#12632,1.);
#3961=VECTOR('',#12633,1.);
#3962=VECTOR('',#12634,1.);
#3963=VECTOR('',#12635,1.);
#3964=VECTOR('',#12638,1.);
#3965=VECTOR('',#12639,1.);
#3966=VECTOR('',#12640,1.);
#3967=VECTOR('',#12643,1.);
#3968=VECTOR('',#12644,1.);
#3969=VECTOR('',#12645,1.);
#3970=VECTOR('',#12648,1.);
#3971=VECTOR('',#12649,1.);
#3972=VECTOR('',#12654,1.);
#3973=VECTOR('',#12655,1.);
#3974=VECTOR('',#12656,1.);
#3975=VECTOR('',#12657,1.);
#3976=VECTOR('',#12660,1.);
#3977=VECTOR('',#12661,1.);
#3978=VECTOR('',#12662,1.);
#3979=VECTOR('',#12665,1.);
#3980=VECTOR('',#12666,1.);
#3981=VECTOR('',#12667,1.);
#3982=VECTOR('',#12670,1.);
#3983=VECTOR('',#12671,1.);
#3984=VECTOR('',#12676,1.);
#3985=VECTOR('',#12677,1.);
#3986=VECTOR('',#12678,1.);
#3987=VECTOR('',#12679,1.);
#3988=VECTOR('',#12682,1.);
#3989=VECTOR('',#12683,1.);
#3990=VECTOR('',#12684,1.);
#3991=VECTOR('',#12685,1.);
#3992=VECTOR('',#12688,1.);
#3993=VECTOR('',#12689,1.);
#3994=VECTOR('',#12692,1.);
#3995=VECTOR('',#12693,1.);
#3996=VECTOR('',#12694,1.);
#3997=VECTOR('',#12695,1.);
#3998=VECTOR('',#12696,1.);
#3999=VECTOR('',#12697,1.);
#4000=VECTOR('',#12698,1.);
#4001=VECTOR('',#12699,1.);
#4002=VECTOR('',#12700,1.);
#4003=VECTOR('',#12703,1.);
#4004=VECTOR('',#12704,1.);
#4005=VECTOR('',#12709,1.);
#4006=VECTOR('',#12712,1.);
#4007=VECTOR('',#12713,1.);
#4008=VECTOR('',#12714,1.);
#4009=VECTOR('',#12717,1.);
#4010=VECTOR('',#12720,1.);
#4011=VECTOR('',#12723,1.);
#4012=VECTOR('',#12726,1.);
#4013=VECTOR('',#12729,1.);
#4014=VECTOR('',#12732,1.);
#4015=VECTOR('',#12735,1.);
#4016=VECTOR('',#12736,1.);
#4017=VECTOR('',#12737,1.);
#4018=VECTOR('',#12740,1.);
#4019=VECTOR('',#12741,1.);
#4020=VECTOR('',#12742,1.);
#4021=VECTOR('',#12743,1.);
#4022=VECTOR('',#12746,1.);
#4023=VECTOR('',#12747,1.);
#4024=VECTOR('',#12750,1.);
#4025=VECTOR('',#12751,1.);
#4026=VECTOR('',#12752,1.);
#4027=VECTOR('',#12753,1.);
#4028=VECTOR('',#12754,1.);
#4029=VECTOR('',#12755,1.);
#4030=VECTOR('',#12756,1.);
#4031=VECTOR('',#12757,1.);
#4032=VECTOR('',#12760,1.);
#4033=VECTOR('',#12761,1.);
#4034=VECTOR('',#12764,1.);
#4035=VECTOR('',#12765,1.);
#4036=VECTOR('',#12768,1.);
#4037=VECTOR('',#12769,1.);
#4038=VECTOR('',#12770,1.);
#4039=VECTOR('',#12773,1.);
#4040=VECTOR('',#12776,1.);
#4041=VECTOR('',#12779,1.);
#4042=VECTOR('',#12782,1.);
#4043=VECTOR('',#12787,1.);
#4044=VECTOR('',#12788,1.);
#4045=VECTOR('',#12789,1.);
#4046=VECTOR('',#12794,1.);
#4047=VECTOR('',#12795,1.);
#4048=VECTOR('',#12798,1.);
#4049=VECTOR('',#12799,1.);
#4050=VECTOR('',#12800,1.);
#4051=VECTOR('',#12803,1.);
#4052=VECTOR('',#12806,1.);
#4053=VECTOR('',#12809,1.);
#4054=VECTOR('',#12810,1.);
#4055=VECTOR('',#12811,1.);
#4056=VECTOR('',#12816,1.);
#4057=VECTOR('',#12819,1.);
#4058=VECTOR('',#12824,1.);
#4059=VECTOR('',#12825,1.);
#4060=VECTOR('',#12826,1.);
#4061=VECTOR('',#12827,1.);
#4062=VECTOR('',#12830,1.);
#4063=VECTOR('',#12831,1.);
#4064=VECTOR('',#12832,1.);
#4065=VECTOR('',#12835,1.);
#4066=VECTOR('',#12836,1.);
#4067=VECTOR('',#12837,1.);
#4068=VECTOR('',#12840,1.);
#4069=VECTOR('',#12841,1.);
#4070=VECTOR('',#12842,1.);
#4071=VECTOR('',#12845,1.);
#4072=VECTOR('',#12846,1.);
#4073=VECTOR('',#12847,1.);
#4074=VECTOR('',#12850,1.);
#4075=VECTOR('',#12853,1.);
#4076=VECTOR('',#12854,1.);
#4077=VECTOR('',#12857,1.);
#4078=VECTOR('',#12858,1.);
#4079=VECTOR('',#12865,1.);
#4080=VECTOR('',#12868,1.);
#4081=VECTOR('',#12871,1.);
#4082=VECTOR('',#12874,1.);
#4083=VECTOR('',#12877,1.);
#4084=VECTOR('',#12880,1.);
#4085=VECTOR('',#12883,1.);
#4086=VECTOR('',#12886,1.);
#4087=VECTOR('',#12891,1.);
#4088=VECTOR('',#12894,1.);
#4089=VECTOR('',#12899,1.);
#4090=VECTOR('',#12902,1.);
#4091=VECTOR('',#12905,1.);
#4092=VECTOR('',#12910,1.);
#4093=VECTOR('',#12913,1.);
#4094=VECTOR('',#12918,1.);
#4095=VECTOR('',#12921,1.);
#4096=VECTOR('',#12924,1.);
#4097=VECTOR('',#12927,1.);
#4098=VECTOR('',#12928,1.);
#4099=VECTOR('',#12931,1.);
#4100=VECTOR('',#12934,1.);
#4101=VECTOR('',#12937,1.);
#4102=VECTOR('',#12940,1.);
#4103=VECTOR('',#12945,1.19);
#4104=VECTOR('',#12952,0.17);
#4105=VECTOR('',#12961,0.21);
#4106=VECTOR('',#12970,0.32);
#4107=VECTOR('',#12973,1.);
#4108=VECTOR('',#12974,1.);
#4109=VECTOR('',#12975,1.);
#4110=VECTOR('',#12976,1.);
#4111=VECTOR('',#12981,1.);
#4112=VECTOR('',#12984,1.);
#4113=VECTOR('',#12987,1.);
#4114=VECTOR('',#12992,0.17);
#4115=VECTOR('',#13001,0.21);
#4116=VECTOR('',#13010,0.32);
#4117=VECTOR('',#13013,1.);
#4118=VECTOR('',#13014,1.);
#4119=VECTOR('',#13021,0.17);
#4120=VECTOR('',#13030,0.21);
#4121=VECTOR('',#13039,0.32);
#4122=VECTOR('',#13040,0.32);
#4123=VECTOR('',#13043,1.);
#4124=VECTOR('',#13044,1.);
#4125=VECTOR('',#13045,1.);
#4126=VECTOR('',#13050,1.);
#4127=VECTOR('',#13055,0.17);
#4128=VECTOR('',#13064,0.21);
#4129=VECTOR('',#13073,0.32);
#4130=VECTOR('',#13074,1.);
#4131=VECTOR('',#13075,0.32);
#4132=VECTOR('',#13078,1.);
#4133=VECTOR('',#13083,1.);
#4134=VECTOR('',#13086,1.);
#4135=VECTOR('',#13089,1.);
#4136=VECTOR('',#13092,1.);
#4137=VECTOR('',#13095,1.);
#4138=VECTOR('',#13108,1.);
#4139=VECTOR('',#13113,1.);
#4140=VECTOR('',#13116,1.);
#4141=VECTOR('',#13119,1.);
#4142=VECTOR('',#13122,1.);
#4143=VECTOR('',#13127,1.);
#4144=VECTOR('',#13128,1.);
#4145=VECTOR('',#13129,1.);
#4146=VECTOR('',#13130,1.);
#4147=VECTOR('',#13133,1.);
#4148=VECTOR('',#13136,1.);
#4149=VECTOR('',#13139,1.);
#4150=VECTOR('',#13142,1.);
#4151=VECTOR('',#13143,1.);
#4152=VECTOR('',#13144,1.);
#4153=VECTOR('',#13147,1.);
#4154=VECTOR('',#13150,1.);
#4155=VECTOR('',#13155,1.);
#4156=VECTOR('',#13156,1.);
#4157=VECTOR('',#13161,1.);
#4158=VECTOR('',#13162,1.);
#4159=VECTOR('',#13167,1.);
#4160=VECTOR('',#13168,1.);
#4161=VECTOR('',#13171,1.);
#4162=VECTOR('',#13172,1.);
#4163=VECTOR('',#13173,1.);
#4164=VECTOR('',#13174,1.);
#4165=VECTOR('',#13177,1.);
#4166=VECTOR('',#13178,1.);
#4167=VECTOR('',#13179,1.);
#4168=VECTOR('',#13182,1.);
#4169=VECTOR('',#13183,1.);
#4170=VECTOR('',#13186,1.);
#4171=VECTOR('',#13187,1.);
#4172=VECTOR('',#13188,1.);
#4173=VECTOR('',#13191,1.);
#4174=VECTOR('',#13194,1.);
#4175=VECTOR('',#13195,1.);
#4176=VECTOR('',#13198,1.);
#4177=VECTOR('',#13199,1.);
#4178=VECTOR('',#13200,1.);
#4179=VECTOR('',#13205,1.);
#4180=VECTOR('',#13208,1.);
#4181=VECTOR('',#13217,1.);
#4182=VECTOR('',#13218,1.);
#4183=VECTOR('',#13223,1.);
#4184=VECTOR('',#13226,1.);
#4185=VERTEX_POINT('',#13233);
#4186=VERTEX_POINT('',#13234);
#4187=VERTEX_POINT('',#13236);
#4188=VERTEX_POINT('',#13238);
#4189=VERTEX_POINT('',#13242);
#4190=VERTEX_POINT('',#13244);
#4191=VERTEX_POINT('',#13248);
#4192=VERTEX_POINT('',#13250);
#4193=VERTEX_POINT('',#13254);
#4194=VERTEX_POINT('',#13256);
#4195=VERTEX_POINT('',#13260);
#4196=VERTEX_POINT('',#13262);
#4197=VERTEX_POINT('',#13266);
#4198=VERTEX_POINT('',#13268);
#4199=VERTEX_POINT('',#13272);
#4200=VERTEX_POINT('',#13274);
#4201=VERTEX_POINT('',#13278);
#4202=VERTEX_POINT('',#13280);
#4203=VERTEX_POINT('',#13284);
#4204=VERTEX_POINT('',#13286);
#4205=VERTEX_POINT('',#13290);
#4206=VERTEX_POINT('',#13292);
#4207=VERTEX_POINT('',#13296);
#4208=VERTEX_POINT('',#13298);
#4209=VERTEX_POINT('',#13306);
#4210=VERTEX_POINT('',#13307);
#4211=VERTEX_POINT('',#13309);
#4212=VERTEX_POINT('',#13311);
#4213=VERTEX_POINT('',#13320);
#4214=VERTEX_POINT('',#13324);
#4215=VERTEX_POINT('',#13335);
#4216=VERTEX_POINT('',#13339);
#4217=VERTEX_POINT('',#13350);
#4218=VERTEX_POINT('',#13354);
#4219=VERTEX_POINT('',#13365);
#4220=VERTEX_POINT('',#13369);
#4221=VERTEX_POINT('',#13380);
#4222=VERTEX_POINT('',#13384);
#4223=VERTEX_POINT('',#13390);
#4224=VERTEX_POINT('',#13392);
#4225=VERTEX_POINT('',#13399);
#4226=VERTEX_POINT('',#13400);
#4227=VERTEX_POINT('',#13402);
#4228=VERTEX_POINT('',#13404);
#4229=VERTEX_POINT('',#13408);
#4230=VERTEX_POINT('',#13410);
#4231=VERTEX_POINT('',#13419);
#4232=VERTEX_POINT('',#13423);
#4233=VERTEX_POINT('',#13434);
#4234=VERTEX_POINT('',#13438);
#4235=VERTEX_POINT('',#13449);
#4236=VERTEX_POINT('',#13453);
#4237=VERTEX_POINT('',#13464);
#4238=VERTEX_POINT('',#13468);
#4239=VERTEX_POINT('',#13474);
#4240=VERTEX_POINT('',#13476);
#4241=VERTEX_POINT('',#13480);
#4242=VERTEX_POINT('',#13482);
#4243=VERTEX_POINT('',#13486);
#4244=VERTEX_POINT('',#13488);
#4245=VERTEX_POINT('',#13497);
#4246=VERTEX_POINT('',#13501);
#4247=VERTEX_POINT('',#13512);
#4248=VERTEX_POINT('',#13516);
#4249=VERTEX_POINT('',#13527);
#4250=VERTEX_POINT('',#13531);
#4251=VERTEX_POINT('',#13542);
#4252=VERTEX_POINT('',#13546);
#4253=VERTEX_POINT('',#13557);
#4254=VERTEX_POINT('',#13561);
#4255=VERTEX_POINT('',#13572);
#4256=VERTEX_POINT('',#13576);
#4257=VERTEX_POINT('',#13587);
#4258=VERTEX_POINT('',#13591);
#4259=VERTEX_POINT('',#13597);
#4260=VERTEX_POINT('',#13599);
#4261=VERTEX_POINT('',#13603);
#4262=VERTEX_POINT('',#13605);
#4263=VERTEX_POINT('',#13613);
#4264=VERTEX_POINT('',#13614);
#4265=VERTEX_POINT('',#13616);
#4266=VERTEX_POINT('',#13618);
#4267=VERTEX_POINT('',#13622);
#4268=VERTEX_POINT('',#13624);
#4269=VERTEX_POINT('',#13628);
#4270=VERTEX_POINT('',#13630);
#4271=VERTEX_POINT('',#13634);
#4272=VERTEX_POINT('',#13636);
#4273=VERTEX_POINT('',#13640);
#4274=VERTEX_POINT('',#13642);
#4275=VERTEX_POINT('',#13646);
#4276=VERTEX_POINT('',#13648);
#4277=VERTEX_POINT('',#13652);
#4278=VERTEX_POINT('',#13654);
#4279=VERTEX_POINT('',#13658);
#4280=VERTEX_POINT('',#13660);
#4281=VERTEX_POINT('',#13664);
#4282=VERTEX_POINT('',#13666);
#4283=VERTEX_POINT('',#13670);
#4284=VERTEX_POINT('',#13672);
#4285=VERTEX_POINT('',#13676);
#4286=VERTEX_POINT('',#13678);
#4287=VERTEX_POINT('',#13686);
#4288=VERTEX_POINT('',#13687);
#4289=VERTEX_POINT('',#13689);
#4290=VERTEX_POINT('',#13691);
#4291=VERTEX_POINT('',#13695);
#4292=VERTEX_POINT('',#13697);
#4293=VERTEX_POINT('',#13701);
#4294=VERTEX_POINT('',#13703);
#4295=VERTEX_POINT('',#13707);
#4296=VERTEX_POINT('',#13709);
#4297=VERTEX_POINT('',#13713);
#4298=VERTEX_POINT('',#13715);
#4299=VERTEX_POINT('',#13728);
#4300=VERTEX_POINT('',#13729);
#4301=VERTEX_POINT('',#13733);
#4302=VERTEX_POINT('',#13735);
#4303=VERTEX_POINT('',#13746);
#4304=VERTEX_POINT('',#13750);
#4305=VERTEX_POINT('',#13761);
#4306=VERTEX_POINT('',#13765);
#4307=VERTEX_POINT('',#13776);
#4308=VERTEX_POINT('',#13780);
#4309=VERTEX_POINT('',#13791);
#4310=VERTEX_POINT('',#13795);
#4311=VERTEX_POINT('',#13806);
#4312=VERTEX_POINT('',#13810);
#4313=VERTEX_POINT('',#13821);
#4314=VERTEX_POINT('',#13825);
#4315=VERTEX_POINT('',#13836);
#4316=VERTEX_POINT('',#13840);
#4317=VERTEX_POINT('',#13863);
#4318=VERTEX_POINT('',#13864);
#4319=VERTEX_POINT('',#13868);
#4320=VERTEX_POINT('',#13870);
#4321=VERTEX_POINT('',#13881);
#4322=VERTEX_POINT('',#13885);
#4323=VERTEX_POINT('',#13896);
#4324=VERTEX_POINT('',#13900);
#4325=VERTEX_POINT('',#13911);
#4326=VERTEX_POINT('',#13915);
#4327=VERTEX_POINT('',#13926);
#4328=VERTEX_POINT('',#13930);
#4329=VERTEX_POINT('',#13941);
#4330=VERTEX_POINT('',#13945);
#4331=VERTEX_POINT('',#13956);
#4332=VERTEX_POINT('',#13960);
#4333=VERTEX_POINT('',#13971);
#4334=VERTEX_POINT('',#13975);
#4335=VERTEX_POINT('',#13986);
#4336=VERTEX_POINT('',#13990);
#4337=VERTEX_POINT('',#14001);
#4338=VERTEX_POINT('',#14005);
#4339=VERTEX_POINT('',#14024);
#4340=VERTEX_POINT('',#14025);
#4341=VERTEX_POINT('',#14027);
#4342=VERTEX_POINT('',#14029);
#4343=VERTEX_POINT('',#14038);
#4344=VERTEX_POINT('',#14042);
#4345=VERTEX_POINT('',#14053);
#4346=VERTEX_POINT('',#14057);
#4347=VERTEX_POINT('',#14068);
#4348=VERTEX_POINT('',#14072);
#4349=VERTEX_POINT('',#14083);
#4350=VERTEX_POINT('',#14087);
#4351=VERTEX_POINT('',#14098);
#4352=VERTEX_POINT('',#14102);
#4353=VERTEX_POINT('',#14113);
#4354=VERTEX_POINT('',#14117);
#4355=VERTEX_POINT('',#14128);
#4356=VERTEX_POINT('',#14132);
#4357=VERTEX_POINT('',#14138);
#4358=VERTEX_POINT('',#14140);
#4359=VERTEX_POINT('',#14152);
#4360=VERTEX_POINT('',#14153);
#4361=VERTEX_POINT('',#14157);
#4362=VERTEX_POINT('',#14159);
#4363=VERTEX_POINT('',#14170);
#4364=VERTEX_POINT('',#14174);
#4365=VERTEX_POINT('',#14185);
#4366=VERTEX_POINT('',#14189);
#4367=VERTEX_POINT('',#14200);
#4368=VERTEX_POINT('',#14204);
#4369=VERTEX_POINT('',#14215);
#4370=VERTEX_POINT('',#14219);
#4371=VERTEX_POINT('',#14230);
#4372=VERTEX_POINT('',#14234);
#4373=VERTEX_POINT('',#14245);
#4374=VERTEX_POINT('',#14249);
#4375=VERTEX_POINT('',#14260);
#4376=VERTEX_POINT('',#14264);
#4377=VERTEX_POINT('',#14275);
#4378=VERTEX_POINT('',#14279);
#4379=VERTEX_POINT('',#14285);
#4380=VERTEX_POINT('',#14287);
#4381=VERTEX_POINT('',#14291);
#4382=VERTEX_POINT('',#14293);
#4383=VERTEX_POINT('',#14301);
#4384=VERTEX_POINT('',#14302);
#4385=VERTEX_POINT('',#14304);
#4386=VERTEX_POINT('',#14306);
#4387=VERTEX_POINT('',#14310);
#4388=VERTEX_POINT('',#14312);
#4389=VERTEX_POINT('',#14316);
#4390=VERTEX_POINT('',#14318);
#4391=VERTEX_POINT('',#14322);
#4392=VERTEX_POINT('',#14324);
#4393=VERTEX_POINT('',#14328);
#4394=VERTEX_POINT('',#14330);
#4395=VERTEX_POINT('',#14334);
#4396=VERTEX_POINT('',#14336);
#4397=VERTEX_POINT('',#14340);
#4398=VERTEX_POINT('',#14342);
#4399=VERTEX_POINT('',#14346);
#4400=VERTEX_POINT('',#14348);
#4401=VERTEX_POINT('',#14352);
#4402=VERTEX_POINT('',#14354);
#4403=VERTEX_POINT('',#14367);
#4404=VERTEX_POINT('',#14368);
#4405=VERTEX_POINT('',#14372);
#4406=VERTEX_POINT('',#14374);
#4407=VERTEX_POINT('',#14385);
#4408=VERTEX_POINT('',#14389);
#4409=VERTEX_POINT('',#14395);
#4410=VERTEX_POINT('',#14397);
#4411=VERTEX_POINT('',#14401);
#4412=VERTEX_POINT('',#14403);
#4413=VERTEX_POINT('',#14410);
#4414=VERTEX_POINT('',#14411);
#4415=VERTEX_POINT('',#14413);
#4416=VERTEX_POINT('',#14415);
#4417=VERTEX_POINT('',#14419);
#4418=VERTEX_POINT('',#14421);
#4419=VERTEX_POINT('',#14425);
#4420=VERTEX_POINT('',#14427);
#4421=VERTEX_POINT('',#14431);
#4422=VERTEX_POINT('',#14433);
#4423=VERTEX_POINT('',#14437);
#4424=VERTEX_POINT('',#14439);
#4425=VERTEX_POINT('',#14443);
#4426=VERTEX_POINT('',#14445);
#4427=VERTEX_POINT('',#14449);
#4428=VERTEX_POINT('',#14451);
#4429=VERTEX_POINT('',#14459);
#4430=VERTEX_POINT('',#14460);
#4431=VERTEX_POINT('',#14462);
#4432=VERTEX_POINT('',#14464);
#4433=VERTEX_POINT('',#14468);
#4434=VERTEX_POINT('',#14470);
#4435=VERTEX_POINT('',#14474);
#4436=VERTEX_POINT('',#14476);
#4437=VERTEX_POINT('',#14480);
#4438=VERTEX_POINT('',#14482);
#4439=VERTEX_POINT('',#14486);
#4440=VERTEX_POINT('',#14488);
#4441=VERTEX_POINT('',#14492);
#4442=VERTEX_POINT('',#14494);
#4443=VERTEX_POINT('',#14498);
#4444=VERTEX_POINT('',#14500);
#4445=VERTEX_POINT('',#14504);
#4446=VERTEX_POINT('',#14506);
#4447=VERTEX_POINT('',#14510);
#4448=VERTEX_POINT('',#14512);
#4449=VERTEX_POINT('',#14521);
#4450=VERTEX_POINT('',#14525);
#4451=VERTEX_POINT('',#14536);
#4452=VERTEX_POINT('',#14540);
#4453=VERTEX_POINT('',#14546);
#4454=VERTEX_POINT('',#14548);
#4455=VERTEX_POINT('',#14552);
#4456=VERTEX_POINT('',#14554);
#4457=VERTEX_POINT('',#14558);
#4458=VERTEX_POINT('',#14560);
#4459=VERTEX_POINT('',#14568);
#4460=VERTEX_POINT('',#14569);
#4461=VERTEX_POINT('',#14571);
#4462=VERTEX_POINT('',#14573);
#4463=VERTEX_POINT('',#14577);
#4464=VERTEX_POINT('',#14579);
#4465=VERTEX_POINT('',#14583);
#4466=VERTEX_POINT('',#14585);
#4467=VERTEX_POINT('',#14589);
#4468=VERTEX_POINT('',#14591);
#4469=VERTEX_POINT('',#14595);
#4470=VERTEX_POINT('',#14597);
#4471=VERTEX_POINT('',#14601);
#4472=VERTEX_POINT('',#14603);
#4473=VERTEX_POINT('',#14607);
#4474=VERTEX_POINT('',#14609);
#4475=VERTEX_POINT('',#14613);
#4476=VERTEX_POINT('',#14615);
#4477=VERTEX_POINT('',#14619);
#4478=VERTEX_POINT('',#14621);
#4479=VERTEX_POINT('',#14625);
#4480=VERTEX_POINT('',#14627);
#4481=VERTEX_POINT('',#14631);
#4482=VERTEX_POINT('',#14633);
#4483=VERTEX_POINT('',#14641);
#4484=VERTEX_POINT('',#14642);
#4485=VERTEX_POINT('',#14644);
#4486=VERTEX_POINT('',#14646);
#4487=VERTEX_POINT('',#14650);
#4488=VERTEX_POINT('',#14652);
#4489=VERTEX_POINT('',#14656);
#4490=VERTEX_POINT('',#14658);
#4491=VERTEX_POINT('',#14662);
#4492=VERTEX_POINT('',#14664);
#4493=VERTEX_POINT('',#14668);
#4494=VERTEX_POINT('',#14670);
#4495=VERTEX_POINT('',#14674);
#4496=VERTEX_POINT('',#14676);
#4497=VERTEX_POINT('',#14680);
#4498=VERTEX_POINT('',#14682);
#4499=VERTEX_POINT('',#14699);
#4500=VERTEX_POINT('',#14700);
#4501=VERTEX_POINT('',#14704);
#4502=VERTEX_POINT('',#14706);
#4503=VERTEX_POINT('',#14717);
#4504=VERTEX_POINT('',#14721);
#4505=VERTEX_POINT('',#14732);
#4506=VERTEX_POINT('',#14736);
#4507=VERTEX_POINT('',#14747);
#4508=VERTEX_POINT('',#14751);
#4509=VERTEX_POINT('',#14762);
#4510=VERTEX_POINT('',#14766);
#4511=VERTEX_POINT('',#14777);
#4512=VERTEX_POINT('',#14781);
#4513=VERTEX_POINT('',#14792);
#4514=VERTEX_POINT('',#14796);
#4515=VERTEX_POINT('',#14819);
#4516=VERTEX_POINT('',#14820);
#4517=VERTEX_POINT('',#14824);
#4518=VERTEX_POINT('',#14826);
#4519=VERTEX_POINT('',#14837);
#4520=VERTEX_POINT('',#14841);
#4521=VERTEX_POINT('',#14852);
#4522=VERTEX_POINT('',#14856);
#4523=VERTEX_POINT('',#14867);
#4524=VERTEX_POINT('',#14871);
#4525=VERTEX_POINT('',#14882);
#4526=VERTEX_POINT('',#14886);
#4527=VERTEX_POINT('',#14897);
#4528=VERTEX_POINT('',#14901);
#4529=VERTEX_POINT('',#14912);
#4530=VERTEX_POINT('',#14916);
#4531=VERTEX_POINT('',#14927);
#4532=VERTEX_POINT('',#14931);
#4533=VERTEX_POINT('',#14950);
#4534=VERTEX_POINT('',#14951);
#4535=VERTEX_POINT('',#14953);
#4536=VERTEX_POINT('',#14955);
#4537=VERTEX_POINT('',#14964);
#4538=VERTEX_POINT('',#14968);
#4539=VERTEX_POINT('',#14979);
#4540=VERTEX_POINT('',#14983);
#4541=VERTEX_POINT('',#14994);
#4542=VERTEX_POINT('',#14998);
#4543=VERTEX_POINT('',#15009);
#4544=VERTEX_POINT('',#15013);
#4545=VERTEX_POINT('',#15024);
#4546=VERTEX_POINT('',#15028);
#4547=VERTEX_POINT('',#15039);
#4548=VERTEX_POINT('',#15043);
#4549=VERTEX_POINT('',#15049);
#4550=VERTEX_POINT('',#15051);
#4551=VERTEX_POINT('',#15058);
#4552=VERTEX_POINT('',#15059);
#4553=VERTEX_POINT('',#15061);
#4554=VERTEX_POINT('',#15063);
#4555=VERTEX_POINT('',#15072);
#4556=VERTEX_POINT('',#15076);
#4557=VERTEX_POINT('',#15087);
#4558=VERTEX_POINT('',#15091);
#4559=VERTEX_POINT('',#15102);
#4560=VERTEX_POINT('',#15106);
#4561=VERTEX_POINT('',#15117);
#4562=VERTEX_POINT('',#15121);
#4563=VERTEX_POINT('',#15132);
#4564=VERTEX_POINT('',#15136);
#4565=VERTEX_POINT('',#15147);
#4566=VERTEX_POINT('',#15151);
#4567=VERTEX_POINT('',#15162);
#4568=VERTEX_POINT('',#15166);
#4569=VERTEX_POINT('',#15172);
#4570=VERTEX_POINT('',#15174);
#4571=VERTEX_POINT('',#15186);
#4572=VERTEX_POINT('',#15187);
#4573=VERTEX_POINT('',#15191);
#4574=VERTEX_POINT('',#15193);
#4575=VERTEX_POINT('',#15204);
#4576=VERTEX_POINT('',#15208);
#4577=VERTEX_POINT('',#15219);
#4578=VERTEX_POINT('',#15223);
#4579=VERTEX_POINT('',#15234);
#4580=VERTEX_POINT('',#15238);
#4581=VERTEX_POINT('',#15249);
#4582=VERTEX_POINT('',#15253);
#4583=VERTEX_POINT('',#15264);
#4584=VERTEX_POINT('',#15268);
#4585=VERTEX_POINT('',#15279);
#4586=VERTEX_POINT('',#15283);
#4587=VERTEX_POINT('',#15294);
#4588=VERTEX_POINT('',#15298);
#4589=VERTEX_POINT('',#15309);
#4590=VERTEX_POINT('',#15313);
#4591=VERTEX_POINT('',#15324);
#4592=VERTEX_POINT('',#15328);
#4593=VERTEX_POINT('',#15339);
#4594=VERTEX_POINT('',#15343);
#4595=VERTEX_POINT('',#15349);
#4596=VERTEX_POINT('',#15351);
#4597=VERTEX_POINT('',#15355);
#4598=VERTEX_POINT('',#15357);
#4599=VERTEX_POINT('',#15370);
#4600=VERTEX_POINT('',#15371);
#4601=VERTEX_POINT('',#15375);
#4602=VERTEX_POINT('',#15377);
#4603=VERTEX_POINT('',#15388);
#4604=VERTEX_POINT('',#15392);
#4605=VERTEX_POINT('',#15403);
#4606=VERTEX_POINT('',#15407);
#4607=VERTEX_POINT('',#15413);
#4608=VERTEX_POINT('',#15415);
#4609=VERTEX_POINT('',#15419);
#4610=VERTEX_POINT('',#15421);
#4611=VERTEX_POINT('',#15425);
#4612=VERTEX_POINT('',#15427);
#4613=VERTEX_POINT('',#15436);
#4614=VERTEX_POINT('',#15440);
#4615=VERTEX_POINT('',#15451);
#4616=VERTEX_POINT('',#15455);
#4617=VERTEX_POINT('',#15461);
#4618=VERTEX_POINT('',#15463);
#4619=VERTEX_POINT('',#15467);
#4620=VERTEX_POINT('',#15469);
#4621=VERTEX_POINT('',#15473);
#4622=VERTEX_POINT('',#15475);
#4623=VERTEX_POINT('',#15484);
#4624=VERTEX_POINT('',#15488);
#4625=VERTEX_POINT('',#15499);
#4626=VERTEX_POINT('',#15503);
#4627=VERTEX_POINT('',#15514);
#4628=VERTEX_POINT('',#15518);
#4629=VERTEX_POINT('',#15529);
#4630=VERTEX_POINT('',#15533);
#4631=VERTEX_POINT('',#15544);
#4632=VERTEX_POINT('',#15548);
#4633=VERTEX_POINT('',#15554);
#4634=VERTEX_POINT('',#15556);
#4635=VERTEX_POINT('',#15578);
#4636=VERTEX_POINT('',#15579);
#4637=VERTEX_POINT('',#15583);
#4638=VERTEX_POINT('',#15585);
#4639=VERTEX_POINT('',#15596);
#4640=VERTEX_POINT('',#15600);
#4641=VERTEX_POINT('',#15611);
#4642=VERTEX_POINT('',#15615);
#4643=VERTEX_POINT('',#15626);
#4644=VERTEX_POINT('',#15630);
#4645=VERTEX_POINT('',#15641);
#4646=VERTEX_POINT('',#15645);
#4647=VERTEX_POINT('',#15656);
#4648=VERTEX_POINT('',#15660);
#4649=VERTEX_POINT('',#15671);
#4650=VERTEX_POINT('',#15675);
#4651=VERTEX_POINT('',#15698);
#4652=VERTEX_POINT('',#15699);
#4653=VERTEX_POINT('',#15703);
#4654=VERTEX_POINT('',#15705);
#4655=VERTEX_POINT('',#15716);
#4656=VERTEX_POINT('',#15720);
#4657=VERTEX_POINT('',#15731);
#4658=VERTEX_POINT('',#15735);
#4659=VERTEX_POINT('',#15746);
#4660=VERTEX_POINT('',#15750);
#4661=VERTEX_POINT('',#15761);
#4662=VERTEX_POINT('',#15765);
#4663=VERTEX_POINT('',#15776);
#4664=VERTEX_POINT('',#15780);
#4665=VERTEX_POINT('',#15791);
#4666=VERTEX_POINT('',#15795);
#4667=VERTEX_POINT('',#15806);
#4668=VERTEX_POINT('',#15810);
#4669=VERTEX_POINT('',#15834);
#4670=VERTEX_POINT('',#15835);
#4671=VERTEX_POINT('',#15839);
#4672=VERTEX_POINT('',#15841);
#4673=VERTEX_POINT('',#15852);
#4674=VERTEX_POINT('',#15856);
#4675=VERTEX_POINT('',#15867);
#4676=VERTEX_POINT('',#15871);
#4677=VERTEX_POINT('',#15882);
#4678=VERTEX_POINT('',#15886);
#4679=VERTEX_POINT('',#15897);
#4680=VERTEX_POINT('',#15901);
#4681=VERTEX_POINT('',#15912);
#4682=VERTEX_POINT('',#15916);
#4683=VERTEX_POINT('',#15927);
#4684=VERTEX_POINT('',#15931);
#4685=VERTEX_POINT('',#15949);
#4686=VERTEX_POINT('',#15950);
#4687=VERTEX_POINT('',#15952);
#4688=VERTEX_POINT('',#15954);
#4689=VERTEX_POINT('',#15958);
#4690=VERTEX_POINT('',#15960);
#4691=VERTEX_POINT('',#15964);
#4692=VERTEX_POINT('',#15966);
#4693=VERTEX_POINT('',#15975);
#4694=VERTEX_POINT('',#15979);
#4695=VERTEX_POINT('',#15990);
#4696=VERTEX_POINT('',#15994);
#4697=VERTEX_POINT('',#16005);
#4698=VERTEX_POINT('',#16009);
#4699=VERTEX_POINT('',#16020);
#4700=VERTEX_POINT('',#16024);
#4701=VERTEX_POINT('',#16035);
#4702=VERTEX_POINT('',#16039);
#4703=VERTEX_POINT('',#16050);
#4704=VERTEX_POINT('',#16054);
#4705=VERTEX_POINT('',#16065);
#4706=VERTEX_POINT('',#16069);
#4707=VERTEX_POINT('',#16080);
#4708=VERTEX_POINT('',#16084);
#4709=VERTEX_POINT('',#16095);
#4710=VERTEX_POINT('',#16099);
#4711=VERTEX_POINT('',#16105);
#4712=VERTEX_POINT('',#16107);
#4713=VERTEX_POINT('',#16120);
#4714=VERTEX_POINT('',#16121);
#4715=VERTEX_POINT('',#16125);
#4716=VERTEX_POINT('',#16127);
#4717=VERTEX_POINT('',#16138);
#4718=VERTEX_POINT('',#16142);
#4719=VERTEX_POINT('',#16153);
#4720=VERTEX_POINT('',#16157);
#4721=VERTEX_POINT('',#16168);
#4722=VERTEX_POINT('',#16172);
#4723=VERTEX_POINT('',#16183);
#4724=VERTEX_POINT('',#16187);
#4725=VERTEX_POINT('',#16198);
#4726=VERTEX_POINT('',#16202);
#4727=VERTEX_POINT('',#16213);
#4728=VERTEX_POINT('',#16217);
#4729=VERTEX_POINT('',#16228);
#4730=VERTEX_POINT('',#16232);
#4731=VERTEX_POINT('',#16243);
#4732=VERTEX_POINT('',#16247);
#4733=VERTEX_POINT('',#16256);
#4734=VERTEX_POINT('',#16257);
#4735=VERTEX_POINT('',#16259);
#4736=VERTEX_POINT('',#16261);
#4737=VERTEX_POINT('',#16270);
#4738=VERTEX_POINT('',#16274);
#4739=VERTEX_POINT('',#16285);
#4740=VERTEX_POINT('',#16289);
#4741=VERTEX_POINT('',#16295);
#4742=VERTEX_POINT('',#16297);
#4743=VERTEX_POINT('',#16306);
#4744=VERTEX_POINT('',#16310);
#4745=VERTEX_POINT('',#16321);
#4746=VERTEX_POINT('',#16325);
#4747=VERTEX_POINT('',#16336);
#4748=VERTEX_POINT('',#16340);
#4749=VERTEX_POINT('',#16351);
#4750=VERTEX_POINT('',#16355);
#4751=VERTEX_POINT('',#16366);
#4752=VERTEX_POINT('',#16370);
#4753=VERTEX_POINT('',#16381);
#4754=VERTEX_POINT('',#16385);
#4755=VERTEX_POINT('',#16396);
#4756=VERTEX_POINT('',#16400);
#4757=VERTEX_POINT('',#16406);
#4758=VERTEX_POINT('',#16408);
#4759=VERTEX_POINT('',#16417);
#4760=VERTEX_POINT('',#16421);
#4761=VERTEX_POINT('',#16432);
#4762=VERTEX_POINT('',#16436);
#4763=VERTEX_POINT('',#16447);
#4764=VERTEX_POINT('',#16451);
#4765=VERTEX_POINT('',#16462);
#4766=VERTEX_POINT('',#16466);
#4767=VERTEX_POINT('',#16477);
#4768=VERTEX_POINT('',#16481);
#4769=VERTEX_POINT('',#16492);
#4770=VERTEX_POINT('',#16496);
#4771=VERTEX_POINT('',#16507);
#4772=VERTEX_POINT('',#16511);
#4773=VERTEX_POINT('',#16522);
#4774=VERTEX_POINT('',#16526);
#4775=VERTEX_POINT('',#16537);
#4776=VERTEX_POINT('',#16541);
#4777=VERTEX_POINT('',#16552);
#4778=VERTEX_POINT('',#16556);
#4779=VERTEX_POINT('',#16567);
#4780=VERTEX_POINT('',#16571);
#4781=VERTEX_POINT('',#16582);
#4782=VERTEX_POINT('',#16586);
#4783=VERTEX_POINT('',#16597);
#4784=VERTEX_POINT('',#16601);
#4785=VERTEX_POINT('',#16612);
#4786=VERTEX_POINT('',#16616);
#4787=VERTEX_POINT('',#16635);
#4788=VERTEX_POINT('',#16636);
#4789=VERTEX_POINT('',#16638);
#4790=VERTEX_POINT('',#16640);
#4791=VERTEX_POINT('',#16644);
#4792=VERTEX_POINT('',#16646);
#4793=VERTEX_POINT('',#16650);
#4794=VERTEX_POINT('',#16652);
#4795=VERTEX_POINT('',#16656);
#4796=VERTEX_POINT('',#16658);
#4797=VERTEX_POINT('',#16662);
#4798=VERTEX_POINT('',#16664);
#4799=VERTEX_POINT('',#16672);
#4800=VERTEX_POINT('',#16673);
#4801=VERTEX_POINT('',#16675);
#4802=VERTEX_POINT('',#16677);
#4803=VERTEX_POINT('',#16686);
#4804=VERTEX_POINT('',#16690);
#4805=VERTEX_POINT('',#16701);
#4806=VERTEX_POINT('',#16705);
#4807=VERTEX_POINT('',#16716);
#4808=VERTEX_POINT('',#16720);
#4809=VERTEX_POINT('',#16731);
#4810=VERTEX_POINT('',#16735);
#4811=VERTEX_POINT('',#16746);
#4812=VERTEX_POINT('',#16750);
#4813=VERTEX_POINT('',#16756);
#4814=VERTEX_POINT('',#16758);
#4815=VERTEX_POINT('',#16762);
#4816=VERTEX_POINT('',#16764);
#4817=VERTEX_POINT('',#16768);
#4818=VERTEX_POINT('',#16770);
#4819=VERTEX_POINT('',#16779);
#4820=VERTEX_POINT('',#16783);
#4821=VERTEX_POINT('',#16794);
#4822=VERTEX_POINT('',#16798);
#4823=VERTEX_POINT('',#16809);
#4824=VERTEX_POINT('',#16813);
#4825=VERTEX_POINT('',#16824);
#4826=VERTEX_POINT('',#16828);
#4827=VERTEX_POINT('',#16839);
#4828=VERTEX_POINT('',#16843);
#4829=VERTEX_POINT('',#16849);
#4830=VERTEX_POINT('',#16851);
#4831=VERTEX_POINT('',#16855);
#4832=VERTEX_POINT('',#16857);
#4833=VERTEX_POINT('',#16861);
#4834=VERTEX_POINT('',#16863);
#4835=VERTEX_POINT('',#16876);
#4836=VERTEX_POINT('',#16877);
#4837=VERTEX_POINT('',#16881);
#4838=VERTEX_POINT('',#16883);
#4839=VERTEX_POINT('',#16894);
#4840=VERTEX_POINT('',#16898);
#4841=VERTEX_POINT('',#16909);
#4842=VERTEX_POINT('',#16913);
#4843=VERTEX_POINT('',#16924);
#4844=VERTEX_POINT('',#16928);
#4845=VERTEX_POINT('',#16939);
#4846=VERTEX_POINT('',#16943);
#4847=VERTEX_POINT('',#16954);
#4848=VERTEX_POINT('',#16958);
#4849=VERTEX_POINT('',#16969);
#4850=VERTEX_POINT('',#16973);
#4851=VERTEX_POINT('',#16996);
#4852=VERTEX_POINT('',#16997);
#4853=VERTEX_POINT('',#17001);
#4854=VERTEX_POINT('',#17003);
#4855=VERTEX_POINT('',#17014);
#4856=VERTEX_POINT('',#17018);
#4857=VERTEX_POINT('',#17029);
#4858=VERTEX_POINT('',#17033);
#4859=VERTEX_POINT('',#17044);
#4860=VERTEX_POINT('',#17048);
#4861=VERTEX_POINT('',#17059);
#4862=VERTEX_POINT('',#17063);
#4863=VERTEX_POINT('',#17074);
#4864=VERTEX_POINT('',#17078);
#4865=VERTEX_POINT('',#17089);
#4866=VERTEX_POINT('',#17093);
#4867=VERTEX_POINT('',#17104);
#4868=VERTEX_POINT('',#17108);
#4869=VERTEX_POINT('',#17114);
#4870=VERTEX_POINT('',#17116);
#4871=VERTEX_POINT('',#17120);
#4872=VERTEX_POINT('',#17122);
#4873=VERTEX_POINT('',#17126);
#4874=VERTEX_POINT('',#17128);
#4875=VERTEX_POINT('',#17132);
#4876=VERTEX_POINT('',#17134);
#4877=VERTEX_POINT('',#17147);
#4878=VERTEX_POINT('',#17148);
#4879=VERTEX_POINT('',#17152);
#4880=VERTEX_POINT('',#17154);
#4881=VERTEX_POINT('',#17165);
#4882=VERTEX_POINT('',#17169);
#4883=VERTEX_POINT('',#17180);
#4884=VERTEX_POINT('',#17184);
#4885=VERTEX_POINT('',#17190);
#4886=VERTEX_POINT('',#17192);
#4887=VERTEX_POINT('',#17213);
#4888=VERTEX_POINT('',#17214);
#4889=VERTEX_POINT('',#17218);
#4890=VERTEX_POINT('',#17220);
#4891=VERTEX_POINT('',#17231);
#4892=VERTEX_POINT('',#17235);
#4893=VERTEX_POINT('',#17246);
#4894=VERTEX_POINT('',#17250);
#4895=VERTEX_POINT('',#17256);
#4896=VERTEX_POINT('',#17258);
#4897=VERTEX_POINT('',#17267);
#4898=VERTEX_POINT('',#17271);
#4899=VERTEX_POINT('',#17282);
#4900=VERTEX_POINT('',#17286);
#4901=VERTEX_POINT('',#17297);
#4902=VERTEX_POINT('',#17301);
#4903=VERTEX_POINT('',#17312);
#4904=VERTEX_POINT('',#17316);
#4905=VERTEX_POINT('',#17327);
#4906=VERTEX_POINT('',#17331);
#4907=VERTEX_POINT('',#17342);
#4908=VERTEX_POINT('',#17346);
#4909=VERTEX_POINT('',#17357);
#4910=VERTEX_POINT('',#17361);
#4911=VERTEX_POINT('',#17372);
#4912=VERTEX_POINT('',#17376);
#4913=VERTEX_POINT('',#17387);
#4914=VERTEX_POINT('',#17391);
#4915=VERTEX_POINT('',#17397);
#4916=VERTEX_POINT('',#17399);
#4917=VERTEX_POINT('',#17416);
#4918=VERTEX_POINT('',#17417);
#4919=VERTEX_POINT('',#17419);
#4920=VERTEX_POINT('',#17421);
#4921=VERTEX_POINT('',#17425);
#4922=VERTEX_POINT('',#17427);
#4923=VERTEX_POINT('',#17431);
#4924=VERTEX_POINT('',#17433);
#4925=VERTEX_POINT('',#17437);
#4926=VERTEX_POINT('',#17439);
#4927=VERTEX_POINT('',#17443);
#4928=VERTEX_POINT('',#17445);
#4929=VERTEX_POINT('',#17449);
#4930=VERTEX_POINT('',#17451);
#4931=VERTEX_POINT('',#17455);
#4932=VERTEX_POINT('',#17457);
#4933=VERTEX_POINT('',#17465);
#4934=VERTEX_POINT('',#17466);
#4935=VERTEX_POINT('',#17468);
#4936=VERTEX_POINT('',#17470);
#4937=VERTEX_POINT('',#17474);
#4938=VERTEX_POINT('',#17476);
#4939=VERTEX_POINT('',#17480);
#4940=VERTEX_POINT('',#17482);
#4941=VERTEX_POINT('',#17503);
#4942=VERTEX_POINT('',#17504);
#4943=VERTEX_POINT('',#17508);
#4944=VERTEX_POINT('',#17510);
#4945=VERTEX_POINT('',#17521);
#4946=VERTEX_POINT('',#17525);
#4947=VERTEX_POINT('',#17536);
#4948=VERTEX_POINT('',#17540);
#4949=VERTEX_POINT('',#17551);
#4950=VERTEX_POINT('',#17555);
#4951=VERTEX_POINT('',#17566);
#4952=VERTEX_POINT('',#17570);
#4953=VERTEX_POINT('',#17576);
#4954=VERTEX_POINT('',#17578);
#4955=VERTEX_POINT('',#17582);
#4956=VERTEX_POINT('',#17584);
#4957=VERTEX_POINT('',#17588);
#4958=VERTEX_POINT('',#17590);
#4959=VERTEX_POINT('',#17599);
#4960=VERTEX_POINT('',#17603);
#4961=VERTEX_POINT('',#17614);
#4962=VERTEX_POINT('',#17618);
#4963=VERTEX_POINT('',#17629);
#4964=VERTEX_POINT('',#17633);
#4965=VERTEX_POINT('',#17644);
#4966=VERTEX_POINT('',#17648);
#4967=VERTEX_POINT('',#17659);
#4968=VERTEX_POINT('',#17663);
#4969=VERTEX_POINT('',#17674);
#4970=VERTEX_POINT('',#17678);
#4971=VERTEX_POINT('',#17684);
#4972=VERTEX_POINT('',#17686);
#4973=VERTEX_POINT('',#17690);
#4974=VERTEX_POINT('',#17692);
#4975=VERTEX_POINT('',#17700);
#4976=VERTEX_POINT('',#17701);
#4977=VERTEX_POINT('',#17703);
#4978=VERTEX_POINT('',#17705);
#4979=VERTEX_POINT('',#17709);
#4980=VERTEX_POINT('',#17711);
#4981=VERTEX_POINT('',#17715);
#4982=VERTEX_POINT('',#17717);
#4983=VERTEX_POINT('',#17721);
#4984=VERTEX_POINT('',#17723);
#4985=VERTEX_POINT('',#17727);
#4986=VERTEX_POINT('',#17729);
#4987=VERTEX_POINT('',#17733);
#4988=VERTEX_POINT('',#17735);
#4989=VERTEX_POINT('',#17739);
#4990=VERTEX_POINT('',#17741);
#4991=VERTEX_POINT('',#17745);
#4992=VERTEX_POINT('',#17747);
#4993=VERTEX_POINT('',#17751);
#4994=VERTEX_POINT('',#17753);
#4995=VERTEX_POINT('',#17757);
#4996=VERTEX_POINT('',#17759);
#4997=VERTEX_POINT('',#17763);
#4998=VERTEX_POINT('',#17765);
#4999=VERTEX_POINT('',#17773);
#5000=VERTEX_POINT('',#17774);
#5001=VERTEX_POINT('',#17776);
#5002=VERTEX_POINT('',#17778);
#5003=VERTEX_POINT('',#17782);
#5004=VERTEX_POINT('',#17784);
#5005=VERTEX_POINT('',#17788);
#5006=VERTEX_POINT('',#17790);
#5007=VERTEX_POINT('',#17794);
#5008=VERTEX_POINT('',#17796);
#5009=VERTEX_POINT('',#17800);
#5010=VERTEX_POINT('',#17802);
#5011=VERTEX_POINT('',#17806);
#5012=VERTEX_POINT('',#17808);
#5013=VERTEX_POINT('',#17812);
#5014=VERTEX_POINT('',#17814);
#5015=VERTEX_POINT('',#17818);
#5016=VERTEX_POINT('',#17820);
#5017=VERTEX_POINT('',#17824);
#5018=VERTEX_POINT('',#17826);
#5019=VERTEX_POINT('',#17830);
#5020=VERTEX_POINT('',#17832);
#5021=VERTEX_POINT('',#17836);
#5022=VERTEX_POINT('',#17838);
#5023=VERTEX_POINT('',#17846);
#5024=VERTEX_POINT('',#17847);
#5025=VERTEX_POINT('',#17849);
#5026=VERTEX_POINT('',#17851);
#5027=VERTEX_POINT('',#17855);
#5028=VERTEX_POINT('',#17857);
#5029=VERTEX_POINT('',#17861);
#5030=VERTEX_POINT('',#17863);
#5031=VERTEX_POINT('',#17871);
#5032=VERTEX_POINT('',#17872);
#5033=VERTEX_POINT('',#17874);
#5034=VERTEX_POINT('',#17876);
#5035=VERTEX_POINT('',#17880);
#5036=VERTEX_POINT('',#17882);
#5037=VERTEX_POINT('',#17886);
#5038=VERTEX_POINT('',#17888);
#5039=VERTEX_POINT('',#17896);
#5040=VERTEX_POINT('',#17897);
#5041=VERTEX_POINT('',#17899);
#5042=VERTEX_POINT('',#17901);
#5043=VERTEX_POINT('',#17905);
#5044=VERTEX_POINT('',#17907);
#5045=VERTEX_POINT('',#17911);
#5046=VERTEX_POINT('',#17913);
#5047=VERTEX_POINT('',#17921);
#5048=VERTEX_POINT('',#17922);
#5049=VERTEX_POINT('',#17924);
#5050=VERTEX_POINT('',#17926);
#5051=VERTEX_POINT('',#17930);
#5052=VERTEX_POINT('',#17932);
#5053=VERTEX_POINT('',#17936);
#5054=VERTEX_POINT('',#17938);
#5055=VERTEX_POINT('',#17946);
#5056=VERTEX_POINT('',#17947);
#5057=VERTEX_POINT('',#17949);
#5058=VERTEX_POINT('',#17951);
#5059=VERTEX_POINT('',#17955);
#5060=VERTEX_POINT('',#17956);
#5061=VERTEX_POINT('',#17958);
#5062=VERTEX_POINT('',#17960);
#5063=VERTEX_POINT('',#17967);
#5064=VERTEX_POINT('',#17969);
#5065=VERTEX_POINT('',#17971);
#5066=VERTEX_POINT('',#17973);
#5067=VERTEX_POINT('',#17975);
#5068=VERTEX_POINT('',#17977);
#5069=VERTEX_POINT('',#17979);
#5070=VERTEX_POINT('',#17981);
#5071=VERTEX_POINT('',#17985);
#5072=VERTEX_POINT('',#17989);
#5073=VERTEX_POINT('',#17991);
#5074=VERTEX_POINT('',#17993);
#5075=VERTEX_POINT('',#17995);
#5076=VERTEX_POINT('',#17997);
#5077=VERTEX_POINT('',#17999);
#5078=VERTEX_POINT('',#18001);
#5079=VERTEX_POINT('',#18003);
#5080=VERTEX_POINT('',#18005);
#5081=VERTEX_POINT('',#18007);
#5082=VERTEX_POINT('',#18009);
#5083=VERTEX_POINT('',#18011);
#5084=VERTEX_POINT('',#18013);
#5085=VERTEX_POINT('',#18015);
#5086=VERTEX_POINT('',#18017);
#5087=VERTEX_POINT('',#18019);
#5088=VERTEX_POINT('',#18021);
#5089=VERTEX_POINT('',#18025);
#5090=VERTEX_POINT('',#18027);
#5091=VERTEX_POINT('',#18031);
#5092=VERTEX_POINT('',#18032);
#5093=VERTEX_POINT('',#18034);
#5094=VERTEX_POINT('',#18036);
#5095=VERTEX_POINT('',#18043);
#5096=VERTEX_POINT('',#18045);
#5097=VERTEX_POINT('',#18047);
#5098=VERTEX_POINT('',#18049);
#5099=VERTEX_POINT('',#18051);
#5100=VERTEX_POINT('',#18053);
#5101=VERTEX_POINT('',#18055);
#5102=VERTEX_POINT('',#18059);
#5103=VERTEX_POINT('',#18063);
#5104=VERTEX_POINT('',#18067);
#5105=VERTEX_POINT('',#18068);
#5106=VERTEX_POINT('',#18075);
#5107=VERTEX_POINT('',#18077);
#5108=VERTEX_POINT('',#18079);
#5109=VERTEX_POINT('',#18081);
#5110=VERTEX_POINT('',#18083);
#5111=VERTEX_POINT('',#18085);
#5112=VERTEX_POINT('',#18087);
#5113=VERTEX_POINT('',#18089);
#5114=VERTEX_POINT('',#18091);
#5115=VERTEX_POINT('',#18093);
#5116=VERTEX_POINT('',#18097);
#5117=VERTEX_POINT('',#18101);
#5118=VERTEX_POINT('',#18102);
#5119=VERTEX_POINT('',#18109);
#5120=VERTEX_POINT('',#18111);
#5121=VERTEX_POINT('',#18113);
#5122=VERTEX_POINT('',#18115);
#5123=VERTEX_POINT('',#18117);
#5124=VERTEX_POINT('',#18119);
#5125=VERTEX_POINT('',#18121);
#5126=VERTEX_POINT('',#18123);
#5127=VERTEX_POINT('',#18125);
#5128=VERTEX_POINT('',#18127);
#5129=VERTEX_POINT('',#18131);
#5130=VERTEX_POINT('',#18132);
#5131=VERTEX_POINT('',#18134);
#5132=VERTEX_POINT('',#18136);
#5133=VERTEX_POINT('',#18140);
#5134=VERTEX_POINT('',#18142);
#5135=VERTEX_POINT('',#18146);
#5136=VERTEX_POINT('',#18148);
#5137=VERTEX_POINT('',#18152);
#5138=VERTEX_POINT('',#18154);
#5139=VERTEX_POINT('',#18158);
#5140=VERTEX_POINT('',#18160);
#5141=VERTEX_POINT('',#18166);
#5142=VERTEX_POINT('',#18170);
#5143=VERTEX_POINT('',#18174);
#5144=VERTEX_POINT('',#18176);
#5145=VERTEX_POINT('',#18178);
#5146=VERTEX_POINT('',#18180);
#5147=VERTEX_POINT('',#18182);
#5148=VERTEX_POINT('',#18184);
#5149=VERTEX_POINT('',#18186);
#5150=VERTEX_POINT('',#18188);
#5151=VERTEX_POINT('',#18190);
#5152=VERTEX_POINT('',#18192);
#5153=VERTEX_POINT('',#18194);
#5154=VERTEX_POINT('',#18196);
#5155=VERTEX_POINT('',#18198);
#5156=VERTEX_POINT('',#18200);
#5157=VERTEX_POINT('',#18202);
#5158=VERTEX_POINT('',#18204);
#5159=VERTEX_POINT('',#18206);
#5160=VERTEX_POINT('',#18209);
#5161=VERTEX_POINT('',#18211);
#5162=VERTEX_POINT('',#18213);
#5163=VERTEX_POINT('',#18215);
#5164=VERTEX_POINT('',#18217);
#5165=VERTEX_POINT('',#18220);
#5166=VERTEX_POINT('',#18222);
#5167=VERTEX_POINT('',#18224);
#5168=VERTEX_POINT('',#18226);
#5169=VERTEX_POINT('',#18228);
#5170=VERTEX_POINT('',#18231);
#5171=VERTEX_POINT('',#18237);
#5172=VERTEX_POINT('',#18238);
#5173=VERTEX_POINT('',#18240);
#5174=VERTEX_POINT('',#18242);
#5175=VERTEX_POINT('',#18244);
#5176=VERTEX_POINT('',#18246);
#5177=VERTEX_POINT('',#18248);
#5178=VERTEX_POINT('',#18250);
#5179=VERTEX_POINT('',#18253);
#5180=VERTEX_POINT('',#18255);
#5181=VERTEX_POINT('',#18257);
#5182=VERTEX_POINT('',#18259);
#5183=VERTEX_POINT('',#18261);
#5184=VERTEX_POINT('',#18263);
#5185=VERTEX_POINT('',#18265);
#5186=VERTEX_POINT('',#18267);
#5187=VERTEX_POINT('',#18271);
#5188=VERTEX_POINT('',#18273);
#5189=VERTEX_POINT('',#18277);
#5190=VERTEX_POINT('',#18279);
#5191=VERTEX_POINT('',#18284);
#5192=VERTEX_POINT('',#18286);
#5193=VERTEX_POINT('',#18291);
#5194=VERTEX_POINT('',#18293);
#5195=VERTEX_POINT('',#18308);
#5196=VERTEX_POINT('',#18310);
#5197=VERTEX_POINT('',#18315);
#5198=VERTEX_POINT('',#18317);
#5199=VERTEX_POINT('',#18322);
#5200=VERTEX_POINT('',#18324);
#5201=VERTEX_POINT('',#18331);
#5202=VERTEX_POINT('',#18333);
#5203=VERTEX_POINT('',#18338);
#5204=VERTEX_POINT('',#18340);
#5205=VERTEX_POINT('',#18345);
#5206=VERTEX_POINT('',#18348);
#5207=VERTEX_POINT('',#18358);
#5208=VERTEX_POINT('',#18360);
#5209=VERTEX_POINT('',#18365);
#5210=VERTEX_POINT('',#18367);
#5211=VERTEX_POINT('',#18372);
#5212=VERTEX_POINT('',#18376);
#5213=VERTEX_POINT('',#18409);
#5214=VERTEX_POINT('',#18410);
#5215=VERTEX_POINT('',#18412);
#5216=VERTEX_POINT('',#18414);
#5217=VERTEX_POINT('',#18418);
#5218=VERTEX_POINT('',#18420);
#5219=VERTEX_POINT('',#18422);
#5220=VERTEX_POINT('',#18424);
#5221=VERTEX_POINT('',#18428);
#5222=VERTEX_POINT('',#18433);
#5223=VERTEX_POINT('',#18435);
#5224=VERTEX_POINT('',#18437);
#5225=VERTEX_POINT('',#18444);
#5226=VERTEX_POINT('',#18445);
#5227=VERTEX_POINT('',#18447);
#5228=VERTEX_POINT('',#18451);
#5229=VERTEX_POINT('',#18452);
#5230=VERTEX_POINT('',#18454);
#5231=VERTEX_POINT('',#18458);
#5232=VERTEX_POINT('',#18459);
#5233=VERTEX_POINT('',#18461);
#5234=VERTEX_POINT('',#18463);
#5235=VERTEX_POINT('',#18467);
#5236=VERTEX_POINT('',#18469);
#5237=VERTEX_POINT('',#18482);
#5238=VERTEX_POINT('',#18486);
#5239=VERTEX_POINT('',#18488);
#5240=VERTEX_POINT('',#18492);
#5241=EDGE_CURVE('',#4185,#4186,#2089,.T.);
#5242=EDGE_CURVE('',#4185,#4187,#2090,.T.);
#5243=EDGE_CURVE('',#4187,#4188,#2091,.T.);
#5244=EDGE_CURVE('',#4186,#4188,#2092,.T.);
#5245=EDGE_CURVE('',#4189,#4185,#2093,.T.);
#5246=EDGE_CURVE('',#4189,#4190,#2094,.T.);
#5247=EDGE_CURVE('',#4190,#4187,#2095,.T.);
#5248=EDGE_CURVE('',#4191,#4189,#2096,.T.);
#5249=EDGE_CURVE('',#4191,#4192,#2097,.T.);
#5250=EDGE_CURVE('',#4192,#4190,#2098,.T.);
#5251=EDGE_CURVE('',#4193,#4191,#2099,.T.);
#5252=EDGE_CURVE('',#4193,#4194,#2100,.T.);
#5253=EDGE_CURVE('',#4194,#4192,#2101,.T.);
#5254=EDGE_CURVE('',#4195,#4193,#2102,.T.);
#5255=EDGE_CURVE('',#4195,#4196,#2103,.T.);
#5256=EDGE_CURVE('',#4196,#4194,#2104,.T.);
#5257=EDGE_CURVE('',#4197,#4195,#2105,.T.);
#5258=EDGE_CURVE('',#4197,#4198,#2106,.T.);
#5259=EDGE_CURVE('',#4198,#4196,#2107,.T.);
#5260=EDGE_CURVE('',#4199,#4197,#2108,.T.);
#5261=EDGE_CURVE('',#4199,#4200,#2109,.T.);
#5262=EDGE_CURVE('',#4200,#4198,#2110,.T.);
#5263=EDGE_CURVE('',#4201,#4199,#2111,.T.);
#5264=EDGE_CURVE('',#4201,#4202,#2112,.T.);
#5265=EDGE_CURVE('',#4202,#4200,#2113,.T.);
#5266=EDGE_CURVE('',#4203,#4201,#2114,.T.);
#5267=EDGE_CURVE('',#4203,#4204,#2115,.T.);
#5268=EDGE_CURVE('',#4204,#4202,#2116,.T.);
#5269=EDGE_CURVE('',#4205,#4203,#2117,.T.);
#5270=EDGE_CURVE('',#4205,#4206,#2118,.T.);
#5271=EDGE_CURVE('',#4206,#4204,#2119,.T.);
#5272=EDGE_CURVE('',#4207,#4205,#2120,.T.);
#5273=EDGE_CURVE('',#4207,#4208,#2121,.T.);
#5274=EDGE_CURVE('',#4208,#4206,#2122,.T.);
#5275=EDGE_CURVE('',#4186,#4207,#2123,.T.);
#5276=EDGE_CURVE('',#4188,#4208,#2124,.T.);
#5277=EDGE_CURVE('',#4209,#4210,#2125,.T.);
#5278=EDGE_CURVE('',#4209,#4211,#2126,.T.);
#5279=EDGE_CURVE('',#4211,#4212,#2127,.T.);
#5280=EDGE_CURVE('',#4210,#4212,#2128,.T.);
#5281=EDGE_CURVE('',#4213,#4209,#185,.T.);
#5282=EDGE_CURVE('',#4213,#4214,#2129,.T.);
#5283=EDGE_CURVE('',#4214,#4211,#186,.T.);
#5284=EDGE_CURVE('',#4215,#4213,#187,.T.);
#5285=EDGE_CURVE('',#4215,#4216,#2130,.T.);
#5286=EDGE_CURVE('',#4216,#4214,#188,.T.);
#5287=EDGE_CURVE('',#4217,#4215,#189,.T.);
#5288=EDGE_CURVE('',#4217,#4218,#2131,.T.);
#5289=EDGE_CURVE('',#4218,#4216,#190,.T.);
#5290=EDGE_CURVE('',#4219,#4217,#191,.T.);
#5291=EDGE_CURVE('',#4219,#4220,#2132,.T.);
#5292=EDGE_CURVE('',#4220,#4218,#192,.T.);
#5293=EDGE_CURVE('',#4221,#4219,#193,.T.);
#5294=EDGE_CURVE('',#4221,#4222,#2133,.T.);
#5295=EDGE_CURVE('',#4222,#4220,#194,.T.);
#5296=EDGE_CURVE('',#4223,#4221,#2134,.T.);
#5297=EDGE_CURVE('',#4223,#4224,#2135,.T.);
#5298=EDGE_CURVE('',#4224,#4222,#2136,.T.);
#5299=EDGE_CURVE('',#4210,#4223,#2137,.T.);
#5300=EDGE_CURVE('',#4212,#4224,#2138,.T.);
#5301=EDGE_CURVE('',#4225,#4226,#2139,.T.);
#5302=EDGE_CURVE('',#4225,#4227,#2140,.T.);
#5303=EDGE_CURVE('',#4227,#4228,#2141,.T.);
#5304=EDGE_CURVE('',#4226,#4228,#2142,.T.);
#5305=EDGE_CURVE('',#4229,#4225,#2143,.T.);
#5306=EDGE_CURVE('',#4229,#4230,#2144,.T.);
#5307=EDGE_CURVE('',#4230,#4227,#2145,.T.);
#5308=EDGE_CURVE('',#4231,#4229,#195,.T.);
#5309=EDGE_CURVE('',#4231,#4232,#2146,.T.);
#5310=EDGE_CURVE('',#4232,#4230,#196,.T.);
#5311=EDGE_CURVE('',#4233,#4231,#197,.T.);
#5312=EDGE_CURVE('',#4233,#4234,#2147,.T.);
#5313=EDGE_CURVE('',#4234,#4232,#198,.T.);
#5314=EDGE_CURVE('',#4235,#4233,#199,.T.);
#5315=EDGE_CURVE('',#4235,#4236,#2148,.T.);
#5316=EDGE_CURVE('',#4236,#4234,#200,.T.);
#5317=EDGE_CURVE('',#4237,#4235,#201,.T.);
#5318=EDGE_CURVE('',#4237,#4238,#2149,.T.);
#5319=EDGE_CURVE('',#4238,#4236,#202,.T.);
#5320=EDGE_CURVE('',#4239,#4237,#2150,.T.);
#5321=EDGE_CURVE('',#4239,#4240,#2151,.T.);
#5322=EDGE_CURVE('',#4240,#4238,#2152,.T.);
#5323=EDGE_CURVE('',#4241,#4239,#2153,.T.);
#5324=EDGE_CURVE('',#4241,#4242,#2154,.T.);
#5325=EDGE_CURVE('',#4242,#4240,#2155,.T.);
#5326=EDGE_CURVE('',#4243,#4241,#2156,.T.);
#5327=EDGE_CURVE('',#4243,#4244,#2157,.T.);
#5328=EDGE_CURVE('',#4244,#4242,#2158,.T.);
#5329=EDGE_CURVE('',#4245,#4243,#203,.T.);
#5330=EDGE_CURVE('',#4245,#4246,#2159,.T.);
#5331=EDGE_CURVE('',#4246,#4244,#204,.T.);
#5332=EDGE_CURVE('',#4247,#4245,#205,.T.);
#5333=EDGE_CURVE('',#4247,#4248,#2160,.T.);
#5334=EDGE_CURVE('',#4248,#4246,#206,.T.);
#5335=EDGE_CURVE('',#4249,#4247,#207,.T.);
#5336=EDGE_CURVE('',#4249,#4250,#2161,.T.);
#5337=EDGE_CURVE('',#4250,#4248,#208,.T.);
#5338=EDGE_CURVE('',#4251,#4249,#209,.T.);
#5339=EDGE_CURVE('',#4251,#4252,#2162,.T.);
#5340=EDGE_CURVE('',#4252,#4250,#210,.T.);
#5341=EDGE_CURVE('',#4253,#4251,#211,.T.);
#5342=EDGE_CURVE('',#4253,#4254,#2163,.T.);
#5343=EDGE_CURVE('',#4254,#4252,#212,.T.);
#5344=EDGE_CURVE('',#4255,#4253,#213,.T.);
#5345=EDGE_CURVE('',#4255,#4256,#2164,.T.);
#5346=EDGE_CURVE('',#4256,#4254,#214,.T.);
#5347=EDGE_CURVE('',#4257,#4255,#215,.T.);
#5348=EDGE_CURVE('',#4257,#4258,#2165,.T.);
#5349=EDGE_CURVE('',#4258,#4256,#216,.T.);
#5350=EDGE_CURVE('',#4259,#4257,#2166,.T.);
#5351=EDGE_CURVE('',#4259,#4260,#2167,.T.);
#5352=EDGE_CURVE('',#4260,#4258,#2168,.T.);
#5353=EDGE_CURVE('',#4261,#4259,#2169,.T.);
#5354=EDGE_CURVE('',#4261,#4262,#2170,.T.);
#5355=EDGE_CURVE('',#4262,#4260,#2171,.T.);
#5356=EDGE_CURVE('',#4226,#4261,#2172,.T.);
#5357=EDGE_CURVE('',#4228,#4262,#2173,.T.);
#5358=EDGE_CURVE('',#4263,#4264,#2174,.T.);
#5359=EDGE_CURVE('',#4263,#4265,#2175,.T.);
#5360=EDGE_CURVE('',#4265,#4266,#2176,.T.);
#5361=EDGE_CURVE('',#4264,#4266,#2177,.T.);
#5362=EDGE_CURVE('',#4267,#4263,#2178,.T.);
#5363=EDGE_CURVE('',#4267,#4268,#2179,.T.);
#5364=EDGE_CURVE('',#4268,#4265,#2180,.T.);
#5365=EDGE_CURVE('',#4269,#4267,#2181,.T.);
#5366=EDGE_CURVE('',#4269,#4270,#2182,.T.);
#5367=EDGE_CURVE('',#4270,#4268,#2183,.T.);
#5368=EDGE_CURVE('',#4271,#4269,#2184,.T.);
#5369=EDGE_CURVE('',#4271,#4272,#2185,.T.);
#5370=EDGE_CURVE('',#4272,#4270,#2186,.T.);
#5371=EDGE_CURVE('',#4273,#4271,#2187,.T.);
#5372=EDGE_CURVE('',#4273,#4274,#2188,.T.);
#5373=EDGE_CURVE('',#4274,#4272,#2189,.T.);
#5374=EDGE_CURVE('',#4275,#4273,#2190,.T.);
#5375=EDGE_CURVE('',#4275,#4276,#2191,.T.);
#5376=EDGE_CURVE('',#4276,#4274,#2192,.T.);
#5377=EDGE_CURVE('',#4277,#4275,#2193,.T.);
#5378=EDGE_CURVE('',#4277,#4278,#2194,.T.);
#5379=EDGE_CURVE('',#4278,#4276,#2195,.T.);
#5380=EDGE_CURVE('',#4279,#4277,#2196,.T.);
#5381=EDGE_CURVE('',#4279,#4280,#2197,.T.);
#5382=EDGE_CURVE('',#4280,#4278,#2198,.T.);
#5383=EDGE_CURVE('',#4281,#4279,#2199,.T.);
#5384=EDGE_CURVE('',#4281,#4282,#2200,.T.);
#5385=EDGE_CURVE('',#4282,#4280,#2201,.T.);
#5386=EDGE_CURVE('',#4283,#4281,#2202,.T.);
#5387=EDGE_CURVE('',#4283,#4284,#2203,.T.);
#5388=EDGE_CURVE('',#4284,#4282,#2204,.T.);
#5389=EDGE_CURVE('',#4285,#4283,#2205,.T.);
#5390=EDGE_CURVE('',#4285,#4286,#2206,.T.);
#5391=EDGE_CURVE('',#4286,#4284,#2207,.T.);
#5392=EDGE_CURVE('',#4264,#4285,#2208,.T.);
#5393=EDGE_CURVE('',#4266,#4286,#2209,.T.);
#5394=EDGE_CURVE('',#4287,#4288,#2210,.T.);
#5395=EDGE_CURVE('',#4287,#4289,#2211,.T.);
#5396=EDGE_CURVE('',#4289,#4290,#2212,.T.);
#5397=EDGE_CURVE('',#4288,#4290,#2213,.T.);
#5398=EDGE_CURVE('',#4291,#4287,#2214,.T.);
#5399=EDGE_CURVE('',#4291,#4292,#2215,.T.);
#5400=EDGE_CURVE('',#4292,#4289,#2216,.T.);
#5401=EDGE_CURVE('',#4293,#4291,#2217,.T.);
#5402=EDGE_CURVE('',#4293,#4294,#2218,.T.);
#5403=EDGE_CURVE('',#4294,#4292,#2219,.T.);
#5404=EDGE_CURVE('',#4295,#4293,#2220,.T.);
#5405=EDGE_CURVE('',#4295,#4296,#2221,.T.);
#5406=EDGE_CURVE('',#4296,#4294,#2222,.T.);
#5407=EDGE_CURVE('',#4297,#4295,#2223,.T.);
#5408=EDGE_CURVE('',#4297,#4298,#2224,.T.);
#5409=EDGE_CURVE('',#4298,#4296,#2225,.T.);
#5410=EDGE_CURVE('',#4288,#4297,#2226,.T.);
#5411=EDGE_CURVE('',#4290,#4298,#2227,.T.);
#5412=EDGE_CURVE('',#4299,#4300,#217,.T.);
#5413=EDGE_CURVE('',#4299,#4301,#2228,.T.);
#5414=EDGE_CURVE('',#4301,#4302,#218,.T.);
#5415=EDGE_CURVE('',#4300,#4302,#2229,.T.);
#5416=EDGE_CURVE('',#4303,#4299,#219,.T.);
#5417=EDGE_CURVE('',#4303,#4304,#2230,.T.);
#5418=EDGE_CURVE('',#4304,#4301,#220,.T.);
#5419=EDGE_CURVE('',#4305,#4303,#221,.T.);
#5420=EDGE_CURVE('',#4305,#4306,#2231,.T.);
#5421=EDGE_CURVE('',#4306,#4304,#222,.T.);
#5422=EDGE_CURVE('',#4307,#4305,#223,.T.);
#5423=EDGE_CURVE('',#4307,#4308,#2232,.T.);
#5424=EDGE_CURVE('',#4308,#4306,#224,.T.);
#5425=EDGE_CURVE('',#4309,#4307,#225,.T.);
#5426=EDGE_CURVE('',#4309,#4310,#2233,.T.);
#5427=EDGE_CURVE('',#4310,#4308,#226,.T.);
#5428=EDGE_CURVE('',#4311,#4309,#227,.T.);
#5429=EDGE_CURVE('',#4311,#4312,#2234,.T.);
#5430=EDGE_CURVE('',#4312,#4310,#228,.T.);
#5431=EDGE_CURVE('',#4313,#4311,#229,.T.);
#5432=EDGE_CURVE('',#4313,#4314,#2235,.T.);
#5433=EDGE_CURVE('',#4314,#4312,#230,.T.);
#5434=EDGE_CURVE('',#4315,#4313,#231,.T.);
#5435=EDGE_CURVE('',#4315,#4316,#2236,.T.);
#5436=EDGE_CURVE('',#4316,#4314,#232,.T.);
#5437=EDGE_CURVE('',#4300,#4315,#233,.T.);
#5438=EDGE_CURVE('',#4302,#4316,#234,.T.);
#5439=EDGE_CURVE('',#4317,#4318,#235,.T.);
#5440=EDGE_CURVE('',#4317,#4319,#2237,.T.);
#5441=EDGE_CURVE('',#4319,#4320,#236,.T.);
#5442=EDGE_CURVE('',#4318,#4320,#2238,.T.);
#5443=EDGE_CURVE('',#4321,#4317,#237,.T.);
#5444=EDGE_CURVE('',#4321,#4322,#2239,.T.);
#5445=EDGE_CURVE('',#4322,#4319,#238,.T.);
#5446=EDGE_CURVE('',#4323,#4321,#239,.T.);
#5447=EDGE_CURVE('',#4323,#4324,#2240,.T.);
#5448=EDGE_CURVE('',#4324,#4322,#240,.T.);
#5449=EDGE_CURVE('',#4325,#4323,#241,.T.);
#5450=EDGE_CURVE('',#4325,#4326,#2241,.T.);
#5451=EDGE_CURVE('',#4326,#4324,#242,.T.);
#5452=EDGE_CURVE('',#4327,#4325,#243,.T.);
#5453=EDGE_CURVE('',#4327,#4328,#2242,.T.);
#5454=EDGE_CURVE('',#4328,#4326,#244,.T.);
#5455=EDGE_CURVE('',#4329,#4327,#245,.T.);
#5456=EDGE_CURVE('',#4329,#4330,#2243,.T.);
#5457=EDGE_CURVE('',#4330,#4328,#246,.T.);
#5458=EDGE_CURVE('',#4331,#4329,#247,.T.);
#5459=EDGE_CURVE('',#4331,#4332,#2244,.T.);
#5460=EDGE_CURVE('',#4332,#4330,#248,.T.);
#5461=EDGE_CURVE('',#4333,#4331,#249,.T.);
#5462=EDGE_CURVE('',#4333,#4334,#2245,.T.);
#5463=EDGE_CURVE('',#4334,#4332,#250,.T.);
#5464=EDGE_CURVE('',#4335,#4333,#251,.T.);
#5465=EDGE_CURVE('',#4335,#4336,#2246,.T.);
#5466=EDGE_CURVE('',#4336,#4334,#252,.T.);
#5467=EDGE_CURVE('',#4337,#4335,#253,.T.);
#5468=EDGE_CURVE('',#4337,#4338,#2247,.T.);
#5469=EDGE_CURVE('',#4338,#4336,#254,.T.);
#5470=EDGE_CURVE('',#4318,#4337,#255,.T.);
#5471=EDGE_CURVE('',#4320,#4338,#256,.T.);
#5472=EDGE_CURVE('',#4339,#4340,#2248,.T.);
#5473=EDGE_CURVE('',#4339,#4341,#2249,.T.);
#5474=EDGE_CURVE('',#4341,#4342,#2250,.T.);
#5475=EDGE_CURVE('',#4340,#4342,#2251,.T.);
#5476=EDGE_CURVE('',#4343,#4339,#257,.T.);
#5477=EDGE_CURVE('',#4343,#4344,#2252,.T.);
#5478=EDGE_CURVE('',#4344,#4341,#258,.T.);
#5479=EDGE_CURVE('',#4345,#4343,#259,.T.);
#5480=EDGE_CURVE('',#4345,#4346,#2253,.T.);
#5481=EDGE_CURVE('',#4346,#4344,#260,.T.);
#5482=EDGE_CURVE('',#4347,#4345,#261,.T.);
#5483=EDGE_CURVE('',#4347,#4348,#2254,.T.);
#5484=EDGE_CURVE('',#4348,#4346,#262,.T.);
#5485=EDGE_CURVE('',#4349,#4347,#263,.T.);
#5486=EDGE_CURVE('',#4349,#4350,#2255,.T.);
#5487=EDGE_CURVE('',#4350,#4348,#264,.T.);
#5488=EDGE_CURVE('',#4351,#4349,#265,.T.);
#5489=EDGE_CURVE('',#4351,#4352,#2256,.T.);
#5490=EDGE_CURVE('',#4352,#4350,#266,.T.);
#5491=EDGE_CURVE('',#4353,#4351,#267,.T.);
#5492=EDGE_CURVE('',#4353,#4354,#2257,.T.);
#5493=EDGE_CURVE('',#4354,#4352,#268,.T.);
#5494=EDGE_CURVE('',#4355,#4353,#269,.T.);
#5495=EDGE_CURVE('',#4355,#4356,#2258,.T.);
#5496=EDGE_CURVE('',#4356,#4354,#270,.T.);
#5497=EDGE_CURVE('',#4357,#4355,#2259,.T.);
#5498=EDGE_CURVE('',#4357,#4358,#2260,.T.);
#5499=EDGE_CURVE('',#4358,#4356,#2261,.T.);
#5500=EDGE_CURVE('',#4340,#4357,#2262,.T.);
#5501=EDGE_CURVE('',#4342,#4358,#2263,.T.);
#5502=EDGE_CURVE('',#4359,#4360,#271,.T.);
#5503=EDGE_CURVE('',#4359,#4361,#2264,.T.);
#5504=EDGE_CURVE('',#4361,#4362,#272,.T.);
#5505=EDGE_CURVE('',#4360,#4362,#2265,.T.);
#5506=EDGE_CURVE('',#4363,#4359,#273,.T.);
#5507=EDGE_CURVE('',#4363,#4364,#2266,.T.);
#5508=EDGE_CURVE('',#4364,#4361,#274,.T.);
#5509=EDGE_CURVE('',#4365,#4363,#275,.T.);
#5510=EDGE_CURVE('',#4365,#4366,#2267,.T.);
#5511=EDGE_CURVE('',#4366,#4364,#276,.T.);
#5512=EDGE_CURVE('',#4367,#4365,#277,.T.);
#5513=EDGE_CURVE('',#4367,#4368,#2268,.T.);
#5514=EDGE_CURVE('',#4368,#4366,#278,.T.);
#5515=EDGE_CURVE('',#4369,#4367,#279,.T.);
#5516=EDGE_CURVE('',#4369,#4370,#2269,.T.);
#5517=EDGE_CURVE('',#4370,#4368,#280,.T.);
#5518=EDGE_CURVE('',#4371,#4369,#281,.T.);
#5519=EDGE_CURVE('',#4371,#4372,#2270,.T.);
#5520=EDGE_CURVE('',#4372,#4370,#282,.T.);
#5521=EDGE_CURVE('',#4373,#4371,#283,.T.);
#5522=EDGE_CURVE('',#4373,#4374,#2271,.T.);
#5523=EDGE_CURVE('',#4374,#4372,#284,.T.);
#5524=EDGE_CURVE('',#4375,#4373,#285,.T.);
#5525=EDGE_CURVE('',#4375,#4376,#2272,.T.);
#5526=EDGE_CURVE('',#4376,#4374,#286,.T.);
#5527=EDGE_CURVE('',#4377,#4375,#287,.T.);
#5528=EDGE_CURVE('',#4377,#4378,#2273,.T.);
#5529=EDGE_CURVE('',#4378,#4376,#288,.T.);
#5530=EDGE_CURVE('',#4379,#4377,#2274,.T.);
#5531=EDGE_CURVE('',#4379,#4380,#2275,.T.);
#5532=EDGE_CURVE('',#4380,#4378,#2276,.T.);
#5533=EDGE_CURVE('',#4381,#4379,#2277,.T.);
#5534=EDGE_CURVE('',#4381,#4382,#2278,.T.);
#5535=EDGE_CURVE('',#4382,#4380,#2279,.T.);
#5536=EDGE_CURVE('',#4360,#4381,#2280,.T.);
#5537=EDGE_CURVE('',#4362,#4382,#2281,.T.);
#5538=EDGE_CURVE('',#4383,#4384,#2282,.T.);
#5539=EDGE_CURVE('',#4383,#4385,#2283,.T.);
#5540=EDGE_CURVE('',#4385,#4386,#2284,.T.);
#5541=EDGE_CURVE('',#4384,#4386,#2285,.T.);
#5542=EDGE_CURVE('',#4387,#4383,#2286,.T.);
#5543=EDGE_CURVE('',#4387,#4388,#2287,.T.);
#5544=EDGE_CURVE('',#4388,#4385,#2288,.T.);
#5545=EDGE_CURVE('',#4389,#4387,#2289,.T.);
#5546=EDGE_CURVE('',#4389,#4390,#2290,.T.);
#5547=EDGE_CURVE('',#4390,#4388,#2291,.T.);
#5548=EDGE_CURVE('',#4391,#4389,#2292,.T.);
#5549=EDGE_CURVE('',#4391,#4392,#2293,.T.);
#5550=EDGE_CURVE('',#4392,#4390,#2294,.T.);
#5551=EDGE_CURVE('',#4393,#4391,#2295,.T.);
#5552=EDGE_CURVE('',#4393,#4394,#2296,.T.);
#5553=EDGE_CURVE('',#4394,#4392,#2297,.T.);
#5554=EDGE_CURVE('',#4395,#4393,#2298,.T.);
#5555=EDGE_CURVE('',#4395,#4396,#2299,.T.);
#5556=EDGE_CURVE('',#4396,#4394,#2300,.T.);
#5557=EDGE_CURVE('',#4397,#4395,#2301,.T.);
#5558=EDGE_CURVE('',#4397,#4398,#2302,.T.);
#5559=EDGE_CURVE('',#4398,#4396,#2303,.T.);
#5560=EDGE_CURVE('',#4399,#4397,#2304,.T.);
#5561=EDGE_CURVE('',#4399,#4400,#2305,.T.);
#5562=EDGE_CURVE('',#4400,#4398,#2306,.T.);
#5563=EDGE_CURVE('',#4401,#4399,#2307,.T.);
#5564=EDGE_CURVE('',#4401,#4402,#2308,.T.);
#5565=EDGE_CURVE('',#4402,#4400,#2309,.T.);
#5566=EDGE_CURVE('',#4384,#4401,#2310,.T.);
#5567=EDGE_CURVE('',#4386,#4402,#2311,.T.);
#5568=EDGE_CURVE('',#4403,#4404,#289,.T.);
#5569=EDGE_CURVE('',#4403,#4405,#2312,.T.);
#5570=EDGE_CURVE('',#4405,#4406,#290,.T.);
#5571=EDGE_CURVE('',#4404,#4406,#2313,.T.);
#5572=EDGE_CURVE('',#4407,#4403,#291,.T.);
#5573=EDGE_CURVE('',#4407,#4408,#2314,.T.);
#5574=EDGE_CURVE('',#4408,#4405,#292,.T.);
#5575=EDGE_CURVE('',#4409,#4407,#2315,.T.);
#5576=EDGE_CURVE('',#4409,#4410,#2316,.T.);
#5577=EDGE_CURVE('',#4410,#4408,#2317,.T.);
#5578=EDGE_CURVE('',#4411,#4409,#2318,.T.);
#5579=EDGE_CURVE('',#4411,#4412,#2319,.T.);
#5580=EDGE_CURVE('',#4412,#4410,#2320,.T.);
#5581=EDGE_CURVE('',#4404,#4411,#2321,.T.);
#5582=EDGE_CURVE('',#4406,#4412,#2322,.T.);
#5583=EDGE_CURVE('',#4413,#4414,#2323,.T.);
#5584=EDGE_CURVE('',#4413,#4415,#2324,.T.);
#5585=EDGE_CURVE('',#4415,#4416,#2325,.T.);
#5586=EDGE_CURVE('',#4414,#4416,#2326,.T.);
#5587=EDGE_CURVE('',#4417,#4413,#2327,.T.);
#5588=EDGE_CURVE('',#4417,#4418,#2328,.T.);
#5589=EDGE_CURVE('',#4418,#4415,#2329,.T.);
#5590=EDGE_CURVE('',#4419,#4417,#2330,.T.);
#5591=EDGE_CURVE('',#4419,#4420,#2331,.T.);
#5592=EDGE_CURVE('',#4420,#4418,#2332,.T.);
#5593=EDGE_CURVE('',#4421,#4419,#2333,.T.);
#5594=EDGE_CURVE('',#4421,#4422,#2334,.T.);
#5595=EDGE_CURVE('',#4422,#4420,#2335,.T.);
#5596=EDGE_CURVE('',#4423,#4421,#2336,.T.);
#5597=EDGE_CURVE('',#4423,#4424,#2337,.T.);
#5598=EDGE_CURVE('',#4424,#4422,#2338,.T.);
#5599=EDGE_CURVE('',#4425,#4423,#2339,.T.);
#5600=EDGE_CURVE('',#4425,#4426,#2340,.T.);
#5601=EDGE_CURVE('',#4426,#4424,#2341,.T.);
#5602=EDGE_CURVE('',#4427,#4425,#2342,.T.);
#5603=EDGE_CURVE('',#4427,#4428,#2343,.T.);
#5604=EDGE_CURVE('',#4428,#4426,#2344,.T.);
#5605=EDGE_CURVE('',#4414,#4427,#2345,.T.);
#5606=EDGE_CURVE('',#4416,#4428,#2346,.T.);
#5607=EDGE_CURVE('',#4429,#4430,#2347,.T.);
#5608=EDGE_CURVE('',#4429,#4431,#2348,.T.);
#5609=EDGE_CURVE('',#4431,#4432,#2349,.T.);
#5610=EDGE_CURVE('',#4430,#4432,#2350,.T.);
#5611=EDGE_CURVE('',#4433,#4429,#2351,.T.);
#5612=EDGE_CURVE('',#4433,#4434,#2352,.T.);
#5613=EDGE_CURVE('',#4434,#4431,#2353,.T.);
#5614=EDGE_CURVE('',#4435,#4433,#2354,.T.);
#5615=EDGE_CURVE('',#4435,#4436,#2355,.T.);
#5616=EDGE_CURVE('',#4436,#4434,#2356,.T.);
#5617=EDGE_CURVE('',#4437,#4435,#2357,.T.);
#5618=EDGE_CURVE('',#4437,#4438,#2358,.T.);
#5619=EDGE_CURVE('',#4438,#4436,#2359,.T.);
#5620=EDGE_CURVE('',#4439,#4437,#2360,.T.);
#5621=EDGE_CURVE('',#4439,#4440,#2361,.T.);
#5622=EDGE_CURVE('',#4440,#4438,#2362,.T.);
#5623=EDGE_CURVE('',#4441,#4439,#2363,.T.);
#5624=EDGE_CURVE('',#4441,#4442,#2364,.T.);
#5625=EDGE_CURVE('',#4442,#4440,#2365,.T.);
#5626=EDGE_CURVE('',#4443,#4441,#2366,.T.);
#5627=EDGE_CURVE('',#4443,#4444,#2367,.T.);
#5628=EDGE_CURVE('',#4444,#4442,#2368,.T.);
#5629=EDGE_CURVE('',#4445,#4443,#2369,.T.);
#5630=EDGE_CURVE('',#4445,#4446,#2370,.T.);
#5631=EDGE_CURVE('',#4446,#4444,#2371,.T.);
#5632=EDGE_CURVE('',#4447,#4445,#2372,.T.);
#5633=EDGE_CURVE('',#4447,#4448,#2373,.T.);
#5634=EDGE_CURVE('',#4448,#4446,#2374,.T.);
#5635=EDGE_CURVE('',#4449,#4447,#293,.T.);
#5636=EDGE_CURVE('',#4449,#4450,#2375,.T.);
#5637=EDGE_CURVE('',#4450,#4448,#294,.T.);
#5638=EDGE_CURVE('',#4451,#4449,#295,.T.);
#5639=EDGE_CURVE('',#4451,#4452,#2376,.T.);
#5640=EDGE_CURVE('',#4452,#4450,#296,.T.);
#5641=EDGE_CURVE('',#4453,#4451,#2377,.T.);
#5642=EDGE_CURVE('',#4453,#4454,#2378,.T.);
#5643=EDGE_CURVE('',#4454,#4452,#2379,.T.);
#5644=EDGE_CURVE('',#4455,#4453,#2380,.T.);
#5645=EDGE_CURVE('',#4455,#4456,#2381,.T.);
#5646=EDGE_CURVE('',#4456,#4454,#2382,.T.);
#5647=EDGE_CURVE('',#4457,#4455,#2383,.T.);
#5648=EDGE_CURVE('',#4457,#4458,#2384,.T.);
#5649=EDGE_CURVE('',#4458,#4456,#2385,.T.);
#5650=EDGE_CURVE('',#4430,#4457,#2386,.T.);
#5651=EDGE_CURVE('',#4432,#4458,#2387,.T.);
#5652=EDGE_CURVE('',#4459,#4460,#2388,.T.);
#5653=EDGE_CURVE('',#4459,#4461,#2389,.T.);
#5654=EDGE_CURVE('',#4461,#4462,#2390,.T.);
#5655=EDGE_CURVE('',#4460,#4462,#2391,.T.);
#5656=EDGE_CURVE('',#4463,#4459,#2392,.T.);
#5657=EDGE_CURVE('',#4463,#4464,#2393,.T.);
#5658=EDGE_CURVE('',#4464,#4461,#2394,.T.);
#5659=EDGE_CURVE('',#4465,#4463,#2395,.T.);
#5660=EDGE_CURVE('',#4465,#4466,#2396,.T.);
#5661=EDGE_CURVE('',#4466,#4464,#2397,.T.);
#5662=EDGE_CURVE('',#4467,#4465,#2398,.T.);
#5663=EDGE_CURVE('',#4467,#4468,#2399,.T.);
#5664=EDGE_CURVE('',#4468,#4466,#2400,.T.);
#5665=EDGE_CURVE('',#4469,#4467,#2401,.T.);
#5666=EDGE_CURVE('',#4469,#4470,#2402,.T.);
#5667=EDGE_CURVE('',#4470,#4468,#2403,.T.);
#5668=EDGE_CURVE('',#4471,#4469,#2404,.T.);
#5669=EDGE_CURVE('',#4471,#4472,#2405,.T.);
#5670=EDGE_CURVE('',#4472,#4470,#2406,.T.);
#5671=EDGE_CURVE('',#4473,#4471,#2407,.T.);
#5672=EDGE_CURVE('',#4473,#4474,#2408,.T.);
#5673=EDGE_CURVE('',#4474,#4472,#2409,.T.);
#5674=EDGE_CURVE('',#4475,#4473,#2410,.T.);
#5675=EDGE_CURVE('',#4475,#4476,#2411,.T.);
#5676=EDGE_CURVE('',#4476,#4474,#2412,.T.);
#5677=EDGE_CURVE('',#4477,#4475,#2413,.T.);
#5678=EDGE_CURVE('',#4477,#4478,#2414,.T.);
#5679=EDGE_CURVE('',#4478,#4476,#2415,.T.);
#5680=EDGE_CURVE('',#4479,#4477,#2416,.T.);
#5681=EDGE_CURVE('',#4479,#4480,#2417,.T.);
#5682=EDGE_CURVE('',#4480,#4478,#2418,.T.);
#5683=EDGE_CURVE('',#4481,#4479,#2419,.T.);
#5684=EDGE_CURVE('',#4481,#4482,#2420,.T.);
#5685=EDGE_CURVE('',#4482,#4480,#2421,.T.);
#5686=EDGE_CURVE('',#4460,#4481,#2422,.T.);
#5687=EDGE_CURVE('',#4462,#4482,#2423,.T.);
#5688=EDGE_CURVE('',#4483,#4484,#2424,.T.);
#5689=EDGE_CURVE('',#4483,#4485,#2425,.T.);
#5690=EDGE_CURVE('',#4485,#4486,#2426,.T.);
#5691=EDGE_CURVE('',#4484,#4486,#2427,.T.);
#5692=EDGE_CURVE('',#4487,#4483,#2428,.T.);
#5693=EDGE_CURVE('',#4487,#4488,#2429,.T.);
#5694=EDGE_CURVE('',#4488,#4485,#2430,.T.);
#5695=EDGE_CURVE('',#4489,#4487,#2431,.T.);
#5696=EDGE_CURVE('',#4489,#4490,#2432,.T.);
#5697=EDGE_CURVE('',#4490,#4488,#2433,.T.);
#5698=EDGE_CURVE('',#4491,#4489,#2434,.T.);
#5699=EDGE_CURVE('',#4491,#4492,#2435,.T.);
#5700=EDGE_CURVE('',#4492,#4490,#2436,.T.);
#5701=EDGE_CURVE('',#4493,#4491,#2437,.T.);
#5702=EDGE_CURVE('',#4493,#4494,#2438,.T.);
#5703=EDGE_CURVE('',#4494,#4492,#2439,.T.);
#5704=EDGE_CURVE('',#4495,#4493,#2440,.T.);
#5705=EDGE_CURVE('',#4495,#4496,#2441,.T.);
#5706=EDGE_CURVE('',#4496,#4494,#2442,.T.);
#5707=EDGE_CURVE('',#4497,#4495,#2443,.T.);
#5708=EDGE_CURVE('',#4497,#4498,#2444,.T.);
#5709=EDGE_CURVE('',#4498,#4496,#2445,.T.);
#5710=EDGE_CURVE('',#4484,#4497,#2446,.T.);
#5711=EDGE_CURVE('',#4486,#4498,#2447,.T.);
#5712=EDGE_CURVE('',#4499,#4500,#297,.T.);
#5713=EDGE_CURVE('',#4499,#4501,#2448,.T.);
#5714=EDGE_CURVE('',#4501,#4502,#298,.T.);
#5715=EDGE_CURVE('',#4500,#4502,#2449,.T.);
#5716=EDGE_CURVE('',#4503,#4499,#299,.T.);
#5717=EDGE_CURVE('',#4503,#4504,#2450,.T.);
#5718=EDGE_CURVE('',#4504,#4501,#300,.T.);
#5719=EDGE_CURVE('',#4505,#4503,#301,.T.);
#5720=EDGE_CURVE('',#4505,#4506,#2451,.T.);
#5721=EDGE_CURVE('',#4506,#4504,#302,.T.);
#5722=EDGE_CURVE('',#4507,#4505,#303,.T.);
#5723=EDGE_CURVE('',#4507,#4508,#2452,.T.);
#5724=EDGE_CURVE('',#4508,#4506,#304,.T.);
#5725=EDGE_CURVE('',#4509,#4507,#305,.T.);
#5726=EDGE_CURVE('',#4509,#4510,#2453,.T.);
#5727=EDGE_CURVE('',#4510,#4508,#306,.T.);
#5728=EDGE_CURVE('',#4511,#4509,#307,.T.);
#5729=EDGE_CURVE('',#4511,#4512,#2454,.T.);
#5730=EDGE_CURVE('',#4512,#4510,#308,.T.);
#5731=EDGE_CURVE('',#4513,#4511,#309,.T.);
#5732=EDGE_CURVE('',#4513,#4514,#2455,.T.);
#5733=EDGE_CURVE('',#4514,#4512,#310,.T.);
#5734=EDGE_CURVE('',#4500,#4513,#311,.T.);
#5735=EDGE_CURVE('',#4502,#4514,#312,.T.);
#5736=EDGE_CURVE('',#4515,#4516,#313,.T.);
#5737=EDGE_CURVE('',#4515,#4517,#2456,.T.);
#5738=EDGE_CURVE('',#4517,#4518,#314,.T.);
#5739=EDGE_CURVE('',#4516,#4518,#2457,.T.);
#5740=EDGE_CURVE('',#4519,#4515,#315,.T.);
#5741=EDGE_CURVE('',#4519,#4520,#2458,.T.);
#5742=EDGE_CURVE('',#4520,#4517,#316,.T.);
#5743=EDGE_CURVE('',#4521,#4519,#317,.T.);
#5744=EDGE_CURVE('',#4521,#4522,#2459,.T.);
#5745=EDGE_CURVE('',#4522,#4520,#318,.T.);
#5746=EDGE_CURVE('',#4523,#4521,#319,.T.);
#5747=EDGE_CURVE('',#4523,#4524,#2460,.T.);
#5748=EDGE_CURVE('',#4524,#4522,#320,.T.);
#5749=EDGE_CURVE('',#4525,#4523,#321,.T.);
#5750=EDGE_CURVE('',#4525,#4526,#2461,.T.);
#5751=EDGE_CURVE('',#4526,#4524,#322,.T.);
#5752=EDGE_CURVE('',#4527,#4525,#323,.T.);
#5753=EDGE_CURVE('',#4527,#4528,#2462,.T.);
#5754=EDGE_CURVE('',#4528,#4526,#324,.T.);
#5755=EDGE_CURVE('',#4529,#4527,#325,.T.);
#5756=EDGE_CURVE('',#4529,#4530,#2463,.T.);
#5757=EDGE_CURVE('',#4530,#4528,#326,.T.);
#5758=EDGE_CURVE('',#4531,#4529,#327,.T.);
#5759=EDGE_CURVE('',#4531,#4532,#2464,.T.);
#5760=EDGE_CURVE('',#4532,#4530,#328,.T.);
#5761=EDGE_CURVE('',#4516,#4531,#329,.T.);
#5762=EDGE_CURVE('',#4518,#4532,#330,.T.);
#5763=EDGE_CURVE('',#4533,#4534,#2465,.T.);
#5764=EDGE_CURVE('',#4533,#4535,#2466,.T.);
#5765=EDGE_CURVE('',#4535,#4536,#2467,.T.);
#5766=EDGE_CURVE('',#4534,#4536,#2468,.T.);
#5767=EDGE_CURVE('',#4537,#4533,#331,.T.);
#5768=EDGE_CURVE('',#4537,#4538,#2469,.T.);
#5769=EDGE_CURVE('',#4538,#4535,#332,.T.);
#5770=EDGE_CURVE('',#4539,#4537,#333,.T.);
#5771=EDGE_CURVE('',#4539,#4540,#2470,.T.);
#5772=EDGE_CURVE('',#4540,#4538,#334,.T.);
#5773=EDGE_CURVE('',#4541,#4539,#335,.T.);
#5774=EDGE_CURVE('',#4541,#4542,#2471,.T.);
#5775=EDGE_CURVE('',#4542,#4540,#336,.T.);
#5776=EDGE_CURVE('',#4543,#4541,#337,.T.);
#5777=EDGE_CURVE('',#4543,#4544,#2472,.T.);
#5778=EDGE_CURVE('',#4544,#4542,#338,.T.);
#5779=EDGE_CURVE('',#4545,#4543,#339,.T.);
#5780=EDGE_CURVE('',#4545,#4546,#2473,.T.);
#5781=EDGE_CURVE('',#4546,#4544,#340,.T.);
#5782=EDGE_CURVE('',#4547,#4545,#341,.T.);
#5783=EDGE_CURVE('',#4547,#4548,#2474,.T.);
#5784=EDGE_CURVE('',#4548,#4546,#342,.T.);
#5785=EDGE_CURVE('',#4549,#4547,#2475,.T.);
#5786=EDGE_CURVE('',#4549,#4550,#2476,.T.);
#5787=EDGE_CURVE('',#4550,#4548,#2477,.T.);
#5788=EDGE_CURVE('',#4534,#4549,#2478,.T.);
#5789=EDGE_CURVE('',#4536,#4550,#2479,.T.);
#5790=EDGE_CURVE('',#4551,#4552,#2480,.T.);
#5791=EDGE_CURVE('',#4551,#4553,#2481,.T.);
#5792=EDGE_CURVE('',#4553,#4554,#2482,.T.);
#5793=EDGE_CURVE('',#4552,#4554,#2483,.T.);
#5794=EDGE_CURVE('',#4555,#4551,#343,.T.);
#5795=EDGE_CURVE('',#4555,#4556,#2484,.T.);
#5796=EDGE_CURVE('',#4556,#4553,#344,.T.);
#5797=EDGE_CURVE('',#4557,#4555,#345,.T.);
#5798=EDGE_CURVE('',#4557,#4558,#2485,.T.);
#5799=EDGE_CURVE('',#4558,#4556,#346,.T.);
#5800=EDGE_CURVE('',#4559,#4557,#347,.T.);
#5801=EDGE_CURVE('',#4559,#4560,#2486,.T.);
#5802=EDGE_CURVE('',#4560,#4558,#348,.T.);
#5803=EDGE_CURVE('',#4561,#4559,#349,.T.);
#5804=EDGE_CURVE('',#4561,#4562,#2487,.T.);
#5805=EDGE_CURVE('',#4562,#4560,#350,.T.);
#5806=EDGE_CURVE('',#4563,#4561,#351,.T.);
#5807=EDGE_CURVE('',#4563,#4564,#2488,.T.);
#5808=EDGE_CURVE('',#4564,#4562,#352,.T.);
#5809=EDGE_CURVE('',#4565,#4563,#353,.T.);
#5810=EDGE_CURVE('',#4565,#4566,#2489,.T.);
#5811=EDGE_CURVE('',#4566,#4564,#354,.T.);
#5812=EDGE_CURVE('',#4567,#4565,#355,.T.);
#5813=EDGE_CURVE('',#4567,#4568,#2490,.T.);
#5814=EDGE_CURVE('',#4568,#4566,#356,.T.);
#5815=EDGE_CURVE('',#4569,#4567,#2491,.T.);
#5816=EDGE_CURVE('',#4569,#4570,#2492,.T.);
#5817=EDGE_CURVE('',#4570,#4568,#2493,.T.);
#5818=EDGE_CURVE('',#4552,#4569,#2494,.T.);
#5819=EDGE_CURVE('',#4554,#4570,#2495,.T.);
#5820=EDGE_CURVE('',#4571,#4572,#357,.T.);
#5821=EDGE_CURVE('',#4571,#4573,#2496,.T.);
#5822=EDGE_CURVE('',#4573,#4574,#358,.T.);
#5823=EDGE_CURVE('',#4572,#4574,#2497,.T.);
#5824=EDGE_CURVE('',#4575,#4571,#359,.T.);
#5825=EDGE_CURVE('',#4575,#4576,#2498,.T.);
#5826=EDGE_CURVE('',#4576,#4573,#360,.T.);
#5827=EDGE_CURVE('',#4577,#4575,#361,.T.);
#5828=EDGE_CURVE('',#4577,#4578,#2499,.T.);
#5829=EDGE_CURVE('',#4578,#4576,#362,.T.);
#5830=EDGE_CURVE('',#4579,#4577,#363,.T.);
#5831=EDGE_CURVE('',#4579,#4580,#2500,.T.);
#5832=EDGE_CURVE('',#4580,#4578,#364,.T.);
#5833=EDGE_CURVE('',#4581,#4579,#365,.T.);
#5834=EDGE_CURVE('',#4581,#4582,#2501,.T.);
#5835=EDGE_CURVE('',#4582,#4580,#366,.T.);
#5836=EDGE_CURVE('',#4583,#4581,#367,.T.);
#5837=EDGE_CURVE('',#4583,#4584,#2502,.T.);
#5838=EDGE_CURVE('',#4584,#4582,#368,.T.);
#5839=EDGE_CURVE('',#4585,#4583,#369,.T.);
#5840=EDGE_CURVE('',#4585,#4586,#2503,.T.);
#5841=EDGE_CURVE('',#4586,#4584,#370,.T.);
#5842=EDGE_CURVE('',#4587,#4585,#371,.T.);
#5843=EDGE_CURVE('',#4587,#4588,#2504,.T.);
#5844=EDGE_CURVE('',#4588,#4586,#372,.T.);
#5845=EDGE_CURVE('',#4589,#4587,#373,.T.);
#5846=EDGE_CURVE('',#4589,#4590,#2505,.T.);
#5847=EDGE_CURVE('',#4590,#4588,#374,.T.);
#5848=EDGE_CURVE('',#4591,#4589,#375,.T.);
#5849=EDGE_CURVE('',#4591,#4592,#2506,.T.);
#5850=EDGE_CURVE('',#4592,#4590,#376,.T.);
#5851=EDGE_CURVE('',#4593,#4591,#377,.T.);
#5852=EDGE_CURVE('',#4593,#4594,#2507,.T.);
#5853=EDGE_CURVE('',#4594,#4592,#378,.T.);
#5854=EDGE_CURVE('',#4595,#4593,#2508,.T.);
#5855=EDGE_CURVE('',#4595,#4596,#2509,.T.);
#5856=EDGE_CURVE('',#4596,#4594,#2510,.T.);
#5857=EDGE_CURVE('',#4597,#4595,#2511,.T.);
#5858=EDGE_CURVE('',#4597,#4598,#2512,.T.);
#5859=EDGE_CURVE('',#4598,#4596,#2513,.T.);
#5860=EDGE_CURVE('',#4572,#4597,#2514,.T.);
#5861=EDGE_CURVE('',#4574,#4598,#2515,.T.);
#5862=EDGE_CURVE('',#4599,#4600,#379,.T.);
#5863=EDGE_CURVE('',#4599,#4601,#2516,.T.);
#5864=EDGE_CURVE('',#4601,#4602,#380,.T.);
#5865=EDGE_CURVE('',#4600,#4602,#2517,.T.);
#5866=EDGE_CURVE('',#4603,#4599,#381,.T.);
#5867=EDGE_CURVE('',#4603,#4604,#2518,.T.);
#5868=EDGE_CURVE('',#4604,#4601,#382,.T.);
#5869=EDGE_CURVE('',#4605,#4603,#383,.T.);
#5870=EDGE_CURVE('',#4605,#4606,#2519,.T.);
#5871=EDGE_CURVE('',#4606,#4604,#384,.T.);
#5872=EDGE_CURVE('',#4607,#4605,#2520,.T.);
#5873=EDGE_CURVE('',#4607,#4608,#2521,.T.);
#5874=EDGE_CURVE('',#4608,#4606,#2522,.T.);
#5875=EDGE_CURVE('',#4609,#4607,#2523,.T.);
#5876=EDGE_CURVE('',#4609,#4610,#2524,.T.);
#5877=EDGE_CURVE('',#4610,#4608,#2525,.T.);
#5878=EDGE_CURVE('',#4611,#4609,#2526,.T.);
#5879=EDGE_CURVE('',#4611,#4612,#2527,.T.);
#5880=EDGE_CURVE('',#4612,#4610,#2528,.T.);
#5881=EDGE_CURVE('',#4613,#4611,#385,.T.);
#5882=EDGE_CURVE('',#4613,#4614,#2529,.T.);
#5883=EDGE_CURVE('',#4614,#4612,#386,.T.);
#5884=EDGE_CURVE('',#4615,#4613,#387,.T.);
#5885=EDGE_CURVE('',#4615,#4616,#2530,.T.);
#5886=EDGE_CURVE('',#4616,#4614,#388,.T.);
#5887=EDGE_CURVE('',#4617,#4615,#2531,.T.);
#5888=EDGE_CURVE('',#4617,#4618,#2532,.T.);
#5889=EDGE_CURVE('',#4618,#4616,#2533,.T.);
#5890=EDGE_CURVE('',#4619,#4617,#2534,.T.);
#5891=EDGE_CURVE('',#4619,#4620,#2535,.T.);
#5892=EDGE_CURVE('',#4620,#4618,#2536,.T.);
#5893=EDGE_CURVE('',#4621,#4619,#2537,.T.);
#5894=EDGE_CURVE('',#4621,#4622,#2538,.T.);
#5895=EDGE_CURVE('',#4622,#4620,#2539,.T.);
#5896=EDGE_CURVE('',#4623,#4621,#389,.T.);
#5897=EDGE_CURVE('',#4623,#4624,#2540,.T.);
#5898=EDGE_CURVE('',#4624,#4622,#390,.T.);
#5899=EDGE_CURVE('',#4625,#4623,#391,.T.);
#5900=EDGE_CURVE('',#4625,#4626,#2541,.T.);
#5901=EDGE_CURVE('',#4626,#4624,#392,.T.);
#5902=EDGE_CURVE('',#4627,#4625,#393,.T.);
#5903=EDGE_CURVE('',#4627,#4628,#2542,.T.);
#5904=EDGE_CURVE('',#4628,#4626,#394,.T.);
#5905=EDGE_CURVE('',#4629,#4627,#395,.T.);
#5906=EDGE_CURVE('',#4629,#4630,#2543,.T.);
#5907=EDGE_CURVE('',#4630,#4628,#396,.T.);
#5908=EDGE_CURVE('',#4631,#4629,#397,.T.);
#5909=EDGE_CURVE('',#4631,#4632,#2544,.T.);
#5910=EDGE_CURVE('',#4632,#4630,#398,.T.);
#5911=EDGE_CURVE('',#4633,#4631,#2545,.T.);
#5912=EDGE_CURVE('',#4633,#4634,#2546,.T.);
#5913=EDGE_CURVE('',#4634,#4632,#2547,.T.);
#5914=EDGE_CURVE('',#4600,#4633,#399,.T.);
#5915=EDGE_CURVE('',#4602,#4634,#400,.T.);
#5916=EDGE_CURVE('',#4635,#4636,#401,.T.);
#5917=EDGE_CURVE('',#4635,#4637,#2548,.T.);
#5918=EDGE_CURVE('',#4637,#4638,#402,.T.);
#5919=EDGE_CURVE('',#4636,#4638,#2549,.T.);
#5920=EDGE_CURVE('',#4639,#4635,#403,.T.);
#5921=EDGE_CURVE('',#4639,#4640,#2550,.T.);
#5922=EDGE_CURVE('',#4640,#4637,#404,.T.);
#5923=EDGE_CURVE('',#4641,#4639,#405,.T.);
#5924=EDGE_CURVE('',#4641,#4642,#2551,.T.);
#5925=EDGE_CURVE('',#4642,#4640,#406,.T.);
#5926=EDGE_CURVE('',#4643,#4641,#407,.T.);
#5927=EDGE_CURVE('',#4643,#4644,#2552,.T.);
#5928=EDGE_CURVE('',#4644,#4642,#408,.T.);
#5929=EDGE_CURVE('',#4645,#4643,#409,.T.);
#5930=EDGE_CURVE('',#4645,#4646,#2553,.T.);
#5931=EDGE_CURVE('',#4646,#4644,#410,.T.);
#5932=EDGE_CURVE('',#4647,#4645,#411,.T.);
#5933=EDGE_CURVE('',#4647,#4648,#2554,.T.);
#5934=EDGE_CURVE('',#4648,#4646,#412,.T.);
#5935=EDGE_CURVE('',#4649,#4647,#413,.T.);
#5936=EDGE_CURVE('',#4649,#4650,#2555,.T.);
#5937=EDGE_CURVE('',#4650,#4648,#414,.T.);
#5938=EDGE_CURVE('',#4636,#4649,#415,.T.);
#5939=EDGE_CURVE('',#4638,#4650,#416,.T.);
#5940=EDGE_CURVE('',#4651,#4652,#417,.T.);
#5941=EDGE_CURVE('',#4651,#4653,#2556,.T.);
#5942=EDGE_CURVE('',#4653,#4654,#418,.T.);
#5943=EDGE_CURVE('',#4652,#4654,#2557,.T.);
#5944=EDGE_CURVE('',#4655,#4651,#419,.T.);
#5945=EDGE_CURVE('',#4655,#4656,#2558,.T.);
#5946=EDGE_CURVE('',#4656,#4653,#420,.T.);
#5947=EDGE_CURVE('',#4657,#4655,#421,.T.);
#5948=EDGE_CURVE('',#4657,#4658,#2559,.T.);
#5949=EDGE_CURVE('',#4658,#4656,#422,.T.);
#5950=EDGE_CURVE('',#4659,#4657,#423,.T.);
#5951=EDGE_CURVE('',#4659,#4660,#2560,.T.);
#5952=EDGE_CURVE('',#4660,#4658,#424,.T.);
#5953=EDGE_CURVE('',#4661,#4659,#425,.T.);
#5954=EDGE_CURVE('',#4661,#4662,#2561,.T.);
#5955=EDGE_CURVE('',#4662,#4660,#426,.T.);
#5956=EDGE_CURVE('',#4663,#4661,#427,.T.);
#5957=EDGE_CURVE('',#4663,#4664,#2562,.T.);
#5958=EDGE_CURVE('',#4664,#4662,#428,.T.);
#5959=EDGE_CURVE('',#4665,#4663,#429,.T.);
#5960=EDGE_CURVE('',#4665,#4666,#2563,.T.);
#5961=EDGE_CURVE('',#4666,#4664,#430,.T.);
#5962=EDGE_CURVE('',#4667,#4665,#431,.T.);
#5963=EDGE_CURVE('',#4667,#4668,#2564,.T.);
#5964=EDGE_CURVE('',#4668,#4666,#432,.T.);
#5965=EDGE_CURVE('',#4652,#4667,#433,.T.);
#5966=EDGE_CURVE('',#4654,#4668,#434,.T.);
#5967=EDGE_CURVE('',#4669,#4670,#435,.T.);
#5968=EDGE_CURVE('',#4669,#4671,#2565,.T.);
#5969=EDGE_CURVE('',#4671,#4672,#436,.T.);
#5970=EDGE_CURVE('',#4670,#4672,#2566,.T.);
#5971=EDGE_CURVE('',#4673,#4669,#437,.T.);
#5972=EDGE_CURVE('',#4673,#4674,#2567,.T.);
#5973=EDGE_CURVE('',#4674,#4671,#438,.T.);
#5974=EDGE_CURVE('',#4675,#4673,#439,.T.);
#5975=EDGE_CURVE('',#4675,#4676,#2568,.T.);
#5976=EDGE_CURVE('',#4676,#4674,#440,.T.);
#5977=EDGE_CURVE('',#4677,#4675,#441,.T.);
#5978=EDGE_CURVE('',#4677,#4678,#2569,.T.);
#5979=EDGE_CURVE('',#4678,#4676,#442,.T.);
#5980=EDGE_CURVE('',#4679,#4677,#443,.T.);
#5981=EDGE_CURVE('',#4679,#4680,#2570,.T.);
#5982=EDGE_CURVE('',#4680,#4678,#444,.T.);
#5983=EDGE_CURVE('',#4681,#4679,#445,.T.);
#5984=EDGE_CURVE('',#4681,#4682,#2571,.T.);
#5985=EDGE_CURVE('',#4682,#4680,#446,.T.);
#5986=EDGE_CURVE('',#4683,#4681,#447,.T.);
#5987=EDGE_CURVE('',#4683,#4684,#2572,.T.);
#5988=EDGE_CURVE('',#4684,#4682,#448,.T.);
#5989=EDGE_CURVE('',#4670,#4683,#449,.T.);
#5990=EDGE_CURVE('',#4672,#4684,#450,.T.);
#5991=EDGE_CURVE('',#4685,#4686,#2573,.T.);
#5992=EDGE_CURVE('',#4685,#4687,#2574,.T.);
#5993=EDGE_CURVE('',#4687,#4688,#2575,.T.);
#5994=EDGE_CURVE('',#4686,#4688,#2576,.T.);
#5995=EDGE_CURVE('',#4689,#4685,#2577,.T.);
#5996=EDGE_CURVE('',#4689,#4690,#2578,.T.);
#5997=EDGE_CURVE('',#4690,#4687,#2579,.T.);
#5998=EDGE_CURVE('',#4691,#4689,#2580,.T.);
#5999=EDGE_CURVE('',#4691,#4692,#2581,.T.);
#6000=EDGE_CURVE('',#4692,#4690,#2582,.T.);
#6001=EDGE_CURVE('',#4693,#4691,#451,.T.);
#6002=EDGE_CURVE('',#4693,#4694,#2583,.T.);
#6003=EDGE_CURVE('',#4694,#4692,#452,.T.);
#6004=EDGE_CURVE('',#4695,#4693,#453,.T.);
#6005=EDGE_CURVE('',#4695,#4696,#2584,.T.);
#6006=EDGE_CURVE('',#4696,#4694,#454,.T.);
#6007=EDGE_CURVE('',#4697,#4695,#455,.T.);
#6008=EDGE_CURVE('',#4697,#4698,#2585,.T.);
#6009=EDGE_CURVE('',#4698,#4696,#456,.T.);
#6010=EDGE_CURVE('',#4699,#4697,#457,.T.);
#6011=EDGE_CURVE('',#4699,#4700,#2586,.T.);
#6012=EDGE_CURVE('',#4700,#4698,#458,.T.);
#6013=EDGE_CURVE('',#4701,#4699,#459,.T.);
#6014=EDGE_CURVE('',#4701,#4702,#2587,.T.);
#6015=EDGE_CURVE('',#4702,#4700,#460,.T.);
#6016=EDGE_CURVE('',#4703,#4701,#461,.T.);
#6017=EDGE_CURVE('',#4703,#4704,#2588,.T.);
#6018=EDGE_CURVE('',#4704,#4702,#462,.T.);
#6019=EDGE_CURVE('',#4705,#4703,#463,.T.);
#6020=EDGE_CURVE('',#4705,#4706,#2589,.T.);
#6021=EDGE_CURVE('',#4706,#4704,#464,.T.);
#6022=EDGE_CURVE('',#4707,#4705,#465,.T.);
#6023=EDGE_CURVE('',#4707,#4708,#2590,.T.);
#6024=EDGE_CURVE('',#4708,#4706,#466,.T.);
#6025=EDGE_CURVE('',#4709,#4707,#467,.T.);
#6026=EDGE_CURVE('',#4709,#4710,#2591,.T.);
#6027=EDGE_CURVE('',#4710,#4708,#468,.T.);
#6028=EDGE_CURVE('',#4711,#4709,#2592,.T.);
#6029=EDGE_CURVE('',#4711,#4712,#2593,.T.);
#6030=EDGE_CURVE('',#4712,#4710,#2594,.T.);
#6031=EDGE_CURVE('',#4686,#4711,#2595,.T.);
#6032=EDGE_CURVE('',#4688,#4712,#2596,.T.);
#6033=EDGE_CURVE('',#4713,#4714,#469,.T.);
#6034=EDGE_CURVE('',#4713,#4715,#2597,.T.);
#6035=EDGE_CURVE('',#4715,#4716,#470,.T.);
#6036=EDGE_CURVE('',#4714,#4716,#2598,.T.);
#6037=EDGE_CURVE('',#4717,#4713,#471,.T.);
#6038=EDGE_CURVE('',#4717,#4718,#2599,.T.);
#6039=EDGE_CURVE('',#4718,#4715,#472,.T.);
#6040=EDGE_CURVE('',#4719,#4717,#473,.T.);
#6041=EDGE_CURVE('',#4719,#4720,#2600,.T.);
#6042=EDGE_CURVE('',#4720,#4718,#474,.T.);
#6043=EDGE_CURVE('',#4721,#4719,#475,.T.);
#6044=EDGE_CURVE('',#4721,#4722,#2601,.T.);
#6045=EDGE_CURVE('',#4722,#4720,#476,.T.);
#6046=EDGE_CURVE('',#4723,#4721,#477,.T.);
#6047=EDGE_CURVE('',#4723,#4724,#2602,.T.);
#6048=EDGE_CURVE('',#4724,#4722,#478,.T.);
#6049=EDGE_CURVE('',#4725,#4723,#479,.T.);
#6050=EDGE_CURVE('',#4725,#4726,#2603,.T.);
#6051=EDGE_CURVE('',#4726,#4724,#480,.T.);
#6052=EDGE_CURVE('',#4727,#4725,#481,.T.);
#6053=EDGE_CURVE('',#4727,#4728,#2604,.T.);
#6054=EDGE_CURVE('',#4728,#4726,#482,.T.);
#6055=EDGE_CURVE('',#4729,#4727,#483,.T.);
#6056=EDGE_CURVE('',#4729,#4730,#2605,.T.);
#6057=EDGE_CURVE('',#4730,#4728,#484,.T.);
#6058=EDGE_CURVE('',#4731,#4729,#485,.T.);
#6059=EDGE_CURVE('',#4731,#4732,#2606,.T.);
#6060=EDGE_CURVE('',#4732,#4730,#486,.T.);
#6061=EDGE_CURVE('',#4714,#4731,#2607,.T.);
#6062=EDGE_CURVE('',#4716,#4732,#2608,.T.);
#6063=EDGE_CURVE('',#4733,#4734,#2609,.T.);
#6064=EDGE_CURVE('',#4733,#4735,#2610,.T.);
#6065=EDGE_CURVE('',#4735,#4736,#2611,.T.);
#6066=EDGE_CURVE('',#4734,#4736,#2612,.T.);
#6067=EDGE_CURVE('',#4737,#4733,#487,.T.);
#6068=EDGE_CURVE('',#4737,#4738,#2613,.T.);
#6069=EDGE_CURVE('',#4738,#4735,#488,.T.);
#6070=EDGE_CURVE('',#4739,#4737,#489,.T.);
#6071=EDGE_CURVE('',#4739,#4740,#2614,.T.);
#6072=EDGE_CURVE('',#4740,#4738,#490,.T.);
#6073=EDGE_CURVE('',#4741,#4739,#2615,.T.);
#6074=EDGE_CURVE('',#4741,#4742,#2616,.T.);
#6075=EDGE_CURVE('',#4742,#4740,#2617,.T.);
#6076=EDGE_CURVE('',#4743,#4741,#491,.T.);
#6077=EDGE_CURVE('',#4743,#4744,#2618,.T.);
#6078=EDGE_CURVE('',#4744,#4742,#492,.T.);
#6079=EDGE_CURVE('',#4745,#4743,#493,.T.);
#6080=EDGE_CURVE('',#4745,#4746,#2619,.T.);
#6081=EDGE_CURVE('',#4746,#4744,#494,.T.);
#6082=EDGE_CURVE('',#4747,#4745,#495,.T.);
#6083=EDGE_CURVE('',#4747,#4748,#2620,.T.);
#6084=EDGE_CURVE('',#4748,#4746,#496,.T.);
#6085=EDGE_CURVE('',#4749,#4747,#497,.T.);
#6086=EDGE_CURVE('',#4749,#4750,#2621,.T.);
#6087=EDGE_CURVE('',#4750,#4748,#498,.T.);
#6088=EDGE_CURVE('',#4751,#4749,#499,.T.);
#6089=EDGE_CURVE('',#4751,#4752,#2622,.T.);
#6090=EDGE_CURVE('',#4752,#4750,#500,.T.);
#6091=EDGE_CURVE('',#4753,#4751,#501,.T.);
#6092=EDGE_CURVE('',#4753,#4754,#2623,.T.);
#6093=EDGE_CURVE('',#4754,#4752,#502,.T.);
#6094=EDGE_CURVE('',#4755,#4753,#503,.T.);
#6095=EDGE_CURVE('',#4755,#4756,#2624,.T.);
#6096=EDGE_CURVE('',#4756,#4754,#504,.T.);
#6097=EDGE_CURVE('',#4757,#4755,#2625,.T.);
#6098=EDGE_CURVE('',#4757,#4758,#2626,.T.);
#6099=EDGE_CURVE('',#4758,#4756,#2627,.T.);
#6100=EDGE_CURVE('',#4759,#4757,#505,.T.);
#6101=EDGE_CURVE('',#4759,#4760,#2628,.T.);
#6102=EDGE_CURVE('',#4760,#4758,#506,.T.);
#6103=EDGE_CURVE('',#4761,#4759,#507,.T.);
#6104=EDGE_CURVE('',#4761,#4762,#2629,.T.);
#6105=EDGE_CURVE('',#4762,#4760,#508,.T.);
#6106=EDGE_CURVE('',#4763,#4761,#509,.T.);
#6107=EDGE_CURVE('',#4763,#4764,#2630,.T.);
#6108=EDGE_CURVE('',#4764,#4762,#510,.T.);
#6109=EDGE_CURVE('',#4765,#4763,#511,.T.);
#6110=EDGE_CURVE('',#4765,#4766,#2631,.T.);
#6111=EDGE_CURVE('',#4766,#4764,#512,.T.);
#6112=EDGE_CURVE('',#4767,#4765,#513,.T.);
#6113=EDGE_CURVE('',#4767,#4768,#2632,.T.);
#6114=EDGE_CURVE('',#4768,#4766,#514,.T.);
#6115=EDGE_CURVE('',#4769,#4767,#515,.T.);
#6116=EDGE_CURVE('',#4769,#4770,#2633,.T.);
#6117=EDGE_CURVE('',#4770,#4768,#516,.T.);
#6118=EDGE_CURVE('',#4771,#4769,#517,.T.);
#6119=EDGE_CURVE('',#4771,#4772,#2634,.T.);
#6120=EDGE_CURVE('',#4772,#4770,#518,.T.);
#6121=EDGE_CURVE('',#4773,#4771,#519,.T.);
#6122=EDGE_CURVE('',#4773,#4774,#2635,.T.);
#6123=EDGE_CURVE('',#4774,#4772,#520,.T.);
#6124=EDGE_CURVE('',#4775,#4773,#521,.T.);
#6125=EDGE_CURVE('',#4775,#4776,#2636,.T.);
#6126=EDGE_CURVE('',#4776,#4774,#522,.T.);
#6127=EDGE_CURVE('',#4777,#4775,#523,.T.);
#6128=EDGE_CURVE('',#4777,#4778,#2637,.T.);
#6129=EDGE_CURVE('',#4778,#4776,#524,.T.);
#6130=EDGE_CURVE('',#4779,#4777,#525,.T.);
#6131=EDGE_CURVE('',#4779,#4780,#2638,.T.);
#6132=EDGE_CURVE('',#4780,#4778,#526,.T.);
#6133=EDGE_CURVE('',#4781,#4779,#527,.T.);
#6134=EDGE_CURVE('',#4781,#4782,#2639,.T.);
#6135=EDGE_CURVE('',#4782,#4780,#528,.T.);
#6136=EDGE_CURVE('',#4783,#4781,#529,.T.);
#6137=EDGE_CURVE('',#4783,#4784,#2640,.T.);
#6138=EDGE_CURVE('',#4784,#4782,#530,.T.);
#6139=EDGE_CURVE('',#4785,#4783,#531,.T.);
#6140=EDGE_CURVE('',#4785,#4786,#2641,.T.);
#6141=EDGE_CURVE('',#4786,#4784,#532,.T.);
#6142=EDGE_CURVE('',#4734,#4785,#533,.T.);
#6143=EDGE_CURVE('',#4736,#4786,#534,.T.);
#6144=EDGE_CURVE('',#4787,#4788,#2642,.T.);
#6145=EDGE_CURVE('',#4787,#4789,#2643,.T.);
#6146=EDGE_CURVE('',#4789,#4790,#2644,.T.);
#6147=EDGE_CURVE('',#4788,#4790,#2645,.T.);
#6148=EDGE_CURVE('',#4791,#4787,#2646,.T.);
#6149=EDGE_CURVE('',#4791,#4792,#2647,.T.);
#6150=EDGE_CURVE('',#4792,#4789,#2648,.T.);
#6151=EDGE_CURVE('',#4793,#4791,#2649,.T.);
#6152=EDGE_CURVE('',#4793,#4794,#2650,.T.);
#6153=EDGE_CURVE('',#4794,#4792,#2651,.T.);
#6154=EDGE_CURVE('',#4795,#4793,#2652,.T.);
#6155=EDGE_CURVE('',#4795,#4796,#2653,.T.);
#6156=EDGE_CURVE('',#4796,#4794,#2654,.T.);
#6157=EDGE_CURVE('',#4797,#4795,#2655,.T.);
#6158=EDGE_CURVE('',#4797,#4798,#2656,.T.);
#6159=EDGE_CURVE('',#4798,#4796,#2657,.T.);
#6160=EDGE_CURVE('',#4788,#4797,#2658,.T.);
#6161=EDGE_CURVE('',#4790,#4798,#2659,.T.);
#6162=EDGE_CURVE('',#4799,#4800,#2660,.T.);
#6163=EDGE_CURVE('',#4799,#4801,#2661,.T.);
#6164=EDGE_CURVE('',#4801,#4802,#2662,.T.);
#6165=EDGE_CURVE('',#4800,#4802,#2663,.T.);
#6166=EDGE_CURVE('',#4803,#4799,#535,.T.);
#6167=EDGE_CURVE('',#4803,#4804,#2664,.T.);
#6168=EDGE_CURVE('',#4804,#4801,#536,.T.);
#6169=EDGE_CURVE('',#4805,#4803,#537,.T.);
#6170=EDGE_CURVE('',#4805,#4806,#2665,.T.);
#6171=EDGE_CURVE('',#4806,#4804,#538,.T.);
#6172=EDGE_CURVE('',#4807,#4805,#539,.T.);
#6173=EDGE_CURVE('',#4807,#4808,#2666,.T.);
#6174=EDGE_CURVE('',#4808,#4806,#540,.T.);
#6175=EDGE_CURVE('',#4809,#4807,#541,.T.);
#6176=EDGE_CURVE('',#4809,#4810,#2667,.T.);
#6177=EDGE_CURVE('',#4810,#4808,#542,.T.);
#6178=EDGE_CURVE('',#4811,#4809,#543,.T.);
#6179=EDGE_CURVE('',#4811,#4812,#2668,.T.);
#6180=EDGE_CURVE('',#4812,#4810,#544,.T.);
#6181=EDGE_CURVE('',#4813,#4811,#2669,.T.);
#6182=EDGE_CURVE('',#4813,#4814,#2670,.T.);
#6183=EDGE_CURVE('',#4814,#4812,#2671,.T.);
#6184=EDGE_CURVE('',#4815,#4813,#2672,.T.);
#6185=EDGE_CURVE('',#4815,#4816,#2673,.T.);
#6186=EDGE_CURVE('',#4816,#4814,#2674,.T.);
#6187=EDGE_CURVE('',#4817,#4815,#2675,.T.);
#6188=EDGE_CURVE('',#4817,#4818,#2676,.T.);
#6189=EDGE_CURVE('',#4818,#4816,#2677,.T.);
#6190=EDGE_CURVE('',#4819,#4817,#545,.T.);
#6191=EDGE_CURVE('',#4819,#4820,#2678,.T.);
#6192=EDGE_CURVE('',#4820,#4818,#546,.T.);
#6193=EDGE_CURVE('',#4821,#4819,#547,.T.);
#6194=EDGE_CURVE('',#4821,#4822,#2679,.T.);
#6195=EDGE_CURVE('',#4822,#4820,#548,.T.);
#6196=EDGE_CURVE('',#4823,#4821,#549,.T.);
#6197=EDGE_CURVE('',#4823,#4824,#2680,.T.);
#6198=EDGE_CURVE('',#4824,#4822,#550,.T.);
#6199=EDGE_CURVE('',#4825,#4823,#551,.T.);
#6200=EDGE_CURVE('',#4825,#4826,#2681,.T.);
#6201=EDGE_CURVE('',#4826,#4824,#552,.T.);
#6202=EDGE_CURVE('',#4827,#4825,#553,.T.);
#6203=EDGE_CURVE('',#4827,#4828,#2682,.T.);
#6204=EDGE_CURVE('',#4828,#4826,#554,.T.);
#6205=EDGE_CURVE('',#4829,#4827,#2683,.T.);
#6206=EDGE_CURVE('',#4829,#4830,#2684,.T.);
#6207=EDGE_CURVE('',#4830,#4828,#2685,.T.);
#6208=EDGE_CURVE('',#4831,#4829,#2686,.T.);
#6209=EDGE_CURVE('',#4831,#4832,#2687,.T.);
#6210=EDGE_CURVE('',#4832,#4830,#2688,.T.);
#6211=EDGE_CURVE('',#4833,#4831,#2689,.T.);
#6212=EDGE_CURVE('',#4833,#4834,#2690,.T.);
#6213=EDGE_CURVE('',#4834,#4832,#2691,.T.);
#6214=EDGE_CURVE('',#4800,#4833,#2692,.T.);
#6215=EDGE_CURVE('',#4802,#4834,#2693,.T.);
#6216=EDGE_CURVE('',#4835,#4836,#555,.T.);
#6217=EDGE_CURVE('',#4835,#4837,#2694,.T.);
#6218=EDGE_CURVE('',#4837,#4838,#556,.T.);
#6219=EDGE_CURVE('',#4836,#4838,#2695,.T.);
#6220=EDGE_CURVE('',#4839,#4835,#557,.T.);
#6221=EDGE_CURVE('',#4839,#4840,#2696,.T.);
#6222=EDGE_CURVE('',#4840,#4837,#558,.T.);
#6223=EDGE_CURVE('',#4841,#4839,#559,.T.);
#6224=EDGE_CURVE('',#4841,#4842,#2697,.T.);
#6225=EDGE_CURVE('',#4842,#4840,#560,.T.);
#6226=EDGE_CURVE('',#4843,#4841,#561,.T.);
#6227=EDGE_CURVE('',#4843,#4844,#2698,.T.);
#6228=EDGE_CURVE('',#4844,#4842,#562,.T.);
#6229=EDGE_CURVE('',#4845,#4843,#563,.T.);
#6230=EDGE_CURVE('',#4845,#4846,#2699,.T.);
#6231=EDGE_CURVE('',#4846,#4844,#564,.T.);
#6232=EDGE_CURVE('',#4847,#4845,#565,.T.);
#6233=EDGE_CURVE('',#4847,#4848,#2700,.T.);
#6234=EDGE_CURVE('',#4848,#4846,#566,.T.);
#6235=EDGE_CURVE('',#4849,#4847,#567,.T.);
#6236=EDGE_CURVE('',#4849,#4850,#2701,.T.);
#6237=EDGE_CURVE('',#4850,#4848,#568,.T.);
#6238=EDGE_CURVE('',#4836,#4849,#569,.T.);
#6239=EDGE_CURVE('',#4838,#4850,#570,.T.);
#6240=EDGE_CURVE('',#4851,#4852,#571,.T.);
#6241=EDGE_CURVE('',#4851,#4853,#2702,.T.);
#6242=EDGE_CURVE('',#4853,#4854,#572,.T.);
#6243=EDGE_CURVE('',#4852,#4854,#2703,.T.);
#6244=EDGE_CURVE('',#4855,#4851,#573,.T.);
#6245=EDGE_CURVE('',#4855,#4856,#2704,.T.);
#6246=EDGE_CURVE('',#4856,#4853,#574,.T.);
#6247=EDGE_CURVE('',#4857,#4855,#575,.T.);
#6248=EDGE_CURVE('',#4857,#4858,#2705,.T.);
#6249=EDGE_CURVE('',#4858,#4856,#576,.T.);
#6250=EDGE_CURVE('',#4859,#4857,#577,.T.);
#6251=EDGE_CURVE('',#4859,#4860,#2706,.T.);
#6252=EDGE_CURVE('',#4860,#4858,#578,.T.);
#6253=EDGE_CURVE('',#4861,#4859,#579,.T.);
#6254=EDGE_CURVE('',#4861,#4862,#2707,.T.);
#6255=EDGE_CURVE('',#4862,#4860,#580,.T.);
#6256=EDGE_CURVE('',#4863,#4861,#581,.T.);
#6257=EDGE_CURVE('',#4863,#4864,#2708,.T.);
#6258=EDGE_CURVE('',#4864,#4862,#582,.T.);
#6259=EDGE_CURVE('',#4865,#4863,#583,.T.);
#6260=EDGE_CURVE('',#4865,#4866,#2709,.T.);
#6261=EDGE_CURVE('',#4866,#4864,#584,.T.);
#6262=EDGE_CURVE('',#4867,#4865,#585,.T.);
#6263=EDGE_CURVE('',#4867,#4868,#2710,.T.);
#6264=EDGE_CURVE('',#4868,#4866,#586,.T.);
#6265=EDGE_CURVE('',#4869,#4867,#2711,.T.);
#6266=EDGE_CURVE('',#4869,#4870,#2712,.T.);
#6267=EDGE_CURVE('',#4870,#4868,#2713,.T.);
#6268=EDGE_CURVE('',#4871,#4869,#2714,.T.);
#6269=EDGE_CURVE('',#4871,#4872,#2715,.T.);
#6270=EDGE_CURVE('',#4872,#4870,#2716,.T.);
#6271=EDGE_CURVE('',#4873,#4871,#2717,.T.);
#6272=EDGE_CURVE('',#4873,#4874,#2718,.T.);
#6273=EDGE_CURVE('',#4874,#4872,#2719,.T.);
#6274=EDGE_CURVE('',#4875,#4873,#2720,.T.);
#6275=EDGE_CURVE('',#4875,#4876,#2721,.T.);
#6276=EDGE_CURVE('',#4876,#4874,#2722,.T.);
#6277=EDGE_CURVE('',#4852,#4875,#2723,.T.);
#6278=EDGE_CURVE('',#4854,#4876,#2724,.T.);
#6279=EDGE_CURVE('',#4877,#4878,#587,.T.);
#6280=EDGE_CURVE('',#4877,#4879,#2725,.T.);
#6281=EDGE_CURVE('',#4879,#4880,#588,.T.);
#6282=EDGE_CURVE('',#4878,#4880,#2726,.T.);
#6283=EDGE_CURVE('',#4881,#4877,#589,.T.);
#6284=EDGE_CURVE('',#4881,#4882,#2727,.T.);
#6285=EDGE_CURVE('',#4882,#4879,#590,.T.);
#6286=EDGE_CURVE('',#4883,#4881,#591,.T.);
#6287=EDGE_CURVE('',#4883,#4884,#2728,.T.);
#6288=EDGE_CURVE('',#4884,#4882,#592,.T.);
#6289=EDGE_CURVE('',#4885,#4883,#2729,.T.);
#6290=EDGE_CURVE('',#4885,#4886,#2730,.T.);
#6291=EDGE_CURVE('',#4886,#4884,#2731,.T.);
#6292=EDGE_CURVE('',#4878,#4885,#593,.T.);
#6293=EDGE_CURVE('',#4880,#4886,#594,.T.);
#6294=EDGE_CURVE('',#4887,#4888,#595,.T.);
#6295=EDGE_CURVE('',#4887,#4889,#2732,.T.);
#6296=EDGE_CURVE('',#4889,#4890,#596,.T.);
#6297=EDGE_CURVE('',#4888,#4890,#2733,.T.);
#6298=EDGE_CURVE('',#4891,#4887,#597,.T.);
#6299=EDGE_CURVE('',#4891,#4892,#2734,.T.);
#6300=EDGE_CURVE('',#4892,#4889,#598,.T.);
#6301=EDGE_CURVE('',#4893,#4891,#599,.T.);
#6302=EDGE_CURVE('',#4893,#4894,#2735,.T.);
#6303=EDGE_CURVE('',#4894,#4892,#600,.T.);
#6304=EDGE_CURVE('',#4895,#4893,#2736,.T.);
#6305=EDGE_CURVE('',#4895,#4896,#2737,.T.);
#6306=EDGE_CURVE('',#4896,#4894,#2738,.T.);
#6307=EDGE_CURVE('',#4897,#4895,#601,.T.);
#6308=EDGE_CURVE('',#4897,#4898,#2739,.T.);
#6309=EDGE_CURVE('',#4898,#4896,#602,.T.);
#6310=EDGE_CURVE('',#4899,#4897,#603,.T.);
#6311=EDGE_CURVE('',#4899,#4900,#2740,.T.);
#6312=EDGE_CURVE('',#4900,#4898,#604,.T.);
#6313=EDGE_CURVE('',#4901,#4899,#605,.T.);
#6314=EDGE_CURVE('',#4901,#4902,#2741,.T.);
#6315=EDGE_CURVE('',#4902,#4900,#606,.T.);
#6316=EDGE_CURVE('',#4903,#4901,#607,.T.);
#6317=EDGE_CURVE('',#4903,#4904,#2742,.T.);
#6318=EDGE_CURVE('',#4904,#4902,#608,.T.);
#6319=EDGE_CURVE('',#4905,#4903,#609,.T.);
#6320=EDGE_CURVE('',#4905,#4906,#2743,.T.);
#6321=EDGE_CURVE('',#4906,#4904,#610,.T.);
#6322=EDGE_CURVE('',#4907,#4905,#611,.T.);
#6323=EDGE_CURVE('',#4907,#4908,#2744,.T.);
#6324=EDGE_CURVE('',#4908,#4906,#612,.T.);
#6325=EDGE_CURVE('',#4909,#4907,#613,.T.);
#6326=EDGE_CURVE('',#4909,#4910,#2745,.T.);
#6327=EDGE_CURVE('',#4910,#4908,#614,.T.);
#6328=EDGE_CURVE('',#4911,#4909,#615,.T.);
#6329=EDGE_CURVE('',#4911,#4912,#2746,.T.);
#6330=EDGE_CURVE('',#4912,#4910,#616,.T.);
#6331=EDGE_CURVE('',#4913,#4911,#617,.T.);
#6332=EDGE_CURVE('',#4913,#4914,#2747,.T.);
#6333=EDGE_CURVE('',#4914,#4912,#618,.T.);
#6334=EDGE_CURVE('',#4915,#4913,#2748,.T.);
#6335=EDGE_CURVE('',#4915,#4916,#2749,.T.);
#6336=EDGE_CURVE('',#4916,#4914,#2750,.T.);
#6337=EDGE_CURVE('',#4888,#4915,#619,.T.);
#6338=EDGE_CURVE('',#4890,#4916,#620,.T.);
#6339=EDGE_CURVE('',#4917,#4918,#2751,.T.);
#6340=EDGE_CURVE('',#4917,#4919,#2752,.T.);
#6341=EDGE_CURVE('',#4919,#4920,#2753,.T.);
#6342=EDGE_CURVE('',#4918,#4920,#2754,.T.);
#6343=EDGE_CURVE('',#4921,#4917,#2755,.T.);
#6344=EDGE_CURVE('',#4921,#4922,#2756,.T.);
#6345=EDGE_CURVE('',#4922,#4919,#2757,.T.);
#6346=EDGE_CURVE('',#4923,#4921,#2758,.T.);
#6347=EDGE_CURVE('',#4923,#4924,#2759,.T.);
#6348=EDGE_CURVE('',#4924,#4922,#2760,.T.);
#6349=EDGE_CURVE('',#4925,#4923,#2761,.T.);
#6350=EDGE_CURVE('',#4925,#4926,#2762,.T.);
#6351=EDGE_CURVE('',#4926,#4924,#2763,.T.);
#6352=EDGE_CURVE('',#4927,#4925,#2764,.T.);
#6353=EDGE_CURVE('',#4927,#4928,#2765,.T.);
#6354=EDGE_CURVE('',#4928,#4926,#2766,.T.);
#6355=EDGE_CURVE('',#4929,#4927,#2767,.T.);
#6356=EDGE_CURVE('',#4929,#4930,#2768,.T.);
#6357=EDGE_CURVE('',#4930,#4928,#2769,.T.);
#6358=EDGE_CURVE('',#4931,#4929,#2770,.T.);
#6359=EDGE_CURVE('',#4931,#4932,#2771,.T.);
#6360=EDGE_CURVE('',#4932,#4930,#2772,.T.);
#6361=EDGE_CURVE('',#4918,#4931,#2773,.T.);
#6362=EDGE_CURVE('',#4920,#4932,#2774,.T.);
#6363=EDGE_CURVE('',#4933,#4934,#2775,.T.);
#6364=EDGE_CURVE('',#4933,#4935,#2776,.T.);
#6365=EDGE_CURVE('',#4935,#4936,#2777,.T.);
#6366=EDGE_CURVE('',#4934,#4936,#2778,.T.);
#6367=EDGE_CURVE('',#4937,#4933,#2779,.T.);
#6368=EDGE_CURVE('',#4937,#4938,#2780,.T.);
#6369=EDGE_CURVE('',#4938,#4935,#2781,.T.);
#6370=EDGE_CURVE('',#4939,#4937,#2782,.T.);
#6371=EDGE_CURVE('',#4939,#4940,#2783,.T.);
#6372=EDGE_CURVE('',#4940,#4938,#2784,.T.);
#6373=EDGE_CURVE('',#4934,#4939,#2785,.T.);
#6374=EDGE_CURVE('',#4936,#4940,#2786,.T.);
#6375=EDGE_CURVE('',#4941,#4942,#621,.T.);
#6376=EDGE_CURVE('',#4941,#4943,#2787,.T.);
#6377=EDGE_CURVE('',#4943,#4944,#622,.T.);
#6378=EDGE_CURVE('',#4942,#4944,#2788,.T.);
#6379=EDGE_CURVE('',#4945,#4941,#623,.T.);
#6380=EDGE_CURVE('',#4945,#4946,#2789,.T.);
#6381=EDGE_CURVE('',#4946,#4943,#624,.T.);
#6382=EDGE_CURVE('',#4947,#4945,#625,.T.);
#6383=EDGE_CURVE('',#4947,#4948,#2790,.T.);
#6384=EDGE_CURVE('',#4948,#4946,#626,.T.);
#6385=EDGE_CURVE('',#4949,#4947,#627,.T.);
#6386=EDGE_CURVE('',#4949,#4950,#2791,.T.);
#6387=EDGE_CURVE('',#4950,#4948,#628,.T.);
#6388=EDGE_CURVE('',#4951,#4949,#629,.T.);
#6389=EDGE_CURVE('',#4951,#4952,#2792,.T.);
#6390=EDGE_CURVE('',#4952,#4950,#630,.T.);
#6391=EDGE_CURVE('',#4953,#4951,#2793,.T.);
#6392=EDGE_CURVE('',#4953,#4954,#2794,.T.);
#6393=EDGE_CURVE('',#4954,#4952,#2795,.T.);
#6394=EDGE_CURVE('',#4955,#4953,#2796,.T.);
#6395=EDGE_CURVE('',#4955,#4956,#2797,.T.);
#6396=EDGE_CURVE('',#4956,#4954,#2798,.T.);
#6397=EDGE_CURVE('',#4957,#4955,#2799,.T.);
#6398=EDGE_CURVE('',#4957,#4958,#2800,.T.);
#6399=EDGE_CURVE('',#4958,#4956,#2801,.T.);
#6400=EDGE_CURVE('',#4959,#4957,#631,.T.);
#6401=EDGE_CURVE('',#4959,#4960,#2802,.T.);
#6402=EDGE_CURVE('',#4960,#4958,#632,.T.);
#6403=EDGE_CURVE('',#4961,#4959,#633,.T.);
#6404=EDGE_CURVE('',#4961,#4962,#2803,.T.);
#6405=EDGE_CURVE('',#4962,#4960,#634,.T.);
#6406=EDGE_CURVE('',#4963,#4961,#635,.T.);
#6407=EDGE_CURVE('',#4963,#4964,#2804,.T.);
#6408=EDGE_CURVE('',#4964,#4962,#636,.T.);
#6409=EDGE_CURVE('',#4965,#4963,#637,.T.);
#6410=EDGE_CURVE('',#4965,#4966,#2805,.T.);
#6411=EDGE_CURVE('',#4966,#4964,#638,.T.);
#6412=EDGE_CURVE('',#4967,#4965,#639,.T.);
#6413=EDGE_CURVE('',#4967,#4968,#2806,.T.);
#6414=EDGE_CURVE('',#4968,#4966,#640,.T.);
#6415=EDGE_CURVE('',#4969,#4967,#641,.T.);
#6416=EDGE_CURVE('',#4969,#4970,#2807,.T.);
#6417=EDGE_CURVE('',#4970,#4968,#642,.T.);
#6418=EDGE_CURVE('',#4971,#4969,#2808,.T.);
#6419=EDGE_CURVE('',#4971,#4972,#2809,.T.);
#6420=EDGE_CURVE('',#4972,#4970,#2810,.T.);
#6421=EDGE_CURVE('',#4973,#4971,#2811,.T.);
#6422=EDGE_CURVE('',#4973,#4974,#2812,.T.);
#6423=EDGE_CURVE('',#4974,#4972,#2813,.T.);
#6424=EDGE_CURVE('',#4942,#4973,#2814,.T.);
#6425=EDGE_CURVE('',#4944,#4974,#2815,.T.);
#6426=EDGE_CURVE('',#4975,#4976,#2816,.T.);
#6427=EDGE_CURVE('',#4975,#4977,#2817,.T.);
#6428=EDGE_CURVE('',#4977,#4978,#2818,.T.);
#6429=EDGE_CURVE('',#4976,#4978,#2819,.T.);
#6430=EDGE_CURVE('',#4979,#4975,#2820,.T.);
#6431=EDGE_CURVE('',#4979,#4980,#2821,.T.);
#6432=EDGE_CURVE('',#4980,#4977,#2822,.T.);
#6433=EDGE_CURVE('',#4981,#4979,#2823,.T.);
#6434=EDGE_CURVE('',#4981,#4982,#2824,.T.);
#6435=EDGE_CURVE('',#4982,#4980,#2825,.T.);
#6436=EDGE_CURVE('',#4983,#4981,#2826,.T.);
#6437=EDGE_CURVE('',#4983,#4984,#2827,.T.);
#6438=EDGE_CURVE('',#4984,#4982,#2828,.T.);
#6439=EDGE_CURVE('',#4985,#4983,#2829,.T.);
#6440=EDGE_CURVE('',#4985,#4986,#2830,.T.);
#6441=EDGE_CURVE('',#4986,#4984,#2831,.T.);
#6442=EDGE_CURVE('',#4987,#4985,#2832,.T.);
#6443=EDGE_CURVE('',#4987,#4988,#2833,.T.);
#6444=EDGE_CURVE('',#4988,#4986,#2834,.T.);
#6445=EDGE_CURVE('',#4989,#4987,#2835,.T.);
#6446=EDGE_CURVE('',#4989,#4990,#2836,.T.);
#6447=EDGE_CURVE('',#4990,#4988,#2837,.T.);
#6448=EDGE_CURVE('',#4991,#4989,#2838,.T.);
#6449=EDGE_CURVE('',#4991,#4992,#2839,.T.);
#6450=EDGE_CURVE('',#4992,#4990,#2840,.T.);
#6451=EDGE_CURVE('',#4993,#4991,#2841,.T.);
#6452=EDGE_CURVE('',#4993,#4994,#2842,.T.);
#6453=EDGE_CURVE('',#4994,#4992,#2843,.T.);
#6454=EDGE_CURVE('',#4995,#4993,#2844,.T.);
#6455=EDGE_CURVE('',#4995,#4996,#2845,.T.);
#6456=EDGE_CURVE('',#4996,#4994,#2846,.T.);
#6457=EDGE_CURVE('',#4997,#4995,#2847,.T.);
#6458=EDGE_CURVE('',#4997,#4998,#2848,.T.);
#6459=EDGE_CURVE('',#4998,#4996,#2849,.T.);
#6460=EDGE_CURVE('',#4976,#4997,#2850,.T.);
#6461=EDGE_CURVE('',#4978,#4998,#2851,.T.);
#6462=EDGE_CURVE('',#4999,#5000,#2852,.T.);
#6463=EDGE_CURVE('',#4999,#5001,#2853,.T.);
#6464=EDGE_CURVE('',#5001,#5002,#2854,.T.);
#6465=EDGE_CURVE('',#5000,#5002,#2855,.T.);
#6466=EDGE_CURVE('',#5003,#4999,#2856,.T.);
#6467=EDGE_CURVE('',#5003,#5004,#2857,.T.);
#6468=EDGE_CURVE('',#5004,#5001,#2858,.T.);
#6469=EDGE_CURVE('',#5005,#5003,#2859,.T.);
#6470=EDGE_CURVE('',#5005,#5006,#2860,.T.);
#6471=EDGE_CURVE('',#5006,#5004,#2861,.T.);
#6472=EDGE_CURVE('',#5007,#5005,#2862,.T.);
#6473=EDGE_CURVE('',#5007,#5008,#2863,.T.);
#6474=EDGE_CURVE('',#5008,#5006,#2864,.T.);
#6475=EDGE_CURVE('',#5009,#5007,#2865,.T.);
#6476=EDGE_CURVE('',#5009,#5010,#2866,.T.);
#6477=EDGE_CURVE('',#5010,#5008,#2867,.T.);
#6478=EDGE_CURVE('',#5011,#5009,#2868,.T.);
#6479=EDGE_CURVE('',#5011,#5012,#2869,.T.);
#6480=EDGE_CURVE('',#5012,#5010,#2870,.T.);
#6481=EDGE_CURVE('',#5013,#5011,#2871,.T.);
#6482=EDGE_CURVE('',#5013,#5014,#2872,.T.);
#6483=EDGE_CURVE('',#5014,#5012,#2873,.T.);
#6484=EDGE_CURVE('',#5015,#5013,#2874,.T.);
#6485=EDGE_CURVE('',#5015,#5016,#2875,.T.);
#6486=EDGE_CURVE('',#5016,#5014,#2876,.T.);
#6487=EDGE_CURVE('',#5017,#5015,#2877,.T.);
#6488=EDGE_CURVE('',#5017,#5018,#2878,.T.);
#6489=EDGE_CURVE('',#5018,#5016,#2879,.T.);
#6490=EDGE_CURVE('',#5019,#5017,#2880,.T.);
#6491=EDGE_CURVE('',#5019,#5020,#2881,.T.);
#6492=EDGE_CURVE('',#5020,#5018,#2882,.T.);
#6493=EDGE_CURVE('',#5021,#5019,#2883,.T.);
#6494=EDGE_CURVE('',#5021,#5022,#2884,.T.);
#6495=EDGE_CURVE('',#5022,#5020,#2885,.T.);
#6496=EDGE_CURVE('',#5000,#5021,#2886,.T.);
#6497=EDGE_CURVE('',#5002,#5022,#2887,.T.);
#6498=EDGE_CURVE('',#5023,#5024,#2888,.T.);
#6499=EDGE_CURVE('',#5024,#5025,#2889,.T.);
#6500=EDGE_CURVE('',#5026,#5025,#2890,.T.);
#6501=EDGE_CURVE('',#5023,#5026,#2891,.T.);
#6502=EDGE_CURVE('',#5027,#5023,#2892,.T.);
#6503=EDGE_CURVE('',#5028,#5026,#2893,.T.);
#6504=EDGE_CURVE('',#5027,#5028,#2894,.T.);
#6505=EDGE_CURVE('',#5029,#5027,#2895,.T.);
#6506=EDGE_CURVE('',#5030,#5028,#2896,.T.);
#6507=EDGE_CURVE('',#5029,#5030,#2897,.T.);
#6508=EDGE_CURVE('',#5024,#5029,#2898,.T.);
#6509=EDGE_CURVE('',#5025,#5030,#2899,.T.);
#6510=EDGE_CURVE('',#5031,#5032,#2900,.T.);
#6511=EDGE_CURVE('',#5032,#5033,#2901,.T.);
#6512=EDGE_CURVE('',#5034,#5033,#2902,.T.);
#6513=EDGE_CURVE('',#5031,#5034,#2903,.T.);
#6514=EDGE_CURVE('',#5035,#5031,#2904,.T.);
#6515=EDGE_CURVE('',#5036,#5034,#2905,.T.);
#6516=EDGE_CURVE('',#5035,#5036,#2906,.T.);
#6517=EDGE_CURVE('',#5037,#5035,#2907,.T.);
#6518=EDGE_CURVE('',#5038,#5036,#2908,.T.);
#6519=EDGE_CURVE('',#5037,#5038,#2909,.T.);
#6520=EDGE_CURVE('',#5032,#5037,#2910,.T.);
#6521=EDGE_CURVE('',#5033,#5038,#2911,.T.);
#6522=EDGE_CURVE('',#5039,#5040,#2912,.T.);
#6523=EDGE_CURVE('',#5040,#5041,#2913,.T.);
#6524=EDGE_CURVE('',#5042,#5041,#2914,.T.);
#6525=EDGE_CURVE('',#5039,#5042,#2915,.T.);
#6526=EDGE_CURVE('',#5043,#5039,#2916,.T.);
#6527=EDGE_CURVE('',#5044,#5042,#2917,.T.);
#6528=EDGE_CURVE('',#5043,#5044,#2918,.T.);
#6529=EDGE_CURVE('',#5045,#5043,#2919,.T.);
#6530=EDGE_CURVE('',#5046,#5044,#2920,.T.);
#6531=EDGE_CURVE('',#5045,#5046,#2921,.T.);
#6532=EDGE_CURVE('',#5040,#5045,#2922,.T.);
#6533=EDGE_CURVE('',#5041,#5046,#2923,.T.);
#6534=EDGE_CURVE('',#5047,#5048,#2924,.T.);
#6535=EDGE_CURVE('',#5048,#5049,#2925,.T.);
#6536=EDGE_CURVE('',#5050,#5049,#2926,.T.);
#6537=EDGE_CURVE('',#5047,#5050,#2927,.T.);
#6538=EDGE_CURVE('',#5051,#5047,#2928,.T.);
#6539=EDGE_CURVE('',#5052,#5050,#2929,.T.);
#6540=EDGE_CURVE('',#5051,#5052,#2930,.T.);
#6541=EDGE_CURVE('',#5053,#5051,#2931,.T.);
#6542=EDGE_CURVE('',#5054,#5052,#2932,.T.);
#6543=EDGE_CURVE('',#5053,#5054,#2933,.T.);
#6544=EDGE_CURVE('',#5048,#5053,#2934,.T.);
#6545=EDGE_CURVE('',#5049,#5054,#2935,.T.);
#6546=EDGE_CURVE('',#5055,#5056,#2936,.T.);
#6547=EDGE_CURVE('',#5055,#5057,#2937,.T.);
#6548=EDGE_CURVE('',#5058,#5057,#2938,.T.);
#6549=EDGE_CURVE('',#5056,#5058,#2939,.T.);
#6550=EDGE_CURVE('',#5059,#5060,#2940,.T.);
#6551=EDGE_CURVE('',#5061,#5059,#2941,.T.);
#6552=EDGE_CURVE('',#5062,#5061,#2942,.T.);
#6553=EDGE_CURVE('',#5062,#5060,#2943,.T.);
#6554=EDGE_CURVE('',#5060,#5055,#2944,.T.);
#6555=EDGE_CURVE('',#5057,#5062,#2945,.T.);
#6556=EDGE_CURVE('',#5061,#5063,#2946,.T.);
#6557=EDGE_CURVE('',#5063,#5064,#2947,.T.);
#6558=EDGE_CURVE('',#5064,#5065,#2948,.T.);
#6559=EDGE_CURVE('',#5065,#5066,#2949,.T.);
#6560=EDGE_CURVE('',#5066,#5067,#2950,.T.);
#6561=EDGE_CURVE('',#5067,#5068,#2951,.T.);
#6562=EDGE_CURVE('',#5069,#5068,#2952,.T.);
#6563=EDGE_CURVE('',#5070,#5069,#2953,.T.);
#6564=EDGE_CURVE('',#5070,#5058,#2954,.T.);
#6565=EDGE_CURVE('',#5071,#5059,#2955,.T.);
#6566=EDGE_CURVE('',#5071,#5063,#2956,.T.);
#6567=EDGE_CURVE('',#5072,#5070,#44,.T.);
#6568=EDGE_CURVE('',#5073,#5072,#2957,.T.);
#6569=EDGE_CURVE('',#5074,#5073,#45,.T.);
#6570=EDGE_CURVE('',#5075,#5074,#2958,.T.);
#6571=EDGE_CURVE('',#5075,#5076,#2959,.T.);
#6572=EDGE_CURVE('',#5077,#5076,#2960,.T.);
#6573=EDGE_CURVE('',#5077,#5078,#46,.T.);
#6574=EDGE_CURVE('',#5079,#5078,#2961,.T.);
#6575=EDGE_CURVE('',#5080,#5079,#47,.T.);
#6576=EDGE_CURVE('',#5081,#5080,#2962,.T.);
#6577=EDGE_CURVE('',#5081,#5082,#48,.T.);
#6578=EDGE_CURVE('',#5083,#5082,#2963,.T.);
#6579=EDGE_CURVE('',#5083,#5084,#49,.T.);
#6580=EDGE_CURVE('',#5085,#5084,#2964,.T.);
#6581=EDGE_CURVE('',#5086,#5085,#50,.T.);
#6582=EDGE_CURVE('',#5087,#5086,#2965,.T.);
#6583=EDGE_CURVE('',#5087,#5088,#51,.T.);
#6584=EDGE_CURVE('',#5056,#5088,#2966,.T.);
#6585=EDGE_CURVE('',#5089,#5075,#2967,.T.);
#6586=EDGE_CURVE('',#5089,#5090,#2968,.T.);
#6587=EDGE_CURVE('',#5076,#5090,#2969,.T.);
#6588=EDGE_CURVE('',#5091,#5092,#2970,.T.);
#6589=EDGE_CURVE('',#5093,#5091,#2971,.T.);
#6590=EDGE_CURVE('',#5094,#5093,#2972,.T.);
#6591=EDGE_CURVE('',#5094,#5092,#2973,.T.);
#6592=EDGE_CURVE('',#5092,#5089,#2974,.T.);
#6593=EDGE_CURVE('',#5090,#5094,#2975,.T.);
#6594=EDGE_CURVE('',#5093,#5095,#2976,.T.);
#6595=EDGE_CURVE('',#5095,#5096,#2977,.T.);
#6596=EDGE_CURVE('',#5096,#5097,#2978,.T.);
#6597=EDGE_CURVE('',#5097,#5098,#2979,.T.);
#6598=EDGE_CURVE('',#5098,#5099,#2980,.T.);
#6599=EDGE_CURVE('',#5099,#5100,#2981,.T.);
#6600=EDGE_CURVE('',#5101,#5100,#2982,.T.);
#6601=EDGE_CURVE('',#5101,#5077,#2983,.T.);
#6602=EDGE_CURVE('',#5102,#5091,#2984,.T.);
#6603=EDGE_CURVE('',#5102,#5095,#2985,.T.);
#6604=EDGE_CURVE('',#5103,#5071,#2986,.T.);
#6605=EDGE_CURVE('',#5103,#5064,#2987,.T.);
#6606=EDGE_CURVE('',#5104,#5105,#2988,.T.);
#6607=EDGE_CURVE('',#5066,#5104,#2989,.T.);
#6608=EDGE_CURVE('',#5065,#5105,#2990,.T.);
#6609=EDGE_CURVE('',#5105,#5103,#2991,.T.);
#6610=EDGE_CURVE('',#5106,#5104,#2992,.T.);
#6611=EDGE_CURVE('',#5106,#5107,#52,.T.);
#6612=EDGE_CURVE('',#5108,#5107,#2993,.T.);
#6613=EDGE_CURVE('',#5109,#5108,#53,.T.);
#6614=EDGE_CURVE('',#5110,#5109,#2994,.T.);
#6615=EDGE_CURVE('',#5110,#5111,#54,.T.);
#6616=EDGE_CURVE('',#5111,#5112,#55,.T.);
#6617=EDGE_CURVE('',#5113,#5112,#2995,.T.);
#6618=EDGE_CURVE('',#5113,#5114,#2996,.T.);
#6619=EDGE_CURVE('',#5115,#5114,#2997,.T.);
#6620=EDGE_CURVE('',#5067,#5115,#56,.T.);
#6621=EDGE_CURVE('',#5116,#5102,#2998,.T.);
#6622=EDGE_CURVE('',#5116,#5096,#2999,.T.);
#6623=EDGE_CURVE('',#5117,#5118,#3000,.T.);
#6624=EDGE_CURVE('',#5098,#5117,#3001,.T.);
#6625=EDGE_CURVE('',#5097,#5118,#3002,.T.);
#6626=EDGE_CURVE('',#5118,#5116,#3003,.T.);
#6627=EDGE_CURVE('',#5119,#5117,#3004,.T.);
#6628=EDGE_CURVE('',#5120,#5119,#57,.T.);
#6629=EDGE_CURVE('',#5121,#5120,#3005,.T.);
#6630=EDGE_CURVE('',#5121,#5122,#3006,.T.);
#6631=EDGE_CURVE('',#5123,#5122,#3007,.T.);
#6632=EDGE_CURVE('',#5123,#5124,#58,.T.);
#6633=EDGE_CURVE('',#5124,#5125,#59,.T.);
#6634=EDGE_CURVE('',#5126,#5125,#3008,.T.);
#6635=EDGE_CURVE('',#5127,#5126,#60,.T.);
#6636=EDGE_CURVE('',#5128,#5127,#3009,.T.);
#6637=EDGE_CURVE('',#5128,#5099,#61,.T.);
#6638=EDGE_CURVE('',#5129,#5130,#3010,.T.);
#6639=EDGE_CURVE('',#5129,#5131,#3011,.T.);
#6640=EDGE_CURVE('',#5131,#5132,#3012,.T.);
#6641=EDGE_CURVE('',#5130,#5132,#3013,.T.);
#6642=EDGE_CURVE('',#5133,#5113,#3014,.T.);
#6643=EDGE_CURVE('',#5134,#5133,#3015,.T.);
#6644=EDGE_CURVE('',#5114,#5134,#3016,.T.);
#6645=EDGE_CURVE('',#5130,#5135,#3017,.T.);
#6646=EDGE_CURVE('',#5132,#5136,#3018,.T.);
#6647=EDGE_CURVE('',#5135,#5136,#3019,.T.);
#6648=EDGE_CURVE('',#5137,#5129,#3020,.T.);
#6649=EDGE_CURVE('',#5138,#5137,#3021,.T.);
#6650=EDGE_CURVE('',#5138,#5131,#3022,.T.);
#6651=EDGE_CURVE('',#5139,#5121,#3023,.T.);
#6652=EDGE_CURVE('',#5140,#5139,#3024,.T.);
#6653=EDGE_CURVE('',#5122,#5140,#3025,.T.);
#6654=EDGE_CURVE('',#5136,#5138,#3026,.T.);
#6655=EDGE_CURVE('',#5141,#5140,#3027,.T.);
#6656=EDGE_CURVE('',#5141,#5123,#3028,.T.);
#6657=EDGE_CURVE('',#5112,#5142,#3029,.T.);
#6658=EDGE_CURVE('',#5133,#5142,#3030,.T.);
#6659=EDGE_CURVE('',#5142,#5143,#62,.T.);
#6660=EDGE_CURVE('',#5143,#5144,#63,.T.);
#6661=EDGE_CURVE('',#5144,#5145,#3031,.T.);
#6662=EDGE_CURVE('',#5145,#5146,#64,.T.);
#6663=EDGE_CURVE('',#5146,#5147,#3032,.T.);
#6664=EDGE_CURVE('',#5147,#5148,#65,.T.);
#6665=EDGE_CURVE('',#5148,#5149,#3033,.T.);
#6666=EDGE_CURVE('',#5149,#5150,#66,.T.);
#6667=EDGE_CURVE('',#5150,#5151,#3034,.T.);
#6668=EDGE_CURVE('',#5151,#5152,#67,.T.);
#6669=EDGE_CURVE('',#5152,#5153,#3035,.T.);
#6670=EDGE_CURVE('',#5153,#5154,#68,.T.);
#6671=EDGE_CURVE('',#5154,#5155,#3036,.T.);
#6672=EDGE_CURVE('',#5155,#5156,#69,.T.);
#6673=EDGE_CURVE('',#5156,#5157,#3037,.T.);
#6674=EDGE_CURVE('',#5157,#5158,#70,.T.);
#6675=EDGE_CURVE('',#5158,#5159,#3038,.T.);
#6676=EDGE_CURVE('',#5159,#5101,#71,.T.);
#6677=EDGE_CURVE('',#5100,#5160,#72,.T.);
#6678=EDGE_CURVE('',#5160,#5161,#3039,.T.);
#6679=EDGE_CURVE('',#5161,#5162,#73,.T.);
#6680=EDGE_CURVE('',#5162,#5163,#3040,.T.);
#6681=EDGE_CURVE('',#5163,#5164,#74,.T.);
#6682=EDGE_CURVE('',#5164,#5141,#75,.T.);
#6683=EDGE_CURVE('',#5139,#5165,#3041,.T.);
#6684=EDGE_CURVE('',#5165,#5166,#76,.T.);
#6685=EDGE_CURVE('',#5166,#5167,#3042,.T.);
#6686=EDGE_CURVE('',#5167,#5168,#77,.T.);
#6687=EDGE_CURVE('',#5168,#5169,#3043,.T.);
#6688=EDGE_CURVE('',#5169,#5069,#78,.T.);
#6689=EDGE_CURVE('',#5068,#5170,#79,.T.);
#6690=EDGE_CURVE('',#5170,#5134,#3044,.T.);
#6691=EDGE_CURVE('',#5120,#5165,#3045,.T.);
#6692=EDGE_CURVE('',#5171,#5172,#80,.T.);
#6693=EDGE_CURVE('',#5173,#5171,#3046,.T.);
#6694=EDGE_CURVE('',#5174,#5173,#81,.T.);
#6695=EDGE_CURVE('',#5175,#5174,#3047,.T.);
#6696=EDGE_CURVE('',#5176,#5175,#82,.T.);
#6697=EDGE_CURVE('',#5177,#5176,#3048,.T.);
#6698=EDGE_CURVE('',#5178,#5177,#83,.T.);
#6699=EDGE_CURVE('',#5172,#5178,#3049,.T.);
#6700=EDGE_CURVE('',#5135,#5179,#3050,.T.);
#6701=EDGE_CURVE('',#5179,#5180,#84,.T.);
#6702=EDGE_CURVE('',#5180,#5181,#3051,.T.);
#6703=EDGE_CURVE('',#5181,#5182,#85,.T.);
#6704=EDGE_CURVE('',#5182,#5183,#3052,.T.);
#6705=EDGE_CURVE('',#5183,#5184,#86,.T.);
#6706=EDGE_CURVE('',#5184,#5185,#3053,.T.);
#6707=EDGE_CURVE('',#5185,#5186,#87,.T.);
#6708=EDGE_CURVE('',#5186,#5137,#3054,.T.);
#6709=EDGE_CURVE('',#5187,#5187,#88,.T.);
#6710=EDGE_CURVE('',#5187,#5188,#3055,.T.);
#6711=EDGE_CURVE('',#5188,#5188,#89,.T.);
#6712=EDGE_CURVE('',#5189,#5189,#90,.T.);
#6713=EDGE_CURVE('',#5189,#5190,#3056,.T.);
#6714=EDGE_CURVE('',#5190,#5190,#91,.T.);
#6715=EDGE_CURVE('',#5191,#5191,#92,.T.);
#6716=EDGE_CURVE('',#5191,#5192,#3057,.T.);
#6717=EDGE_CURVE('',#5192,#5192,#93,.T.);
#6718=EDGE_CURVE('',#5193,#5193,#94,.T.);
#6719=EDGE_CURVE('',#5193,#5194,#3058,.T.);
#6720=EDGE_CURVE('',#5194,#5194,#95,.T.);
#6721=EDGE_CURVE('',#5154,#5083,#3059,.T.);
#6722=EDGE_CURVE('',#5084,#5153,#3060,.T.);
#6723=EDGE_CURVE('',#5150,#5087,#3061,.T.);
#6724=EDGE_CURVE('',#5088,#5149,#3062,.T.);
#6725=EDGE_CURVE('',#5082,#5155,#3063,.T.);
#6726=EDGE_CURVE('',#5085,#5152,#3064,.T.);
#6727=EDGE_CURVE('',#5086,#5151,#3065,.T.);
#6728=EDGE_CURVE('',#5195,#5195,#96,.T.);
#6729=EDGE_CURVE('',#5195,#5196,#3066,.T.);
#6730=EDGE_CURVE('',#5196,#5196,#97,.T.);
#6731=EDGE_CURVE('',#5197,#5197,#98,.T.);
#6732=EDGE_CURVE('',#5197,#5198,#3067,.T.);
#6733=EDGE_CURVE('',#5198,#5198,#99,.T.);
#6734=EDGE_CURVE('',#5199,#5199,#100,.T.);
#6735=EDGE_CURVE('',#5199,#5200,#3068,.T.);
#6736=EDGE_CURVE('',#5200,#5200,#101,.T.);
#6737=EDGE_CURVE('',#5078,#5159,#3069,.T.);
#6738=EDGE_CURVE('',#5156,#5081,#3070,.T.);
#6739=EDGE_CURVE('',#5201,#5201,#102,.T.);
#6740=EDGE_CURVE('',#5201,#5202,#3071,.T.);
#6741=EDGE_CURVE('',#5202,#5202,#103,.T.);
#6742=EDGE_CURVE('',#5203,#5203,#104,.T.);
#6743=EDGE_CURVE('',#5203,#5204,#3072,.T.);
#6744=EDGE_CURVE('',#5204,#5204,#105,.T.);
#6745=EDGE_CURVE('',#5205,#5205,#106,.T.);
#6746=EDGE_CURVE('',#5205,#5143,#3073,.T.);
#6747=EDGE_CURVE('',#5111,#5206,#3074,.T.);
#6748=EDGE_CURVE('',#5206,#5206,#107,.T.);
#6749=EDGE_CURVE('',#5144,#5110,#3075,.T.);
#6750=EDGE_CURVE('',#5107,#5147,#3076,.T.);
#6751=EDGE_CURVE('',#5148,#5106,#3077,.T.);
#6752=EDGE_CURVE('',#5108,#5146,#3078,.T.);
#6753=EDGE_CURVE('',#5207,#5207,#108,.T.);
#6754=EDGE_CURVE('',#5207,#5208,#3079,.T.);
#6755=EDGE_CURVE('',#5208,#5208,#109,.T.);
#6756=EDGE_CURVE('',#5209,#5209,#110,.T.);
#6757=EDGE_CURVE('',#5209,#5210,#3080,.T.);
#6758=EDGE_CURVE('',#5210,#5210,#111,.T.);
#6759=EDGE_CURVE('',#5211,#5211,#112,.T.);
#6760=EDGE_CURVE('',#5211,#5164,#3081,.T.);
#6761=EDGE_CURVE('',#5125,#5163,#3082,.T.);
#6762=EDGE_CURVE('',#5124,#5212,#3083,.T.);
#6763=EDGE_CURVE('',#5212,#5212,#113,.T.);
#6764=EDGE_CURVE('',#5160,#5128,#3084,.T.);
#6765=EDGE_CURVE('',#5127,#5161,#3085,.T.);
#6766=EDGE_CURVE('',#5079,#5158,#3086,.T.);
#6767=EDGE_CURVE('',#5126,#5162,#3087,.T.);
#6768=EDGE_CURVE('',#5109,#5145,#3088,.T.);
#6769=EDGE_CURVE('',#5080,#5157,#3089,.T.);
#6770=EDGE_CURVE('',#5115,#5170,#3090,.T.);
#6771=EDGE_CURVE('',#5072,#5169,#3091,.T.);
#6772=EDGE_CURVE('',#5073,#5168,#3092,.T.);
#6773=EDGE_CURVE('',#5074,#5167,#3093,.T.);
#6774=EDGE_CURVE('',#5119,#5166,#3094,.T.);
#6775=EDGE_CURVE('',#5213,#5214,#3095,.T.);
#6776=EDGE_CURVE('',#5215,#5213,#3096,.T.);
#6777=EDGE_CURVE('',#5216,#5215,#3097,.T.);
#6778=EDGE_CURVE('',#5214,#5216,#3098,.T.);
#6779=EDGE_CURVE('',#5217,#5213,#3099,.T.);
#6780=EDGE_CURVE('',#5218,#5217,#114,.T.);
#6781=EDGE_CURVE('',#5219,#5218,#3100,.T.);
#6782=EDGE_CURVE('',#5220,#5219,#115,.T.);
#6783=EDGE_CURVE('',#5215,#5220,#3101,.T.);
#6784=EDGE_CURVE('',#5221,#5214,#3102,.T.);
#6785=EDGE_CURVE('',#5172,#5221,#3103,.T.);
#6786=EDGE_CURVE('',#5178,#5217,#3104,.T.);
#6787=EDGE_CURVE('',#5216,#5222,#3105,.T.);
#6788=EDGE_CURVE('',#5222,#5223,#116,.T.);
#6789=EDGE_CURVE('',#5223,#5224,#3106,.T.);
#6790=EDGE_CURVE('',#5224,#5221,#117,.T.);
#6791=EDGE_CURVE('',#5175,#5220,#3107,.T.);
#6792=EDGE_CURVE('',#5174,#5222,#3108,.T.);
#6793=EDGE_CURVE('',#5225,#5226,#118,.T.);
#6794=EDGE_CURVE('',#5225,#5227,#3109,.T.);
#6795=EDGE_CURVE('',#5227,#5226,#3110,.T.);
#6796=EDGE_CURVE('',#5228,#5229,#119,.T.);
#6797=EDGE_CURVE('',#5230,#5228,#3111,.T.);
#6798=EDGE_CURVE('',#5230,#5229,#3112,.T.);
#6799=EDGE_CURVE('',#5231,#5232,#3113,.T.);
#6800=EDGE_CURVE('',#5231,#5233,#3114,.T.);
#6801=EDGE_CURVE('',#5234,#5233,#3115,.T.);
#6802=EDGE_CURVE('',#5232,#5234,#3116,.T.);
#6803=EDGE_CURVE('',#5234,#5235,#3117,.T.);
#6804=EDGE_CURVE('',#5233,#5236,#3118,.T.);
#6805=EDGE_CURVE('',#5235,#5236,#3119,.T.);
#6806=EDGE_CURVE('',#5186,#5229,#3120,.T.);
#6807=EDGE_CURVE('',#5185,#5228,#3121,.T.);
#6808=EDGE_CURVE('',#5235,#5230,#3122,.T.);
#6809=EDGE_CURVE('',#5236,#5227,#3123,.T.);
#6810=EDGE_CURVE('',#5179,#5225,#3124,.T.);
#6811=EDGE_CURVE('',#5180,#5226,#3125,.T.);
#6812=EDGE_CURVE('',#5231,#5237,#3126,.T.);
#6813=EDGE_CURVE('',#5181,#5237,#3127,.T.);
#6814=EDGE_CURVE('',#5182,#5238,#3128,.T.);
#6815=EDGE_CURVE('',#5238,#5239,#3129,.T.);
#6816=EDGE_CURVE('',#5183,#5239,#3130,.T.);
#6817=EDGE_CURVE('',#5239,#5240,#120,.T.);
#6818=EDGE_CURVE('',#5184,#5240,#3131,.T.);
#6819=EDGE_CURVE('',#5240,#5232,#3132,.T.);
#6820=EDGE_CURVE('',#5237,#5238,#121,.T.);
#6821=EDGE_CURVE('',#5171,#5224,#3133,.T.);
#6822=EDGE_CURVE('',#5173,#5223,#3134,.T.);
#6823=EDGE_CURVE('',#5176,#5219,#3135,.T.);
#6824=EDGE_CURVE('',#5177,#5218,#3136,.T.);
#6825=ORIENTED_EDGE('',*,*,#5241,.F.);
#6826=ORIENTED_EDGE('',*,*,#5242,.T.);
#6827=ORIENTED_EDGE('',*,*,#5243,.T.);
#6828=ORIENTED_EDGE('',*,*,#5244,.F.);
#6829=ORIENTED_EDGE('',*,*,#5245,.F.);
#6830=ORIENTED_EDGE('',*,*,#5246,.T.);
#6831=ORIENTED_EDGE('',*,*,#5247,.T.);
#6832=ORIENTED_EDGE('',*,*,#5242,.F.);
#6833=ORIENTED_EDGE('',*,*,#5248,.F.);
#6834=ORIENTED_EDGE('',*,*,#5249,.T.);
#6835=ORIENTED_EDGE('',*,*,#5250,.T.);
#6836=ORIENTED_EDGE('',*,*,#5246,.F.);
#6837=ORIENTED_EDGE('',*,*,#5251,.F.);
#6838=ORIENTED_EDGE('',*,*,#5252,.T.);
#6839=ORIENTED_EDGE('',*,*,#5253,.T.);
#6840=ORIENTED_EDGE('',*,*,#5249,.F.);
#6841=ORIENTED_EDGE('',*,*,#5254,.F.);
#6842=ORIENTED_EDGE('',*,*,#5255,.T.);
#6843=ORIENTED_EDGE('',*,*,#5256,.T.);
#6844=ORIENTED_EDGE('',*,*,#5252,.F.);
#6845=ORIENTED_EDGE('',*,*,#5257,.F.);
#6846=ORIENTED_EDGE('',*,*,#5258,.T.);
#6847=ORIENTED_EDGE('',*,*,#5259,.T.);
#6848=ORIENTED_EDGE('',*,*,#5255,.F.);
#6849=ORIENTED_EDGE('',*,*,#5260,.F.);
#6850=ORIENTED_EDGE('',*,*,#5261,.T.);
#6851=ORIENTED_EDGE('',*,*,#5262,.T.);
#6852=ORIENTED_EDGE('',*,*,#5258,.F.);
#6853=ORIENTED_EDGE('',*,*,#5263,.F.);
#6854=ORIENTED_EDGE('',*,*,#5264,.T.);
#6855=ORIENTED_EDGE('',*,*,#5265,.T.);
#6856=ORIENTED_EDGE('',*,*,#5261,.F.);
#6857=ORIENTED_EDGE('',*,*,#5266,.F.);
#6858=ORIENTED_EDGE('',*,*,#5267,.T.);
#6859=ORIENTED_EDGE('',*,*,#5268,.T.);
#6860=ORIENTED_EDGE('',*,*,#5264,.F.);
#6861=ORIENTED_EDGE('',*,*,#5269,.F.);
#6862=ORIENTED_EDGE('',*,*,#5270,.T.);
#6863=ORIENTED_EDGE('',*,*,#5271,.T.);
#6864=ORIENTED_EDGE('',*,*,#5267,.F.);
#6865=ORIENTED_EDGE('',*,*,#5272,.F.);
#6866=ORIENTED_EDGE('',*,*,#5273,.T.);
#6867=ORIENTED_EDGE('',*,*,#5274,.T.);
#6868=ORIENTED_EDGE('',*,*,#5270,.F.);
#6869=ORIENTED_EDGE('',*,*,#5275,.F.);
#6870=ORIENTED_EDGE('',*,*,#5244,.T.);
#6871=ORIENTED_EDGE('',*,*,#5276,.T.);
#6872=ORIENTED_EDGE('',*,*,#5273,.F.);
#6873=ORIENTED_EDGE('',*,*,#5276,.F.);
#6874=ORIENTED_EDGE('',*,*,#5243,.F.);
#6875=ORIENTED_EDGE('',*,*,#5247,.F.);
#6876=ORIENTED_EDGE('',*,*,#5250,.F.);
#6877=ORIENTED_EDGE('',*,*,#5253,.F.);
#6878=ORIENTED_EDGE('',*,*,#5256,.F.);
#6879=ORIENTED_EDGE('',*,*,#5259,.F.);
#6880=ORIENTED_EDGE('',*,*,#5262,.F.);
#6881=ORIENTED_EDGE('',*,*,#5265,.F.);
#6882=ORIENTED_EDGE('',*,*,#5268,.F.);
#6883=ORIENTED_EDGE('',*,*,#5271,.F.);
#6884=ORIENTED_EDGE('',*,*,#5274,.F.);
#6885=ORIENTED_EDGE('',*,*,#5277,.F.);
#6886=ORIENTED_EDGE('',*,*,#5278,.T.);
#6887=ORIENTED_EDGE('',*,*,#5279,.T.);
#6888=ORIENTED_EDGE('',*,*,#5280,.F.);
#6889=ORIENTED_EDGE('',*,*,#5281,.F.);
#6890=ORIENTED_EDGE('',*,*,#5282,.T.);
#6891=ORIENTED_EDGE('',*,*,#5283,.T.);
#6892=ORIENTED_EDGE('',*,*,#5278,.F.);
#6893=ORIENTED_EDGE('',*,*,#5284,.F.);
#6894=ORIENTED_EDGE('',*,*,#5285,.T.);
#6895=ORIENTED_EDGE('',*,*,#5286,.T.);
#6896=ORIENTED_EDGE('',*,*,#5282,.F.);
#6897=ORIENTED_EDGE('',*,*,#5287,.F.);
#6898=ORIENTED_EDGE('',*,*,#5288,.T.);
#6899=ORIENTED_EDGE('',*,*,#5289,.T.);
#6900=ORIENTED_EDGE('',*,*,#5285,.F.);
#6901=ORIENTED_EDGE('',*,*,#5290,.F.);
#6902=ORIENTED_EDGE('',*,*,#5291,.T.);
#6903=ORIENTED_EDGE('',*,*,#5292,.T.);
#6904=ORIENTED_EDGE('',*,*,#5288,.F.);
#6905=ORIENTED_EDGE('',*,*,#5293,.F.);
#6906=ORIENTED_EDGE('',*,*,#5294,.T.);
#6907=ORIENTED_EDGE('',*,*,#5295,.T.);
#6908=ORIENTED_EDGE('',*,*,#5291,.F.);
#6909=ORIENTED_EDGE('',*,*,#5296,.F.);
#6910=ORIENTED_EDGE('',*,*,#5297,.T.);
#6911=ORIENTED_EDGE('',*,*,#5298,.T.);
#6912=ORIENTED_EDGE('',*,*,#5294,.F.);
#6913=ORIENTED_EDGE('',*,*,#5299,.F.);
#6914=ORIENTED_EDGE('',*,*,#5280,.T.);
#6915=ORIENTED_EDGE('',*,*,#5300,.T.);
#6916=ORIENTED_EDGE('',*,*,#5297,.F.);
#6917=ORIENTED_EDGE('',*,*,#5301,.F.);
#6918=ORIENTED_EDGE('',*,*,#5302,.T.);
#6919=ORIENTED_EDGE('',*,*,#5303,.T.);
#6920=ORIENTED_EDGE('',*,*,#5304,.F.);
#6921=ORIENTED_EDGE('',*,*,#5305,.F.);
#6922=ORIENTED_EDGE('',*,*,#5306,.T.);
#6923=ORIENTED_EDGE('',*,*,#5307,.T.);
#6924=ORIENTED_EDGE('',*,*,#5302,.F.);
#6925=ORIENTED_EDGE('',*,*,#5308,.F.);
#6926=ORIENTED_EDGE('',*,*,#5309,.T.);
#6927=ORIENTED_EDGE('',*,*,#5310,.T.);
#6928=ORIENTED_EDGE('',*,*,#5306,.F.);
#6929=ORIENTED_EDGE('',*,*,#5311,.F.);
#6930=ORIENTED_EDGE('',*,*,#5312,.T.);
#6931=ORIENTED_EDGE('',*,*,#5313,.T.);
#6932=ORIENTED_EDGE('',*,*,#5309,.F.);
#6933=ORIENTED_EDGE('',*,*,#5314,.F.);
#6934=ORIENTED_EDGE('',*,*,#5315,.T.);
#6935=ORIENTED_EDGE('',*,*,#5316,.T.);
#6936=ORIENTED_EDGE('',*,*,#5312,.F.);
#6937=ORIENTED_EDGE('',*,*,#5317,.F.);
#6938=ORIENTED_EDGE('',*,*,#5318,.T.);
#6939=ORIENTED_EDGE('',*,*,#5319,.T.);
#6940=ORIENTED_EDGE('',*,*,#5315,.F.);
#6941=ORIENTED_EDGE('',*,*,#5320,.F.);
#6942=ORIENTED_EDGE('',*,*,#5321,.T.);
#6943=ORIENTED_EDGE('',*,*,#5322,.T.);
#6944=ORIENTED_EDGE('',*,*,#5318,.F.);
#6945=ORIENTED_EDGE('',*,*,#5323,.F.);
#6946=ORIENTED_EDGE('',*,*,#5324,.T.);
#6947=ORIENTED_EDGE('',*,*,#5325,.T.);
#6948=ORIENTED_EDGE('',*,*,#5321,.F.);
#6949=ORIENTED_EDGE('',*,*,#5326,.F.);
#6950=ORIENTED_EDGE('',*,*,#5327,.T.);
#6951=ORIENTED_EDGE('',*,*,#5328,.T.);
#6952=ORIENTED_EDGE('',*,*,#5324,.F.);
#6953=ORIENTED_EDGE('',*,*,#5329,.F.);
#6954=ORIENTED_EDGE('',*,*,#5330,.T.);
#6955=ORIENTED_EDGE('',*,*,#5331,.T.);
#6956=ORIENTED_EDGE('',*,*,#5327,.F.);
#6957=ORIENTED_EDGE('',*,*,#5332,.F.);
#6958=ORIENTED_EDGE('',*,*,#5333,.T.);
#6959=ORIENTED_EDGE('',*,*,#5334,.T.);
#6960=ORIENTED_EDGE('',*,*,#5330,.F.);
#6961=ORIENTED_EDGE('',*,*,#5335,.F.);
#6962=ORIENTED_EDGE('',*,*,#5336,.T.);
#6963=ORIENTED_EDGE('',*,*,#5337,.T.);
#6964=ORIENTED_EDGE('',*,*,#5333,.F.);
#6965=ORIENTED_EDGE('',*,*,#5338,.F.);
#6966=ORIENTED_EDGE('',*,*,#5339,.T.);
#6967=ORIENTED_EDGE('',*,*,#5340,.T.);
#6968=ORIENTED_EDGE('',*,*,#5336,.F.);
#6969=ORIENTED_EDGE('',*,*,#5341,.F.);
#6970=ORIENTED_EDGE('',*,*,#5342,.T.);
#6971=ORIENTED_EDGE('',*,*,#5343,.T.);
#6972=ORIENTED_EDGE('',*,*,#5339,.F.);
#6973=ORIENTED_EDGE('',*,*,#5344,.F.);
#6974=ORIENTED_EDGE('',*,*,#5345,.T.);
#6975=ORIENTED_EDGE('',*,*,#5346,.T.);
#6976=ORIENTED_EDGE('',*,*,#5342,.F.);
#6977=ORIENTED_EDGE('',*,*,#5347,.F.);
#6978=ORIENTED_EDGE('',*,*,#5348,.T.);
#6979=ORIENTED_EDGE('',*,*,#5349,.T.);
#6980=ORIENTED_EDGE('',*,*,#5345,.F.);
#6981=ORIENTED_EDGE('',*,*,#5350,.F.);
#6982=ORIENTED_EDGE('',*,*,#5351,.T.);
#6983=ORIENTED_EDGE('',*,*,#5352,.T.);
#6984=ORIENTED_EDGE('',*,*,#5348,.F.);
#6985=ORIENTED_EDGE('',*,*,#5353,.F.);
#6986=ORIENTED_EDGE('',*,*,#5354,.T.);
#6987=ORIENTED_EDGE('',*,*,#5355,.T.);
#6988=ORIENTED_EDGE('',*,*,#5351,.F.);
#6989=ORIENTED_EDGE('',*,*,#5356,.F.);
#6990=ORIENTED_EDGE('',*,*,#5304,.T.);
#6991=ORIENTED_EDGE('',*,*,#5357,.T.);
#6992=ORIENTED_EDGE('',*,*,#5354,.F.);
#6993=ORIENTED_EDGE('',*,*,#5357,.F.);
#6994=ORIENTED_EDGE('',*,*,#5303,.F.);
#6995=ORIENTED_EDGE('',*,*,#5307,.F.);
#6996=ORIENTED_EDGE('',*,*,#5310,.F.);
#6997=ORIENTED_EDGE('',*,*,#5313,.F.);
#6998=ORIENTED_EDGE('',*,*,#5316,.F.);
#6999=ORIENTED_EDGE('',*,*,#5319,.F.);
#7000=ORIENTED_EDGE('',*,*,#5322,.F.);
#7001=ORIENTED_EDGE('',*,*,#5325,.F.);
#7002=ORIENTED_EDGE('',*,*,#5328,.F.);
#7003=ORIENTED_EDGE('',*,*,#5331,.F.);
#7004=ORIENTED_EDGE('',*,*,#5334,.F.);
#7005=ORIENTED_EDGE('',*,*,#5337,.F.);
#7006=ORIENTED_EDGE('',*,*,#5340,.F.);
#7007=ORIENTED_EDGE('',*,*,#5343,.F.);
#7008=ORIENTED_EDGE('',*,*,#5346,.F.);
#7009=ORIENTED_EDGE('',*,*,#5349,.F.);
#7010=ORIENTED_EDGE('',*,*,#5352,.F.);
#7011=ORIENTED_EDGE('',*,*,#5355,.F.);
#7012=ORIENTED_EDGE('',*,*,#5300,.F.);
#7013=ORIENTED_EDGE('',*,*,#5279,.F.);
#7014=ORIENTED_EDGE('',*,*,#5283,.F.);
#7015=ORIENTED_EDGE('',*,*,#5286,.F.);
#7016=ORIENTED_EDGE('',*,*,#5289,.F.);
#7017=ORIENTED_EDGE('',*,*,#5292,.F.);
#7018=ORIENTED_EDGE('',*,*,#5295,.F.);
#7019=ORIENTED_EDGE('',*,*,#5298,.F.);
#7020=ORIENTED_EDGE('',*,*,#5358,.F.);
#7021=ORIENTED_EDGE('',*,*,#5359,.T.);
#7022=ORIENTED_EDGE('',*,*,#5360,.T.);
#7023=ORIENTED_EDGE('',*,*,#5361,.F.);
#7024=ORIENTED_EDGE('',*,*,#5362,.F.);
#7025=ORIENTED_EDGE('',*,*,#5363,.T.);
#7026=ORIENTED_EDGE('',*,*,#5364,.T.);
#7027=ORIENTED_EDGE('',*,*,#5359,.F.);
#7028=ORIENTED_EDGE('',*,*,#5365,.F.);
#7029=ORIENTED_EDGE('',*,*,#5366,.T.);
#7030=ORIENTED_EDGE('',*,*,#5367,.T.);
#7031=ORIENTED_EDGE('',*,*,#5363,.F.);
#7032=ORIENTED_EDGE('',*,*,#5368,.F.);
#7033=ORIENTED_EDGE('',*,*,#5369,.T.);
#7034=ORIENTED_EDGE('',*,*,#5370,.T.);
#7035=ORIENTED_EDGE('',*,*,#5366,.F.);
#7036=ORIENTED_EDGE('',*,*,#5371,.F.);
#7037=ORIENTED_EDGE('',*,*,#5372,.T.);
#7038=ORIENTED_EDGE('',*,*,#5373,.T.);
#7039=ORIENTED_EDGE('',*,*,#5369,.F.);
#7040=ORIENTED_EDGE('',*,*,#5374,.F.);
#7041=ORIENTED_EDGE('',*,*,#5375,.T.);
#7042=ORIENTED_EDGE('',*,*,#5376,.T.);
#7043=ORIENTED_EDGE('',*,*,#5372,.F.);
#7044=ORIENTED_EDGE('',*,*,#5377,.F.);
#7045=ORIENTED_EDGE('',*,*,#5378,.T.);
#7046=ORIENTED_EDGE('',*,*,#5379,.T.);
#7047=ORIENTED_EDGE('',*,*,#5375,.F.);
#7048=ORIENTED_EDGE('',*,*,#5380,.F.);
#7049=ORIENTED_EDGE('',*,*,#5381,.T.);
#7050=ORIENTED_EDGE('',*,*,#5382,.T.);
#7051=ORIENTED_EDGE('',*,*,#5378,.F.);
#7052=ORIENTED_EDGE('',*,*,#5383,.F.);
#7053=ORIENTED_EDGE('',*,*,#5384,.T.);
#7054=ORIENTED_EDGE('',*,*,#5385,.T.);
#7055=ORIENTED_EDGE('',*,*,#5381,.F.);
#7056=ORIENTED_EDGE('',*,*,#5386,.F.);
#7057=ORIENTED_EDGE('',*,*,#5387,.T.);
#7058=ORIENTED_EDGE('',*,*,#5388,.T.);
#7059=ORIENTED_EDGE('',*,*,#5384,.F.);
#7060=ORIENTED_EDGE('',*,*,#5389,.F.);
#7061=ORIENTED_EDGE('',*,*,#5390,.T.);
#7062=ORIENTED_EDGE('',*,*,#5391,.T.);
#7063=ORIENTED_EDGE('',*,*,#5387,.F.);
#7064=ORIENTED_EDGE('',*,*,#5392,.F.);
#7065=ORIENTED_EDGE('',*,*,#5361,.T.);
#7066=ORIENTED_EDGE('',*,*,#5393,.T.);
#7067=ORIENTED_EDGE('',*,*,#5390,.F.);
#7068=ORIENTED_EDGE('',*,*,#5393,.F.);
#7069=ORIENTED_EDGE('',*,*,#5360,.F.);
#7070=ORIENTED_EDGE('',*,*,#5364,.F.);
#7071=ORIENTED_EDGE('',*,*,#5367,.F.);
#7072=ORIENTED_EDGE('',*,*,#5370,.F.);
#7073=ORIENTED_EDGE('',*,*,#5373,.F.);
#7074=ORIENTED_EDGE('',*,*,#5376,.F.);
#7075=ORIENTED_EDGE('',*,*,#5379,.F.);
#7076=ORIENTED_EDGE('',*,*,#5382,.F.);
#7077=ORIENTED_EDGE('',*,*,#5385,.F.);
#7078=ORIENTED_EDGE('',*,*,#5388,.F.);
#7079=ORIENTED_EDGE('',*,*,#5391,.F.);
#7080=ORIENTED_EDGE('',*,*,#5394,.F.);
#7081=ORIENTED_EDGE('',*,*,#5395,.T.);
#7082=ORIENTED_EDGE('',*,*,#5396,.T.);
#7083=ORIENTED_EDGE('',*,*,#5397,.F.);
#7084=ORIENTED_EDGE('',*,*,#5398,.F.);
#7085=ORIENTED_EDGE('',*,*,#5399,.T.);
#7086=ORIENTED_EDGE('',*,*,#5400,.T.);
#7087=ORIENTED_EDGE('',*,*,#5395,.F.);
#7088=ORIENTED_EDGE('',*,*,#5401,.F.);
#7089=ORIENTED_EDGE('',*,*,#5402,.T.);
#7090=ORIENTED_EDGE('',*,*,#5403,.T.);
#7091=ORIENTED_EDGE('',*,*,#5399,.F.);
#7092=ORIENTED_EDGE('',*,*,#5404,.F.);
#7093=ORIENTED_EDGE('',*,*,#5405,.T.);
#7094=ORIENTED_EDGE('',*,*,#5406,.T.);
#7095=ORIENTED_EDGE('',*,*,#5402,.F.);
#7096=ORIENTED_EDGE('',*,*,#5407,.F.);
#7097=ORIENTED_EDGE('',*,*,#5408,.T.);
#7098=ORIENTED_EDGE('',*,*,#5409,.T.);
#7099=ORIENTED_EDGE('',*,*,#5405,.F.);
#7100=ORIENTED_EDGE('',*,*,#5410,.F.);
#7101=ORIENTED_EDGE('',*,*,#5397,.T.);
#7102=ORIENTED_EDGE('',*,*,#5411,.T.);
#7103=ORIENTED_EDGE('',*,*,#5408,.F.);
#7104=ORIENTED_EDGE('',*,*,#5411,.F.);
#7105=ORIENTED_EDGE('',*,*,#5396,.F.);
#7106=ORIENTED_EDGE('',*,*,#5400,.F.);
#7107=ORIENTED_EDGE('',*,*,#5403,.F.);
#7108=ORIENTED_EDGE('',*,*,#5406,.F.);
#7109=ORIENTED_EDGE('',*,*,#5409,.F.);
#7110=ORIENTED_EDGE('',*,*,#5412,.F.);
#7111=ORIENTED_EDGE('',*,*,#5413,.T.);
#7112=ORIENTED_EDGE('',*,*,#5414,.T.);
#7113=ORIENTED_EDGE('',*,*,#5415,.F.);
#7114=ORIENTED_EDGE('',*,*,#5416,.F.);
#7115=ORIENTED_EDGE('',*,*,#5417,.T.);
#7116=ORIENTED_EDGE('',*,*,#5418,.T.);
#7117=ORIENTED_EDGE('',*,*,#5413,.F.);
#7118=ORIENTED_EDGE('',*,*,#5419,.F.);
#7119=ORIENTED_EDGE('',*,*,#5420,.T.);
#7120=ORIENTED_EDGE('',*,*,#5421,.T.);
#7121=ORIENTED_EDGE('',*,*,#5417,.F.);
#7122=ORIENTED_EDGE('',*,*,#5422,.F.);
#7123=ORIENTED_EDGE('',*,*,#5423,.T.);
#7124=ORIENTED_EDGE('',*,*,#5424,.T.);
#7125=ORIENTED_EDGE('',*,*,#5420,.F.);
#7126=ORIENTED_EDGE('',*,*,#5425,.F.);
#7127=ORIENTED_EDGE('',*,*,#5426,.T.);
#7128=ORIENTED_EDGE('',*,*,#5427,.T.);
#7129=ORIENTED_EDGE('',*,*,#5423,.F.);
#7130=ORIENTED_EDGE('',*,*,#5428,.F.);
#7131=ORIENTED_EDGE('',*,*,#5429,.T.);
#7132=ORIENTED_EDGE('',*,*,#5430,.T.);
#7133=ORIENTED_EDGE('',*,*,#5426,.F.);
#7134=ORIENTED_EDGE('',*,*,#5431,.F.);
#7135=ORIENTED_EDGE('',*,*,#5432,.T.);
#7136=ORIENTED_EDGE('',*,*,#5433,.T.);
#7137=ORIENTED_EDGE('',*,*,#5429,.F.);
#7138=ORIENTED_EDGE('',*,*,#5434,.F.);
#7139=ORIENTED_EDGE('',*,*,#5435,.T.);
#7140=ORIENTED_EDGE('',*,*,#5436,.T.);
#7141=ORIENTED_EDGE('',*,*,#5432,.F.);
#7142=ORIENTED_EDGE('',*,*,#5437,.F.);
#7143=ORIENTED_EDGE('',*,*,#5415,.T.);
#7144=ORIENTED_EDGE('',*,*,#5438,.T.);
#7145=ORIENTED_EDGE('',*,*,#5435,.F.);
#7146=ORIENTED_EDGE('',*,*,#5439,.F.);
#7147=ORIENTED_EDGE('',*,*,#5440,.T.);
#7148=ORIENTED_EDGE('',*,*,#5441,.T.);
#7149=ORIENTED_EDGE('',*,*,#5442,.F.);
#7150=ORIENTED_EDGE('',*,*,#5443,.F.);
#7151=ORIENTED_EDGE('',*,*,#5444,.T.);
#7152=ORIENTED_EDGE('',*,*,#5445,.T.);
#7153=ORIENTED_EDGE('',*,*,#5440,.F.);
#7154=ORIENTED_EDGE('',*,*,#5446,.F.);
#7155=ORIENTED_EDGE('',*,*,#5447,.T.);
#7156=ORIENTED_EDGE('',*,*,#5448,.T.);
#7157=ORIENTED_EDGE('',*,*,#5444,.F.);
#7158=ORIENTED_EDGE('',*,*,#5449,.F.);
#7159=ORIENTED_EDGE('',*,*,#5450,.T.);
#7160=ORIENTED_EDGE('',*,*,#5451,.T.);
#7161=ORIENTED_EDGE('',*,*,#5447,.F.);
#7162=ORIENTED_EDGE('',*,*,#5452,.F.);
#7163=ORIENTED_EDGE('',*,*,#5453,.T.);
#7164=ORIENTED_EDGE('',*,*,#5454,.T.);
#7165=ORIENTED_EDGE('',*,*,#5450,.F.);
#7166=ORIENTED_EDGE('',*,*,#5455,.F.);
#7167=ORIENTED_EDGE('',*,*,#5456,.T.);
#7168=ORIENTED_EDGE('',*,*,#5457,.T.);
#7169=ORIENTED_EDGE('',*,*,#5453,.F.);
#7170=ORIENTED_EDGE('',*,*,#5458,.F.);
#7171=ORIENTED_EDGE('',*,*,#5459,.T.);
#7172=ORIENTED_EDGE('',*,*,#5460,.T.);
#7173=ORIENTED_EDGE('',*,*,#5456,.F.);
#7174=ORIENTED_EDGE('',*,*,#5461,.F.);
#7175=ORIENTED_EDGE('',*,*,#5462,.T.);
#7176=ORIENTED_EDGE('',*,*,#5463,.T.);
#7177=ORIENTED_EDGE('',*,*,#5459,.F.);
#7178=ORIENTED_EDGE('',*,*,#5464,.F.);
#7179=ORIENTED_EDGE('',*,*,#5465,.T.);
#7180=ORIENTED_EDGE('',*,*,#5466,.T.);
#7181=ORIENTED_EDGE('',*,*,#5462,.F.);
#7182=ORIENTED_EDGE('',*,*,#5467,.F.);
#7183=ORIENTED_EDGE('',*,*,#5468,.T.);
#7184=ORIENTED_EDGE('',*,*,#5469,.T.);
#7185=ORIENTED_EDGE('',*,*,#5465,.F.);
#7186=ORIENTED_EDGE('',*,*,#5470,.F.);
#7187=ORIENTED_EDGE('',*,*,#5442,.T.);
#7188=ORIENTED_EDGE('',*,*,#5471,.T.);
#7189=ORIENTED_EDGE('',*,*,#5468,.F.);
#7190=ORIENTED_EDGE('',*,*,#5471,.F.);
#7191=ORIENTED_EDGE('',*,*,#5441,.F.);
#7192=ORIENTED_EDGE('',*,*,#5445,.F.);
#7193=ORIENTED_EDGE('',*,*,#5448,.F.);
#7194=ORIENTED_EDGE('',*,*,#5451,.F.);
#7195=ORIENTED_EDGE('',*,*,#5454,.F.);
#7196=ORIENTED_EDGE('',*,*,#5457,.F.);
#7197=ORIENTED_EDGE('',*,*,#5460,.F.);
#7198=ORIENTED_EDGE('',*,*,#5463,.F.);
#7199=ORIENTED_EDGE('',*,*,#5466,.F.);
#7200=ORIENTED_EDGE('',*,*,#5469,.F.);
#7201=ORIENTED_EDGE('',*,*,#5438,.F.);
#7202=ORIENTED_EDGE('',*,*,#5414,.F.);
#7203=ORIENTED_EDGE('',*,*,#5418,.F.);
#7204=ORIENTED_EDGE('',*,*,#5421,.F.);
#7205=ORIENTED_EDGE('',*,*,#5424,.F.);
#7206=ORIENTED_EDGE('',*,*,#5427,.F.);
#7207=ORIENTED_EDGE('',*,*,#5430,.F.);
#7208=ORIENTED_EDGE('',*,*,#5433,.F.);
#7209=ORIENTED_EDGE('',*,*,#5436,.F.);
#7210=ORIENTED_EDGE('',*,*,#5472,.F.);
#7211=ORIENTED_EDGE('',*,*,#5473,.T.);
#7212=ORIENTED_EDGE('',*,*,#5474,.T.);
#7213=ORIENTED_EDGE('',*,*,#5475,.F.);
#7214=ORIENTED_EDGE('',*,*,#5476,.F.);
#7215=ORIENTED_EDGE('',*,*,#5477,.T.);
#7216=ORIENTED_EDGE('',*,*,#5478,.T.);
#7217=ORIENTED_EDGE('',*,*,#5473,.F.);
#7218=ORIENTED_EDGE('',*,*,#5479,.F.);
#7219=ORIENTED_EDGE('',*,*,#5480,.T.);
#7220=ORIENTED_EDGE('',*,*,#5481,.T.);
#7221=ORIENTED_EDGE('',*,*,#5477,.F.);
#7222=ORIENTED_EDGE('',*,*,#5482,.F.);
#7223=ORIENTED_EDGE('',*,*,#5483,.T.);
#7224=ORIENTED_EDGE('',*,*,#5484,.T.);
#7225=ORIENTED_EDGE('',*,*,#5480,.F.);
#7226=ORIENTED_EDGE('',*,*,#5485,.F.);
#7227=ORIENTED_EDGE('',*,*,#5486,.T.);
#7228=ORIENTED_EDGE('',*,*,#5487,.T.);
#7229=ORIENTED_EDGE('',*,*,#5483,.F.);
#7230=ORIENTED_EDGE('',*,*,#5488,.F.);
#7231=ORIENTED_EDGE('',*,*,#5489,.T.);
#7232=ORIENTED_EDGE('',*,*,#5490,.T.);
#7233=ORIENTED_EDGE('',*,*,#5486,.F.);
#7234=ORIENTED_EDGE('',*,*,#5491,.F.);
#7235=ORIENTED_EDGE('',*,*,#5492,.T.);
#7236=ORIENTED_EDGE('',*,*,#5493,.T.);
#7237=ORIENTED_EDGE('',*,*,#5489,.F.);
#7238=ORIENTED_EDGE('',*,*,#5494,.F.);
#7239=ORIENTED_EDGE('',*,*,#5495,.T.);
#7240=ORIENTED_EDGE('',*,*,#5496,.T.);
#7241=ORIENTED_EDGE('',*,*,#5492,.F.);
#7242=ORIENTED_EDGE('',*,*,#5497,.F.);
#7243=ORIENTED_EDGE('',*,*,#5498,.T.);
#7244=ORIENTED_EDGE('',*,*,#5499,.T.);
#7245=ORIENTED_EDGE('',*,*,#5495,.F.);
#7246=ORIENTED_EDGE('',*,*,#5500,.F.);
#7247=ORIENTED_EDGE('',*,*,#5475,.T.);
#7248=ORIENTED_EDGE('',*,*,#5501,.T.);
#7249=ORIENTED_EDGE('',*,*,#5498,.F.);
#7250=ORIENTED_EDGE('',*,*,#5502,.F.);
#7251=ORIENTED_EDGE('',*,*,#5503,.T.);
#7252=ORIENTED_EDGE('',*,*,#5504,.T.);
#7253=ORIENTED_EDGE('',*,*,#5505,.F.);
#7254=ORIENTED_EDGE('',*,*,#5506,.F.);
#7255=ORIENTED_EDGE('',*,*,#5507,.T.);
#7256=ORIENTED_EDGE('',*,*,#5508,.T.);
#7257=ORIENTED_EDGE('',*,*,#5503,.F.);
#7258=ORIENTED_EDGE('',*,*,#5509,.F.);
#7259=ORIENTED_EDGE('',*,*,#5510,.T.);
#7260=ORIENTED_EDGE('',*,*,#5511,.T.);
#7261=ORIENTED_EDGE('',*,*,#5507,.F.);
#7262=ORIENTED_EDGE('',*,*,#5512,.F.);
#7263=ORIENTED_EDGE('',*,*,#5513,.T.);
#7264=ORIENTED_EDGE('',*,*,#5514,.T.);
#7265=ORIENTED_EDGE('',*,*,#5510,.F.);
#7266=ORIENTED_EDGE('',*,*,#5515,.F.);
#7267=ORIENTED_EDGE('',*,*,#5516,.T.);
#7268=ORIENTED_EDGE('',*,*,#5517,.T.);
#7269=ORIENTED_EDGE('',*,*,#5513,.F.);
#7270=ORIENTED_EDGE('',*,*,#5518,.F.);
#7271=ORIENTED_EDGE('',*,*,#5519,.T.);
#7272=ORIENTED_EDGE('',*,*,#5520,.T.);
#7273=ORIENTED_EDGE('',*,*,#5516,.F.);
#7274=ORIENTED_EDGE('',*,*,#5521,.F.);
#7275=ORIENTED_EDGE('',*,*,#5522,.T.);
#7276=ORIENTED_EDGE('',*,*,#5523,.T.);
#7277=ORIENTED_EDGE('',*,*,#5519,.F.);
#7278=ORIENTED_EDGE('',*,*,#5524,.F.);
#7279=ORIENTED_EDGE('',*,*,#5525,.T.);
#7280=ORIENTED_EDGE('',*,*,#5526,.T.);
#7281=ORIENTED_EDGE('',*,*,#5522,.F.);
#7282=ORIENTED_EDGE('',*,*,#5527,.F.);
#7283=ORIENTED_EDGE('',*,*,#5528,.T.);
#7284=ORIENTED_EDGE('',*,*,#5529,.T.);
#7285=ORIENTED_EDGE('',*,*,#5525,.F.);
#7286=ORIENTED_EDGE('',*,*,#5530,.F.);
#7287=ORIENTED_EDGE('',*,*,#5531,.T.);
#7288=ORIENTED_EDGE('',*,*,#5532,.T.);
#7289=ORIENTED_EDGE('',*,*,#5528,.F.);
#7290=ORIENTED_EDGE('',*,*,#5533,.F.);
#7291=ORIENTED_EDGE('',*,*,#5534,.T.);
#7292=ORIENTED_EDGE('',*,*,#5535,.T.);
#7293=ORIENTED_EDGE('',*,*,#5531,.F.);
#7294=ORIENTED_EDGE('',*,*,#5536,.F.);
#7295=ORIENTED_EDGE('',*,*,#5505,.T.);
#7296=ORIENTED_EDGE('',*,*,#5537,.T.);
#7297=ORIENTED_EDGE('',*,*,#5534,.F.);
#7298=ORIENTED_EDGE('',*,*,#5537,.F.);
#7299=ORIENTED_EDGE('',*,*,#5504,.F.);
#7300=ORIENTED_EDGE('',*,*,#5508,.F.);
#7301=ORIENTED_EDGE('',*,*,#5511,.F.);
#7302=ORIENTED_EDGE('',*,*,#5514,.F.);
#7303=ORIENTED_EDGE('',*,*,#5517,.F.);
#7304=ORIENTED_EDGE('',*,*,#5520,.F.);
#7305=ORIENTED_EDGE('',*,*,#5523,.F.);
#7306=ORIENTED_EDGE('',*,*,#5526,.F.);
#7307=ORIENTED_EDGE('',*,*,#5529,.F.);
#7308=ORIENTED_EDGE('',*,*,#5532,.F.);
#7309=ORIENTED_EDGE('',*,*,#5535,.F.);
#7310=ORIENTED_EDGE('',*,*,#5501,.F.);
#7311=ORIENTED_EDGE('',*,*,#5474,.F.);
#7312=ORIENTED_EDGE('',*,*,#5478,.F.);
#7313=ORIENTED_EDGE('',*,*,#5481,.F.);
#7314=ORIENTED_EDGE('',*,*,#5484,.F.);
#7315=ORIENTED_EDGE('',*,*,#5487,.F.);
#7316=ORIENTED_EDGE('',*,*,#5490,.F.);
#7317=ORIENTED_EDGE('',*,*,#5493,.F.);
#7318=ORIENTED_EDGE('',*,*,#5496,.F.);
#7319=ORIENTED_EDGE('',*,*,#5499,.F.);
#7320=ORIENTED_EDGE('',*,*,#5538,.F.);
#7321=ORIENTED_EDGE('',*,*,#5539,.T.);
#7322=ORIENTED_EDGE('',*,*,#5540,.T.);
#7323=ORIENTED_EDGE('',*,*,#5541,.F.);
#7324=ORIENTED_EDGE('',*,*,#5542,.F.);
#7325=ORIENTED_EDGE('',*,*,#5543,.T.);
#7326=ORIENTED_EDGE('',*,*,#5544,.T.);
#7327=ORIENTED_EDGE('',*,*,#5539,.F.);
#7328=ORIENTED_EDGE('',*,*,#5545,.F.);
#7329=ORIENTED_EDGE('',*,*,#5546,.T.);
#7330=ORIENTED_EDGE('',*,*,#5547,.T.);
#7331=ORIENTED_EDGE('',*,*,#5543,.F.);
#7332=ORIENTED_EDGE('',*,*,#5548,.F.);
#7333=ORIENTED_EDGE('',*,*,#5549,.T.);
#7334=ORIENTED_EDGE('',*,*,#5550,.T.);
#7335=ORIENTED_EDGE('',*,*,#5546,.F.);
#7336=ORIENTED_EDGE('',*,*,#5551,.F.);
#7337=ORIENTED_EDGE('',*,*,#5552,.T.);
#7338=ORIENTED_EDGE('',*,*,#5553,.T.);
#7339=ORIENTED_EDGE('',*,*,#5549,.F.);
#7340=ORIENTED_EDGE('',*,*,#5554,.F.);
#7341=ORIENTED_EDGE('',*,*,#5555,.T.);
#7342=ORIENTED_EDGE('',*,*,#5556,.T.);
#7343=ORIENTED_EDGE('',*,*,#5552,.F.);
#7344=ORIENTED_EDGE('',*,*,#5557,.F.);
#7345=ORIENTED_EDGE('',*,*,#5558,.T.);
#7346=ORIENTED_EDGE('',*,*,#5559,.T.);
#7347=ORIENTED_EDGE('',*,*,#5555,.F.);
#7348=ORIENTED_EDGE('',*,*,#5560,.F.);
#7349=ORIENTED_EDGE('',*,*,#5561,.T.);
#7350=ORIENTED_EDGE('',*,*,#5562,.T.);
#7351=ORIENTED_EDGE('',*,*,#5558,.F.);
#7352=ORIENTED_EDGE('',*,*,#5563,.F.);
#7353=ORIENTED_EDGE('',*,*,#5564,.T.);
#7354=ORIENTED_EDGE('',*,*,#5565,.T.);
#7355=ORIENTED_EDGE('',*,*,#5561,.F.);
#7356=ORIENTED_EDGE('',*,*,#5566,.F.);
#7357=ORIENTED_EDGE('',*,*,#5541,.T.);
#7358=ORIENTED_EDGE('',*,*,#5567,.T.);
#7359=ORIENTED_EDGE('',*,*,#5564,.F.);
#7360=ORIENTED_EDGE('',*,*,#5567,.F.);
#7361=ORIENTED_EDGE('',*,*,#5540,.F.);
#7362=ORIENTED_EDGE('',*,*,#5544,.F.);
#7363=ORIENTED_EDGE('',*,*,#5547,.F.);
#7364=ORIENTED_EDGE('',*,*,#5550,.F.);
#7365=ORIENTED_EDGE('',*,*,#5553,.F.);
#7366=ORIENTED_EDGE('',*,*,#5556,.F.);
#7367=ORIENTED_EDGE('',*,*,#5559,.F.);
#7368=ORIENTED_EDGE('',*,*,#5562,.F.);
#7369=ORIENTED_EDGE('',*,*,#5565,.F.);
#7370=ORIENTED_EDGE('',*,*,#5568,.F.);
#7371=ORIENTED_EDGE('',*,*,#5569,.T.);
#7372=ORIENTED_EDGE('',*,*,#5570,.T.);
#7373=ORIENTED_EDGE('',*,*,#5571,.F.);
#7374=ORIENTED_EDGE('',*,*,#5572,.F.);
#7375=ORIENTED_EDGE('',*,*,#5573,.T.);
#7376=ORIENTED_EDGE('',*,*,#5574,.T.);
#7377=ORIENTED_EDGE('',*,*,#5569,.F.);
#7378=ORIENTED_EDGE('',*,*,#5575,.F.);
#7379=ORIENTED_EDGE('',*,*,#5576,.T.);
#7380=ORIENTED_EDGE('',*,*,#5577,.T.);
#7381=ORIENTED_EDGE('',*,*,#5573,.F.);
#7382=ORIENTED_EDGE('',*,*,#5578,.F.);
#7383=ORIENTED_EDGE('',*,*,#5579,.T.);
#7384=ORIENTED_EDGE('',*,*,#5580,.T.);
#7385=ORIENTED_EDGE('',*,*,#5576,.F.);
#7386=ORIENTED_EDGE('',*,*,#5581,.F.);
#7387=ORIENTED_EDGE('',*,*,#5571,.T.);
#7388=ORIENTED_EDGE('',*,*,#5582,.T.);
#7389=ORIENTED_EDGE('',*,*,#5579,.F.);
#7390=ORIENTED_EDGE('',*,*,#5583,.F.);
#7391=ORIENTED_EDGE('',*,*,#5584,.T.);
#7392=ORIENTED_EDGE('',*,*,#5585,.T.);
#7393=ORIENTED_EDGE('',*,*,#5586,.F.);
#7394=ORIENTED_EDGE('',*,*,#5587,.F.);
#7395=ORIENTED_EDGE('',*,*,#5588,.T.);
#7396=ORIENTED_EDGE('',*,*,#5589,.T.);
#7397=ORIENTED_EDGE('',*,*,#5584,.F.);
#7398=ORIENTED_EDGE('',*,*,#5590,.F.);
#7399=ORIENTED_EDGE('',*,*,#5591,.T.);
#7400=ORIENTED_EDGE('',*,*,#5592,.T.);
#7401=ORIENTED_EDGE('',*,*,#5588,.F.);
#7402=ORIENTED_EDGE('',*,*,#5593,.F.);
#7403=ORIENTED_EDGE('',*,*,#5594,.T.);
#7404=ORIENTED_EDGE('',*,*,#5595,.T.);
#7405=ORIENTED_EDGE('',*,*,#5591,.F.);
#7406=ORIENTED_EDGE('',*,*,#5596,.F.);
#7407=ORIENTED_EDGE('',*,*,#5597,.T.);
#7408=ORIENTED_EDGE('',*,*,#5598,.T.);
#7409=ORIENTED_EDGE('',*,*,#5594,.F.);
#7410=ORIENTED_EDGE('',*,*,#5599,.F.);
#7411=ORIENTED_EDGE('',*,*,#5600,.T.);
#7412=ORIENTED_EDGE('',*,*,#5601,.T.);
#7413=ORIENTED_EDGE('',*,*,#5597,.F.);
#7414=ORIENTED_EDGE('',*,*,#5602,.F.);
#7415=ORIENTED_EDGE('',*,*,#5603,.T.);
#7416=ORIENTED_EDGE('',*,*,#5604,.T.);
#7417=ORIENTED_EDGE('',*,*,#5600,.F.);
#7418=ORIENTED_EDGE('',*,*,#5605,.F.);
#7419=ORIENTED_EDGE('',*,*,#5586,.T.);
#7420=ORIENTED_EDGE('',*,*,#5606,.T.);
#7421=ORIENTED_EDGE('',*,*,#5603,.F.);
#7422=ORIENTED_EDGE('',*,*,#5606,.F.);
#7423=ORIENTED_EDGE('',*,*,#5585,.F.);
#7424=ORIENTED_EDGE('',*,*,#5589,.F.);
#7425=ORIENTED_EDGE('',*,*,#5592,.F.);
#7426=ORIENTED_EDGE('',*,*,#5595,.F.);
#7427=ORIENTED_EDGE('',*,*,#5598,.F.);
#7428=ORIENTED_EDGE('',*,*,#5601,.F.);
#7429=ORIENTED_EDGE('',*,*,#5604,.F.);
#7430=ORIENTED_EDGE('',*,*,#5582,.F.);
#7431=ORIENTED_EDGE('',*,*,#5570,.F.);
#7432=ORIENTED_EDGE('',*,*,#5574,.F.);
#7433=ORIENTED_EDGE('',*,*,#5577,.F.);
#7434=ORIENTED_EDGE('',*,*,#5580,.F.);
#7435=ORIENTED_EDGE('',*,*,#5607,.F.);
#7436=ORIENTED_EDGE('',*,*,#5608,.T.);
#7437=ORIENTED_EDGE('',*,*,#5609,.T.);
#7438=ORIENTED_EDGE('',*,*,#5610,.F.);
#7439=ORIENTED_EDGE('',*,*,#5611,.F.);
#7440=ORIENTED_EDGE('',*,*,#5612,.T.);
#7441=ORIENTED_EDGE('',*,*,#5613,.T.);
#7442=ORIENTED_EDGE('',*,*,#5608,.F.);
#7443=ORIENTED_EDGE('',*,*,#5614,.F.);
#7444=ORIENTED_EDGE('',*,*,#5615,.T.);
#7445=ORIENTED_EDGE('',*,*,#5616,.T.);
#7446=ORIENTED_EDGE('',*,*,#5612,.F.);
#7447=ORIENTED_EDGE('',*,*,#5617,.F.);
#7448=ORIENTED_EDGE('',*,*,#5618,.T.);
#7449=ORIENTED_EDGE('',*,*,#5619,.T.);
#7450=ORIENTED_EDGE('',*,*,#5615,.F.);
#7451=ORIENTED_EDGE('',*,*,#5620,.F.);
#7452=ORIENTED_EDGE('',*,*,#5621,.T.);
#7453=ORIENTED_EDGE('',*,*,#5622,.T.);
#7454=ORIENTED_EDGE('',*,*,#5618,.F.);
#7455=ORIENTED_EDGE('',*,*,#5623,.F.);
#7456=ORIENTED_EDGE('',*,*,#5624,.T.);
#7457=ORIENTED_EDGE('',*,*,#5625,.T.);
#7458=ORIENTED_EDGE('',*,*,#5621,.F.);
#7459=ORIENTED_EDGE('',*,*,#5626,.F.);
#7460=ORIENTED_EDGE('',*,*,#5627,.T.);
#7461=ORIENTED_EDGE('',*,*,#5628,.T.);
#7462=ORIENTED_EDGE('',*,*,#5624,.F.);
#7463=ORIENTED_EDGE('',*,*,#5629,.F.);
#7464=ORIENTED_EDGE('',*,*,#5630,.T.);
#7465=ORIENTED_EDGE('',*,*,#5631,.T.);
#7466=ORIENTED_EDGE('',*,*,#5627,.F.);
#7467=ORIENTED_EDGE('',*,*,#5632,.F.);
#7468=ORIENTED_EDGE('',*,*,#5633,.T.);
#7469=ORIENTED_EDGE('',*,*,#5634,.T.);
#7470=ORIENTED_EDGE('',*,*,#5630,.F.);
#7471=ORIENTED_EDGE('',*,*,#5635,.F.);
#7472=ORIENTED_EDGE('',*,*,#5636,.T.);
#7473=ORIENTED_EDGE('',*,*,#5637,.T.);
#7474=ORIENTED_EDGE('',*,*,#5633,.F.);
#7475=ORIENTED_EDGE('',*,*,#5638,.F.);
#7476=ORIENTED_EDGE('',*,*,#5639,.T.);
#7477=ORIENTED_EDGE('',*,*,#5640,.T.);
#7478=ORIENTED_EDGE('',*,*,#5636,.F.);
#7479=ORIENTED_EDGE('',*,*,#5641,.F.);
#7480=ORIENTED_EDGE('',*,*,#5642,.T.);
#7481=ORIENTED_EDGE('',*,*,#5643,.T.);
#7482=ORIENTED_EDGE('',*,*,#5639,.F.);
#7483=ORIENTED_EDGE('',*,*,#5644,.F.);
#7484=ORIENTED_EDGE('',*,*,#5645,.T.);
#7485=ORIENTED_EDGE('',*,*,#5646,.T.);
#7486=ORIENTED_EDGE('',*,*,#5642,.F.);
#7487=ORIENTED_EDGE('',*,*,#5647,.F.);
#7488=ORIENTED_EDGE('',*,*,#5648,.T.);
#7489=ORIENTED_EDGE('',*,*,#5649,.T.);
#7490=ORIENTED_EDGE('',*,*,#5645,.F.);
#7491=ORIENTED_EDGE('',*,*,#5650,.F.);
#7492=ORIENTED_EDGE('',*,*,#5610,.T.);
#7493=ORIENTED_EDGE('',*,*,#5651,.T.);
#7494=ORIENTED_EDGE('',*,*,#5648,.F.);
#7495=ORIENTED_EDGE('',*,*,#5651,.F.);
#7496=ORIENTED_EDGE('',*,*,#5609,.F.);
#7497=ORIENTED_EDGE('',*,*,#5613,.F.);
#7498=ORIENTED_EDGE('',*,*,#5616,.F.);
#7499=ORIENTED_EDGE('',*,*,#5619,.F.);
#7500=ORIENTED_EDGE('',*,*,#5622,.F.);
#7501=ORIENTED_EDGE('',*,*,#5625,.F.);
#7502=ORIENTED_EDGE('',*,*,#5628,.F.);
#7503=ORIENTED_EDGE('',*,*,#5631,.F.);
#7504=ORIENTED_EDGE('',*,*,#5634,.F.);
#7505=ORIENTED_EDGE('',*,*,#5637,.F.);
#7506=ORIENTED_EDGE('',*,*,#5640,.F.);
#7507=ORIENTED_EDGE('',*,*,#5643,.F.);
#7508=ORIENTED_EDGE('',*,*,#5646,.F.);
#7509=ORIENTED_EDGE('',*,*,#5649,.F.);
#7510=ORIENTED_EDGE('',*,*,#5652,.F.);
#7511=ORIENTED_EDGE('',*,*,#5653,.T.);
#7512=ORIENTED_EDGE('',*,*,#5654,.T.);
#7513=ORIENTED_EDGE('',*,*,#5655,.F.);
#7514=ORIENTED_EDGE('',*,*,#5656,.F.);
#7515=ORIENTED_EDGE('',*,*,#5657,.T.);
#7516=ORIENTED_EDGE('',*,*,#5658,.T.);
#7517=ORIENTED_EDGE('',*,*,#5653,.F.);
#7518=ORIENTED_EDGE('',*,*,#5659,.F.);
#7519=ORIENTED_EDGE('',*,*,#5660,.T.);
#7520=ORIENTED_EDGE('',*,*,#5661,.T.);
#7521=ORIENTED_EDGE('',*,*,#5657,.F.);
#7522=ORIENTED_EDGE('',*,*,#5662,.F.);
#7523=ORIENTED_EDGE('',*,*,#5663,.T.);
#7524=ORIENTED_EDGE('',*,*,#5664,.T.);
#7525=ORIENTED_EDGE('',*,*,#5660,.F.);
#7526=ORIENTED_EDGE('',*,*,#5665,.F.);
#7527=ORIENTED_EDGE('',*,*,#5666,.T.);
#7528=ORIENTED_EDGE('',*,*,#5667,.T.);
#7529=ORIENTED_EDGE('',*,*,#5663,.F.);
#7530=ORIENTED_EDGE('',*,*,#5668,.F.);
#7531=ORIENTED_EDGE('',*,*,#5669,.T.);
#7532=ORIENTED_EDGE('',*,*,#5670,.T.);
#7533=ORIENTED_EDGE('',*,*,#5666,.F.);
#7534=ORIENTED_EDGE('',*,*,#5671,.F.);
#7535=ORIENTED_EDGE('',*,*,#5672,.T.);
#7536=ORIENTED_EDGE('',*,*,#5673,.T.);
#7537=ORIENTED_EDGE('',*,*,#5669,.F.);
#7538=ORIENTED_EDGE('',*,*,#5674,.F.);
#7539=ORIENTED_EDGE('',*,*,#5675,.T.);
#7540=ORIENTED_EDGE('',*,*,#5676,.T.);
#7541=ORIENTED_EDGE('',*,*,#5672,.F.);
#7542=ORIENTED_EDGE('',*,*,#5677,.F.);
#7543=ORIENTED_EDGE('',*,*,#5678,.T.);
#7544=ORIENTED_EDGE('',*,*,#5679,.T.);
#7545=ORIENTED_EDGE('',*,*,#5675,.F.);
#7546=ORIENTED_EDGE('',*,*,#5680,.F.);
#7547=ORIENTED_EDGE('',*,*,#5681,.T.);
#7548=ORIENTED_EDGE('',*,*,#5682,.T.);
#7549=ORIENTED_EDGE('',*,*,#5678,.F.);
#7550=ORIENTED_EDGE('',*,*,#5683,.F.);
#7551=ORIENTED_EDGE('',*,*,#5684,.T.);
#7552=ORIENTED_EDGE('',*,*,#5685,.T.);
#7553=ORIENTED_EDGE('',*,*,#5681,.F.);
#7554=ORIENTED_EDGE('',*,*,#5686,.F.);
#7555=ORIENTED_EDGE('',*,*,#5655,.T.);
#7556=ORIENTED_EDGE('',*,*,#5687,.T.);
#7557=ORIENTED_EDGE('',*,*,#5684,.F.);
#7558=ORIENTED_EDGE('',*,*,#5687,.F.);
#7559=ORIENTED_EDGE('',*,*,#5654,.F.);
#7560=ORIENTED_EDGE('',*,*,#5658,.F.);
#7561=ORIENTED_EDGE('',*,*,#5661,.F.);
#7562=ORIENTED_EDGE('',*,*,#5664,.F.);
#7563=ORIENTED_EDGE('',*,*,#5667,.F.);
#7564=ORIENTED_EDGE('',*,*,#5670,.F.);
#7565=ORIENTED_EDGE('',*,*,#5673,.F.);
#7566=ORIENTED_EDGE('',*,*,#5676,.F.);
#7567=ORIENTED_EDGE('',*,*,#5679,.F.);
#7568=ORIENTED_EDGE('',*,*,#5682,.F.);
#7569=ORIENTED_EDGE('',*,*,#5685,.F.);
#7570=ORIENTED_EDGE('',*,*,#5688,.F.);
#7571=ORIENTED_EDGE('',*,*,#5689,.T.);
#7572=ORIENTED_EDGE('',*,*,#5690,.T.);
#7573=ORIENTED_EDGE('',*,*,#5691,.F.);
#7574=ORIENTED_EDGE('',*,*,#5692,.F.);
#7575=ORIENTED_EDGE('',*,*,#5693,.T.);
#7576=ORIENTED_EDGE('',*,*,#5694,.T.);
#7577=ORIENTED_EDGE('',*,*,#5689,.F.);
#7578=ORIENTED_EDGE('',*,*,#5695,.F.);
#7579=ORIENTED_EDGE('',*,*,#5696,.T.);
#7580=ORIENTED_EDGE('',*,*,#5697,.T.);
#7581=ORIENTED_EDGE('',*,*,#5693,.F.);
#7582=ORIENTED_EDGE('',*,*,#5698,.F.);
#7583=ORIENTED_EDGE('',*,*,#5699,.T.);
#7584=ORIENTED_EDGE('',*,*,#5700,.T.);
#7585=ORIENTED_EDGE('',*,*,#5696,.F.);
#7586=ORIENTED_EDGE('',*,*,#5701,.F.);
#7587=ORIENTED_EDGE('',*,*,#5702,.T.);
#7588=ORIENTED_EDGE('',*,*,#5703,.T.);
#7589=ORIENTED_EDGE('',*,*,#5699,.F.);
#7590=ORIENTED_EDGE('',*,*,#5704,.F.);
#7591=ORIENTED_EDGE('',*,*,#5705,.T.);
#7592=ORIENTED_EDGE('',*,*,#5706,.T.);
#7593=ORIENTED_EDGE('',*,*,#5702,.F.);
#7594=ORIENTED_EDGE('',*,*,#5707,.F.);
#7595=ORIENTED_EDGE('',*,*,#5708,.T.);
#7596=ORIENTED_EDGE('',*,*,#5709,.T.);
#7597=ORIENTED_EDGE('',*,*,#5705,.F.);
#7598=ORIENTED_EDGE('',*,*,#5710,.F.);
#7599=ORIENTED_EDGE('',*,*,#5691,.T.);
#7600=ORIENTED_EDGE('',*,*,#5711,.T.);
#7601=ORIENTED_EDGE('',*,*,#5708,.F.);
#7602=ORIENTED_EDGE('',*,*,#5711,.F.);
#7603=ORIENTED_EDGE('',*,*,#5690,.F.);
#7604=ORIENTED_EDGE('',*,*,#5694,.F.);
#7605=ORIENTED_EDGE('',*,*,#5697,.F.);
#7606=ORIENTED_EDGE('',*,*,#5700,.F.);
#7607=ORIENTED_EDGE('',*,*,#5703,.F.);
#7608=ORIENTED_EDGE('',*,*,#5706,.F.);
#7609=ORIENTED_EDGE('',*,*,#5709,.F.);
#7610=ORIENTED_EDGE('',*,*,#5568,.T.);
#7611=ORIENTED_EDGE('',*,*,#5581,.T.);
#7612=ORIENTED_EDGE('',*,*,#5578,.T.);
#7613=ORIENTED_EDGE('',*,*,#5575,.T.);
#7614=ORIENTED_EDGE('',*,*,#5572,.T.);
#7615=ORIENTED_EDGE('',*,*,#5472,.T.);
#7616=ORIENTED_EDGE('',*,*,#5500,.T.);
#7617=ORIENTED_EDGE('',*,*,#5497,.T.);
#7618=ORIENTED_EDGE('',*,*,#5494,.T.);
#7619=ORIENTED_EDGE('',*,*,#5491,.T.);
#7620=ORIENTED_EDGE('',*,*,#5488,.T.);
#7621=ORIENTED_EDGE('',*,*,#5485,.T.);
#7622=ORIENTED_EDGE('',*,*,#5482,.T.);
#7623=ORIENTED_EDGE('',*,*,#5479,.T.);
#7624=ORIENTED_EDGE('',*,*,#5476,.T.);
#7625=ORIENTED_EDGE('',*,*,#5412,.T.);
#7626=ORIENTED_EDGE('',*,*,#5437,.T.);
#7627=ORIENTED_EDGE('',*,*,#5434,.T.);
#7628=ORIENTED_EDGE('',*,*,#5431,.T.);
#7629=ORIENTED_EDGE('',*,*,#5428,.T.);
#7630=ORIENTED_EDGE('',*,*,#5425,.T.);
#7631=ORIENTED_EDGE('',*,*,#5422,.T.);
#7632=ORIENTED_EDGE('',*,*,#5419,.T.);
#7633=ORIENTED_EDGE('',*,*,#5416,.T.);
#7634=ORIENTED_EDGE('',*,*,#5277,.T.);
#7635=ORIENTED_EDGE('',*,*,#5299,.T.);
#7636=ORIENTED_EDGE('',*,*,#5296,.T.);
#7637=ORIENTED_EDGE('',*,*,#5293,.T.);
#7638=ORIENTED_EDGE('',*,*,#5290,.T.);
#7639=ORIENTED_EDGE('',*,*,#5287,.T.);
#7640=ORIENTED_EDGE('',*,*,#5284,.T.);
#7641=ORIENTED_EDGE('',*,*,#5281,.T.);
#7642=ORIENTED_EDGE('',*,*,#5712,.F.);
#7643=ORIENTED_EDGE('',*,*,#5713,.T.);
#7644=ORIENTED_EDGE('',*,*,#5714,.T.);
#7645=ORIENTED_EDGE('',*,*,#5715,.F.);
#7646=ORIENTED_EDGE('',*,*,#5716,.F.);
#7647=ORIENTED_EDGE('',*,*,#5717,.T.);
#7648=ORIENTED_EDGE('',*,*,#5718,.T.);
#7649=ORIENTED_EDGE('',*,*,#5713,.F.);
#7650=ORIENTED_EDGE('',*,*,#5719,.F.);
#7651=ORIENTED_EDGE('',*,*,#5720,.T.);
#7652=ORIENTED_EDGE('',*,*,#5721,.T.);
#7653=ORIENTED_EDGE('',*,*,#5717,.F.);
#7654=ORIENTED_EDGE('',*,*,#5722,.F.);
#7655=ORIENTED_EDGE('',*,*,#5723,.T.);
#7656=ORIENTED_EDGE('',*,*,#5724,.T.);
#7657=ORIENTED_EDGE('',*,*,#5720,.F.);
#7658=ORIENTED_EDGE('',*,*,#5725,.F.);
#7659=ORIENTED_EDGE('',*,*,#5726,.T.);
#7660=ORIENTED_EDGE('',*,*,#5727,.T.);
#7661=ORIENTED_EDGE('',*,*,#5723,.F.);
#7662=ORIENTED_EDGE('',*,*,#5728,.F.);
#7663=ORIENTED_EDGE('',*,*,#5729,.T.);
#7664=ORIENTED_EDGE('',*,*,#5730,.T.);
#7665=ORIENTED_EDGE('',*,*,#5726,.F.);
#7666=ORIENTED_EDGE('',*,*,#5731,.F.);
#7667=ORIENTED_EDGE('',*,*,#5732,.T.);
#7668=ORIENTED_EDGE('',*,*,#5733,.T.);
#7669=ORIENTED_EDGE('',*,*,#5729,.F.);
#7670=ORIENTED_EDGE('',*,*,#5734,.F.);
#7671=ORIENTED_EDGE('',*,*,#5715,.T.);
#7672=ORIENTED_EDGE('',*,*,#5735,.T.);
#7673=ORIENTED_EDGE('',*,*,#5732,.F.);
#7674=ORIENTED_EDGE('',*,*,#5736,.F.);
#7675=ORIENTED_EDGE('',*,*,#5737,.T.);
#7676=ORIENTED_EDGE('',*,*,#5738,.T.);
#7677=ORIENTED_EDGE('',*,*,#5739,.F.);
#7678=ORIENTED_EDGE('',*,*,#5740,.F.);
#7679=ORIENTED_EDGE('',*,*,#5741,.T.);
#7680=ORIENTED_EDGE('',*,*,#5742,.T.);
#7681=ORIENTED_EDGE('',*,*,#5737,.F.);
#7682=ORIENTED_EDGE('',*,*,#5743,.F.);
#7683=ORIENTED_EDGE('',*,*,#5744,.T.);
#7684=ORIENTED_EDGE('',*,*,#5745,.T.);
#7685=ORIENTED_EDGE('',*,*,#5741,.F.);
#7686=ORIENTED_EDGE('',*,*,#5746,.F.);
#7687=ORIENTED_EDGE('',*,*,#5747,.T.);
#7688=ORIENTED_EDGE('',*,*,#5748,.T.);
#7689=ORIENTED_EDGE('',*,*,#5744,.F.);
#7690=ORIENTED_EDGE('',*,*,#5749,.F.);
#7691=ORIENTED_EDGE('',*,*,#5750,.T.);
#7692=ORIENTED_EDGE('',*,*,#5751,.T.);
#7693=ORIENTED_EDGE('',*,*,#5747,.F.);
#7694=ORIENTED_EDGE('',*,*,#5752,.F.);
#7695=ORIENTED_EDGE('',*,*,#5753,.T.);
#7696=ORIENTED_EDGE('',*,*,#5754,.T.);
#7697=ORIENTED_EDGE('',*,*,#5750,.F.);
#7698=ORIENTED_EDGE('',*,*,#5755,.F.);
#7699=ORIENTED_EDGE('',*,*,#5756,.T.);
#7700=ORIENTED_EDGE('',*,*,#5757,.T.);
#7701=ORIENTED_EDGE('',*,*,#5753,.F.);
#7702=ORIENTED_EDGE('',*,*,#5758,.F.);
#7703=ORIENTED_EDGE('',*,*,#5759,.T.);
#7704=ORIENTED_EDGE('',*,*,#5760,.T.);
#7705=ORIENTED_EDGE('',*,*,#5756,.F.);
#7706=ORIENTED_EDGE('',*,*,#5761,.F.);
#7707=ORIENTED_EDGE('',*,*,#5739,.T.);
#7708=ORIENTED_EDGE('',*,*,#5762,.T.);
#7709=ORIENTED_EDGE('',*,*,#5759,.F.);
#7710=ORIENTED_EDGE('',*,*,#5762,.F.);
#7711=ORIENTED_EDGE('',*,*,#5738,.F.);
#7712=ORIENTED_EDGE('',*,*,#5742,.F.);
#7713=ORIENTED_EDGE('',*,*,#5745,.F.);
#7714=ORIENTED_EDGE('',*,*,#5748,.F.);
#7715=ORIENTED_EDGE('',*,*,#5751,.F.);
#7716=ORIENTED_EDGE('',*,*,#5754,.F.);
#7717=ORIENTED_EDGE('',*,*,#5757,.F.);
#7718=ORIENTED_EDGE('',*,*,#5760,.F.);
#7719=ORIENTED_EDGE('',*,*,#5735,.F.);
#7720=ORIENTED_EDGE('',*,*,#5714,.F.);
#7721=ORIENTED_EDGE('',*,*,#5718,.F.);
#7722=ORIENTED_EDGE('',*,*,#5721,.F.);
#7723=ORIENTED_EDGE('',*,*,#5724,.F.);
#7724=ORIENTED_EDGE('',*,*,#5727,.F.);
#7725=ORIENTED_EDGE('',*,*,#5730,.F.);
#7726=ORIENTED_EDGE('',*,*,#5733,.F.);
#7727=ORIENTED_EDGE('',*,*,#5763,.F.);
#7728=ORIENTED_EDGE('',*,*,#5764,.T.);
#7729=ORIENTED_EDGE('',*,*,#5765,.T.);
#7730=ORIENTED_EDGE('',*,*,#5766,.F.);
#7731=ORIENTED_EDGE('',*,*,#5767,.F.);
#7732=ORIENTED_EDGE('',*,*,#5768,.T.);
#7733=ORIENTED_EDGE('',*,*,#5769,.T.);
#7734=ORIENTED_EDGE('',*,*,#5764,.F.);
#7735=ORIENTED_EDGE('',*,*,#5770,.F.);
#7736=ORIENTED_EDGE('',*,*,#5771,.T.);
#7737=ORIENTED_EDGE('',*,*,#5772,.T.);
#7738=ORIENTED_EDGE('',*,*,#5768,.F.);
#7739=ORIENTED_EDGE('',*,*,#5773,.F.);
#7740=ORIENTED_EDGE('',*,*,#5774,.T.);
#7741=ORIENTED_EDGE('',*,*,#5775,.T.);
#7742=ORIENTED_EDGE('',*,*,#5771,.F.);
#7743=ORIENTED_EDGE('',*,*,#5776,.F.);
#7744=ORIENTED_EDGE('',*,*,#5777,.T.);
#7745=ORIENTED_EDGE('',*,*,#5778,.T.);
#7746=ORIENTED_EDGE('',*,*,#5774,.F.);
#7747=ORIENTED_EDGE('',*,*,#5779,.F.);
#7748=ORIENTED_EDGE('',*,*,#5780,.T.);
#7749=ORIENTED_EDGE('',*,*,#5781,.T.);
#7750=ORIENTED_EDGE('',*,*,#5777,.F.);
#7751=ORIENTED_EDGE('',*,*,#5782,.F.);
#7752=ORIENTED_EDGE('',*,*,#5783,.T.);
#7753=ORIENTED_EDGE('',*,*,#5784,.T.);
#7754=ORIENTED_EDGE('',*,*,#5780,.F.);
#7755=ORIENTED_EDGE('',*,*,#5785,.F.);
#7756=ORIENTED_EDGE('',*,*,#5786,.T.);
#7757=ORIENTED_EDGE('',*,*,#5787,.T.);
#7758=ORIENTED_EDGE('',*,*,#5783,.F.);
#7759=ORIENTED_EDGE('',*,*,#5788,.F.);
#7760=ORIENTED_EDGE('',*,*,#5766,.T.);
#7761=ORIENTED_EDGE('',*,*,#5789,.T.);
#7762=ORIENTED_EDGE('',*,*,#5786,.F.);
#7763=ORIENTED_EDGE('',*,*,#5790,.F.);
#7764=ORIENTED_EDGE('',*,*,#5791,.T.);
#7765=ORIENTED_EDGE('',*,*,#5792,.T.);
#7766=ORIENTED_EDGE('',*,*,#5793,.F.);
#7767=ORIENTED_EDGE('',*,*,#5794,.F.);
#7768=ORIENTED_EDGE('',*,*,#5795,.T.);
#7769=ORIENTED_EDGE('',*,*,#5796,.T.);
#7770=ORIENTED_EDGE('',*,*,#5791,.F.);
#7771=ORIENTED_EDGE('',*,*,#5797,.F.);
#7772=ORIENTED_EDGE('',*,*,#5798,.T.);
#7773=ORIENTED_EDGE('',*,*,#5799,.T.);
#7774=ORIENTED_EDGE('',*,*,#5795,.F.);
#7775=ORIENTED_EDGE('',*,*,#5800,.F.);
#7776=ORIENTED_EDGE('',*,*,#5801,.T.);
#7777=ORIENTED_EDGE('',*,*,#5802,.T.);
#7778=ORIENTED_EDGE('',*,*,#5798,.F.);
#7779=ORIENTED_EDGE('',*,*,#5803,.F.);
#7780=ORIENTED_EDGE('',*,*,#5804,.T.);
#7781=ORIENTED_EDGE('',*,*,#5805,.T.);
#7782=ORIENTED_EDGE('',*,*,#5801,.F.);
#7783=ORIENTED_EDGE('',*,*,#5806,.F.);
#7784=ORIENTED_EDGE('',*,*,#5807,.T.);
#7785=ORIENTED_EDGE('',*,*,#5808,.T.);
#7786=ORIENTED_EDGE('',*,*,#5804,.F.);
#7787=ORIENTED_EDGE('',*,*,#5809,.F.);
#7788=ORIENTED_EDGE('',*,*,#5810,.T.);
#7789=ORIENTED_EDGE('',*,*,#5811,.T.);
#7790=ORIENTED_EDGE('',*,*,#5807,.F.);
#7791=ORIENTED_EDGE('',*,*,#5812,.F.);
#7792=ORIENTED_EDGE('',*,*,#5813,.T.);
#7793=ORIENTED_EDGE('',*,*,#5814,.T.);
#7794=ORIENTED_EDGE('',*,*,#5810,.F.);
#7795=ORIENTED_EDGE('',*,*,#5815,.F.);
#7796=ORIENTED_EDGE('',*,*,#5816,.T.);
#7797=ORIENTED_EDGE('',*,*,#5817,.T.);
#7798=ORIENTED_EDGE('',*,*,#5813,.F.);
#7799=ORIENTED_EDGE('',*,*,#5818,.F.);
#7800=ORIENTED_EDGE('',*,*,#5793,.T.);
#7801=ORIENTED_EDGE('',*,*,#5819,.T.);
#7802=ORIENTED_EDGE('',*,*,#5816,.F.);
#7803=ORIENTED_EDGE('',*,*,#5820,.F.);
#7804=ORIENTED_EDGE('',*,*,#5821,.T.);
#7805=ORIENTED_EDGE('',*,*,#5822,.T.);
#7806=ORIENTED_EDGE('',*,*,#5823,.F.);
#7807=ORIENTED_EDGE('',*,*,#5824,.F.);
#7808=ORIENTED_EDGE('',*,*,#5825,.T.);
#7809=ORIENTED_EDGE('',*,*,#5826,.T.);
#7810=ORIENTED_EDGE('',*,*,#5821,.F.);
#7811=ORIENTED_EDGE('',*,*,#5827,.F.);
#7812=ORIENTED_EDGE('',*,*,#5828,.T.);
#7813=ORIENTED_EDGE('',*,*,#5829,.T.);
#7814=ORIENTED_EDGE('',*,*,#5825,.F.);
#7815=ORIENTED_EDGE('',*,*,#5830,.F.);
#7816=ORIENTED_EDGE('',*,*,#5831,.T.);
#7817=ORIENTED_EDGE('',*,*,#5832,.T.);
#7818=ORIENTED_EDGE('',*,*,#5828,.F.);
#7819=ORIENTED_EDGE('',*,*,#5833,.F.);
#7820=ORIENTED_EDGE('',*,*,#5834,.T.);
#7821=ORIENTED_EDGE('',*,*,#5835,.T.);
#7822=ORIENTED_EDGE('',*,*,#5831,.F.);
#7823=ORIENTED_EDGE('',*,*,#5836,.F.);
#7824=ORIENTED_EDGE('',*,*,#5837,.T.);
#7825=ORIENTED_EDGE('',*,*,#5838,.T.);
#7826=ORIENTED_EDGE('',*,*,#5834,.F.);
#7827=ORIENTED_EDGE('',*,*,#5839,.F.);
#7828=ORIENTED_EDGE('',*,*,#5840,.T.);
#7829=ORIENTED_EDGE('',*,*,#5841,.T.);
#7830=ORIENTED_EDGE('',*,*,#5837,.F.);
#7831=ORIENTED_EDGE('',*,*,#5842,.F.);
#7832=ORIENTED_EDGE('',*,*,#5843,.T.);
#7833=ORIENTED_EDGE('',*,*,#5844,.T.);
#7834=ORIENTED_EDGE('',*,*,#5840,.F.);
#7835=ORIENTED_EDGE('',*,*,#5845,.F.);
#7836=ORIENTED_EDGE('',*,*,#5846,.T.);
#7837=ORIENTED_EDGE('',*,*,#5847,.T.);
#7838=ORIENTED_EDGE('',*,*,#5843,.F.);
#7839=ORIENTED_EDGE('',*,*,#5848,.F.);
#7840=ORIENTED_EDGE('',*,*,#5849,.T.);
#7841=ORIENTED_EDGE('',*,*,#5850,.T.);
#7842=ORIENTED_EDGE('',*,*,#5846,.F.);
#7843=ORIENTED_EDGE('',*,*,#5851,.F.);
#7844=ORIENTED_EDGE('',*,*,#5852,.T.);
#7845=ORIENTED_EDGE('',*,*,#5853,.T.);
#7846=ORIENTED_EDGE('',*,*,#5849,.F.);
#7847=ORIENTED_EDGE('',*,*,#5854,.F.);
#7848=ORIENTED_EDGE('',*,*,#5855,.T.);
#7849=ORIENTED_EDGE('',*,*,#5856,.T.);
#7850=ORIENTED_EDGE('',*,*,#5852,.F.);
#7851=ORIENTED_EDGE('',*,*,#5857,.F.);
#7852=ORIENTED_EDGE('',*,*,#5858,.T.);
#7853=ORIENTED_EDGE('',*,*,#5859,.T.);
#7854=ORIENTED_EDGE('',*,*,#5855,.F.);
#7855=ORIENTED_EDGE('',*,*,#5860,.F.);
#7856=ORIENTED_EDGE('',*,*,#5823,.T.);
#7857=ORIENTED_EDGE('',*,*,#5861,.T.);
#7858=ORIENTED_EDGE('',*,*,#5858,.F.);
#7859=ORIENTED_EDGE('',*,*,#5861,.F.);
#7860=ORIENTED_EDGE('',*,*,#5822,.F.);
#7861=ORIENTED_EDGE('',*,*,#5826,.F.);
#7862=ORIENTED_EDGE('',*,*,#5829,.F.);
#7863=ORIENTED_EDGE('',*,*,#5832,.F.);
#7864=ORIENTED_EDGE('',*,*,#5835,.F.);
#7865=ORIENTED_EDGE('',*,*,#5838,.F.);
#7866=ORIENTED_EDGE('',*,*,#5841,.F.);
#7867=ORIENTED_EDGE('',*,*,#5844,.F.);
#7868=ORIENTED_EDGE('',*,*,#5847,.F.);
#7869=ORIENTED_EDGE('',*,*,#5850,.F.);
#7870=ORIENTED_EDGE('',*,*,#5853,.F.);
#7871=ORIENTED_EDGE('',*,*,#5856,.F.);
#7872=ORIENTED_EDGE('',*,*,#5859,.F.);
#7873=ORIENTED_EDGE('',*,*,#5819,.F.);
#7874=ORIENTED_EDGE('',*,*,#5792,.F.);
#7875=ORIENTED_EDGE('',*,*,#5796,.F.);
#7876=ORIENTED_EDGE('',*,*,#5799,.F.);
#7877=ORIENTED_EDGE('',*,*,#5802,.F.);
#7878=ORIENTED_EDGE('',*,*,#5805,.F.);
#7879=ORIENTED_EDGE('',*,*,#5808,.F.);
#7880=ORIENTED_EDGE('',*,*,#5811,.F.);
#7881=ORIENTED_EDGE('',*,*,#5814,.F.);
#7882=ORIENTED_EDGE('',*,*,#5817,.F.);
#7883=ORIENTED_EDGE('',*,*,#5789,.F.);
#7884=ORIENTED_EDGE('',*,*,#5765,.F.);
#7885=ORIENTED_EDGE('',*,*,#5769,.F.);
#7886=ORIENTED_EDGE('',*,*,#5772,.F.);
#7887=ORIENTED_EDGE('',*,*,#5775,.F.);
#7888=ORIENTED_EDGE('',*,*,#5778,.F.);
#7889=ORIENTED_EDGE('',*,*,#5781,.F.);
#7890=ORIENTED_EDGE('',*,*,#5784,.F.);
#7891=ORIENTED_EDGE('',*,*,#5787,.F.);
#7892=ORIENTED_EDGE('',*,*,#5862,.F.);
#7893=ORIENTED_EDGE('',*,*,#5863,.T.);
#7894=ORIENTED_EDGE('',*,*,#5864,.T.);
#7895=ORIENTED_EDGE('',*,*,#5865,.F.);
#7896=ORIENTED_EDGE('',*,*,#5866,.F.);
#7897=ORIENTED_EDGE('',*,*,#5867,.T.);
#7898=ORIENTED_EDGE('',*,*,#5868,.T.);
#7899=ORIENTED_EDGE('',*,*,#5863,.F.);
#7900=ORIENTED_EDGE('',*,*,#5869,.F.);
#7901=ORIENTED_EDGE('',*,*,#5870,.T.);
#7902=ORIENTED_EDGE('',*,*,#5871,.T.);
#7903=ORIENTED_EDGE('',*,*,#5867,.F.);
#7904=ORIENTED_EDGE('',*,*,#5872,.F.);
#7905=ORIENTED_EDGE('',*,*,#5873,.T.);
#7906=ORIENTED_EDGE('',*,*,#5874,.T.);
#7907=ORIENTED_EDGE('',*,*,#5870,.F.);
#7908=ORIENTED_EDGE('',*,*,#5875,.F.);
#7909=ORIENTED_EDGE('',*,*,#5876,.T.);
#7910=ORIENTED_EDGE('',*,*,#5877,.T.);
#7911=ORIENTED_EDGE('',*,*,#5873,.F.);
#7912=ORIENTED_EDGE('',*,*,#5878,.F.);
#7913=ORIENTED_EDGE('',*,*,#5879,.T.);
#7914=ORIENTED_EDGE('',*,*,#5880,.T.);
#7915=ORIENTED_EDGE('',*,*,#5876,.F.);
#7916=ORIENTED_EDGE('',*,*,#5881,.F.);
#7917=ORIENTED_EDGE('',*,*,#5882,.T.);
#7918=ORIENTED_EDGE('',*,*,#5883,.T.);
#7919=ORIENTED_EDGE('',*,*,#5879,.F.);
#7920=ORIENTED_EDGE('',*,*,#5884,.F.);
#7921=ORIENTED_EDGE('',*,*,#5885,.T.);
#7922=ORIENTED_EDGE('',*,*,#5886,.T.);
#7923=ORIENTED_EDGE('',*,*,#5882,.F.);
#7924=ORIENTED_EDGE('',*,*,#5887,.F.);
#7925=ORIENTED_EDGE('',*,*,#5888,.T.);
#7926=ORIENTED_EDGE('',*,*,#5889,.T.);
#7927=ORIENTED_EDGE('',*,*,#5885,.F.);
#7928=ORIENTED_EDGE('',*,*,#5890,.F.);
#7929=ORIENTED_EDGE('',*,*,#5891,.T.);
#7930=ORIENTED_EDGE('',*,*,#5892,.T.);
#7931=ORIENTED_EDGE('',*,*,#5888,.F.);
#7932=ORIENTED_EDGE('',*,*,#5893,.F.);
#7933=ORIENTED_EDGE('',*,*,#5894,.T.);
#7934=ORIENTED_EDGE('',*,*,#5895,.T.);
#7935=ORIENTED_EDGE('',*,*,#5891,.F.);
#7936=ORIENTED_EDGE('',*,*,#5896,.F.);
#7937=ORIENTED_EDGE('',*,*,#5897,.T.);
#7938=ORIENTED_EDGE('',*,*,#5898,.T.);
#7939=ORIENTED_EDGE('',*,*,#5894,.F.);
#7940=ORIENTED_EDGE('',*,*,#5899,.F.);
#7941=ORIENTED_EDGE('',*,*,#5900,.T.);
#7942=ORIENTED_EDGE('',*,*,#5901,.T.);
#7943=ORIENTED_EDGE('',*,*,#5897,.F.);
#7944=ORIENTED_EDGE('',*,*,#5902,.F.);
#7945=ORIENTED_EDGE('',*,*,#5903,.T.);
#7946=ORIENTED_EDGE('',*,*,#5904,.T.);
#7947=ORIENTED_EDGE('',*,*,#5900,.F.);
#7948=ORIENTED_EDGE('',*,*,#5905,.F.);
#7949=ORIENTED_EDGE('',*,*,#5906,.T.);
#7950=ORIENTED_EDGE('',*,*,#5907,.T.);
#7951=ORIENTED_EDGE('',*,*,#5903,.F.);
#7952=ORIENTED_EDGE('',*,*,#5908,.F.);
#7953=ORIENTED_EDGE('',*,*,#5909,.T.);
#7954=ORIENTED_EDGE('',*,*,#5910,.T.);
#7955=ORIENTED_EDGE('',*,*,#5906,.F.);
#7956=ORIENTED_EDGE('',*,*,#5911,.F.);
#7957=ORIENTED_EDGE('',*,*,#5912,.T.);
#7958=ORIENTED_EDGE('',*,*,#5913,.T.);
#7959=ORIENTED_EDGE('',*,*,#5909,.F.);
#7960=ORIENTED_EDGE('',*,*,#5914,.F.);
#7961=ORIENTED_EDGE('',*,*,#5865,.T.);
#7962=ORIENTED_EDGE('',*,*,#5915,.T.);
#7963=ORIENTED_EDGE('',*,*,#5912,.F.);
#7964=ORIENTED_EDGE('',*,*,#5915,.F.);
#7965=ORIENTED_EDGE('',*,*,#5864,.F.);
#7966=ORIENTED_EDGE('',*,*,#5868,.F.);
#7967=ORIENTED_EDGE('',*,*,#5871,.F.);
#7968=ORIENTED_EDGE('',*,*,#5874,.F.);
#7969=ORIENTED_EDGE('',*,*,#5877,.F.);
#7970=ORIENTED_EDGE('',*,*,#5880,.F.);
#7971=ORIENTED_EDGE('',*,*,#5883,.F.);
#7972=ORIENTED_EDGE('',*,*,#5886,.F.);
#7973=ORIENTED_EDGE('',*,*,#5889,.F.);
#7974=ORIENTED_EDGE('',*,*,#5892,.F.);
#7975=ORIENTED_EDGE('',*,*,#5895,.F.);
#7976=ORIENTED_EDGE('',*,*,#5898,.F.);
#7977=ORIENTED_EDGE('',*,*,#5901,.F.);
#7978=ORIENTED_EDGE('',*,*,#5904,.F.);
#7979=ORIENTED_EDGE('',*,*,#5907,.F.);
#7980=ORIENTED_EDGE('',*,*,#5910,.F.);
#7981=ORIENTED_EDGE('',*,*,#5913,.F.);
#7982=ORIENTED_EDGE('',*,*,#5916,.F.);
#7983=ORIENTED_EDGE('',*,*,#5917,.T.);
#7984=ORIENTED_EDGE('',*,*,#5918,.T.);
#7985=ORIENTED_EDGE('',*,*,#5919,.F.);
#7986=ORIENTED_EDGE('',*,*,#5920,.F.);
#7987=ORIENTED_EDGE('',*,*,#5921,.T.);
#7988=ORIENTED_EDGE('',*,*,#5922,.T.);
#7989=ORIENTED_EDGE('',*,*,#5917,.F.);
#7990=ORIENTED_EDGE('',*,*,#5923,.F.);
#7991=ORIENTED_EDGE('',*,*,#5924,.T.);
#7992=ORIENTED_EDGE('',*,*,#5925,.T.);
#7993=ORIENTED_EDGE('',*,*,#5921,.F.);
#7994=ORIENTED_EDGE('',*,*,#5926,.F.);
#7995=ORIENTED_EDGE('',*,*,#5927,.T.);
#7996=ORIENTED_EDGE('',*,*,#5928,.T.);
#7997=ORIENTED_EDGE('',*,*,#5924,.F.);
#7998=ORIENTED_EDGE('',*,*,#5929,.F.);
#7999=ORIENTED_EDGE('',*,*,#5930,.T.);
#8000=ORIENTED_EDGE('',*,*,#5931,.T.);
#8001=ORIENTED_EDGE('',*,*,#5927,.F.);
#8002=ORIENTED_EDGE('',*,*,#5932,.F.);
#8003=ORIENTED_EDGE('',*,*,#5933,.T.);
#8004=ORIENTED_EDGE('',*,*,#5934,.T.);
#8005=ORIENTED_EDGE('',*,*,#5930,.F.);
#8006=ORIENTED_EDGE('',*,*,#5935,.F.);
#8007=ORIENTED_EDGE('',*,*,#5936,.T.);
#8008=ORIENTED_EDGE('',*,*,#5937,.T.);
#8009=ORIENTED_EDGE('',*,*,#5933,.F.);
#8010=ORIENTED_EDGE('',*,*,#5938,.F.);
#8011=ORIENTED_EDGE('',*,*,#5919,.T.);
#8012=ORIENTED_EDGE('',*,*,#5939,.T.);
#8013=ORIENTED_EDGE('',*,*,#5936,.F.);
#8014=ORIENTED_EDGE('',*,*,#5940,.F.);
#8015=ORIENTED_EDGE('',*,*,#5941,.T.);
#8016=ORIENTED_EDGE('',*,*,#5942,.T.);
#8017=ORIENTED_EDGE('',*,*,#5943,.F.);
#8018=ORIENTED_EDGE('',*,*,#5944,.F.);
#8019=ORIENTED_EDGE('',*,*,#5945,.T.);
#8020=ORIENTED_EDGE('',*,*,#5946,.T.);
#8021=ORIENTED_EDGE('',*,*,#5941,.F.);
#8022=ORIENTED_EDGE('',*,*,#5947,.F.);
#8023=ORIENTED_EDGE('',*,*,#5948,.T.);
#8024=ORIENTED_EDGE('',*,*,#5949,.T.);
#8025=ORIENTED_EDGE('',*,*,#5945,.F.);
#8026=ORIENTED_EDGE('',*,*,#5950,.F.);
#8027=ORIENTED_EDGE('',*,*,#5951,.T.);
#8028=ORIENTED_EDGE('',*,*,#5952,.T.);
#8029=ORIENTED_EDGE('',*,*,#5948,.F.);
#8030=ORIENTED_EDGE('',*,*,#5953,.F.);
#8031=ORIENTED_EDGE('',*,*,#5954,.T.);
#8032=ORIENTED_EDGE('',*,*,#5955,.T.);
#8033=ORIENTED_EDGE('',*,*,#5951,.F.);
#8034=ORIENTED_EDGE('',*,*,#5956,.F.);
#8035=ORIENTED_EDGE('',*,*,#5957,.T.);
#8036=ORIENTED_EDGE('',*,*,#5958,.T.);
#8037=ORIENTED_EDGE('',*,*,#5954,.F.);
#8038=ORIENTED_EDGE('',*,*,#5959,.F.);
#8039=ORIENTED_EDGE('',*,*,#5960,.T.);
#8040=ORIENTED_EDGE('',*,*,#5961,.T.);
#8041=ORIENTED_EDGE('',*,*,#5957,.F.);
#8042=ORIENTED_EDGE('',*,*,#5962,.F.);
#8043=ORIENTED_EDGE('',*,*,#5963,.T.);
#8044=ORIENTED_EDGE('',*,*,#5964,.T.);
#8045=ORIENTED_EDGE('',*,*,#5960,.F.);
#8046=ORIENTED_EDGE('',*,*,#5965,.F.);
#8047=ORIENTED_EDGE('',*,*,#5943,.T.);
#8048=ORIENTED_EDGE('',*,*,#5966,.T.);
#8049=ORIENTED_EDGE('',*,*,#5963,.F.);
#8050=ORIENTED_EDGE('',*,*,#5966,.F.);
#8051=ORIENTED_EDGE('',*,*,#5942,.F.);
#8052=ORIENTED_EDGE('',*,*,#5946,.F.);
#8053=ORIENTED_EDGE('',*,*,#5949,.F.);
#8054=ORIENTED_EDGE('',*,*,#5952,.F.);
#8055=ORIENTED_EDGE('',*,*,#5955,.F.);
#8056=ORIENTED_EDGE('',*,*,#5958,.F.);
#8057=ORIENTED_EDGE('',*,*,#5961,.F.);
#8058=ORIENTED_EDGE('',*,*,#5964,.F.);
#8059=ORIENTED_EDGE('',*,*,#5939,.F.);
#8060=ORIENTED_EDGE('',*,*,#5918,.F.);
#8061=ORIENTED_EDGE('',*,*,#5922,.F.);
#8062=ORIENTED_EDGE('',*,*,#5925,.F.);
#8063=ORIENTED_EDGE('',*,*,#5928,.F.);
#8064=ORIENTED_EDGE('',*,*,#5931,.F.);
#8065=ORIENTED_EDGE('',*,*,#5934,.F.);
#8066=ORIENTED_EDGE('',*,*,#5937,.F.);
#8067=ORIENTED_EDGE('',*,*,#5967,.F.);
#8068=ORIENTED_EDGE('',*,*,#5968,.T.);
#8069=ORIENTED_EDGE('',*,*,#5969,.T.);
#8070=ORIENTED_EDGE('',*,*,#5970,.F.);
#8071=ORIENTED_EDGE('',*,*,#5971,.F.);
#8072=ORIENTED_EDGE('',*,*,#5972,.T.);
#8073=ORIENTED_EDGE('',*,*,#5973,.T.);
#8074=ORIENTED_EDGE('',*,*,#5968,.F.);
#8075=ORIENTED_EDGE('',*,*,#5974,.F.);
#8076=ORIENTED_EDGE('',*,*,#5975,.T.);
#8077=ORIENTED_EDGE('',*,*,#5976,.T.);
#8078=ORIENTED_EDGE('',*,*,#5972,.F.);
#8079=ORIENTED_EDGE('',*,*,#5977,.F.);
#8080=ORIENTED_EDGE('',*,*,#5978,.T.);
#8081=ORIENTED_EDGE('',*,*,#5979,.T.);
#8082=ORIENTED_EDGE('',*,*,#5975,.F.);
#8083=ORIENTED_EDGE('',*,*,#5980,.F.);
#8084=ORIENTED_EDGE('',*,*,#5981,.T.);
#8085=ORIENTED_EDGE('',*,*,#5982,.T.);
#8086=ORIENTED_EDGE('',*,*,#5978,.F.);
#8087=ORIENTED_EDGE('',*,*,#5983,.F.);
#8088=ORIENTED_EDGE('',*,*,#5984,.T.);
#8089=ORIENTED_EDGE('',*,*,#5985,.T.);
#8090=ORIENTED_EDGE('',*,*,#5981,.F.);
#8091=ORIENTED_EDGE('',*,*,#5986,.F.);
#8092=ORIENTED_EDGE('',*,*,#5987,.T.);
#8093=ORIENTED_EDGE('',*,*,#5988,.T.);
#8094=ORIENTED_EDGE('',*,*,#5984,.F.);
#8095=ORIENTED_EDGE('',*,*,#5989,.F.);
#8096=ORIENTED_EDGE('',*,*,#5970,.T.);
#8097=ORIENTED_EDGE('',*,*,#5990,.T.);
#8098=ORIENTED_EDGE('',*,*,#5987,.F.);
#8099=ORIENTED_EDGE('',*,*,#5991,.F.);
#8100=ORIENTED_EDGE('',*,*,#5992,.T.);
#8101=ORIENTED_EDGE('',*,*,#5993,.T.);
#8102=ORIENTED_EDGE('',*,*,#5994,.F.);
#8103=ORIENTED_EDGE('',*,*,#5995,.F.);
#8104=ORIENTED_EDGE('',*,*,#5996,.T.);
#8105=ORIENTED_EDGE('',*,*,#5997,.T.);
#8106=ORIENTED_EDGE('',*,*,#5992,.F.);
#8107=ORIENTED_EDGE('',*,*,#5998,.F.);
#8108=ORIENTED_EDGE('',*,*,#5999,.T.);
#8109=ORIENTED_EDGE('',*,*,#6000,.T.);
#8110=ORIENTED_EDGE('',*,*,#5996,.F.);
#8111=ORIENTED_EDGE('',*,*,#6001,.F.);
#8112=ORIENTED_EDGE('',*,*,#6002,.T.);
#8113=ORIENTED_EDGE('',*,*,#6003,.T.);
#8114=ORIENTED_EDGE('',*,*,#5999,.F.);
#8115=ORIENTED_EDGE('',*,*,#6004,.F.);
#8116=ORIENTED_EDGE('',*,*,#6005,.T.);
#8117=ORIENTED_EDGE('',*,*,#6006,.T.);
#8118=ORIENTED_EDGE('',*,*,#6002,.F.);
#8119=ORIENTED_EDGE('',*,*,#6007,.F.);
#8120=ORIENTED_EDGE('',*,*,#6008,.T.);
#8121=ORIENTED_EDGE('',*,*,#6009,.T.);
#8122=ORIENTED_EDGE('',*,*,#6005,.F.);
#8123=ORIENTED_EDGE('',*,*,#6010,.F.);
#8124=ORIENTED_EDGE('',*,*,#6011,.T.);
#8125=ORIENTED_EDGE('',*,*,#6012,.T.);
#8126=ORIENTED_EDGE('',*,*,#6008,.F.);
#8127=ORIENTED_EDGE('',*,*,#6013,.F.);
#8128=ORIENTED_EDGE('',*,*,#6014,.T.);
#8129=ORIENTED_EDGE('',*,*,#6015,.T.);
#8130=ORIENTED_EDGE('',*,*,#6011,.F.);
#8131=ORIENTED_EDGE('',*,*,#6016,.F.);
#8132=ORIENTED_EDGE('',*,*,#6017,.T.);
#8133=ORIENTED_EDGE('',*,*,#6018,.T.);
#8134=ORIENTED_EDGE('',*,*,#6014,.F.);
#8135=ORIENTED_EDGE('',*,*,#6019,.F.);
#8136=ORIENTED_EDGE('',*,*,#6020,.T.);
#8137=ORIENTED_EDGE('',*,*,#6021,.T.);
#8138=ORIENTED_EDGE('',*,*,#6017,.F.);
#8139=ORIENTED_EDGE('',*,*,#6022,.F.);
#8140=ORIENTED_EDGE('',*,*,#6023,.T.);
#8141=ORIENTED_EDGE('',*,*,#6024,.T.);
#8142=ORIENTED_EDGE('',*,*,#6020,.F.);
#8143=ORIENTED_EDGE('',*,*,#6025,.F.);
#8144=ORIENTED_EDGE('',*,*,#6026,.T.);
#8145=ORIENTED_EDGE('',*,*,#6027,.T.);
#8146=ORIENTED_EDGE('',*,*,#6023,.F.);
#8147=ORIENTED_EDGE('',*,*,#6028,.F.);
#8148=ORIENTED_EDGE('',*,*,#6029,.T.);
#8149=ORIENTED_EDGE('',*,*,#6030,.T.);
#8150=ORIENTED_EDGE('',*,*,#6026,.F.);
#8151=ORIENTED_EDGE('',*,*,#6031,.F.);
#8152=ORIENTED_EDGE('',*,*,#5994,.T.);
#8153=ORIENTED_EDGE('',*,*,#6032,.T.);
#8154=ORIENTED_EDGE('',*,*,#6029,.F.);
#8155=ORIENTED_EDGE('',*,*,#6032,.F.);
#8156=ORIENTED_EDGE('',*,*,#5993,.F.);
#8157=ORIENTED_EDGE('',*,*,#5997,.F.);
#8158=ORIENTED_EDGE('',*,*,#6000,.F.);
#8159=ORIENTED_EDGE('',*,*,#6003,.F.);
#8160=ORIENTED_EDGE('',*,*,#6006,.F.);
#8161=ORIENTED_EDGE('',*,*,#6009,.F.);
#8162=ORIENTED_EDGE('',*,*,#6012,.F.);
#8163=ORIENTED_EDGE('',*,*,#6015,.F.);
#8164=ORIENTED_EDGE('',*,*,#6018,.F.);
#8165=ORIENTED_EDGE('',*,*,#6021,.F.);
#8166=ORIENTED_EDGE('',*,*,#6024,.F.);
#8167=ORIENTED_EDGE('',*,*,#6027,.F.);
#8168=ORIENTED_EDGE('',*,*,#6030,.F.);
#8169=ORIENTED_EDGE('',*,*,#5990,.F.);
#8170=ORIENTED_EDGE('',*,*,#5969,.F.);
#8171=ORIENTED_EDGE('',*,*,#5973,.F.);
#8172=ORIENTED_EDGE('',*,*,#5976,.F.);
#8173=ORIENTED_EDGE('',*,*,#5979,.F.);
#8174=ORIENTED_EDGE('',*,*,#5982,.F.);
#8175=ORIENTED_EDGE('',*,*,#5985,.F.);
#8176=ORIENTED_EDGE('',*,*,#5988,.F.);
#8177=ORIENTED_EDGE('',*,*,#6033,.F.);
#8178=ORIENTED_EDGE('',*,*,#6034,.T.);
#8179=ORIENTED_EDGE('',*,*,#6035,.T.);
#8180=ORIENTED_EDGE('',*,*,#6036,.F.);
#8181=ORIENTED_EDGE('',*,*,#6037,.F.);
#8182=ORIENTED_EDGE('',*,*,#6038,.T.);
#8183=ORIENTED_EDGE('',*,*,#6039,.T.);
#8184=ORIENTED_EDGE('',*,*,#6034,.F.);
#8185=ORIENTED_EDGE('',*,*,#6040,.F.);
#8186=ORIENTED_EDGE('',*,*,#6041,.T.);
#8187=ORIENTED_EDGE('',*,*,#6042,.T.);
#8188=ORIENTED_EDGE('',*,*,#6038,.F.);
#8189=ORIENTED_EDGE('',*,*,#6043,.F.);
#8190=ORIENTED_EDGE('',*,*,#6044,.T.);
#8191=ORIENTED_EDGE('',*,*,#6045,.T.);
#8192=ORIENTED_EDGE('',*,*,#6041,.F.);
#8193=ORIENTED_EDGE('',*,*,#6046,.F.);
#8194=ORIENTED_EDGE('',*,*,#6047,.T.);
#8195=ORIENTED_EDGE('',*,*,#6048,.T.);
#8196=ORIENTED_EDGE('',*,*,#6044,.F.);
#8197=ORIENTED_EDGE('',*,*,#6049,.F.);
#8198=ORIENTED_EDGE('',*,*,#6050,.T.);
#8199=ORIENTED_EDGE('',*,*,#6051,.T.);
#8200=ORIENTED_EDGE('',*,*,#6047,.F.);
#8201=ORIENTED_EDGE('',*,*,#6052,.F.);
#8202=ORIENTED_EDGE('',*,*,#6053,.T.);
#8203=ORIENTED_EDGE('',*,*,#6054,.T.);
#8204=ORIENTED_EDGE('',*,*,#6050,.F.);
#8205=ORIENTED_EDGE('',*,*,#6055,.F.);
#8206=ORIENTED_EDGE('',*,*,#6056,.T.);
#8207=ORIENTED_EDGE('',*,*,#6057,.T.);
#8208=ORIENTED_EDGE('',*,*,#6053,.F.);
#8209=ORIENTED_EDGE('',*,*,#6058,.F.);
#8210=ORIENTED_EDGE('',*,*,#6059,.T.);
#8211=ORIENTED_EDGE('',*,*,#6060,.T.);
#8212=ORIENTED_EDGE('',*,*,#6056,.F.);
#8213=ORIENTED_EDGE('',*,*,#6061,.F.);
#8214=ORIENTED_EDGE('',*,*,#6036,.T.);
#8215=ORIENTED_EDGE('',*,*,#6062,.T.);
#8216=ORIENTED_EDGE('',*,*,#6059,.F.);
#8217=ORIENTED_EDGE('',*,*,#6063,.F.);
#8218=ORIENTED_EDGE('',*,*,#6064,.T.);
#8219=ORIENTED_EDGE('',*,*,#6065,.T.);
#8220=ORIENTED_EDGE('',*,*,#6066,.F.);
#8221=ORIENTED_EDGE('',*,*,#6067,.F.);
#8222=ORIENTED_EDGE('',*,*,#6068,.T.);
#8223=ORIENTED_EDGE('',*,*,#6069,.T.);
#8224=ORIENTED_EDGE('',*,*,#6064,.F.);
#8225=ORIENTED_EDGE('',*,*,#6070,.F.);
#8226=ORIENTED_EDGE('',*,*,#6071,.T.);
#8227=ORIENTED_EDGE('',*,*,#6072,.T.);
#8228=ORIENTED_EDGE('',*,*,#6068,.F.);
#8229=ORIENTED_EDGE('',*,*,#6073,.F.);
#8230=ORIENTED_EDGE('',*,*,#6074,.T.);
#8231=ORIENTED_EDGE('',*,*,#6075,.T.);
#8232=ORIENTED_EDGE('',*,*,#6071,.F.);
#8233=ORIENTED_EDGE('',*,*,#6076,.F.);
#8234=ORIENTED_EDGE('',*,*,#6077,.T.);
#8235=ORIENTED_EDGE('',*,*,#6078,.T.);
#8236=ORIENTED_EDGE('',*,*,#6074,.F.);
#8237=ORIENTED_EDGE('',*,*,#6079,.F.);
#8238=ORIENTED_EDGE('',*,*,#6080,.T.);
#8239=ORIENTED_EDGE('',*,*,#6081,.T.);
#8240=ORIENTED_EDGE('',*,*,#6077,.F.);
#8241=ORIENTED_EDGE('',*,*,#6082,.F.);
#8242=ORIENTED_EDGE('',*,*,#6083,.T.);
#8243=ORIENTED_EDGE('',*,*,#6084,.T.);
#8244=ORIENTED_EDGE('',*,*,#6080,.F.);
#8245=ORIENTED_EDGE('',*,*,#6085,.F.);
#8246=ORIENTED_EDGE('',*,*,#6086,.T.);
#8247=ORIENTED_EDGE('',*,*,#6087,.T.);
#8248=ORIENTED_EDGE('',*,*,#6083,.F.);
#8249=ORIENTED_EDGE('',*,*,#6088,.F.);
#8250=ORIENTED_EDGE('',*,*,#6089,.T.);
#8251=ORIENTED_EDGE('',*,*,#6090,.T.);
#8252=ORIENTED_EDGE('',*,*,#6086,.F.);
#8253=ORIENTED_EDGE('',*,*,#6091,.F.);
#8254=ORIENTED_EDGE('',*,*,#6092,.T.);
#8255=ORIENTED_EDGE('',*,*,#6093,.T.);
#8256=ORIENTED_EDGE('',*,*,#6089,.F.);
#8257=ORIENTED_EDGE('',*,*,#6094,.F.);
#8258=ORIENTED_EDGE('',*,*,#6095,.T.);
#8259=ORIENTED_EDGE('',*,*,#6096,.T.);
#8260=ORIENTED_EDGE('',*,*,#6092,.F.);
#8261=ORIENTED_EDGE('',*,*,#6097,.F.);
#8262=ORIENTED_EDGE('',*,*,#6098,.T.);
#8263=ORIENTED_EDGE('',*,*,#6099,.T.);
#8264=ORIENTED_EDGE('',*,*,#6095,.F.);
#8265=ORIENTED_EDGE('',*,*,#6100,.F.);
#8266=ORIENTED_EDGE('',*,*,#6101,.T.);
#8267=ORIENTED_EDGE('',*,*,#6102,.T.);
#8268=ORIENTED_EDGE('',*,*,#6098,.F.);
#8269=ORIENTED_EDGE('',*,*,#6103,.F.);
#8270=ORIENTED_EDGE('',*,*,#6104,.T.);
#8271=ORIENTED_EDGE('',*,*,#6105,.T.);
#8272=ORIENTED_EDGE('',*,*,#6101,.F.);
#8273=ORIENTED_EDGE('',*,*,#6106,.F.);
#8274=ORIENTED_EDGE('',*,*,#6107,.T.);
#8275=ORIENTED_EDGE('',*,*,#6108,.T.);
#8276=ORIENTED_EDGE('',*,*,#6104,.F.);
#8277=ORIENTED_EDGE('',*,*,#6109,.F.);
#8278=ORIENTED_EDGE('',*,*,#6110,.T.);
#8279=ORIENTED_EDGE('',*,*,#6111,.T.);
#8280=ORIENTED_EDGE('',*,*,#6107,.F.);
#8281=ORIENTED_EDGE('',*,*,#6112,.F.);
#8282=ORIENTED_EDGE('',*,*,#6113,.T.);
#8283=ORIENTED_EDGE('',*,*,#6114,.T.);
#8284=ORIENTED_EDGE('',*,*,#6110,.F.);
#8285=ORIENTED_EDGE('',*,*,#6115,.F.);
#8286=ORIENTED_EDGE('',*,*,#6116,.T.);
#8287=ORIENTED_EDGE('',*,*,#6117,.T.);
#8288=ORIENTED_EDGE('',*,*,#6113,.F.);
#8289=ORIENTED_EDGE('',*,*,#6118,.F.);
#8290=ORIENTED_EDGE('',*,*,#6119,.T.);
#8291=ORIENTED_EDGE('',*,*,#6120,.T.);
#8292=ORIENTED_EDGE('',*,*,#6116,.F.);
#8293=ORIENTED_EDGE('',*,*,#6121,.F.);
#8294=ORIENTED_EDGE('',*,*,#6122,.T.);
#8295=ORIENTED_EDGE('',*,*,#6123,.T.);
#8296=ORIENTED_EDGE('',*,*,#6119,.F.);
#8297=ORIENTED_EDGE('',*,*,#6124,.F.);
#8298=ORIENTED_EDGE('',*,*,#6125,.T.);
#8299=ORIENTED_EDGE('',*,*,#6126,.T.);
#8300=ORIENTED_EDGE('',*,*,#6122,.F.);
#8301=ORIENTED_EDGE('',*,*,#6127,.F.);
#8302=ORIENTED_EDGE('',*,*,#6128,.T.);
#8303=ORIENTED_EDGE('',*,*,#6129,.T.);
#8304=ORIENTED_EDGE('',*,*,#6125,.F.);
#8305=ORIENTED_EDGE('',*,*,#6130,.F.);
#8306=ORIENTED_EDGE('',*,*,#6131,.T.);
#8307=ORIENTED_EDGE('',*,*,#6132,.T.);
#8308=ORIENTED_EDGE('',*,*,#6128,.F.);
#8309=ORIENTED_EDGE('',*,*,#6133,.F.);
#8310=ORIENTED_EDGE('',*,*,#6134,.T.);
#8311=ORIENTED_EDGE('',*,*,#6135,.T.);
#8312=ORIENTED_EDGE('',*,*,#6131,.F.);
#8313=ORIENTED_EDGE('',*,*,#6136,.F.);
#8314=ORIENTED_EDGE('',*,*,#6137,.T.);
#8315=ORIENTED_EDGE('',*,*,#6138,.T.);
#8316=ORIENTED_EDGE('',*,*,#6134,.F.);
#8317=ORIENTED_EDGE('',*,*,#6139,.F.);
#8318=ORIENTED_EDGE('',*,*,#6140,.T.);
#8319=ORIENTED_EDGE('',*,*,#6141,.T.);
#8320=ORIENTED_EDGE('',*,*,#6137,.F.);
#8321=ORIENTED_EDGE('',*,*,#6142,.F.);
#8322=ORIENTED_EDGE('',*,*,#6066,.T.);
#8323=ORIENTED_EDGE('',*,*,#6143,.T.);
#8324=ORIENTED_EDGE('',*,*,#6140,.F.);
#8325=ORIENTED_EDGE('',*,*,#6143,.F.);
#8326=ORIENTED_EDGE('',*,*,#6065,.F.);
#8327=ORIENTED_EDGE('',*,*,#6069,.F.);
#8328=ORIENTED_EDGE('',*,*,#6072,.F.);
#8329=ORIENTED_EDGE('',*,*,#6075,.F.);
#8330=ORIENTED_EDGE('',*,*,#6078,.F.);
#8331=ORIENTED_EDGE('',*,*,#6081,.F.);
#8332=ORIENTED_EDGE('',*,*,#6084,.F.);
#8333=ORIENTED_EDGE('',*,*,#6087,.F.);
#8334=ORIENTED_EDGE('',*,*,#6090,.F.);
#8335=ORIENTED_EDGE('',*,*,#6093,.F.);
#8336=ORIENTED_EDGE('',*,*,#6096,.F.);
#8337=ORIENTED_EDGE('',*,*,#6099,.F.);
#8338=ORIENTED_EDGE('',*,*,#6102,.F.);
#8339=ORIENTED_EDGE('',*,*,#6105,.F.);
#8340=ORIENTED_EDGE('',*,*,#6108,.F.);
#8341=ORIENTED_EDGE('',*,*,#6111,.F.);
#8342=ORIENTED_EDGE('',*,*,#6114,.F.);
#8343=ORIENTED_EDGE('',*,*,#6117,.F.);
#8344=ORIENTED_EDGE('',*,*,#6120,.F.);
#8345=ORIENTED_EDGE('',*,*,#6123,.F.);
#8346=ORIENTED_EDGE('',*,*,#6126,.F.);
#8347=ORIENTED_EDGE('',*,*,#6129,.F.);
#8348=ORIENTED_EDGE('',*,*,#6132,.F.);
#8349=ORIENTED_EDGE('',*,*,#6135,.F.);
#8350=ORIENTED_EDGE('',*,*,#6138,.F.);
#8351=ORIENTED_EDGE('',*,*,#6141,.F.);
#8352=ORIENTED_EDGE('',*,*,#6062,.F.);
#8353=ORIENTED_EDGE('',*,*,#6035,.F.);
#8354=ORIENTED_EDGE('',*,*,#6039,.F.);
#8355=ORIENTED_EDGE('',*,*,#6042,.F.);
#8356=ORIENTED_EDGE('',*,*,#6045,.F.);
#8357=ORIENTED_EDGE('',*,*,#6048,.F.);
#8358=ORIENTED_EDGE('',*,*,#6051,.F.);
#8359=ORIENTED_EDGE('',*,*,#6054,.F.);
#8360=ORIENTED_EDGE('',*,*,#6057,.F.);
#8361=ORIENTED_EDGE('',*,*,#6060,.F.);
#8362=ORIENTED_EDGE('',*,*,#6144,.F.);
#8363=ORIENTED_EDGE('',*,*,#6145,.T.);
#8364=ORIENTED_EDGE('',*,*,#6146,.T.);
#8365=ORIENTED_EDGE('',*,*,#6147,.F.);
#8366=ORIENTED_EDGE('',*,*,#6148,.F.);
#8367=ORIENTED_EDGE('',*,*,#6149,.T.);
#8368=ORIENTED_EDGE('',*,*,#6150,.T.);
#8369=ORIENTED_EDGE('',*,*,#6145,.F.);
#8370=ORIENTED_EDGE('',*,*,#6151,.F.);
#8371=ORIENTED_EDGE('',*,*,#6152,.T.);
#8372=ORIENTED_EDGE('',*,*,#6153,.T.);
#8373=ORIENTED_EDGE('',*,*,#6149,.F.);
#8374=ORIENTED_EDGE('',*,*,#6154,.F.);
#8375=ORIENTED_EDGE('',*,*,#6155,.T.);
#8376=ORIENTED_EDGE('',*,*,#6156,.T.);
#8377=ORIENTED_EDGE('',*,*,#6152,.F.);
#8378=ORIENTED_EDGE('',*,*,#6157,.F.);
#8379=ORIENTED_EDGE('',*,*,#6158,.T.);
#8380=ORIENTED_EDGE('',*,*,#6159,.T.);
#8381=ORIENTED_EDGE('',*,*,#6155,.F.);
#8382=ORIENTED_EDGE('',*,*,#6160,.F.);
#8383=ORIENTED_EDGE('',*,*,#6147,.T.);
#8384=ORIENTED_EDGE('',*,*,#6161,.T.);
#8385=ORIENTED_EDGE('',*,*,#6158,.F.);
#8386=ORIENTED_EDGE('',*,*,#6161,.F.);
#8387=ORIENTED_EDGE('',*,*,#6146,.F.);
#8388=ORIENTED_EDGE('',*,*,#6150,.F.);
#8389=ORIENTED_EDGE('',*,*,#6153,.F.);
#8390=ORIENTED_EDGE('',*,*,#6156,.F.);
#8391=ORIENTED_EDGE('',*,*,#6159,.F.);
#8392=ORIENTED_EDGE('',*,*,#6162,.F.);
#8393=ORIENTED_EDGE('',*,*,#6163,.T.);
#8394=ORIENTED_EDGE('',*,*,#6164,.T.);
#8395=ORIENTED_EDGE('',*,*,#6165,.F.);
#8396=ORIENTED_EDGE('',*,*,#6166,.F.);
#8397=ORIENTED_EDGE('',*,*,#6167,.T.);
#8398=ORIENTED_EDGE('',*,*,#6168,.T.);
#8399=ORIENTED_EDGE('',*,*,#6163,.F.);
#8400=ORIENTED_EDGE('',*,*,#6169,.F.);
#8401=ORIENTED_EDGE('',*,*,#6170,.T.);
#8402=ORIENTED_EDGE('',*,*,#6171,.T.);
#8403=ORIENTED_EDGE('',*,*,#6167,.F.);
#8404=ORIENTED_EDGE('',*,*,#6172,.F.);
#8405=ORIENTED_EDGE('',*,*,#6173,.T.);
#8406=ORIENTED_EDGE('',*,*,#6174,.T.);
#8407=ORIENTED_EDGE('',*,*,#6170,.F.);
#8408=ORIENTED_EDGE('',*,*,#6175,.F.);
#8409=ORIENTED_EDGE('',*,*,#6176,.T.);
#8410=ORIENTED_EDGE('',*,*,#6177,.T.);
#8411=ORIENTED_EDGE('',*,*,#6173,.F.);
#8412=ORIENTED_EDGE('',*,*,#6178,.F.);
#8413=ORIENTED_EDGE('',*,*,#6179,.T.);
#8414=ORIENTED_EDGE('',*,*,#6180,.T.);
#8415=ORIENTED_EDGE('',*,*,#6176,.F.);
#8416=ORIENTED_EDGE('',*,*,#6181,.F.);
#8417=ORIENTED_EDGE('',*,*,#6182,.T.);
#8418=ORIENTED_EDGE('',*,*,#6183,.T.);
#8419=ORIENTED_EDGE('',*,*,#6179,.F.);
#8420=ORIENTED_EDGE('',*,*,#6184,.F.);
#8421=ORIENTED_EDGE('',*,*,#6185,.T.);
#8422=ORIENTED_EDGE('',*,*,#6186,.T.);
#8423=ORIENTED_EDGE('',*,*,#6182,.F.);
#8424=ORIENTED_EDGE('',*,*,#6187,.F.);
#8425=ORIENTED_EDGE('',*,*,#6188,.T.);
#8426=ORIENTED_EDGE('',*,*,#6189,.T.);
#8427=ORIENTED_EDGE('',*,*,#6185,.F.);
#8428=ORIENTED_EDGE('',*,*,#6190,.F.);
#8429=ORIENTED_EDGE('',*,*,#6191,.T.);
#8430=ORIENTED_EDGE('',*,*,#6192,.T.);
#8431=ORIENTED_EDGE('',*,*,#6188,.F.);
#8432=ORIENTED_EDGE('',*,*,#6193,.F.);
#8433=ORIENTED_EDGE('',*,*,#6194,.T.);
#8434=ORIENTED_EDGE('',*,*,#6195,.T.);
#8435=ORIENTED_EDGE('',*,*,#6191,.F.);
#8436=ORIENTED_EDGE('',*,*,#6196,.F.);
#8437=ORIENTED_EDGE('',*,*,#6197,.T.);
#8438=ORIENTED_EDGE('',*,*,#6198,.T.);
#8439=ORIENTED_EDGE('',*,*,#6194,.F.);
#8440=ORIENTED_EDGE('',*,*,#6199,.F.);
#8441=ORIENTED_EDGE('',*,*,#6200,.T.);
#8442=ORIENTED_EDGE('',*,*,#6201,.T.);
#8443=ORIENTED_EDGE('',*,*,#6197,.F.);
#8444=ORIENTED_EDGE('',*,*,#6202,.F.);
#8445=ORIENTED_EDGE('',*,*,#6203,.T.);
#8446=ORIENTED_EDGE('',*,*,#6204,.T.);
#8447=ORIENTED_EDGE('',*,*,#6200,.F.);
#8448=ORIENTED_EDGE('',*,*,#6205,.F.);
#8449=ORIENTED_EDGE('',*,*,#6206,.T.);
#8450=ORIENTED_EDGE('',*,*,#6207,.T.);
#8451=ORIENTED_EDGE('',*,*,#6203,.F.);
#8452=ORIENTED_EDGE('',*,*,#6208,.F.);
#8453=ORIENTED_EDGE('',*,*,#6209,.T.);
#8454=ORIENTED_EDGE('',*,*,#6210,.T.);
#8455=ORIENTED_EDGE('',*,*,#6206,.F.);
#8456=ORIENTED_EDGE('',*,*,#6211,.F.);
#8457=ORIENTED_EDGE('',*,*,#6212,.T.);
#8458=ORIENTED_EDGE('',*,*,#6213,.T.);
#8459=ORIENTED_EDGE('',*,*,#6209,.F.);
#8460=ORIENTED_EDGE('',*,*,#6214,.F.);
#8461=ORIENTED_EDGE('',*,*,#6165,.T.);
#8462=ORIENTED_EDGE('',*,*,#6215,.T.);
#8463=ORIENTED_EDGE('',*,*,#6212,.F.);
#8464=ORIENTED_EDGE('',*,*,#6215,.F.);
#8465=ORIENTED_EDGE('',*,*,#6164,.F.);
#8466=ORIENTED_EDGE('',*,*,#6168,.F.);
#8467=ORIENTED_EDGE('',*,*,#6171,.F.);
#8468=ORIENTED_EDGE('',*,*,#6174,.F.);
#8469=ORIENTED_EDGE('',*,*,#6177,.F.);
#8470=ORIENTED_EDGE('',*,*,#6180,.F.);
#8471=ORIENTED_EDGE('',*,*,#6183,.F.);
#8472=ORIENTED_EDGE('',*,*,#6186,.F.);
#8473=ORIENTED_EDGE('',*,*,#6189,.F.);
#8474=ORIENTED_EDGE('',*,*,#6192,.F.);
#8475=ORIENTED_EDGE('',*,*,#6195,.F.);
#8476=ORIENTED_EDGE('',*,*,#6198,.F.);
#8477=ORIENTED_EDGE('',*,*,#6201,.F.);
#8478=ORIENTED_EDGE('',*,*,#6204,.F.);
#8479=ORIENTED_EDGE('',*,*,#6207,.F.);
#8480=ORIENTED_EDGE('',*,*,#6210,.F.);
#8481=ORIENTED_EDGE('',*,*,#6213,.F.);
#8482=ORIENTED_EDGE('',*,*,#6216,.F.);
#8483=ORIENTED_EDGE('',*,*,#6217,.T.);
#8484=ORIENTED_EDGE('',*,*,#6218,.T.);
#8485=ORIENTED_EDGE('',*,*,#6219,.F.);
#8486=ORIENTED_EDGE('',*,*,#6220,.F.);
#8487=ORIENTED_EDGE('',*,*,#6221,.T.);
#8488=ORIENTED_EDGE('',*,*,#6222,.T.);
#8489=ORIENTED_EDGE('',*,*,#6217,.F.);
#8490=ORIENTED_EDGE('',*,*,#6223,.F.);
#8491=ORIENTED_EDGE('',*,*,#6224,.T.);
#8492=ORIENTED_EDGE('',*,*,#6225,.T.);
#8493=ORIENTED_EDGE('',*,*,#6221,.F.);
#8494=ORIENTED_EDGE('',*,*,#6226,.F.);
#8495=ORIENTED_EDGE('',*,*,#6227,.T.);
#8496=ORIENTED_EDGE('',*,*,#6228,.T.);
#8497=ORIENTED_EDGE('',*,*,#6224,.F.);
#8498=ORIENTED_EDGE('',*,*,#6229,.F.);
#8499=ORIENTED_EDGE('',*,*,#6230,.T.);
#8500=ORIENTED_EDGE('',*,*,#6231,.T.);
#8501=ORIENTED_EDGE('',*,*,#6227,.F.);
#8502=ORIENTED_EDGE('',*,*,#6232,.F.);
#8503=ORIENTED_EDGE('',*,*,#6233,.T.);
#8504=ORIENTED_EDGE('',*,*,#6234,.T.);
#8505=ORIENTED_EDGE('',*,*,#6230,.F.);
#8506=ORIENTED_EDGE('',*,*,#6235,.F.);
#8507=ORIENTED_EDGE('',*,*,#6236,.T.);
#8508=ORIENTED_EDGE('',*,*,#6237,.T.);
#8509=ORIENTED_EDGE('',*,*,#6233,.F.);
#8510=ORIENTED_EDGE('',*,*,#6238,.F.);
#8511=ORIENTED_EDGE('',*,*,#6219,.T.);
#8512=ORIENTED_EDGE('',*,*,#6239,.T.);
#8513=ORIENTED_EDGE('',*,*,#6236,.F.);
#8514=ORIENTED_EDGE('',*,*,#6240,.F.);
#8515=ORIENTED_EDGE('',*,*,#6241,.T.);
#8516=ORIENTED_EDGE('',*,*,#6242,.T.);
#8517=ORIENTED_EDGE('',*,*,#6243,.F.);
#8518=ORIENTED_EDGE('',*,*,#6244,.F.);
#8519=ORIENTED_EDGE('',*,*,#6245,.T.);
#8520=ORIENTED_EDGE('',*,*,#6246,.T.);
#8521=ORIENTED_EDGE('',*,*,#6241,.F.);
#8522=ORIENTED_EDGE('',*,*,#6247,.F.);
#8523=ORIENTED_EDGE('',*,*,#6248,.T.);
#8524=ORIENTED_EDGE('',*,*,#6249,.T.);
#8525=ORIENTED_EDGE('',*,*,#6245,.F.);
#8526=ORIENTED_EDGE('',*,*,#6250,.F.);
#8527=ORIENTED_EDGE('',*,*,#6251,.T.);
#8528=ORIENTED_EDGE('',*,*,#6252,.T.);
#8529=ORIENTED_EDGE('',*,*,#6248,.F.);
#8530=ORIENTED_EDGE('',*,*,#6253,.F.);
#8531=ORIENTED_EDGE('',*,*,#6254,.T.);
#8532=ORIENTED_EDGE('',*,*,#6255,.T.);
#8533=ORIENTED_EDGE('',*,*,#6251,.F.);
#8534=ORIENTED_EDGE('',*,*,#6256,.F.);
#8535=ORIENTED_EDGE('',*,*,#6257,.T.);
#8536=ORIENTED_EDGE('',*,*,#6258,.T.);
#8537=ORIENTED_EDGE('',*,*,#6254,.F.);
#8538=ORIENTED_EDGE('',*,*,#6259,.F.);
#8539=ORIENTED_EDGE('',*,*,#6260,.T.);
#8540=ORIENTED_EDGE('',*,*,#6261,.T.);
#8541=ORIENTED_EDGE('',*,*,#6257,.F.);
#8542=ORIENTED_EDGE('',*,*,#6262,.F.);
#8543=ORIENTED_EDGE('',*,*,#6263,.T.);
#8544=ORIENTED_EDGE('',*,*,#6264,.T.);
#8545=ORIENTED_EDGE('',*,*,#6260,.F.);
#8546=ORIENTED_EDGE('',*,*,#6265,.F.);
#8547=ORIENTED_EDGE('',*,*,#6266,.T.);
#8548=ORIENTED_EDGE('',*,*,#6267,.T.);
#8549=ORIENTED_EDGE('',*,*,#6263,.F.);
#8550=ORIENTED_EDGE('',*,*,#6268,.F.);
#8551=ORIENTED_EDGE('',*,*,#6269,.T.);
#8552=ORIENTED_EDGE('',*,*,#6270,.T.);
#8553=ORIENTED_EDGE('',*,*,#6266,.F.);
#8554=ORIENTED_EDGE('',*,*,#6271,.F.);
#8555=ORIENTED_EDGE('',*,*,#6272,.T.);
#8556=ORIENTED_EDGE('',*,*,#6273,.T.);
#8557=ORIENTED_EDGE('',*,*,#6269,.F.);
#8558=ORIENTED_EDGE('',*,*,#6274,.F.);
#8559=ORIENTED_EDGE('',*,*,#6275,.T.);
#8560=ORIENTED_EDGE('',*,*,#6276,.T.);
#8561=ORIENTED_EDGE('',*,*,#6272,.F.);
#8562=ORIENTED_EDGE('',*,*,#6277,.F.);
#8563=ORIENTED_EDGE('',*,*,#6243,.T.);
#8564=ORIENTED_EDGE('',*,*,#6278,.T.);
#8565=ORIENTED_EDGE('',*,*,#6275,.F.);
#8566=ORIENTED_EDGE('',*,*,#6278,.F.);
#8567=ORIENTED_EDGE('',*,*,#6242,.F.);
#8568=ORIENTED_EDGE('',*,*,#6246,.F.);
#8569=ORIENTED_EDGE('',*,*,#6249,.F.);
#8570=ORIENTED_EDGE('',*,*,#6252,.F.);
#8571=ORIENTED_EDGE('',*,*,#6255,.F.);
#8572=ORIENTED_EDGE('',*,*,#6258,.F.);
#8573=ORIENTED_EDGE('',*,*,#6261,.F.);
#8574=ORIENTED_EDGE('',*,*,#6264,.F.);
#8575=ORIENTED_EDGE('',*,*,#6267,.F.);
#8576=ORIENTED_EDGE('',*,*,#6270,.F.);
#8577=ORIENTED_EDGE('',*,*,#6273,.F.);
#8578=ORIENTED_EDGE('',*,*,#6276,.F.);
#8579=ORIENTED_EDGE('',*,*,#6239,.F.);
#8580=ORIENTED_EDGE('',*,*,#6218,.F.);
#8581=ORIENTED_EDGE('',*,*,#6222,.F.);
#8582=ORIENTED_EDGE('',*,*,#6225,.F.);
#8583=ORIENTED_EDGE('',*,*,#6228,.F.);
#8584=ORIENTED_EDGE('',*,*,#6231,.F.);
#8585=ORIENTED_EDGE('',*,*,#6234,.F.);
#8586=ORIENTED_EDGE('',*,*,#6237,.F.);
#8587=ORIENTED_EDGE('',*,*,#6279,.F.);
#8588=ORIENTED_EDGE('',*,*,#6280,.T.);
#8589=ORIENTED_EDGE('',*,*,#6281,.T.);
#8590=ORIENTED_EDGE('',*,*,#6282,.F.);
#8591=ORIENTED_EDGE('',*,*,#6283,.F.);
#8592=ORIENTED_EDGE('',*,*,#6284,.T.);
#8593=ORIENTED_EDGE('',*,*,#6285,.T.);
#8594=ORIENTED_EDGE('',*,*,#6280,.F.);
#8595=ORIENTED_EDGE('',*,*,#6286,.F.);
#8596=ORIENTED_EDGE('',*,*,#6287,.T.);
#8597=ORIENTED_EDGE('',*,*,#6288,.T.);
#8598=ORIENTED_EDGE('',*,*,#6284,.F.);
#8599=ORIENTED_EDGE('',*,*,#6289,.F.);
#8600=ORIENTED_EDGE('',*,*,#6290,.T.);
#8601=ORIENTED_EDGE('',*,*,#6291,.T.);
#8602=ORIENTED_EDGE('',*,*,#6287,.F.);
#8603=ORIENTED_EDGE('',*,*,#6292,.F.);
#8604=ORIENTED_EDGE('',*,*,#6282,.T.);
#8605=ORIENTED_EDGE('',*,*,#6293,.T.);
#8606=ORIENTED_EDGE('',*,*,#6290,.F.);
#8607=ORIENTED_EDGE('',*,*,#6294,.F.);
#8608=ORIENTED_EDGE('',*,*,#6295,.T.);
#8609=ORIENTED_EDGE('',*,*,#6296,.T.);
#8610=ORIENTED_EDGE('',*,*,#6297,.F.);
#8611=ORIENTED_EDGE('',*,*,#6298,.F.);
#8612=ORIENTED_EDGE('',*,*,#6299,.T.);
#8613=ORIENTED_EDGE('',*,*,#6300,.T.);
#8614=ORIENTED_EDGE('',*,*,#6295,.F.);
#8615=ORIENTED_EDGE('',*,*,#6301,.F.);
#8616=ORIENTED_EDGE('',*,*,#6302,.T.);
#8617=ORIENTED_EDGE('',*,*,#6303,.T.);
#8618=ORIENTED_EDGE('',*,*,#6299,.F.);
#8619=ORIENTED_EDGE('',*,*,#6304,.F.);
#8620=ORIENTED_EDGE('',*,*,#6305,.T.);
#8621=ORIENTED_EDGE('',*,*,#6306,.T.);
#8622=ORIENTED_EDGE('',*,*,#6302,.F.);
#8623=ORIENTED_EDGE('',*,*,#6307,.F.);
#8624=ORIENTED_EDGE('',*,*,#6308,.T.);
#8625=ORIENTED_EDGE('',*,*,#6309,.T.);
#8626=ORIENTED_EDGE('',*,*,#6305,.F.);
#8627=ORIENTED_EDGE('',*,*,#6310,.F.);
#8628=ORIENTED_EDGE('',*,*,#6311,.T.);
#8629=ORIENTED_EDGE('',*,*,#6312,.T.);
#8630=ORIENTED_EDGE('',*,*,#6308,.F.);
#8631=ORIENTED_EDGE('',*,*,#6313,.F.);
#8632=ORIENTED_EDGE('',*,*,#6314,.T.);
#8633=ORIENTED_EDGE('',*,*,#6315,.T.);
#8634=ORIENTED_EDGE('',*,*,#6311,.F.);
#8635=ORIENTED_EDGE('',*,*,#6316,.F.);
#8636=ORIENTED_EDGE('',*,*,#6317,.T.);
#8637=ORIENTED_EDGE('',*,*,#6318,.T.);
#8638=ORIENTED_EDGE('',*,*,#6314,.F.);
#8639=ORIENTED_EDGE('',*,*,#6319,.F.);
#8640=ORIENTED_EDGE('',*,*,#6320,.T.);
#8641=ORIENTED_EDGE('',*,*,#6321,.T.);
#8642=ORIENTED_EDGE('',*,*,#6317,.F.);
#8643=ORIENTED_EDGE('',*,*,#6322,.F.);
#8644=ORIENTED_EDGE('',*,*,#6323,.T.);
#8645=ORIENTED_EDGE('',*,*,#6324,.T.);
#8646=ORIENTED_EDGE('',*,*,#6320,.F.);
#8647=ORIENTED_EDGE('',*,*,#6325,.F.);
#8648=ORIENTED_EDGE('',*,*,#6326,.T.);
#8649=ORIENTED_EDGE('',*,*,#6327,.T.);
#8650=ORIENTED_EDGE('',*,*,#6323,.F.);
#8651=ORIENTED_EDGE('',*,*,#6328,.F.);
#8652=ORIENTED_EDGE('',*,*,#6329,.T.);
#8653=ORIENTED_EDGE('',*,*,#6330,.T.);
#8654=ORIENTED_EDGE('',*,*,#6326,.F.);
#8655=ORIENTED_EDGE('',*,*,#6331,.F.);
#8656=ORIENTED_EDGE('',*,*,#6332,.T.);
#8657=ORIENTED_EDGE('',*,*,#6333,.T.);
#8658=ORIENTED_EDGE('',*,*,#6329,.F.);
#8659=ORIENTED_EDGE('',*,*,#6334,.F.);
#8660=ORIENTED_EDGE('',*,*,#6335,.T.);
#8661=ORIENTED_EDGE('',*,*,#6336,.T.);
#8662=ORIENTED_EDGE('',*,*,#6332,.F.);
#8663=ORIENTED_EDGE('',*,*,#6337,.F.);
#8664=ORIENTED_EDGE('',*,*,#6297,.T.);
#8665=ORIENTED_EDGE('',*,*,#6338,.T.);
#8666=ORIENTED_EDGE('',*,*,#6335,.F.);
#8667=ORIENTED_EDGE('',*,*,#6338,.F.);
#8668=ORIENTED_EDGE('',*,*,#6296,.F.);
#8669=ORIENTED_EDGE('',*,*,#6300,.F.);
#8670=ORIENTED_EDGE('',*,*,#6303,.F.);
#8671=ORIENTED_EDGE('',*,*,#6306,.F.);
#8672=ORIENTED_EDGE('',*,*,#6309,.F.);
#8673=ORIENTED_EDGE('',*,*,#6312,.F.);
#8674=ORIENTED_EDGE('',*,*,#6315,.F.);
#8675=ORIENTED_EDGE('',*,*,#6318,.F.);
#8676=ORIENTED_EDGE('',*,*,#6321,.F.);
#8677=ORIENTED_EDGE('',*,*,#6324,.F.);
#8678=ORIENTED_EDGE('',*,*,#6327,.F.);
#8679=ORIENTED_EDGE('',*,*,#6330,.F.);
#8680=ORIENTED_EDGE('',*,*,#6333,.F.);
#8681=ORIENTED_EDGE('',*,*,#6336,.F.);
#8682=ORIENTED_EDGE('',*,*,#6293,.F.);
#8683=ORIENTED_EDGE('',*,*,#6281,.F.);
#8684=ORIENTED_EDGE('',*,*,#6285,.F.);
#8685=ORIENTED_EDGE('',*,*,#6288,.F.);
#8686=ORIENTED_EDGE('',*,*,#6291,.F.);
#8687=ORIENTED_EDGE('',*,*,#6339,.F.);
#8688=ORIENTED_EDGE('',*,*,#6340,.T.);
#8689=ORIENTED_EDGE('',*,*,#6341,.T.);
#8690=ORIENTED_EDGE('',*,*,#6342,.F.);
#8691=ORIENTED_EDGE('',*,*,#6343,.F.);
#8692=ORIENTED_EDGE('',*,*,#6344,.T.);
#8693=ORIENTED_EDGE('',*,*,#6345,.T.);
#8694=ORIENTED_EDGE('',*,*,#6340,.F.);
#8695=ORIENTED_EDGE('',*,*,#6346,.F.);
#8696=ORIENTED_EDGE('',*,*,#6347,.T.);
#8697=ORIENTED_EDGE('',*,*,#6348,.T.);
#8698=ORIENTED_EDGE('',*,*,#6344,.F.);
#8699=ORIENTED_EDGE('',*,*,#6349,.F.);
#8700=ORIENTED_EDGE('',*,*,#6350,.T.);
#8701=ORIENTED_EDGE('',*,*,#6351,.T.);
#8702=ORIENTED_EDGE('',*,*,#6347,.F.);
#8703=ORIENTED_EDGE('',*,*,#6352,.F.);
#8704=ORIENTED_EDGE('',*,*,#6353,.T.);
#8705=ORIENTED_EDGE('',*,*,#6354,.T.);
#8706=ORIENTED_EDGE('',*,*,#6350,.F.);
#8707=ORIENTED_EDGE('',*,*,#6355,.F.);
#8708=ORIENTED_EDGE('',*,*,#6356,.T.);
#8709=ORIENTED_EDGE('',*,*,#6357,.T.);
#8710=ORIENTED_EDGE('',*,*,#6353,.F.);
#8711=ORIENTED_EDGE('',*,*,#6358,.F.);
#8712=ORIENTED_EDGE('',*,*,#6359,.T.);
#8713=ORIENTED_EDGE('',*,*,#6360,.T.);
#8714=ORIENTED_EDGE('',*,*,#6356,.F.);
#8715=ORIENTED_EDGE('',*,*,#6361,.F.);
#8716=ORIENTED_EDGE('',*,*,#6342,.T.);
#8717=ORIENTED_EDGE('',*,*,#6362,.T.);
#8718=ORIENTED_EDGE('',*,*,#6359,.F.);
#8719=ORIENTED_EDGE('',*,*,#6362,.F.);
#8720=ORIENTED_EDGE('',*,*,#6341,.F.);
#8721=ORIENTED_EDGE('',*,*,#6345,.F.);
#8722=ORIENTED_EDGE('',*,*,#6348,.F.);
#8723=ORIENTED_EDGE('',*,*,#6351,.F.);
#8724=ORIENTED_EDGE('',*,*,#6354,.F.);
#8725=ORIENTED_EDGE('',*,*,#6357,.F.);
#8726=ORIENTED_EDGE('',*,*,#6360,.F.);
#8727=ORIENTED_EDGE('',*,*,#6363,.F.);
#8728=ORIENTED_EDGE('',*,*,#6364,.T.);
#8729=ORIENTED_EDGE('',*,*,#6365,.T.);
#8730=ORIENTED_EDGE('',*,*,#6366,.F.);
#8731=ORIENTED_EDGE('',*,*,#6367,.F.);
#8732=ORIENTED_EDGE('',*,*,#6368,.T.);
#8733=ORIENTED_EDGE('',*,*,#6369,.T.);
#8734=ORIENTED_EDGE('',*,*,#6364,.F.);
#8735=ORIENTED_EDGE('',*,*,#6370,.F.);
#8736=ORIENTED_EDGE('',*,*,#6371,.T.);
#8737=ORIENTED_EDGE('',*,*,#6372,.T.);
#8738=ORIENTED_EDGE('',*,*,#6368,.F.);
#8739=ORIENTED_EDGE('',*,*,#6373,.F.);
#8740=ORIENTED_EDGE('',*,*,#6366,.T.);
#8741=ORIENTED_EDGE('',*,*,#6374,.T.);
#8742=ORIENTED_EDGE('',*,*,#6371,.F.);
#8743=ORIENTED_EDGE('',*,*,#6374,.F.);
#8744=ORIENTED_EDGE('',*,*,#6365,.F.);
#8745=ORIENTED_EDGE('',*,*,#6369,.F.);
#8746=ORIENTED_EDGE('',*,*,#6372,.F.);
#8747=ORIENTED_EDGE('',*,*,#6279,.T.);
#8748=ORIENTED_EDGE('',*,*,#6292,.T.);
#8749=ORIENTED_EDGE('',*,*,#6289,.T.);
#8750=ORIENTED_EDGE('',*,*,#6286,.T.);
#8751=ORIENTED_EDGE('',*,*,#6283,.T.);
#8752=ORIENTED_EDGE('',*,*,#6216,.T.);
#8753=ORIENTED_EDGE('',*,*,#6238,.T.);
#8754=ORIENTED_EDGE('',*,*,#6235,.T.);
#8755=ORIENTED_EDGE('',*,*,#6232,.T.);
#8756=ORIENTED_EDGE('',*,*,#6229,.T.);
#8757=ORIENTED_EDGE('',*,*,#6226,.T.);
#8758=ORIENTED_EDGE('',*,*,#6223,.T.);
#8759=ORIENTED_EDGE('',*,*,#6220,.T.);
#8760=ORIENTED_EDGE('',*,*,#6033,.T.);
#8761=ORIENTED_EDGE('',*,*,#6061,.T.);
#8762=ORIENTED_EDGE('',*,*,#6058,.T.);
#8763=ORIENTED_EDGE('',*,*,#6055,.T.);
#8764=ORIENTED_EDGE('',*,*,#6052,.T.);
#8765=ORIENTED_EDGE('',*,*,#6049,.T.);
#8766=ORIENTED_EDGE('',*,*,#6046,.T.);
#8767=ORIENTED_EDGE('',*,*,#6043,.T.);
#8768=ORIENTED_EDGE('',*,*,#6040,.T.);
#8769=ORIENTED_EDGE('',*,*,#6037,.T.);
#8770=ORIENTED_EDGE('',*,*,#5967,.T.);
#8771=ORIENTED_EDGE('',*,*,#5989,.T.);
#8772=ORIENTED_EDGE('',*,*,#5986,.T.);
#8773=ORIENTED_EDGE('',*,*,#5983,.T.);
#8774=ORIENTED_EDGE('',*,*,#5980,.T.);
#8775=ORIENTED_EDGE('',*,*,#5977,.T.);
#8776=ORIENTED_EDGE('',*,*,#5974,.T.);
#8777=ORIENTED_EDGE('',*,*,#5971,.T.);
#8778=ORIENTED_EDGE('',*,*,#5916,.T.);
#8779=ORIENTED_EDGE('',*,*,#5938,.T.);
#8780=ORIENTED_EDGE('',*,*,#5935,.T.);
#8781=ORIENTED_EDGE('',*,*,#5932,.T.);
#8782=ORIENTED_EDGE('',*,*,#5929,.T.);
#8783=ORIENTED_EDGE('',*,*,#5926,.T.);
#8784=ORIENTED_EDGE('',*,*,#5923,.T.);
#8785=ORIENTED_EDGE('',*,*,#5920,.T.);
#8786=ORIENTED_EDGE('',*,*,#5790,.T.);
#8787=ORIENTED_EDGE('',*,*,#5818,.T.);
#8788=ORIENTED_EDGE('',*,*,#5815,.T.);
#8789=ORIENTED_EDGE('',*,*,#5812,.T.);
#8790=ORIENTED_EDGE('',*,*,#5809,.T.);
#8791=ORIENTED_EDGE('',*,*,#5806,.T.);
#8792=ORIENTED_EDGE('',*,*,#5803,.T.);
#8793=ORIENTED_EDGE('',*,*,#5800,.T.);
#8794=ORIENTED_EDGE('',*,*,#5797,.T.);
#8795=ORIENTED_EDGE('',*,*,#5794,.T.);
#8796=ORIENTED_EDGE('',*,*,#5763,.T.);
#8797=ORIENTED_EDGE('',*,*,#5788,.T.);
#8798=ORIENTED_EDGE('',*,*,#5785,.T.);
#8799=ORIENTED_EDGE('',*,*,#5782,.T.);
#8800=ORIENTED_EDGE('',*,*,#5779,.T.);
#8801=ORIENTED_EDGE('',*,*,#5776,.T.);
#8802=ORIENTED_EDGE('',*,*,#5773,.T.);
#8803=ORIENTED_EDGE('',*,*,#5770,.T.);
#8804=ORIENTED_EDGE('',*,*,#5767,.T.);
#8805=ORIENTED_EDGE('',*,*,#5712,.T.);
#8806=ORIENTED_EDGE('',*,*,#5734,.T.);
#8807=ORIENTED_EDGE('',*,*,#5731,.T.);
#8808=ORIENTED_EDGE('',*,*,#5728,.T.);
#8809=ORIENTED_EDGE('',*,*,#5725,.T.);
#8810=ORIENTED_EDGE('',*,*,#5722,.T.);
#8811=ORIENTED_EDGE('',*,*,#5719,.T.);
#8812=ORIENTED_EDGE('',*,*,#5716,.T.);
#8813=ORIENTED_EDGE('',*,*,#6375,.F.);
#8814=ORIENTED_EDGE('',*,*,#6376,.T.);
#8815=ORIENTED_EDGE('',*,*,#6377,.T.);
#8816=ORIENTED_EDGE('',*,*,#6378,.F.);
#8817=ORIENTED_EDGE('',*,*,#6379,.F.);
#8818=ORIENTED_EDGE('',*,*,#6380,.T.);
#8819=ORIENTED_EDGE('',*,*,#6381,.T.);
#8820=ORIENTED_EDGE('',*,*,#6376,.F.);
#8821=ORIENTED_EDGE('',*,*,#6382,.F.);
#8822=ORIENTED_EDGE('',*,*,#6383,.T.);
#8823=ORIENTED_EDGE('',*,*,#6384,.T.);
#8824=ORIENTED_EDGE('',*,*,#6380,.F.);
#8825=ORIENTED_EDGE('',*,*,#6385,.F.);
#8826=ORIENTED_EDGE('',*,*,#6386,.T.);
#8827=ORIENTED_EDGE('',*,*,#6387,.T.);
#8828=ORIENTED_EDGE('',*,*,#6383,.F.);
#8829=ORIENTED_EDGE('',*,*,#6388,.F.);
#8830=ORIENTED_EDGE('',*,*,#6389,.T.);
#8831=ORIENTED_EDGE('',*,*,#6390,.T.);
#8832=ORIENTED_EDGE('',*,*,#6386,.F.);
#8833=ORIENTED_EDGE('',*,*,#6391,.F.);
#8834=ORIENTED_EDGE('',*,*,#6392,.T.);
#8835=ORIENTED_EDGE('',*,*,#6393,.T.);
#8836=ORIENTED_EDGE('',*,*,#6389,.F.);
#8837=ORIENTED_EDGE('',*,*,#6394,.F.);
#8838=ORIENTED_EDGE('',*,*,#6395,.T.);
#8839=ORIENTED_EDGE('',*,*,#6396,.T.);
#8840=ORIENTED_EDGE('',*,*,#6392,.F.);
#8841=ORIENTED_EDGE('',*,*,#6397,.F.);
#8842=ORIENTED_EDGE('',*,*,#6398,.T.);
#8843=ORIENTED_EDGE('',*,*,#6399,.T.);
#8844=ORIENTED_EDGE('',*,*,#6395,.F.);
#8845=ORIENTED_EDGE('',*,*,#6400,.F.);
#8846=ORIENTED_EDGE('',*,*,#6401,.T.);
#8847=ORIENTED_EDGE('',*,*,#6402,.T.);
#8848=ORIENTED_EDGE('',*,*,#6398,.F.);
#8849=ORIENTED_EDGE('',*,*,#6403,.F.);
#8850=ORIENTED_EDGE('',*,*,#6404,.T.);
#8851=ORIENTED_EDGE('',*,*,#6405,.T.);
#8852=ORIENTED_EDGE('',*,*,#6401,.F.);
#8853=ORIENTED_EDGE('',*,*,#6406,.F.);
#8854=ORIENTED_EDGE('',*,*,#6407,.T.);
#8855=ORIENTED_EDGE('',*,*,#6408,.T.);
#8856=ORIENTED_EDGE('',*,*,#6404,.F.);
#8857=ORIENTED_EDGE('',*,*,#6409,.F.);
#8858=ORIENTED_EDGE('',*,*,#6410,.T.);
#8859=ORIENTED_EDGE('',*,*,#6411,.T.);
#8860=ORIENTED_EDGE('',*,*,#6407,.F.);
#8861=ORIENTED_EDGE('',*,*,#6412,.F.);
#8862=ORIENTED_EDGE('',*,*,#6413,.T.);
#8863=ORIENTED_EDGE('',*,*,#6414,.T.);
#8864=ORIENTED_EDGE('',*,*,#6410,.F.);
#8865=ORIENTED_EDGE('',*,*,#6415,.F.);
#8866=ORIENTED_EDGE('',*,*,#6416,.T.);
#8867=ORIENTED_EDGE('',*,*,#6417,.T.);
#8868=ORIENTED_EDGE('',*,*,#6413,.F.);
#8869=ORIENTED_EDGE('',*,*,#6418,.F.);
#8870=ORIENTED_EDGE('',*,*,#6419,.T.);
#8871=ORIENTED_EDGE('',*,*,#6420,.T.);
#8872=ORIENTED_EDGE('',*,*,#6416,.F.);
#8873=ORIENTED_EDGE('',*,*,#6421,.F.);
#8874=ORIENTED_EDGE('',*,*,#6422,.T.);
#8875=ORIENTED_EDGE('',*,*,#6423,.T.);
#8876=ORIENTED_EDGE('',*,*,#6419,.F.);
#8877=ORIENTED_EDGE('',*,*,#6424,.F.);
#8878=ORIENTED_EDGE('',*,*,#6378,.T.);
#8879=ORIENTED_EDGE('',*,*,#6425,.T.);
#8880=ORIENTED_EDGE('',*,*,#6422,.F.);
#8881=ORIENTED_EDGE('',*,*,#6425,.F.);
#8882=ORIENTED_EDGE('',*,*,#6377,.F.);
#8883=ORIENTED_EDGE('',*,*,#6381,.F.);
#8884=ORIENTED_EDGE('',*,*,#6384,.F.);
#8885=ORIENTED_EDGE('',*,*,#6387,.F.);
#8886=ORIENTED_EDGE('',*,*,#6390,.F.);
#8887=ORIENTED_EDGE('',*,*,#6393,.F.);
#8888=ORIENTED_EDGE('',*,*,#6396,.F.);
#8889=ORIENTED_EDGE('',*,*,#6399,.F.);
#8890=ORIENTED_EDGE('',*,*,#6402,.F.);
#8891=ORIENTED_EDGE('',*,*,#6405,.F.);
#8892=ORIENTED_EDGE('',*,*,#6408,.F.);
#8893=ORIENTED_EDGE('',*,*,#6411,.F.);
#8894=ORIENTED_EDGE('',*,*,#6414,.F.);
#8895=ORIENTED_EDGE('',*,*,#6417,.F.);
#8896=ORIENTED_EDGE('',*,*,#6420,.F.);
#8897=ORIENTED_EDGE('',*,*,#6423,.F.);
#8898=ORIENTED_EDGE('',*,*,#6426,.F.);
#8899=ORIENTED_EDGE('',*,*,#6427,.T.);
#8900=ORIENTED_EDGE('',*,*,#6428,.T.);
#8901=ORIENTED_EDGE('',*,*,#6429,.F.);
#8902=ORIENTED_EDGE('',*,*,#6430,.F.);
#8903=ORIENTED_EDGE('',*,*,#6431,.T.);
#8904=ORIENTED_EDGE('',*,*,#6432,.T.);
#8905=ORIENTED_EDGE('',*,*,#6427,.F.);
#8906=ORIENTED_EDGE('',*,*,#6433,.F.);
#8907=ORIENTED_EDGE('',*,*,#6434,.T.);
#8908=ORIENTED_EDGE('',*,*,#6435,.T.);
#8909=ORIENTED_EDGE('',*,*,#6431,.F.);
#8910=ORIENTED_EDGE('',*,*,#6436,.F.);
#8911=ORIENTED_EDGE('',*,*,#6437,.T.);
#8912=ORIENTED_EDGE('',*,*,#6438,.T.);
#8913=ORIENTED_EDGE('',*,*,#6434,.F.);
#8914=ORIENTED_EDGE('',*,*,#6439,.F.);
#8915=ORIENTED_EDGE('',*,*,#6440,.T.);
#8916=ORIENTED_EDGE('',*,*,#6441,.T.);
#8917=ORIENTED_EDGE('',*,*,#6437,.F.);
#8918=ORIENTED_EDGE('',*,*,#6442,.F.);
#8919=ORIENTED_EDGE('',*,*,#6443,.T.);
#8920=ORIENTED_EDGE('',*,*,#6444,.T.);
#8921=ORIENTED_EDGE('',*,*,#6440,.F.);
#8922=ORIENTED_EDGE('',*,*,#6445,.F.);
#8923=ORIENTED_EDGE('',*,*,#6446,.T.);
#8924=ORIENTED_EDGE('',*,*,#6447,.T.);
#8925=ORIENTED_EDGE('',*,*,#6443,.F.);
#8926=ORIENTED_EDGE('',*,*,#6448,.F.);
#8927=ORIENTED_EDGE('',*,*,#6449,.T.);
#8928=ORIENTED_EDGE('',*,*,#6450,.T.);
#8929=ORIENTED_EDGE('',*,*,#6446,.F.);
#8930=ORIENTED_EDGE('',*,*,#6451,.F.);
#8931=ORIENTED_EDGE('',*,*,#6452,.T.);
#8932=ORIENTED_EDGE('',*,*,#6453,.T.);
#8933=ORIENTED_EDGE('',*,*,#6449,.F.);
#8934=ORIENTED_EDGE('',*,*,#6454,.F.);
#8935=ORIENTED_EDGE('',*,*,#6455,.T.);
#8936=ORIENTED_EDGE('',*,*,#6456,.T.);
#8937=ORIENTED_EDGE('',*,*,#6452,.F.);
#8938=ORIENTED_EDGE('',*,*,#6457,.F.);
#8939=ORIENTED_EDGE('',*,*,#6458,.T.);
#8940=ORIENTED_EDGE('',*,*,#6459,.T.);
#8941=ORIENTED_EDGE('',*,*,#6455,.F.);
#8942=ORIENTED_EDGE('',*,*,#6460,.F.);
#8943=ORIENTED_EDGE('',*,*,#6429,.T.);
#8944=ORIENTED_EDGE('',*,*,#6461,.T.);
#8945=ORIENTED_EDGE('',*,*,#6458,.F.);
#8946=ORIENTED_EDGE('',*,*,#6461,.F.);
#8947=ORIENTED_EDGE('',*,*,#6428,.F.);
#8948=ORIENTED_EDGE('',*,*,#6432,.F.);
#8949=ORIENTED_EDGE('',*,*,#6435,.F.);
#8950=ORIENTED_EDGE('',*,*,#6438,.F.);
#8951=ORIENTED_EDGE('',*,*,#6441,.F.);
#8952=ORIENTED_EDGE('',*,*,#6444,.F.);
#8953=ORIENTED_EDGE('',*,*,#6447,.F.);
#8954=ORIENTED_EDGE('',*,*,#6450,.F.);
#8955=ORIENTED_EDGE('',*,*,#6453,.F.);
#8956=ORIENTED_EDGE('',*,*,#6456,.F.);
#8957=ORIENTED_EDGE('',*,*,#6459,.F.);
#8958=ORIENTED_EDGE('',*,*,#6462,.F.);
#8959=ORIENTED_EDGE('',*,*,#6463,.T.);
#8960=ORIENTED_EDGE('',*,*,#6464,.T.);
#8961=ORIENTED_EDGE('',*,*,#6465,.F.);
#8962=ORIENTED_EDGE('',*,*,#6466,.F.);
#8963=ORIENTED_EDGE('',*,*,#6467,.T.);
#8964=ORIENTED_EDGE('',*,*,#6468,.T.);
#8965=ORIENTED_EDGE('',*,*,#6463,.F.);
#8966=ORIENTED_EDGE('',*,*,#6469,.F.);
#8967=ORIENTED_EDGE('',*,*,#6470,.T.);
#8968=ORIENTED_EDGE('',*,*,#6471,.T.);
#8969=ORIENTED_EDGE('',*,*,#6467,.F.);
#8970=ORIENTED_EDGE('',*,*,#6472,.F.);
#8971=ORIENTED_EDGE('',*,*,#6473,.T.);
#8972=ORIENTED_EDGE('',*,*,#6474,.T.);
#8973=ORIENTED_EDGE('',*,*,#6470,.F.);
#8974=ORIENTED_EDGE('',*,*,#6475,.F.);
#8975=ORIENTED_EDGE('',*,*,#6476,.T.);
#8976=ORIENTED_EDGE('',*,*,#6477,.T.);
#8977=ORIENTED_EDGE('',*,*,#6473,.F.);
#8978=ORIENTED_EDGE('',*,*,#6478,.F.);
#8979=ORIENTED_EDGE('',*,*,#6479,.T.);
#8980=ORIENTED_EDGE('',*,*,#6480,.T.);
#8981=ORIENTED_EDGE('',*,*,#6476,.F.);
#8982=ORIENTED_EDGE('',*,*,#6481,.F.);
#8983=ORIENTED_EDGE('',*,*,#6482,.T.);
#8984=ORIENTED_EDGE('',*,*,#6483,.T.);
#8985=ORIENTED_EDGE('',*,*,#6479,.F.);
#8986=ORIENTED_EDGE('',*,*,#6484,.F.);
#8987=ORIENTED_EDGE('',*,*,#6485,.T.);
#8988=ORIENTED_EDGE('',*,*,#6486,.T.);
#8989=ORIENTED_EDGE('',*,*,#6482,.F.);
#8990=ORIENTED_EDGE('',*,*,#6487,.F.);
#8991=ORIENTED_EDGE('',*,*,#6488,.T.);
#8992=ORIENTED_EDGE('',*,*,#6489,.T.);
#8993=ORIENTED_EDGE('',*,*,#6485,.F.);
#8994=ORIENTED_EDGE('',*,*,#6490,.F.);
#8995=ORIENTED_EDGE('',*,*,#6491,.T.);
#8996=ORIENTED_EDGE('',*,*,#6492,.T.);
#8997=ORIENTED_EDGE('',*,*,#6488,.F.);
#8998=ORIENTED_EDGE('',*,*,#6493,.F.);
#8999=ORIENTED_EDGE('',*,*,#6494,.T.);
#9000=ORIENTED_EDGE('',*,*,#6495,.T.);
#9001=ORIENTED_EDGE('',*,*,#6491,.F.);
#9002=ORIENTED_EDGE('',*,*,#6496,.F.);
#9003=ORIENTED_EDGE('',*,*,#6465,.T.);
#9004=ORIENTED_EDGE('',*,*,#6497,.T.);
#9005=ORIENTED_EDGE('',*,*,#6494,.F.);
#9006=ORIENTED_EDGE('',*,*,#6497,.F.);
#9007=ORIENTED_EDGE('',*,*,#6464,.F.);
#9008=ORIENTED_EDGE('',*,*,#6468,.F.);
#9009=ORIENTED_EDGE('',*,*,#6471,.F.);
#9010=ORIENTED_EDGE('',*,*,#6474,.F.);
#9011=ORIENTED_EDGE('',*,*,#6477,.F.);
#9012=ORIENTED_EDGE('',*,*,#6480,.F.);
#9013=ORIENTED_EDGE('',*,*,#6483,.F.);
#9014=ORIENTED_EDGE('',*,*,#6486,.F.);
#9015=ORIENTED_EDGE('',*,*,#6489,.F.);
#9016=ORIENTED_EDGE('',*,*,#6492,.F.);
#9017=ORIENTED_EDGE('',*,*,#6495,.F.);
#9018=ORIENTED_EDGE('',*,*,#6498,.T.);
#9019=ORIENTED_EDGE('',*,*,#6499,.T.);
#9020=ORIENTED_EDGE('',*,*,#6500,.F.);
#9021=ORIENTED_EDGE('',*,*,#6501,.F.);
#9022=ORIENTED_EDGE('',*,*,#6502,.T.);
#9023=ORIENTED_EDGE('',*,*,#6501,.T.);
#9024=ORIENTED_EDGE('',*,*,#6503,.F.);
#9025=ORIENTED_EDGE('',*,*,#6504,.F.);
#9026=ORIENTED_EDGE('',*,*,#6505,.T.);
#9027=ORIENTED_EDGE('',*,*,#6504,.T.);
#9028=ORIENTED_EDGE('',*,*,#6506,.F.);
#9029=ORIENTED_EDGE('',*,*,#6507,.F.);
#9030=ORIENTED_EDGE('',*,*,#6508,.T.);
#9031=ORIENTED_EDGE('',*,*,#6507,.T.);
#9032=ORIENTED_EDGE('',*,*,#6509,.F.);
#9033=ORIENTED_EDGE('',*,*,#6499,.F.);
#9034=ORIENTED_EDGE('',*,*,#6508,.F.);
#9035=ORIENTED_EDGE('',*,*,#6498,.F.);
#9036=ORIENTED_EDGE('',*,*,#6502,.F.);
#9037=ORIENTED_EDGE('',*,*,#6505,.F.);
#9038=ORIENTED_EDGE('',*,*,#6510,.T.);
#9039=ORIENTED_EDGE('',*,*,#6511,.T.);
#9040=ORIENTED_EDGE('',*,*,#6512,.F.);
#9041=ORIENTED_EDGE('',*,*,#6513,.F.);
#9042=ORIENTED_EDGE('',*,*,#6514,.T.);
#9043=ORIENTED_EDGE('',*,*,#6513,.T.);
#9044=ORIENTED_EDGE('',*,*,#6515,.F.);
#9045=ORIENTED_EDGE('',*,*,#6516,.F.);
#9046=ORIENTED_EDGE('',*,*,#6517,.T.);
#9047=ORIENTED_EDGE('',*,*,#6516,.T.);
#9048=ORIENTED_EDGE('',*,*,#6518,.F.);
#9049=ORIENTED_EDGE('',*,*,#6519,.F.);
#9050=ORIENTED_EDGE('',*,*,#6520,.T.);
#9051=ORIENTED_EDGE('',*,*,#6519,.T.);
#9052=ORIENTED_EDGE('',*,*,#6521,.F.);
#9053=ORIENTED_EDGE('',*,*,#6511,.F.);
#9054=ORIENTED_EDGE('',*,*,#6520,.F.);
#9055=ORIENTED_EDGE('',*,*,#6510,.F.);
#9056=ORIENTED_EDGE('',*,*,#6514,.F.);
#9057=ORIENTED_EDGE('',*,*,#6517,.F.);
#9058=ORIENTED_EDGE('',*,*,#6522,.T.);
#9059=ORIENTED_EDGE('',*,*,#6523,.T.);
#9060=ORIENTED_EDGE('',*,*,#6524,.F.);
#9061=ORIENTED_EDGE('',*,*,#6525,.F.);
#9062=ORIENTED_EDGE('',*,*,#6526,.T.);
#9063=ORIENTED_EDGE('',*,*,#6525,.T.);
#9064=ORIENTED_EDGE('',*,*,#6527,.F.);
#9065=ORIENTED_EDGE('',*,*,#6528,.F.);
#9066=ORIENTED_EDGE('',*,*,#6529,.T.);
#9067=ORIENTED_EDGE('',*,*,#6528,.T.);
#9068=ORIENTED_EDGE('',*,*,#6530,.F.);
#9069=ORIENTED_EDGE('',*,*,#6531,.F.);
#9070=ORIENTED_EDGE('',*,*,#6532,.T.);
#9071=ORIENTED_EDGE('',*,*,#6531,.T.);
#9072=ORIENTED_EDGE('',*,*,#6533,.F.);
#9073=ORIENTED_EDGE('',*,*,#6523,.F.);
#9074=ORIENTED_EDGE('',*,*,#6532,.F.);
#9075=ORIENTED_EDGE('',*,*,#6522,.F.);
#9076=ORIENTED_EDGE('',*,*,#6526,.F.);
#9077=ORIENTED_EDGE('',*,*,#6529,.F.);
#9078=ORIENTED_EDGE('',*,*,#6534,.T.);
#9079=ORIENTED_EDGE('',*,*,#6535,.T.);
#9080=ORIENTED_EDGE('',*,*,#6536,.F.);
#9081=ORIENTED_EDGE('',*,*,#6537,.F.);
#9082=ORIENTED_EDGE('',*,*,#6538,.T.);
#9083=ORIENTED_EDGE('',*,*,#6537,.T.);
#9084=ORIENTED_EDGE('',*,*,#6539,.F.);
#9085=ORIENTED_EDGE('',*,*,#6540,.F.);
#9086=ORIENTED_EDGE('',*,*,#6541,.T.);
#9087=ORIENTED_EDGE('',*,*,#6540,.T.);
#9088=ORIENTED_EDGE('',*,*,#6542,.F.);
#9089=ORIENTED_EDGE('',*,*,#6543,.F.);
#9090=ORIENTED_EDGE('',*,*,#6544,.T.);
#9091=ORIENTED_EDGE('',*,*,#6543,.T.);
#9092=ORIENTED_EDGE('',*,*,#6545,.F.);
#9093=ORIENTED_EDGE('',*,*,#6535,.F.);
#9094=ORIENTED_EDGE('',*,*,#6544,.F.);
#9095=ORIENTED_EDGE('',*,*,#6534,.F.);
#9096=ORIENTED_EDGE('',*,*,#6538,.F.);
#9097=ORIENTED_EDGE('',*,*,#6541,.F.);
#9098=ORIENTED_EDGE('',*,*,#6546,.F.);
#9099=ORIENTED_EDGE('',*,*,#6547,.T.);
#9100=ORIENTED_EDGE('',*,*,#6548,.F.);
#9101=ORIENTED_EDGE('',*,*,#6549,.F.);
#9102=ORIENTED_EDGE('',*,*,#6550,.F.);
#9103=ORIENTED_EDGE('',*,*,#6551,.F.);
#9104=ORIENTED_EDGE('',*,*,#6552,.F.);
#9105=ORIENTED_EDGE('',*,*,#6553,.T.);
#9106=ORIENTED_EDGE('',*,*,#6554,.F.);
#9107=ORIENTED_EDGE('',*,*,#6553,.F.);
#9108=ORIENTED_EDGE('',*,*,#6555,.F.);
#9109=ORIENTED_EDGE('',*,*,#6547,.F.);
#9110=ORIENTED_EDGE('',*,*,#6548,.T.);
#9111=ORIENTED_EDGE('',*,*,#6555,.T.);
#9112=ORIENTED_EDGE('',*,*,#6552,.T.);
#9113=ORIENTED_EDGE('',*,*,#6556,.T.);
#9114=ORIENTED_EDGE('',*,*,#6557,.T.);
#9115=ORIENTED_EDGE('',*,*,#6558,.T.);
#9116=ORIENTED_EDGE('',*,*,#6559,.T.);
#9117=ORIENTED_EDGE('',*,*,#6560,.T.);
#9118=ORIENTED_EDGE('',*,*,#6561,.T.);
#9119=ORIENTED_EDGE('',*,*,#6562,.F.);
#9120=ORIENTED_EDGE('',*,*,#6563,.F.);
#9121=ORIENTED_EDGE('',*,*,#6564,.T.);
#9122=ORIENTED_EDGE('',*,*,#6551,.T.);
#9123=ORIENTED_EDGE('',*,*,#6565,.F.);
#9124=ORIENTED_EDGE('',*,*,#6566,.T.);
#9125=ORIENTED_EDGE('',*,*,#6556,.F.);
#9126=ORIENTED_EDGE('',*,*,#6549,.T.);
#9127=ORIENTED_EDGE('',*,*,#6564,.F.);
#9128=ORIENTED_EDGE('',*,*,#6567,.F.);
#9129=ORIENTED_EDGE('',*,*,#6568,.F.);
#9130=ORIENTED_EDGE('',*,*,#6569,.F.);
#9131=ORIENTED_EDGE('',*,*,#6570,.F.);
#9132=ORIENTED_EDGE('',*,*,#6571,.T.);
#9133=ORIENTED_EDGE('',*,*,#6572,.F.);
#9134=ORIENTED_EDGE('',*,*,#6573,.T.);
#9135=ORIENTED_EDGE('',*,*,#6574,.F.);
#9136=ORIENTED_EDGE('',*,*,#6575,.F.);
#9137=ORIENTED_EDGE('',*,*,#6576,.F.);
#9138=ORIENTED_EDGE('',*,*,#6577,.T.);
#9139=ORIENTED_EDGE('',*,*,#6578,.F.);
#9140=ORIENTED_EDGE('',*,*,#6579,.T.);
#9141=ORIENTED_EDGE('',*,*,#6580,.F.);
#9142=ORIENTED_EDGE('',*,*,#6581,.F.);
#9143=ORIENTED_EDGE('',*,*,#6582,.F.);
#9144=ORIENTED_EDGE('',*,*,#6583,.T.);
#9145=ORIENTED_EDGE('',*,*,#6584,.F.);
#9146=ORIENTED_EDGE('',*,*,#6585,.F.);
#9147=ORIENTED_EDGE('',*,*,#6586,.T.);
#9148=ORIENTED_EDGE('',*,*,#6587,.F.);
#9149=ORIENTED_EDGE('',*,*,#6571,.F.);
#9150=ORIENTED_EDGE('',*,*,#6588,.F.);
#9151=ORIENTED_EDGE('',*,*,#6589,.F.);
#9152=ORIENTED_EDGE('',*,*,#6590,.F.);
#9153=ORIENTED_EDGE('',*,*,#6591,.T.);
#9154=ORIENTED_EDGE('',*,*,#6592,.F.);
#9155=ORIENTED_EDGE('',*,*,#6591,.F.);
#9156=ORIENTED_EDGE('',*,*,#6593,.F.);
#9157=ORIENTED_EDGE('',*,*,#6586,.F.);
#9158=ORIENTED_EDGE('',*,*,#6587,.T.);
#9159=ORIENTED_EDGE('',*,*,#6593,.T.);
#9160=ORIENTED_EDGE('',*,*,#6590,.T.);
#9161=ORIENTED_EDGE('',*,*,#6594,.T.);
#9162=ORIENTED_EDGE('',*,*,#6595,.T.);
#9163=ORIENTED_EDGE('',*,*,#6596,.T.);
#9164=ORIENTED_EDGE('',*,*,#6597,.T.);
#9165=ORIENTED_EDGE('',*,*,#6598,.T.);
#9166=ORIENTED_EDGE('',*,*,#6599,.T.);
#9167=ORIENTED_EDGE('',*,*,#6600,.F.);
#9168=ORIENTED_EDGE('',*,*,#6601,.T.);
#9169=ORIENTED_EDGE('',*,*,#6572,.T.);
#9170=ORIENTED_EDGE('',*,*,#6589,.T.);
#9171=ORIENTED_EDGE('',*,*,#6602,.F.);
#9172=ORIENTED_EDGE('',*,*,#6603,.T.);
#9173=ORIENTED_EDGE('',*,*,#6594,.F.);
#9174=ORIENTED_EDGE('',*,*,#6604,.F.);
#9175=ORIENTED_EDGE('',*,*,#6605,.T.);
#9176=ORIENTED_EDGE('',*,*,#6557,.F.);
#9177=ORIENTED_EDGE('',*,*,#6566,.F.);
#9178=ORIENTED_EDGE('',*,*,#6606,.F.);
#9179=ORIENTED_EDGE('',*,*,#6607,.F.);
#9180=ORIENTED_EDGE('',*,*,#6559,.F.);
#9181=ORIENTED_EDGE('',*,*,#6608,.T.);
#9182=ORIENTED_EDGE('',*,*,#6609,.F.);
#9183=ORIENTED_EDGE('',*,*,#6608,.F.);
#9184=ORIENTED_EDGE('',*,*,#6558,.F.);
#9185=ORIENTED_EDGE('',*,*,#6605,.F.);
#9186=ORIENTED_EDGE('',*,*,#6607,.T.);
#9187=ORIENTED_EDGE('',*,*,#6610,.F.);
#9188=ORIENTED_EDGE('',*,*,#6611,.T.);
#9189=ORIENTED_EDGE('',*,*,#6612,.F.);
#9190=ORIENTED_EDGE('',*,*,#6613,.F.);
#9191=ORIENTED_EDGE('',*,*,#6614,.F.);
#9192=ORIENTED_EDGE('',*,*,#6615,.T.);
#9193=ORIENTED_EDGE('',*,*,#6616,.T.);
#9194=ORIENTED_EDGE('',*,*,#6617,.F.);
#9195=ORIENTED_EDGE('',*,*,#6618,.T.);
#9196=ORIENTED_EDGE('',*,*,#6619,.F.);
#9197=ORIENTED_EDGE('',*,*,#6620,.F.);
#9198=ORIENTED_EDGE('',*,*,#6560,.F.);
#9199=ORIENTED_EDGE('',*,*,#6621,.F.);
#9200=ORIENTED_EDGE('',*,*,#6622,.T.);
#9201=ORIENTED_EDGE('',*,*,#6595,.F.);
#9202=ORIENTED_EDGE('',*,*,#6603,.F.);
#9203=ORIENTED_EDGE('',*,*,#6623,.F.);
#9204=ORIENTED_EDGE('',*,*,#6624,.F.);
#9205=ORIENTED_EDGE('',*,*,#6597,.F.);
#9206=ORIENTED_EDGE('',*,*,#6625,.T.);
#9207=ORIENTED_EDGE('',*,*,#6626,.F.);
#9208=ORIENTED_EDGE('',*,*,#6625,.F.);
#9209=ORIENTED_EDGE('',*,*,#6596,.F.);
#9210=ORIENTED_EDGE('',*,*,#6622,.F.);
#9211=ORIENTED_EDGE('',*,*,#6624,.T.);
#9212=ORIENTED_EDGE('',*,*,#6627,.F.);
#9213=ORIENTED_EDGE('',*,*,#6628,.F.);
#9214=ORIENTED_EDGE('',*,*,#6629,.F.);
#9215=ORIENTED_EDGE('',*,*,#6630,.T.);
#9216=ORIENTED_EDGE('',*,*,#6631,.F.);
#9217=ORIENTED_EDGE('',*,*,#6632,.T.);
#9218=ORIENTED_EDGE('',*,*,#6633,.T.);
#9219=ORIENTED_EDGE('',*,*,#6634,.F.);
#9220=ORIENTED_EDGE('',*,*,#6635,.F.);
#9221=ORIENTED_EDGE('',*,*,#6636,.F.);
#9222=ORIENTED_EDGE('',*,*,#6637,.T.);
#9223=ORIENTED_EDGE('',*,*,#6598,.F.);
#9224=ORIENTED_EDGE('',*,*,#6638,.F.);
#9225=ORIENTED_EDGE('',*,*,#6639,.T.);
#9226=ORIENTED_EDGE('',*,*,#6640,.T.);
#9227=ORIENTED_EDGE('',*,*,#6641,.F.);
#9228=ORIENTED_EDGE('',*,*,#6618,.F.);
#9229=ORIENTED_EDGE('',*,*,#6642,.F.);
#9230=ORIENTED_EDGE('',*,*,#6643,.F.);
#9231=ORIENTED_EDGE('',*,*,#6644,.F.);
#9232=ORIENTED_EDGE('',*,*,#6645,.F.);
#9233=ORIENTED_EDGE('',*,*,#6641,.T.);
#9234=ORIENTED_EDGE('',*,*,#6646,.T.);
#9235=ORIENTED_EDGE('',*,*,#6647,.F.);
#9236=ORIENTED_EDGE('',*,*,#6648,.F.);
#9237=ORIENTED_EDGE('',*,*,#6649,.F.);
#9238=ORIENTED_EDGE('',*,*,#6650,.T.);
#9239=ORIENTED_EDGE('',*,*,#6639,.F.);
#9240=ORIENTED_EDGE('',*,*,#6630,.F.);
#9241=ORIENTED_EDGE('',*,*,#6651,.F.);
#9242=ORIENTED_EDGE('',*,*,#6652,.F.);
#9243=ORIENTED_EDGE('',*,*,#6653,.F.);
#9244=ORIENTED_EDGE('',*,*,#6654,.F.);
#9245=ORIENTED_EDGE('',*,*,#6646,.F.);
#9246=ORIENTED_EDGE('',*,*,#6640,.F.);
#9247=ORIENTED_EDGE('',*,*,#6650,.F.);
#9248=ORIENTED_EDGE('',*,*,#6653,.T.);
#9249=ORIENTED_EDGE('',*,*,#6655,.F.);
#9250=ORIENTED_EDGE('',*,*,#6656,.T.);
#9251=ORIENTED_EDGE('',*,*,#6631,.T.);
#9252=ORIENTED_EDGE('',*,*,#6642,.T.);
#9253=ORIENTED_EDGE('',*,*,#6617,.T.);
#9254=ORIENTED_EDGE('',*,*,#6657,.T.);
#9255=ORIENTED_EDGE('',*,*,#6658,.F.);
#9256=ORIENTED_EDGE('',*,*,#6643,.T.);
#9257=ORIENTED_EDGE('',*,*,#6658,.T.);
#9258=ORIENTED_EDGE('',*,*,#6659,.T.);
#9259=ORIENTED_EDGE('',*,*,#6660,.T.);
#9260=ORIENTED_EDGE('',*,*,#6661,.T.);
#9261=ORIENTED_EDGE('',*,*,#6662,.T.);
#9262=ORIENTED_EDGE('',*,*,#6663,.T.);
#9263=ORIENTED_EDGE('',*,*,#6664,.T.);
#9264=ORIENTED_EDGE('',*,*,#6665,.T.);
#9265=ORIENTED_EDGE('',*,*,#6666,.T.);
#9266=ORIENTED_EDGE('',*,*,#6667,.T.);
#9267=ORIENTED_EDGE('',*,*,#6668,.T.);
#9268=ORIENTED_EDGE('',*,*,#6669,.T.);
#9269=ORIENTED_EDGE('',*,*,#6670,.T.);
#9270=ORIENTED_EDGE('',*,*,#6671,.T.);
#9271=ORIENTED_EDGE('',*,*,#6672,.T.);
#9272=ORIENTED_EDGE('',*,*,#6673,.T.);
#9273=ORIENTED_EDGE('',*,*,#6674,.T.);
#9274=ORIENTED_EDGE('',*,*,#6675,.T.);
#9275=ORIENTED_EDGE('',*,*,#6676,.T.);
#9276=ORIENTED_EDGE('',*,*,#6600,.T.);
#9277=ORIENTED_EDGE('',*,*,#6677,.T.);
#9278=ORIENTED_EDGE('',*,*,#6678,.T.);
#9279=ORIENTED_EDGE('',*,*,#6679,.T.);
#9280=ORIENTED_EDGE('',*,*,#6680,.T.);
#9281=ORIENTED_EDGE('',*,*,#6681,.T.);
#9282=ORIENTED_EDGE('',*,*,#6682,.T.);
#9283=ORIENTED_EDGE('',*,*,#6655,.T.);
#9284=ORIENTED_EDGE('',*,*,#6652,.T.);
#9285=ORIENTED_EDGE('',*,*,#6683,.T.);
#9286=ORIENTED_EDGE('',*,*,#6684,.T.);
#9287=ORIENTED_EDGE('',*,*,#6685,.T.);
#9288=ORIENTED_EDGE('',*,*,#6686,.T.);
#9289=ORIENTED_EDGE('',*,*,#6687,.T.);
#9290=ORIENTED_EDGE('',*,*,#6688,.T.);
#9291=ORIENTED_EDGE('',*,*,#6562,.T.);
#9292=ORIENTED_EDGE('',*,*,#6689,.T.);
#9293=ORIENTED_EDGE('',*,*,#6690,.T.);
#9294=ORIENTED_EDGE('',*,*,#6651,.T.);
#9295=ORIENTED_EDGE('',*,*,#6629,.T.);
#9296=ORIENTED_EDGE('',*,*,#6691,.T.);
#9297=ORIENTED_EDGE('',*,*,#6683,.F.);
#9298=ORIENTED_EDGE('',*,*,#6692,.F.);
#9299=ORIENTED_EDGE('',*,*,#6693,.F.);
#9300=ORIENTED_EDGE('',*,*,#6694,.F.);
#9301=ORIENTED_EDGE('',*,*,#6695,.F.);
#9302=ORIENTED_EDGE('',*,*,#6696,.F.);
#9303=ORIENTED_EDGE('',*,*,#6697,.F.);
#9304=ORIENTED_EDGE('',*,*,#6698,.F.);
#9305=ORIENTED_EDGE('',*,*,#6699,.F.);
#9306=ORIENTED_EDGE('',*,*,#6648,.T.);
#9307=ORIENTED_EDGE('',*,*,#6638,.T.);
#9308=ORIENTED_EDGE('',*,*,#6645,.T.);
#9309=ORIENTED_EDGE('',*,*,#6700,.T.);
#9310=ORIENTED_EDGE('',*,*,#6701,.T.);
#9311=ORIENTED_EDGE('',*,*,#6702,.T.);
#9312=ORIENTED_EDGE('',*,*,#6703,.T.);
#9313=ORIENTED_EDGE('',*,*,#6704,.T.);
#9314=ORIENTED_EDGE('',*,*,#6705,.T.);
#9315=ORIENTED_EDGE('',*,*,#6706,.T.);
#9316=ORIENTED_EDGE('',*,*,#6707,.T.);
#9317=ORIENTED_EDGE('',*,*,#6708,.T.);
#9318=ORIENTED_EDGE('',*,*,#6709,.F.);
#9319=ORIENTED_EDGE('',*,*,#6710,.T.);
#9320=ORIENTED_EDGE('',*,*,#6711,.F.);
#9321=ORIENTED_EDGE('',*,*,#6710,.F.);
#9322=ORIENTED_EDGE('',*,*,#6712,.F.);
#9323=ORIENTED_EDGE('',*,*,#6713,.T.);
#9324=ORIENTED_EDGE('',*,*,#6714,.T.);
#9325=ORIENTED_EDGE('',*,*,#6713,.F.);
#9326=ORIENTED_EDGE('',*,*,#6714,.F.);
#9327=ORIENTED_EDGE('',*,*,#6715,.F.);
#9328=ORIENTED_EDGE('',*,*,#6716,.T.);
#9329=ORIENTED_EDGE('',*,*,#6717,.T.);
#9330=ORIENTED_EDGE('',*,*,#6716,.F.);
#9331=ORIENTED_EDGE('',*,*,#6717,.F.);
#9332=ORIENTED_EDGE('',*,*,#6712,.T.);
#9333=ORIENTED_EDGE('',*,*,#6718,.F.);
#9334=ORIENTED_EDGE('',*,*,#6719,.T.);
#9335=ORIENTED_EDGE('',*,*,#6720,.T.);
#9336=ORIENTED_EDGE('',*,*,#6719,.F.);
#9337=ORIENTED_EDGE('',*,*,#6721,.F.);
#9338=ORIENTED_EDGE('',*,*,#6670,.F.);
#9339=ORIENTED_EDGE('',*,*,#6722,.F.);
#9340=ORIENTED_EDGE('',*,*,#6579,.F.);
#9341=ORIENTED_EDGE('',*,*,#6583,.F.);
#9342=ORIENTED_EDGE('',*,*,#6723,.F.);
#9343=ORIENTED_EDGE('',*,*,#6666,.F.);
#9344=ORIENTED_EDGE('',*,*,#6724,.F.);
#9345=ORIENTED_EDGE('',*,*,#6720,.F.);
#9346=ORIENTED_EDGE('',*,*,#6715,.T.);
#9347=ORIENTED_EDGE('',*,*,#6721,.T.);
#9348=ORIENTED_EDGE('',*,*,#6578,.T.);
#9349=ORIENTED_EDGE('',*,*,#6725,.T.);
#9350=ORIENTED_EDGE('',*,*,#6671,.F.);
#9351=ORIENTED_EDGE('',*,*,#6722,.T.);
#9352=ORIENTED_EDGE('',*,*,#6669,.F.);
#9353=ORIENTED_EDGE('',*,*,#6726,.F.);
#9354=ORIENTED_EDGE('',*,*,#6580,.T.);
#9355=ORIENTED_EDGE('',*,*,#6723,.T.);
#9356=ORIENTED_EDGE('',*,*,#6582,.T.);
#9357=ORIENTED_EDGE('',*,*,#6727,.T.);
#9358=ORIENTED_EDGE('',*,*,#6667,.F.);
#9359=ORIENTED_EDGE('',*,*,#6728,.F.);
#9360=ORIENTED_EDGE('',*,*,#6729,.T.);
#9361=ORIENTED_EDGE('',*,*,#6730,.T.);
#9362=ORIENTED_EDGE('',*,*,#6729,.F.);
#9363=ORIENTED_EDGE('',*,*,#6730,.F.);
#9364=ORIENTED_EDGE('',*,*,#6731,.F.);
#9365=ORIENTED_EDGE('',*,*,#6732,.T.);
#9366=ORIENTED_EDGE('',*,*,#6733,.T.);
#9367=ORIENTED_EDGE('',*,*,#6732,.F.);
#9368=ORIENTED_EDGE('',*,*,#6733,.F.);
#9369=ORIENTED_EDGE('',*,*,#6728,.T.);
#9370=ORIENTED_EDGE('',*,*,#6734,.F.);
#9371=ORIENTED_EDGE('',*,*,#6735,.T.);
#9372=ORIENTED_EDGE('',*,*,#6736,.T.);
#9373=ORIENTED_EDGE('',*,*,#6735,.F.);
#9374=ORIENTED_EDGE('',*,*,#6573,.F.);
#9375=ORIENTED_EDGE('',*,*,#6601,.F.);
#9376=ORIENTED_EDGE('',*,*,#6676,.F.);
#9377=ORIENTED_EDGE('',*,*,#6737,.F.);
#9378=ORIENTED_EDGE('',*,*,#6672,.F.);
#9379=ORIENTED_EDGE('',*,*,#6725,.F.);
#9380=ORIENTED_EDGE('',*,*,#6577,.F.);
#9381=ORIENTED_EDGE('',*,*,#6738,.F.);
#9382=ORIENTED_EDGE('',*,*,#6736,.F.);
#9383=ORIENTED_EDGE('',*,*,#6731,.T.);
#9384=ORIENTED_EDGE('',*,*,#6739,.F.);
#9385=ORIENTED_EDGE('',*,*,#6740,.T.);
#9386=ORIENTED_EDGE('',*,*,#6741,.T.);
#9387=ORIENTED_EDGE('',*,*,#6740,.F.);
#9388=ORIENTED_EDGE('',*,*,#6741,.F.);
#9389=ORIENTED_EDGE('',*,*,#6742,.F.);
#9390=ORIENTED_EDGE('',*,*,#6743,.T.);
#9391=ORIENTED_EDGE('',*,*,#6744,.T.);
#9392=ORIENTED_EDGE('',*,*,#6743,.F.);
#9393=ORIENTED_EDGE('',*,*,#6744,.F.);
#9394=ORIENTED_EDGE('',*,*,#6739,.T.);
#9395=ORIENTED_EDGE('',*,*,#6745,.F.);
#9396=ORIENTED_EDGE('',*,*,#6746,.T.);
#9397=ORIENTED_EDGE('',*,*,#6659,.F.);
#9398=ORIENTED_EDGE('',*,*,#6657,.F.);
#9399=ORIENTED_EDGE('',*,*,#6616,.F.);
#9400=ORIENTED_EDGE('',*,*,#6747,.T.);
#9401=ORIENTED_EDGE('',*,*,#6748,.T.);
#9402=ORIENTED_EDGE('',*,*,#6747,.F.);
#9403=ORIENTED_EDGE('',*,*,#6615,.F.);
#9404=ORIENTED_EDGE('',*,*,#6749,.F.);
#9405=ORIENTED_EDGE('',*,*,#6660,.F.);
#9406=ORIENTED_EDGE('',*,*,#6746,.F.);
#9407=ORIENTED_EDGE('',*,*,#6664,.F.);
#9408=ORIENTED_EDGE('',*,*,#6750,.F.);
#9409=ORIENTED_EDGE('',*,*,#6611,.F.);
#9410=ORIENTED_EDGE('',*,*,#6751,.F.);
#9411=ORIENTED_EDGE('',*,*,#6748,.F.);
#9412=ORIENTED_EDGE('',*,*,#6742,.T.);
#9413=ORIENTED_EDGE('',*,*,#6750,.T.);
#9414=ORIENTED_EDGE('',*,*,#6663,.F.);
#9415=ORIENTED_EDGE('',*,*,#6752,.F.);
#9416=ORIENTED_EDGE('',*,*,#6612,.T.);
#9417=ORIENTED_EDGE('',*,*,#6753,.F.);
#9418=ORIENTED_EDGE('',*,*,#6754,.T.);
#9419=ORIENTED_EDGE('',*,*,#6755,.T.);
#9420=ORIENTED_EDGE('',*,*,#6754,.F.);
#9421=ORIENTED_EDGE('',*,*,#6755,.F.);
#9422=ORIENTED_EDGE('',*,*,#6756,.F.);
#9423=ORIENTED_EDGE('',*,*,#6757,.T.);
#9424=ORIENTED_EDGE('',*,*,#6758,.T.);
#9425=ORIENTED_EDGE('',*,*,#6757,.F.);
#9426=ORIENTED_EDGE('',*,*,#6758,.F.);
#9427=ORIENTED_EDGE('',*,*,#6753,.T.);
#9428=ORIENTED_EDGE('',*,*,#6759,.F.);
#9429=ORIENTED_EDGE('',*,*,#6760,.T.);
#9430=ORIENTED_EDGE('',*,*,#6681,.F.);
#9431=ORIENTED_EDGE('',*,*,#6761,.F.);
#9432=ORIENTED_EDGE('',*,*,#6633,.F.);
#9433=ORIENTED_EDGE('',*,*,#6762,.T.);
#9434=ORIENTED_EDGE('',*,*,#6763,.T.);
#9435=ORIENTED_EDGE('',*,*,#6762,.F.);
#9436=ORIENTED_EDGE('',*,*,#6632,.F.);
#9437=ORIENTED_EDGE('',*,*,#6656,.F.);
#9438=ORIENTED_EDGE('',*,*,#6682,.F.);
#9439=ORIENTED_EDGE('',*,*,#6760,.F.);
#9440=ORIENTED_EDGE('',*,*,#6764,.F.);
#9441=ORIENTED_EDGE('',*,*,#6677,.F.);
#9442=ORIENTED_EDGE('',*,*,#6599,.F.);
#9443=ORIENTED_EDGE('',*,*,#6637,.F.);
#9444=ORIENTED_EDGE('',*,*,#6763,.F.);
#9445=ORIENTED_EDGE('',*,*,#6756,.T.);
#9446=ORIENTED_EDGE('',*,*,#6764,.T.);
#9447=ORIENTED_EDGE('',*,*,#6636,.T.);
#9448=ORIENTED_EDGE('',*,*,#6765,.T.);
#9449=ORIENTED_EDGE('',*,*,#6678,.F.);
#9450=ORIENTED_EDGE('',*,*,#6737,.T.);
#9451=ORIENTED_EDGE('',*,*,#6675,.F.);
#9452=ORIENTED_EDGE('',*,*,#6766,.F.);
#9453=ORIENTED_EDGE('',*,*,#6574,.T.);
#9454=ORIENTED_EDGE('',*,*,#6761,.T.);
#9455=ORIENTED_EDGE('',*,*,#6680,.F.);
#9456=ORIENTED_EDGE('',*,*,#6767,.F.);
#9457=ORIENTED_EDGE('',*,*,#6634,.T.);
#9458=ORIENTED_EDGE('',*,*,#6749,.T.);
#9459=ORIENTED_EDGE('',*,*,#6614,.T.);
#9460=ORIENTED_EDGE('',*,*,#6768,.T.);
#9461=ORIENTED_EDGE('',*,*,#6661,.F.);
#9462=ORIENTED_EDGE('',*,*,#6575,.T.);
#9463=ORIENTED_EDGE('',*,*,#6766,.T.);
#9464=ORIENTED_EDGE('',*,*,#6674,.F.);
#9465=ORIENTED_EDGE('',*,*,#6769,.F.);
#9466=ORIENTED_EDGE('',*,*,#6738,.T.);
#9467=ORIENTED_EDGE('',*,*,#6576,.T.);
#9468=ORIENTED_EDGE('',*,*,#6769,.T.);
#9469=ORIENTED_EDGE('',*,*,#6673,.F.);
#9470=ORIENTED_EDGE('',*,*,#6581,.T.);
#9471=ORIENTED_EDGE('',*,*,#6726,.T.);
#9472=ORIENTED_EDGE('',*,*,#6668,.F.);
#9473=ORIENTED_EDGE('',*,*,#6727,.F.);
#9474=ORIENTED_EDGE('',*,*,#6546,.T.);
#9475=ORIENTED_EDGE('',*,*,#6584,.T.);
#9476=ORIENTED_EDGE('',*,*,#6724,.T.);
#9477=ORIENTED_EDGE('',*,*,#6665,.F.);
#9478=ORIENTED_EDGE('',*,*,#6751,.T.);
#9479=ORIENTED_EDGE('',*,*,#6610,.T.);
#9480=ORIENTED_EDGE('',*,*,#6606,.T.);
#9481=ORIENTED_EDGE('',*,*,#6609,.T.);
#9482=ORIENTED_EDGE('',*,*,#6604,.T.);
#9483=ORIENTED_EDGE('',*,*,#6565,.T.);
#9484=ORIENTED_EDGE('',*,*,#6550,.T.);
#9485=ORIENTED_EDGE('',*,*,#6554,.T.);
#9486=ORIENTED_EDGE('',*,*,#6613,.T.);
#9487=ORIENTED_EDGE('',*,*,#6752,.T.);
#9488=ORIENTED_EDGE('',*,*,#6662,.F.);
#9489=ORIENTED_EDGE('',*,*,#6768,.F.);
#9490=ORIENTED_EDGE('',*,*,#6635,.T.);
#9491=ORIENTED_EDGE('',*,*,#6767,.T.);
#9492=ORIENTED_EDGE('',*,*,#6679,.F.);
#9493=ORIENTED_EDGE('',*,*,#6765,.F.);
#9494=ORIENTED_EDGE('',*,*,#6644,.T.);
#9495=ORIENTED_EDGE('',*,*,#6690,.F.);
#9496=ORIENTED_EDGE('',*,*,#6770,.F.);
#9497=ORIENTED_EDGE('',*,*,#6619,.T.);
#9498=ORIENTED_EDGE('',*,*,#6620,.T.);
#9499=ORIENTED_EDGE('',*,*,#6770,.T.);
#9500=ORIENTED_EDGE('',*,*,#6689,.F.);
#9501=ORIENTED_EDGE('',*,*,#6561,.F.);
#9502=ORIENTED_EDGE('',*,*,#6567,.T.);
#9503=ORIENTED_EDGE('',*,*,#6563,.T.);
#9504=ORIENTED_EDGE('',*,*,#6688,.F.);
#9505=ORIENTED_EDGE('',*,*,#6771,.F.);
#9506=ORIENTED_EDGE('',*,*,#6568,.T.);
#9507=ORIENTED_EDGE('',*,*,#6771,.T.);
#9508=ORIENTED_EDGE('',*,*,#6687,.F.);
#9509=ORIENTED_EDGE('',*,*,#6772,.F.);
#9510=ORIENTED_EDGE('',*,*,#6569,.T.);
#9511=ORIENTED_EDGE('',*,*,#6772,.T.);
#9512=ORIENTED_EDGE('',*,*,#6686,.F.);
#9513=ORIENTED_EDGE('',*,*,#6773,.F.);
#9514=ORIENTED_EDGE('',*,*,#6585,.T.);
#9515=ORIENTED_EDGE('',*,*,#6570,.T.);
#9516=ORIENTED_EDGE('',*,*,#6773,.T.);
#9517=ORIENTED_EDGE('',*,*,#6685,.F.);
#9518=ORIENTED_EDGE('',*,*,#6774,.F.);
#9519=ORIENTED_EDGE('',*,*,#6627,.T.);
#9520=ORIENTED_EDGE('',*,*,#6623,.T.);
#9521=ORIENTED_EDGE('',*,*,#6626,.T.);
#9522=ORIENTED_EDGE('',*,*,#6621,.T.);
#9523=ORIENTED_EDGE('',*,*,#6602,.T.);
#9524=ORIENTED_EDGE('',*,*,#6588,.T.);
#9525=ORIENTED_EDGE('',*,*,#6592,.T.);
#9526=ORIENTED_EDGE('',*,*,#6628,.T.);
#9527=ORIENTED_EDGE('',*,*,#6774,.T.);
#9528=ORIENTED_EDGE('',*,*,#6684,.F.);
#9529=ORIENTED_EDGE('',*,*,#6691,.F.);
#9530=ORIENTED_EDGE('',*,*,#6775,.F.);
#9531=ORIENTED_EDGE('',*,*,#6776,.F.);
#9532=ORIENTED_EDGE('',*,*,#6777,.F.);
#9533=ORIENTED_EDGE('',*,*,#6778,.F.);
#9534=ORIENTED_EDGE('',*,*,#6779,.F.);
#9535=ORIENTED_EDGE('',*,*,#6780,.F.);
#9536=ORIENTED_EDGE('',*,*,#6781,.F.);
#9537=ORIENTED_EDGE('',*,*,#6782,.F.);
#9538=ORIENTED_EDGE('',*,*,#6783,.F.);
#9539=ORIENTED_EDGE('',*,*,#6776,.T.);
#9540=ORIENTED_EDGE('',*,*,#6709,.T.);
#9541=ORIENTED_EDGE('',*,*,#6779,.T.);
#9542=ORIENTED_EDGE('',*,*,#6775,.T.);
#9543=ORIENTED_EDGE('',*,*,#6784,.F.);
#9544=ORIENTED_EDGE('',*,*,#6785,.F.);
#9545=ORIENTED_EDGE('',*,*,#6699,.T.);
#9546=ORIENTED_EDGE('',*,*,#6786,.T.);
#9547=ORIENTED_EDGE('',*,*,#6778,.T.);
#9548=ORIENTED_EDGE('',*,*,#6787,.T.);
#9549=ORIENTED_EDGE('',*,*,#6788,.T.);
#9550=ORIENTED_EDGE('',*,*,#6789,.T.);
#9551=ORIENTED_EDGE('',*,*,#6790,.T.);
#9552=ORIENTED_EDGE('',*,*,#6784,.T.);
#9553=ORIENTED_EDGE('',*,*,#5736,.T.);
#9554=ORIENTED_EDGE('',*,*,#5761,.T.);
#9555=ORIENTED_EDGE('',*,*,#5758,.T.);
#9556=ORIENTED_EDGE('',*,*,#5755,.T.);
#9557=ORIENTED_EDGE('',*,*,#5752,.T.);
#9558=ORIENTED_EDGE('',*,*,#5749,.T.);
#9559=ORIENTED_EDGE('',*,*,#5746,.T.);
#9560=ORIENTED_EDGE('',*,*,#5743,.T.);
#9561=ORIENTED_EDGE('',*,*,#5740,.T.);
#9562=ORIENTED_EDGE('',*,*,#5820,.T.);
#9563=ORIENTED_EDGE('',*,*,#5860,.T.);
#9564=ORIENTED_EDGE('',*,*,#5857,.T.);
#9565=ORIENTED_EDGE('',*,*,#5854,.T.);
#9566=ORIENTED_EDGE('',*,*,#5851,.T.);
#9567=ORIENTED_EDGE('',*,*,#5848,.T.);
#9568=ORIENTED_EDGE('',*,*,#5845,.T.);
#9569=ORIENTED_EDGE('',*,*,#5842,.T.);
#9570=ORIENTED_EDGE('',*,*,#5839,.T.);
#9571=ORIENTED_EDGE('',*,*,#5836,.T.);
#9572=ORIENTED_EDGE('',*,*,#5833,.T.);
#9573=ORIENTED_EDGE('',*,*,#5830,.T.);
#9574=ORIENTED_EDGE('',*,*,#5827,.T.);
#9575=ORIENTED_EDGE('',*,*,#5824,.T.);
#9576=ORIENTED_EDGE('',*,*,#5862,.T.);
#9577=ORIENTED_EDGE('',*,*,#5914,.T.);
#9578=ORIENTED_EDGE('',*,*,#5911,.T.);
#9579=ORIENTED_EDGE('',*,*,#5908,.T.);
#9580=ORIENTED_EDGE('',*,*,#5905,.T.);
#9581=ORIENTED_EDGE('',*,*,#5902,.T.);
#9582=ORIENTED_EDGE('',*,*,#5899,.T.);
#9583=ORIENTED_EDGE('',*,*,#5896,.T.);
#9584=ORIENTED_EDGE('',*,*,#5893,.T.);
#9585=ORIENTED_EDGE('',*,*,#5890,.T.);
#9586=ORIENTED_EDGE('',*,*,#5887,.T.);
#9587=ORIENTED_EDGE('',*,*,#5884,.T.);
#9588=ORIENTED_EDGE('',*,*,#5881,.T.);
#9589=ORIENTED_EDGE('',*,*,#5878,.T.);
#9590=ORIENTED_EDGE('',*,*,#5875,.T.);
#9591=ORIENTED_EDGE('',*,*,#5872,.T.);
#9592=ORIENTED_EDGE('',*,*,#5869,.T.);
#9593=ORIENTED_EDGE('',*,*,#5866,.T.);
#9594=ORIENTED_EDGE('',*,*,#5940,.T.);
#9595=ORIENTED_EDGE('',*,*,#5965,.T.);
#9596=ORIENTED_EDGE('',*,*,#5962,.T.);
#9597=ORIENTED_EDGE('',*,*,#5959,.T.);
#9598=ORIENTED_EDGE('',*,*,#5956,.T.);
#9599=ORIENTED_EDGE('',*,*,#5953,.T.);
#9600=ORIENTED_EDGE('',*,*,#5950,.T.);
#9601=ORIENTED_EDGE('',*,*,#5947,.T.);
#9602=ORIENTED_EDGE('',*,*,#5944,.T.);
#9603=ORIENTED_EDGE('',*,*,#5991,.T.);
#9604=ORIENTED_EDGE('',*,*,#6031,.T.);
#9605=ORIENTED_EDGE('',*,*,#6028,.T.);
#9606=ORIENTED_EDGE('',*,*,#6025,.T.);
#9607=ORIENTED_EDGE('',*,*,#6022,.T.);
#9608=ORIENTED_EDGE('',*,*,#6019,.T.);
#9609=ORIENTED_EDGE('',*,*,#6016,.T.);
#9610=ORIENTED_EDGE('',*,*,#6013,.T.);
#9611=ORIENTED_EDGE('',*,*,#6010,.T.);
#9612=ORIENTED_EDGE('',*,*,#6007,.T.);
#9613=ORIENTED_EDGE('',*,*,#6004,.T.);
#9614=ORIENTED_EDGE('',*,*,#6001,.T.);
#9615=ORIENTED_EDGE('',*,*,#5998,.T.);
#9616=ORIENTED_EDGE('',*,*,#5995,.T.);
#9617=ORIENTED_EDGE('',*,*,#6063,.T.);
#9618=ORIENTED_EDGE('',*,*,#6142,.T.);
#9619=ORIENTED_EDGE('',*,*,#6139,.T.);
#9620=ORIENTED_EDGE('',*,*,#6136,.T.);
#9621=ORIENTED_EDGE('',*,*,#6133,.T.);
#9622=ORIENTED_EDGE('',*,*,#6130,.T.);
#9623=ORIENTED_EDGE('',*,*,#6127,.T.);
#9624=ORIENTED_EDGE('',*,*,#6124,.T.);
#9625=ORIENTED_EDGE('',*,*,#6121,.T.);
#9626=ORIENTED_EDGE('',*,*,#6118,.T.);
#9627=ORIENTED_EDGE('',*,*,#6115,.T.);
#9628=ORIENTED_EDGE('',*,*,#6112,.T.);
#9629=ORIENTED_EDGE('',*,*,#6109,.T.);
#9630=ORIENTED_EDGE('',*,*,#6106,.T.);
#9631=ORIENTED_EDGE('',*,*,#6103,.T.);
#9632=ORIENTED_EDGE('',*,*,#6100,.T.);
#9633=ORIENTED_EDGE('',*,*,#6097,.T.);
#9634=ORIENTED_EDGE('',*,*,#6094,.T.);
#9635=ORIENTED_EDGE('',*,*,#6091,.T.);
#9636=ORIENTED_EDGE('',*,*,#6088,.T.);
#9637=ORIENTED_EDGE('',*,*,#6085,.T.);
#9638=ORIENTED_EDGE('',*,*,#6082,.T.);
#9639=ORIENTED_EDGE('',*,*,#6079,.T.);
#9640=ORIENTED_EDGE('',*,*,#6076,.T.);
#9641=ORIENTED_EDGE('',*,*,#6073,.T.);
#9642=ORIENTED_EDGE('',*,*,#6070,.T.);
#9643=ORIENTED_EDGE('',*,*,#6067,.T.);
#9644=ORIENTED_EDGE('',*,*,#6144,.T.);
#9645=ORIENTED_EDGE('',*,*,#6160,.T.);
#9646=ORIENTED_EDGE('',*,*,#6157,.T.);
#9647=ORIENTED_EDGE('',*,*,#6154,.T.);
#9648=ORIENTED_EDGE('',*,*,#6151,.T.);
#9649=ORIENTED_EDGE('',*,*,#6148,.T.);
#9650=ORIENTED_EDGE('',*,*,#6162,.T.);
#9651=ORIENTED_EDGE('',*,*,#6214,.T.);
#9652=ORIENTED_EDGE('',*,*,#6211,.T.);
#9653=ORIENTED_EDGE('',*,*,#6208,.T.);
#9654=ORIENTED_EDGE('',*,*,#6205,.T.);
#9655=ORIENTED_EDGE('',*,*,#6202,.T.);
#9656=ORIENTED_EDGE('',*,*,#6199,.T.);
#9657=ORIENTED_EDGE('',*,*,#6196,.T.);
#9658=ORIENTED_EDGE('',*,*,#6193,.T.);
#9659=ORIENTED_EDGE('',*,*,#6190,.T.);
#9660=ORIENTED_EDGE('',*,*,#6187,.T.);
#9661=ORIENTED_EDGE('',*,*,#6184,.T.);
#9662=ORIENTED_EDGE('',*,*,#6181,.T.);
#9663=ORIENTED_EDGE('',*,*,#6178,.T.);
#9664=ORIENTED_EDGE('',*,*,#6175,.T.);
#9665=ORIENTED_EDGE('',*,*,#6172,.T.);
#9666=ORIENTED_EDGE('',*,*,#6169,.T.);
#9667=ORIENTED_EDGE('',*,*,#6166,.T.);
#9668=ORIENTED_EDGE('',*,*,#6240,.T.);
#9669=ORIENTED_EDGE('',*,*,#6277,.T.);
#9670=ORIENTED_EDGE('',*,*,#6274,.T.);
#9671=ORIENTED_EDGE('',*,*,#6271,.T.);
#9672=ORIENTED_EDGE('',*,*,#6268,.T.);
#9673=ORIENTED_EDGE('',*,*,#6265,.T.);
#9674=ORIENTED_EDGE('',*,*,#6262,.T.);
#9675=ORIENTED_EDGE('',*,*,#6259,.T.);
#9676=ORIENTED_EDGE('',*,*,#6256,.T.);
#9677=ORIENTED_EDGE('',*,*,#6253,.T.);
#9678=ORIENTED_EDGE('',*,*,#6250,.T.);
#9679=ORIENTED_EDGE('',*,*,#6247,.T.);
#9680=ORIENTED_EDGE('',*,*,#6244,.T.);
#9681=ORIENTED_EDGE('',*,*,#6294,.T.);
#9682=ORIENTED_EDGE('',*,*,#6337,.T.);
#9683=ORIENTED_EDGE('',*,*,#6334,.T.);
#9684=ORIENTED_EDGE('',*,*,#6331,.T.);
#9685=ORIENTED_EDGE('',*,*,#6328,.T.);
#9686=ORIENTED_EDGE('',*,*,#6325,.T.);
#9687=ORIENTED_EDGE('',*,*,#6322,.T.);
#9688=ORIENTED_EDGE('',*,*,#6319,.T.);
#9689=ORIENTED_EDGE('',*,*,#6316,.T.);
#9690=ORIENTED_EDGE('',*,*,#6313,.T.);
#9691=ORIENTED_EDGE('',*,*,#6310,.T.);
#9692=ORIENTED_EDGE('',*,*,#6307,.T.);
#9693=ORIENTED_EDGE('',*,*,#6304,.T.);
#9694=ORIENTED_EDGE('',*,*,#6301,.T.);
#9695=ORIENTED_EDGE('',*,*,#6298,.T.);
#9696=ORIENTED_EDGE('',*,*,#6339,.T.);
#9697=ORIENTED_EDGE('',*,*,#6361,.T.);
#9698=ORIENTED_EDGE('',*,*,#6358,.T.);
#9699=ORIENTED_EDGE('',*,*,#6355,.T.);
#9700=ORIENTED_EDGE('',*,*,#6352,.T.);
#9701=ORIENTED_EDGE('',*,*,#6349,.T.);
#9702=ORIENTED_EDGE('',*,*,#6346,.T.);
#9703=ORIENTED_EDGE('',*,*,#6343,.T.);
#9704=ORIENTED_EDGE('',*,*,#6363,.T.);
#9705=ORIENTED_EDGE('',*,*,#6373,.T.);
#9706=ORIENTED_EDGE('',*,*,#6370,.T.);
#9707=ORIENTED_EDGE('',*,*,#6367,.T.);
#9708=ORIENTED_EDGE('',*,*,#6375,.T.);
#9709=ORIENTED_EDGE('',*,*,#6424,.T.);
#9710=ORIENTED_EDGE('',*,*,#6421,.T.);
#9711=ORIENTED_EDGE('',*,*,#6418,.T.);
#9712=ORIENTED_EDGE('',*,*,#6415,.T.);
#9713=ORIENTED_EDGE('',*,*,#6412,.T.);
#9714=ORIENTED_EDGE('',*,*,#6409,.T.);
#9715=ORIENTED_EDGE('',*,*,#6406,.T.);
#9716=ORIENTED_EDGE('',*,*,#6403,.T.);
#9717=ORIENTED_EDGE('',*,*,#6400,.T.);
#9718=ORIENTED_EDGE('',*,*,#6397,.T.);
#9719=ORIENTED_EDGE('',*,*,#6394,.T.);
#9720=ORIENTED_EDGE('',*,*,#6391,.T.);
#9721=ORIENTED_EDGE('',*,*,#6388,.T.);
#9722=ORIENTED_EDGE('',*,*,#6385,.T.);
#9723=ORIENTED_EDGE('',*,*,#6382,.T.);
#9724=ORIENTED_EDGE('',*,*,#6379,.T.);
#9725=ORIENTED_EDGE('',*,*,#6426,.T.);
#9726=ORIENTED_EDGE('',*,*,#6460,.T.);
#9727=ORIENTED_EDGE('',*,*,#6457,.T.);
#9728=ORIENTED_EDGE('',*,*,#6454,.T.);
#9729=ORIENTED_EDGE('',*,*,#6451,.T.);
#9730=ORIENTED_EDGE('',*,*,#6448,.T.);
#9731=ORIENTED_EDGE('',*,*,#6445,.T.);
#9732=ORIENTED_EDGE('',*,*,#6442,.T.);
#9733=ORIENTED_EDGE('',*,*,#6439,.T.);
#9734=ORIENTED_EDGE('',*,*,#6436,.T.);
#9735=ORIENTED_EDGE('',*,*,#6433,.T.);
#9736=ORIENTED_EDGE('',*,*,#6430,.T.);
#9737=ORIENTED_EDGE('',*,*,#6462,.T.);
#9738=ORIENTED_EDGE('',*,*,#6496,.T.);
#9739=ORIENTED_EDGE('',*,*,#6493,.T.);
#9740=ORIENTED_EDGE('',*,*,#6490,.T.);
#9741=ORIENTED_EDGE('',*,*,#6487,.T.);
#9742=ORIENTED_EDGE('',*,*,#6484,.T.);
#9743=ORIENTED_EDGE('',*,*,#6481,.T.);
#9744=ORIENTED_EDGE('',*,*,#6478,.T.);
#9745=ORIENTED_EDGE('',*,*,#6475,.T.);
#9746=ORIENTED_EDGE('',*,*,#6472,.T.);
#9747=ORIENTED_EDGE('',*,*,#6469,.T.);
#9748=ORIENTED_EDGE('',*,*,#6466,.T.);
#9749=ORIENTED_EDGE('',*,*,#5688,.T.);
#9750=ORIENTED_EDGE('',*,*,#5710,.T.);
#9751=ORIENTED_EDGE('',*,*,#5707,.T.);
#9752=ORIENTED_EDGE('',*,*,#5704,.T.);
#9753=ORIENTED_EDGE('',*,*,#5701,.T.);
#9754=ORIENTED_EDGE('',*,*,#5698,.T.);
#9755=ORIENTED_EDGE('',*,*,#5695,.T.);
#9756=ORIENTED_EDGE('',*,*,#5692,.T.);
#9757=ORIENTED_EDGE('',*,*,#5652,.T.);
#9758=ORIENTED_EDGE('',*,*,#5686,.T.);
#9759=ORIENTED_EDGE('',*,*,#5683,.T.);
#9760=ORIENTED_EDGE('',*,*,#5680,.T.);
#9761=ORIENTED_EDGE('',*,*,#5677,.T.);
#9762=ORIENTED_EDGE('',*,*,#5674,.T.);
#9763=ORIENTED_EDGE('',*,*,#5671,.T.);
#9764=ORIENTED_EDGE('',*,*,#5668,.T.);
#9765=ORIENTED_EDGE('',*,*,#5665,.T.);
#9766=ORIENTED_EDGE('',*,*,#5662,.T.);
#9767=ORIENTED_EDGE('',*,*,#5659,.T.);
#9768=ORIENTED_EDGE('',*,*,#5656,.T.);
#9769=ORIENTED_EDGE('',*,*,#5607,.T.);
#9770=ORIENTED_EDGE('',*,*,#5650,.T.);
#9771=ORIENTED_EDGE('',*,*,#5647,.T.);
#9772=ORIENTED_EDGE('',*,*,#5644,.T.);
#9773=ORIENTED_EDGE('',*,*,#5641,.T.);
#9774=ORIENTED_EDGE('',*,*,#5638,.T.);
#9775=ORIENTED_EDGE('',*,*,#5635,.T.);
#9776=ORIENTED_EDGE('',*,*,#5632,.T.);
#9777=ORIENTED_EDGE('',*,*,#5629,.T.);
#9778=ORIENTED_EDGE('',*,*,#5626,.T.);
#9779=ORIENTED_EDGE('',*,*,#5623,.T.);
#9780=ORIENTED_EDGE('',*,*,#5620,.T.);
#9781=ORIENTED_EDGE('',*,*,#5617,.T.);
#9782=ORIENTED_EDGE('',*,*,#5614,.T.);
#9783=ORIENTED_EDGE('',*,*,#5611,.T.);
#9784=ORIENTED_EDGE('',*,*,#5583,.T.);
#9785=ORIENTED_EDGE('',*,*,#5605,.T.);
#9786=ORIENTED_EDGE('',*,*,#5602,.T.);
#9787=ORIENTED_EDGE('',*,*,#5599,.T.);
#9788=ORIENTED_EDGE('',*,*,#5596,.T.);
#9789=ORIENTED_EDGE('',*,*,#5593,.T.);
#9790=ORIENTED_EDGE('',*,*,#5590,.T.);
#9791=ORIENTED_EDGE('',*,*,#5587,.T.);
#9792=ORIENTED_EDGE('',*,*,#5538,.T.);
#9793=ORIENTED_EDGE('',*,*,#5566,.T.);
#9794=ORIENTED_EDGE('',*,*,#5563,.T.);
#9795=ORIENTED_EDGE('',*,*,#5560,.T.);
#9796=ORIENTED_EDGE('',*,*,#5557,.T.);
#9797=ORIENTED_EDGE('',*,*,#5554,.T.);
#9798=ORIENTED_EDGE('',*,*,#5551,.T.);
#9799=ORIENTED_EDGE('',*,*,#5548,.T.);
#9800=ORIENTED_EDGE('',*,*,#5545,.T.);
#9801=ORIENTED_EDGE('',*,*,#5542,.T.);
#9802=ORIENTED_EDGE('',*,*,#5502,.T.);
#9803=ORIENTED_EDGE('',*,*,#5536,.T.);
#9804=ORIENTED_EDGE('',*,*,#5533,.T.);
#9805=ORIENTED_EDGE('',*,*,#5530,.T.);
#9806=ORIENTED_EDGE('',*,*,#5527,.T.);
#9807=ORIENTED_EDGE('',*,*,#5524,.T.);
#9808=ORIENTED_EDGE('',*,*,#5521,.T.);
#9809=ORIENTED_EDGE('',*,*,#5518,.T.);
#9810=ORIENTED_EDGE('',*,*,#5515,.T.);
#9811=ORIENTED_EDGE('',*,*,#5512,.T.);
#9812=ORIENTED_EDGE('',*,*,#5509,.T.);
#9813=ORIENTED_EDGE('',*,*,#5506,.T.);
#9814=ORIENTED_EDGE('',*,*,#5439,.T.);
#9815=ORIENTED_EDGE('',*,*,#5470,.T.);
#9816=ORIENTED_EDGE('',*,*,#5467,.T.);
#9817=ORIENTED_EDGE('',*,*,#5464,.T.);
#9818=ORIENTED_EDGE('',*,*,#5461,.T.);
#9819=ORIENTED_EDGE('',*,*,#5458,.T.);
#9820=ORIENTED_EDGE('',*,*,#5455,.T.);
#9821=ORIENTED_EDGE('',*,*,#5452,.T.);
#9822=ORIENTED_EDGE('',*,*,#5449,.T.);
#9823=ORIENTED_EDGE('',*,*,#5446,.T.);
#9824=ORIENTED_EDGE('',*,*,#5443,.T.);
#9825=ORIENTED_EDGE('',*,*,#5394,.T.);
#9826=ORIENTED_EDGE('',*,*,#5410,.T.);
#9827=ORIENTED_EDGE('',*,*,#5407,.T.);
#9828=ORIENTED_EDGE('',*,*,#5404,.T.);
#9829=ORIENTED_EDGE('',*,*,#5401,.T.);
#9830=ORIENTED_EDGE('',*,*,#5398,.T.);
#9831=ORIENTED_EDGE('',*,*,#5358,.T.);
#9832=ORIENTED_EDGE('',*,*,#5392,.T.);
#9833=ORIENTED_EDGE('',*,*,#5389,.T.);
#9834=ORIENTED_EDGE('',*,*,#5386,.T.);
#9835=ORIENTED_EDGE('',*,*,#5383,.T.);
#9836=ORIENTED_EDGE('',*,*,#5380,.T.);
#9837=ORIENTED_EDGE('',*,*,#5377,.T.);
#9838=ORIENTED_EDGE('',*,*,#5374,.T.);
#9839=ORIENTED_EDGE('',*,*,#5371,.T.);
#9840=ORIENTED_EDGE('',*,*,#5368,.T.);
#9841=ORIENTED_EDGE('',*,*,#5365,.T.);
#9842=ORIENTED_EDGE('',*,*,#5362,.T.);
#9843=ORIENTED_EDGE('',*,*,#5301,.T.);
#9844=ORIENTED_EDGE('',*,*,#5356,.T.);
#9845=ORIENTED_EDGE('',*,*,#5353,.T.);
#9846=ORIENTED_EDGE('',*,*,#5350,.T.);
#9847=ORIENTED_EDGE('',*,*,#5347,.T.);
#9848=ORIENTED_EDGE('',*,*,#5344,.T.);
#9849=ORIENTED_EDGE('',*,*,#5341,.T.);
#9850=ORIENTED_EDGE('',*,*,#5338,.T.);
#9851=ORIENTED_EDGE('',*,*,#5335,.T.);
#9852=ORIENTED_EDGE('',*,*,#5332,.T.);
#9853=ORIENTED_EDGE('',*,*,#5329,.T.);
#9854=ORIENTED_EDGE('',*,*,#5326,.T.);
#9855=ORIENTED_EDGE('',*,*,#5323,.T.);
#9856=ORIENTED_EDGE('',*,*,#5320,.T.);
#9857=ORIENTED_EDGE('',*,*,#5317,.T.);
#9858=ORIENTED_EDGE('',*,*,#5314,.T.);
#9859=ORIENTED_EDGE('',*,*,#5311,.T.);
#9860=ORIENTED_EDGE('',*,*,#5308,.T.);
#9861=ORIENTED_EDGE('',*,*,#5305,.T.);
#9862=ORIENTED_EDGE('',*,*,#5241,.T.);
#9863=ORIENTED_EDGE('',*,*,#5275,.T.);
#9864=ORIENTED_EDGE('',*,*,#5272,.T.);
#9865=ORIENTED_EDGE('',*,*,#5269,.T.);
#9866=ORIENTED_EDGE('',*,*,#5266,.T.);
#9867=ORIENTED_EDGE('',*,*,#5263,.T.);
#9868=ORIENTED_EDGE('',*,*,#5260,.T.);
#9869=ORIENTED_EDGE('',*,*,#5257,.T.);
#9870=ORIENTED_EDGE('',*,*,#5254,.T.);
#9871=ORIENTED_EDGE('',*,*,#5251,.T.);
#9872=ORIENTED_EDGE('',*,*,#5248,.T.);
#9873=ORIENTED_EDGE('',*,*,#5245,.T.);
#9874=ORIENTED_EDGE('',*,*,#6777,.T.);
#9875=ORIENTED_EDGE('',*,*,#6783,.T.);
#9876=ORIENTED_EDGE('',*,*,#6791,.F.);
#9877=ORIENTED_EDGE('',*,*,#6695,.T.);
#9878=ORIENTED_EDGE('',*,*,#6792,.T.);
#9879=ORIENTED_EDGE('',*,*,#6787,.F.);
#9880=ORIENTED_EDGE('',*,*,#6793,.F.);
#9881=ORIENTED_EDGE('',*,*,#6794,.T.);
#9882=ORIENTED_EDGE('',*,*,#6795,.T.);
#9883=ORIENTED_EDGE('',*,*,#6796,.F.);
#9884=ORIENTED_EDGE('',*,*,#6797,.F.);
#9885=ORIENTED_EDGE('',*,*,#6798,.T.);
#9886=ORIENTED_EDGE('',*,*,#6799,.F.);
#9887=ORIENTED_EDGE('',*,*,#6800,.T.);
#9888=ORIENTED_EDGE('',*,*,#6801,.F.);
#9889=ORIENTED_EDGE('',*,*,#6802,.F.);
#9890=ORIENTED_EDGE('',*,*,#6803,.F.);
#9891=ORIENTED_EDGE('',*,*,#6801,.T.);
#9892=ORIENTED_EDGE('',*,*,#6804,.T.);
#9893=ORIENTED_EDGE('',*,*,#6805,.F.);
#9894=ORIENTED_EDGE('',*,*,#6500,.T.);
#9895=ORIENTED_EDGE('',*,*,#6509,.T.);
#9896=ORIENTED_EDGE('',*,*,#6506,.T.);
#9897=ORIENTED_EDGE('',*,*,#6503,.T.);
#9898=ORIENTED_EDGE('',*,*,#6512,.T.);
#9899=ORIENTED_EDGE('',*,*,#6521,.T.);
#9900=ORIENTED_EDGE('',*,*,#6518,.T.);
#9901=ORIENTED_EDGE('',*,*,#6515,.T.);
#9902=ORIENTED_EDGE('',*,*,#6524,.T.);
#9903=ORIENTED_EDGE('',*,*,#6533,.T.);
#9904=ORIENTED_EDGE('',*,*,#6530,.T.);
#9905=ORIENTED_EDGE('',*,*,#6527,.T.);
#9906=ORIENTED_EDGE('',*,*,#6536,.T.);
#9907=ORIENTED_EDGE('',*,*,#6545,.T.);
#9908=ORIENTED_EDGE('',*,*,#6542,.T.);
#9909=ORIENTED_EDGE('',*,*,#6539,.T.);
#9910=ORIENTED_EDGE('',*,*,#6745,.T.);
#9911=ORIENTED_EDGE('',*,*,#6759,.T.);
#9912=ORIENTED_EDGE('',*,*,#6796,.T.);
#9913=ORIENTED_EDGE('',*,*,#6806,.F.);
#9914=ORIENTED_EDGE('',*,*,#6707,.F.);
#9915=ORIENTED_EDGE('',*,*,#6807,.T.);
#9916=ORIENTED_EDGE('',*,*,#6649,.T.);
#9917=ORIENTED_EDGE('',*,*,#6708,.F.);
#9918=ORIENTED_EDGE('',*,*,#6806,.T.);
#9919=ORIENTED_EDGE('',*,*,#6798,.F.);
#9920=ORIENTED_EDGE('',*,*,#6808,.F.);
#9921=ORIENTED_EDGE('',*,*,#6805,.T.);
#9922=ORIENTED_EDGE('',*,*,#6809,.T.);
#9923=ORIENTED_EDGE('',*,*,#6794,.F.);
#9924=ORIENTED_EDGE('',*,*,#6810,.F.);
#9925=ORIENTED_EDGE('',*,*,#6700,.F.);
#9926=ORIENTED_EDGE('',*,*,#6647,.T.);
#9927=ORIENTED_EDGE('',*,*,#6654,.T.);
#9928=ORIENTED_EDGE('',*,*,#6793,.T.);
#9929=ORIENTED_EDGE('',*,*,#6811,.F.);
#9930=ORIENTED_EDGE('',*,*,#6701,.F.);
#9931=ORIENTED_EDGE('',*,*,#6810,.T.);
#9932=ORIENTED_EDGE('',*,*,#6795,.F.);
#9933=ORIENTED_EDGE('',*,*,#6809,.F.);
#9934=ORIENTED_EDGE('',*,*,#6804,.F.);
#9935=ORIENTED_EDGE('',*,*,#6800,.F.);
#9936=ORIENTED_EDGE('',*,*,#6812,.T.);
#9937=ORIENTED_EDGE('',*,*,#6813,.F.);
#9938=ORIENTED_EDGE('',*,*,#6702,.F.);
#9939=ORIENTED_EDGE('',*,*,#6811,.T.);
#9940=ORIENTED_EDGE('',*,*,#6704,.F.);
#9941=ORIENTED_EDGE('',*,*,#6814,.T.);
#9942=ORIENTED_EDGE('',*,*,#6815,.T.);
#9943=ORIENTED_EDGE('',*,*,#6816,.F.);
#9944=ORIENTED_EDGE('',*,*,#6705,.F.);
#9945=ORIENTED_EDGE('',*,*,#6816,.T.);
#9946=ORIENTED_EDGE('',*,*,#6817,.T.);
#9947=ORIENTED_EDGE('',*,*,#6818,.F.);
#9948=ORIENTED_EDGE('',*,*,#6807,.F.);
#9949=ORIENTED_EDGE('',*,*,#6706,.F.);
#9950=ORIENTED_EDGE('',*,*,#6818,.T.);
#9951=ORIENTED_EDGE('',*,*,#6819,.T.);
#9952=ORIENTED_EDGE('',*,*,#6802,.T.);
#9953=ORIENTED_EDGE('',*,*,#6803,.T.);
#9954=ORIENTED_EDGE('',*,*,#6808,.T.);
#9955=ORIENTED_EDGE('',*,*,#6797,.T.);
#9956=ORIENTED_EDGE('',*,*,#6703,.F.);
#9957=ORIENTED_EDGE('',*,*,#6813,.T.);
#9958=ORIENTED_EDGE('',*,*,#6820,.T.);
#9959=ORIENTED_EDGE('',*,*,#6814,.F.);
#9960=ORIENTED_EDGE('',*,*,#6799,.T.);
#9961=ORIENTED_EDGE('',*,*,#6819,.F.);
#9962=ORIENTED_EDGE('',*,*,#6817,.F.);
#9963=ORIENTED_EDGE('',*,*,#6815,.F.);
#9964=ORIENTED_EDGE('',*,*,#6820,.F.);
#9965=ORIENTED_EDGE('',*,*,#6812,.F.);
#9966=ORIENTED_EDGE('',*,*,#6711,.T.);
#9967=ORIENTED_EDGE('',*,*,#6718,.T.);
#9968=ORIENTED_EDGE('',*,*,#6734,.T.);
#9969=ORIENTED_EDGE('',*,*,#6693,.T.);
#9970=ORIENTED_EDGE('',*,*,#6821,.T.);
#9971=ORIENTED_EDGE('',*,*,#6789,.F.);
#9972=ORIENTED_EDGE('',*,*,#6822,.F.);
#9973=ORIENTED_EDGE('',*,*,#6694,.T.);
#9974=ORIENTED_EDGE('',*,*,#6822,.T.);
#9975=ORIENTED_EDGE('',*,*,#6788,.F.);
#9976=ORIENTED_EDGE('',*,*,#6792,.F.);
#9977=ORIENTED_EDGE('',*,*,#6782,.T.);
#9978=ORIENTED_EDGE('',*,*,#6823,.F.);
#9979=ORIENTED_EDGE('',*,*,#6696,.T.);
#9980=ORIENTED_EDGE('',*,*,#6791,.T.);
#9981=ORIENTED_EDGE('',*,*,#6781,.T.);
#9982=ORIENTED_EDGE('',*,*,#6824,.F.);
#9983=ORIENTED_EDGE('',*,*,#6697,.T.);
#9984=ORIENTED_EDGE('',*,*,#6823,.T.);
#9985=ORIENTED_EDGE('',*,*,#6780,.T.);
#9986=ORIENTED_EDGE('',*,*,#6786,.F.);
#9987=ORIENTED_EDGE('',*,*,#6698,.T.);
#9988=ORIENTED_EDGE('',*,*,#6824,.T.);
#9989=ORIENTED_EDGE('',*,*,#6692,.T.);
#9990=ORIENTED_EDGE('',*,*,#6785,.T.);
#9991=ORIENTED_EDGE('',*,*,#6790,.F.);
#9992=ORIENTED_EDGE('',*,*,#6821,.F.);
#9993=PLANE('',#10903);
#9994=PLANE('',#10904);
#9995=PLANE('',#10905);
#9996=PLANE('',#10906);
#9997=PLANE('',#10907);
#9998=PLANE('',#10908);
#9999=PLANE('',#10909);
#10000=PLANE('',#10910);
#10001=PLANE('',#10911);
#10002=PLANE('',#10912);
#10003=PLANE('',#10913);
#10004=PLANE('',#10914);
#10005=PLANE('',#10915);
#10006=PLANE('',#10916);
#10007=PLANE('',#10917);
#10008=PLANE('',#10918);
#10009=PLANE('',#10919);
#10010=PLANE('',#10920);
#10011=PLANE('',#10921);
#10012=PLANE('',#10922);
#10013=PLANE('',#10923);
#10014=PLANE('',#10924);
#10015=PLANE('',#10925);
#10016=PLANE('',#10926);
#10017=PLANE('',#10927);
#10018=PLANE('',#10928);
#10019=PLANE('',#10929);
#10020=PLANE('',#10930);
#10021=PLANE('',#10931);
#10022=PLANE('',#10932);
#10023=PLANE('',#10933);
#10024=PLANE('',#10934);
#10025=PLANE('',#10935);
#10026=PLANE('',#10936);
#10027=PLANE('',#10937);
#10028=PLANE('',#10938);
#10029=PLANE('',#10939);
#10030=PLANE('',#10940);
#10031=PLANE('',#10941);
#10032=PLANE('',#10942);
#10033=PLANE('',#10943);
#10034=PLANE('',#10944);
#10035=PLANE('',#10945);
#10036=PLANE('',#10946);
#10037=PLANE('',#10947);
#10038=PLANE('',#10948);
#10039=PLANE('',#10949);
#10040=PLANE('',#10950);
#10041=PLANE('',#10951);
#10042=PLANE('',#10952);
#10043=PLANE('',#10953);
#10044=PLANE('',#10954);
#10045=PLANE('',#10955);
#10046=PLANE('',#10956);
#10047=PLANE('',#10957);
#10048=PLANE('',#10958);
#10049=PLANE('',#10959);
#10050=PLANE('',#10960);
#10051=PLANE('',#10961);
#10052=PLANE('',#10962);
#10053=PLANE('',#10963);
#10054=PLANE('',#10964);
#10055=PLANE('',#10965);
#10056=PLANE('',#10966);
#10057=PLANE('',#10967);
#10058=PLANE('',#10968);
#10059=PLANE('',#10969);
#10060=PLANE('',#10970);
#10061=PLANE('',#10971);
#10062=PLANE('',#10972);
#10063=PLANE('',#10973);
#10064=PLANE('',#10974);
#10065=PLANE('',#10975);
#10066=PLANE('',#10976);
#10067=PLANE('',#10977);
#10068=PLANE('',#10978);
#10069=PLANE('',#10979);
#10070=PLANE('',#10980);
#10071=PLANE('',#10981);
#10072=PLANE('',#10982);
#10073=PLANE('',#10983);
#10074=PLANE('',#10984);
#10075=PLANE('',#10985);
#10076=PLANE('',#10986);
#10077=PLANE('',#10987);
#10078=PLANE('',#10988);
#10079=PLANE('',#10989);
#10080=PLANE('',#10990);
#10081=PLANE('',#10991);
#10082=PLANE('',#10992);
#10083=PLANE('',#10993);
#10084=PLANE('',#10994);
#10085=PLANE('',#10995);
#10086=PLANE('',#10996);
#10087=PLANE('',#10997);
#10088=PLANE('',#10998);
#10089=PLANE('',#10999);
#10090=PLANE('',#11000);
#10091=PLANE('',#11001);
#10092=PLANE('',#11002);
#10093=PLANE('',#11003);
#10094=PLANE('',#11004);
#10095=PLANE('',#11005);
#10096=PLANE('',#11006);
#10097=PLANE('',#11007);
#10098=PLANE('',#11008);
#10099=PLANE('',#11009);
#10100=PLANE('',#11010);
#10101=PLANE('',#11011);
#10102=PLANE('',#11012);
#10103=PLANE('',#11013);
#10104=PLANE('',#11014);
#10105=PLANE('',#11015);
#10106=PLANE('',#11016);
#10107=PLANE('',#11017);
#10108=PLANE('',#11018);
#10109=PLANE('',#11019);
#10110=PLANE('',#11020);
#10111=PLANE('',#11021);
#10112=PLANE('',#11022);
#10113=PLANE('',#11023);
#10114=PLANE('',#11024);
#10115=PLANE('',#11025);
#10116=PLANE('',#11026);
#10117=PLANE('',#11027);
#10118=PLANE('',#11028);
#10119=PLANE('',#11029);
#10120=PLANE('',#11030);
#10121=PLANE('',#11031);
#10122=PLANE('',#11032);
#10123=PLANE('',#11033);
#10124=PLANE('',#11034);
#10125=PLANE('',#11035);
#10126=PLANE('',#11036);
#10127=PLANE('',#11037);
#10128=PLANE('',#11038);
#10129=PLANE('',#11039);
#10130=PLANE('',#11040);
#10131=PLANE('',#11041);
#10132=PLANE('',#11042);
#10133=PLANE('',#11043);
#10134=PLANE('',#11044);
#10135=PLANE('',#11045);
#10136=PLANE('',#11046);
#10137=PLANE('',#11047);
#10138=PLANE('',#11048);
#10139=PLANE('',#11049);
#10140=PLANE('',#11050);
#10141=PLANE('',#11051);
#10142=PLANE('',#11052);
#10143=PLANE('',#11053);
#10144=PLANE('',#11054);
#10145=PLANE('',#11055);
#10146=PLANE('',#11056);
#10147=PLANE('',#11057);
#10148=PLANE('',#11058);
#10149=PLANE('',#11059);
#10150=PLANE('',#11060);
#10151=PLANE('',#11061);
#10152=PLANE('',#11062);
#10153=PLANE('',#11063);
#10154=PLANE('',#11064);
#10155=PLANE('',#11065);
#10156=PLANE('',#11066);
#10157=PLANE('',#11067);
#10158=PLANE('',#11068);
#10159=PLANE('',#11069);
#10160=PLANE('',#11070);
#10161=PLANE('',#11071);
#10162=PLANE('',#11072);
#10163=PLANE('',#11073);
#10164=PLANE('',#11074);
#10165=PLANE('',#11075);
#10166=PLANE('',#11076);
#10167=PLANE('',#11077);
#10168=PLANE('',#11078);
#10169=PLANE('',#11079);
#10170=PLANE('',#11080);
#10171=PLANE('',#11081);
#10172=PLANE('',#11082);
#10173=PLANE('',#11083);
#10174=PLANE('',#11084);
#10175=PLANE('',#11085);
#10176=PLANE('',#11086);
#10177=PLANE('',#11087);
#10178=PLANE('',#11088);
#10179=PLANE('',#11089);
#10180=PLANE('',#11090);
#10181=PLANE('',#11091);
#10182=PLANE('',#11092);
#10183=PLANE('',#11093);
#10184=PLANE('',#11094);
#10185=PLANE('',#11095);
#10186=PLANE('',#11096);
#10187=PLANE('',#11097);
#10188=PLANE('',#11098);
#10189=PLANE('',#11099);
#10190=PLANE('',#11100);
#10191=PLANE('',#11101);
#10192=PLANE('',#11102);
#10193=PLANE('',#11103);
#10194=PLANE('',#11104);
#10195=PLANE('',#11105);
#10196=PLANE('',#11106);
#10197=PLANE('',#11107);
#10198=PLANE('',#11108);
#10199=PLANE('',#11109);
#10200=PLANE('',#11110);
#10201=PLANE('',#11111);
#10202=PLANE('',#11112);
#10203=PLANE('',#11113);
#10204=PLANE('',#11114);
#10205=PLANE('',#11115);
#10206=PLANE('',#11116);
#10207=PLANE('',#11117);
#10208=PLANE('',#11118);
#10209=PLANE('',#11119);
#10210=PLANE('',#11120);
#10211=PLANE('',#11121);
#10212=PLANE('',#11122);
#10213=PLANE('',#11123);
#10214=PLANE('',#11124);
#10215=PLANE('',#11125);
#10216=PLANE('',#11126);
#10217=PLANE('',#11127);
#10218=PLANE('',#11128);
#10219=PLANE('',#11129);
#10220=PLANE('',#11130);
#10221=PLANE('',#11131);
#10222=PLANE('',#11132);
#10223=PLANE('',#11133);
#10224=PLANE('',#11134);
#10225=PLANE('',#11135);
#10226=PLANE('',#11136);
#10227=PLANE('',#11137);
#10228=PLANE('',#11138);
#10229=PLANE('',#11139);
#10230=PLANE('',#11140);
#10231=PLANE('',#11141);
#10232=PLANE('',#11142);
#10233=PLANE('',#11143);
#10234=PLANE('',#11144);
#10235=PLANE('',#11145);
#10236=PLANE('',#11146);
#10237=PLANE('',#11147);
#10238=PLANE('',#11148);
#10239=PLANE('',#11149);
#10240=PLANE('',#11150);
#10241=PLANE('',#11151);
#10242=PLANE('',#11152);
#10243=PLANE('',#11153);
#10244=PLANE('',#11154);
#10245=PLANE('',#11155);
#10246=PLANE('',#11156);
#10247=PLANE('',#11165);
#10248=PLANE('',#11166);
#10249=PLANE('',#11167);
#10250=PLANE('',#11168);
#10251=PLANE('',#11169);
#10252=PLANE('',#11170);
#10253=PLANE('',#11171);
#10254=PLANE('',#11172);
#10255=PLANE('',#11173);
#10256=PLANE('',#11179);
#10257=PLANE('',#11180);
#10258=PLANE('',#11181);
#10259=PLANE('',#11182);
#10260=PLANE('',#11188);
#10261=PLANE('',#11189);
#10262=PLANE('',#11190);
#10263=PLANE('',#11191);
#10264=PLANE('',#11192);
#10265=PLANE('',#11193);
#10266=PLANE('',#11194);
#10267=PLANE('',#11195);
#10268=PLANE('',#11196);
#10269=PLANE('',#11215);
#10270=PLANE('',#11216);
#10271=PLANE('',#11231);
#10272=PLANE('',#11235);
#10273=PLANE('',#11239);
#10274=PLANE('',#11240);
#10275=PLANE('',#11241);
#10276=PLANE('',#11242);
#10277=PLANE('',#11246);
#10278=PLANE('',#11250);
#10279=PLANE('',#11254);
#10280=PLANE('',#11258);
#10281=PLANE('',#11262);
#10282=PLANE('',#11266);
#10283=PLANE('',#11267);
#10284=PLANE('',#11271);
#10285=PLANE('',#11275);
#10286=PLANE('',#11279);
#10287=PLANE('',#11280);
#10288=PLANE('',#11281);
#10289=PLANE('',#11282);
#10290=PLANE('',#11283);
#10291=PLANE('',#11285);
#10292=PLANE('',#11287);
#10293=PLANE('',#11290);
#10294=PLANE('',#11293);
#10295=PLANE('',#11295);
#10296=PLANE('',#11297);
#10297=PLANE('',#11298);
#10298=PLANE('',#11301);
#10299=PLANE('',#11302);
#10300=PLANE('',#11305);
#10301=PLANE('',#11306);
#10302=PLANE('',#11308);
#10303=PLANE('',#11310);
#10304=PLANE('',#11311);
#10305=PLANE('',#11313);
#10306=PLANE('',#11315);
#10307=PLANE('',#11316);
#10308=PLANE('',#11319);
#10309=PLANE('',#11322);
#10310=PLANE('',#11323);
#10311=PLANE('',#11326);
#10312=ADVANCED_FACE('',(#872),#9993,.F.);
#10313=ADVANCED_FACE('',(#873),#9994,.F.);
#10314=ADVANCED_FACE('',(#874),#9995,.F.);
#10315=ADVANCED_FACE('',(#875),#9996,.F.);
#10316=ADVANCED_FACE('',(#876),#9997,.F.);
#10317=ADVANCED_FACE('',(#877),#9998,.F.);
#10318=ADVANCED_FACE('',(#878),#9999,.F.);
#10319=ADVANCED_FACE('',(#879),#10000,.F.);
#10320=ADVANCED_FACE('',(#880),#10001,.F.);
#10321=ADVANCED_FACE('',(#881),#10002,.F.);
#10322=ADVANCED_FACE('',(#882),#10003,.F.);
#10323=ADVANCED_FACE('',(#883),#10004,.F.);
#10324=ADVANCED_FACE('',(#884),#10005,.F.);
#10325=ADVANCED_FACE('',(#885),#10006,.F.);
#10326=ADVANCED_FACE('',(#886),#643,.F.);
#10327=ADVANCED_FACE('',(#887),#644,.F.);
#10328=ADVANCED_FACE('',(#888),#645,.F.);
#10329=ADVANCED_FACE('',(#889),#646,.F.);
#10330=ADVANCED_FACE('',(#890),#647,.F.);
#10331=ADVANCED_FACE('',(#891),#10007,.F.);
#10332=ADVANCED_FACE('',(#892),#10008,.F.);
#10333=ADVANCED_FACE('',(#893),#10009,.F.);
#10334=ADVANCED_FACE('',(#894),#10010,.F.);
#10335=ADVANCED_FACE('',(#895),#648,.F.);
#10336=ADVANCED_FACE('',(#896),#649,.F.);
#10337=ADVANCED_FACE('',(#897),#650,.F.);
#10338=ADVANCED_FACE('',(#898),#651,.F.);
#10339=ADVANCED_FACE('',(#899),#10011,.F.);
#10340=ADVANCED_FACE('',(#900),#10012,.F.);
#10341=ADVANCED_FACE('',(#901),#10013,.F.);
#10342=ADVANCED_FACE('',(#902),#652,.F.);
#10343=ADVANCED_FACE('',(#903),#653,.F.);
#10344=ADVANCED_FACE('',(#904),#654,.F.);
#10345=ADVANCED_FACE('',(#905),#655,.F.);
#10346=ADVANCED_FACE('',(#906),#656,.F.);
#10347=ADVANCED_FACE('',(#907),#657,.F.);
#10348=ADVANCED_FACE('',(#908),#658,.F.);
#10349=ADVANCED_FACE('',(#909),#10014,.F.);
#10350=ADVANCED_FACE('',(#910),#10015,.F.);
#10351=ADVANCED_FACE('',(#911),#10016,.F.);
#10352=ADVANCED_FACE('',(#912,#122),#10017,.T.);
#10353=ADVANCED_FACE('',(#913),#10018,.F.);
#10354=ADVANCED_FACE('',(#914),#10019,.F.);
#10355=ADVANCED_FACE('',(#915),#10020,.F.);
#10356=ADVANCED_FACE('',(#916),#10021,.F.);
#10357=ADVANCED_FACE('',(#917),#10022,.F.);
#10358=ADVANCED_FACE('',(#918),#10023,.F.);
#10359=ADVANCED_FACE('',(#919),#10024,.F.);
#10360=ADVANCED_FACE('',(#920),#10025,.F.);
#10361=ADVANCED_FACE('',(#921),#10026,.F.);
#10362=ADVANCED_FACE('',(#922),#10027,.F.);
#10363=ADVANCED_FACE('',(#923),#10028,.F.);
#10364=ADVANCED_FACE('',(#924),#10029,.F.);
#10365=ADVANCED_FACE('',(#925),#10030,.F.);
#10366=ADVANCED_FACE('',(#926),#10031,.F.);
#10367=ADVANCED_FACE('',(#927),#10032,.F.);
#10368=ADVANCED_FACE('',(#928),#10033,.F.);
#10369=ADVANCED_FACE('',(#929),#10034,.F.);
#10370=ADVANCED_FACE('',(#930),#10035,.F.);
#10371=ADVANCED_FACE('',(#931),#10036,.F.);
#10372=ADVANCED_FACE('',(#932),#10037,.F.);
#10373=ADVANCED_FACE('',(#933),#659,.F.);
#10374=ADVANCED_FACE('',(#934),#660,.F.);
#10375=ADVANCED_FACE('',(#935),#661,.F.);
#10376=ADVANCED_FACE('',(#936),#662,.F.);
#10377=ADVANCED_FACE('',(#937),#663,.F.);
#10378=ADVANCED_FACE('',(#938),#664,.F.);
#10379=ADVANCED_FACE('',(#939),#665,.F.);
#10380=ADVANCED_FACE('',(#940),#666,.F.);
#10381=ADVANCED_FACE('',(#941),#667,.F.);
#10382=ADVANCED_FACE('',(#942),#668,.F.);
#10383=ADVANCED_FACE('',(#943),#669,.F.);
#10384=ADVANCED_FACE('',(#944),#670,.F.);
#10385=ADVANCED_FACE('',(#945),#671,.F.);
#10386=ADVANCED_FACE('',(#946),#672,.F.);
#10387=ADVANCED_FACE('',(#947),#673,.F.);
#10388=ADVANCED_FACE('',(#948),#674,.F.);
#10389=ADVANCED_FACE('',(#949),#675,.F.);
#10390=ADVANCED_FACE('',(#950),#676,.F.);
#10391=ADVANCED_FACE('',(#951),#677,.F.);
#10392=ADVANCED_FACE('',(#952),#678,.F.);
#10393=ADVANCED_FACE('',(#953,#123),#10038,.T.);
#10394=ADVANCED_FACE('',(#954),#10039,.F.);
#10395=ADVANCED_FACE('',(#955),#679,.F.);
#10396=ADVANCED_FACE('',(#956),#680,.F.);
#10397=ADVANCED_FACE('',(#957),#681,.F.);
#10398=ADVANCED_FACE('',(#958),#682,.F.);
#10399=ADVANCED_FACE('',(#959),#683,.F.);
#10400=ADVANCED_FACE('',(#960),#684,.F.);
#10401=ADVANCED_FACE('',(#961),#685,.F.);
#10402=ADVANCED_FACE('',(#962),#10040,.F.);
#10403=ADVANCED_FACE('',(#963),#10041,.F.);
#10404=ADVANCED_FACE('',(#964),#686,.F.);
#10405=ADVANCED_FACE('',(#965),#687,.F.);
#10406=ADVANCED_FACE('',(#966),#688,.F.);
#10407=ADVANCED_FACE('',(#967),#689,.F.);
#10408=ADVANCED_FACE('',(#968),#690,.F.);
#10409=ADVANCED_FACE('',(#969),#691,.F.);
#10410=ADVANCED_FACE('',(#970),#692,.F.);
#10411=ADVANCED_FACE('',(#971),#693,.F.);
#10412=ADVANCED_FACE('',(#972),#694,.F.);
#10413=ADVANCED_FACE('',(#973),#10042,.F.);
#10414=ADVANCED_FACE('',(#974),#10043,.F.);
#10415=ADVANCED_FACE('',(#975),#10044,.F.);
#10416=ADVANCED_FACE('',(#976,#124),#10045,.T.);
#10417=ADVANCED_FACE('',(#977),#10046,.F.);
#10418=ADVANCED_FACE('',(#978),#10047,.F.);
#10419=ADVANCED_FACE('',(#979),#10048,.F.);
#10420=ADVANCED_FACE('',(#980),#10049,.F.);
#10421=ADVANCED_FACE('',(#981),#10050,.F.);
#10422=ADVANCED_FACE('',(#982),#10051,.F.);
#10423=ADVANCED_FACE('',(#983),#10052,.F.);
#10424=ADVANCED_FACE('',(#984),#10053,.F.);
#10425=ADVANCED_FACE('',(#985),#10054,.F.);
#10426=ADVANCED_FACE('',(#986),#10055,.F.);
#10427=ADVANCED_FACE('',(#987),#10056,.F.);
#10428=ADVANCED_FACE('',(#988),#695,.F.);
#10429=ADVANCED_FACE('',(#989),#696,.F.);
#10430=ADVANCED_FACE('',(#990),#10057,.F.);
#10431=ADVANCED_FACE('',(#991),#10058,.F.);
#10432=ADVANCED_FACE('',(#992),#10059,.F.);
#10433=ADVANCED_FACE('',(#993),#10060,.F.);
#10434=ADVANCED_FACE('',(#994),#10061,.F.);
#10435=ADVANCED_FACE('',(#995),#10062,.F.);
#10436=ADVANCED_FACE('',(#996),#10063,.F.);
#10437=ADVANCED_FACE('',(#997),#10064,.F.);
#10438=ADVANCED_FACE('',(#998),#10065,.F.);
#10439=ADVANCED_FACE('',(#999),#10066,.F.);
#10440=ADVANCED_FACE('',(#1000),#10067,.F.);
#10441=ADVANCED_FACE('',(#1001,#125),#10068,.T.);
#10442=ADVANCED_FACE('',(#1002),#10069,.F.);
#10443=ADVANCED_FACE('',(#1003),#10070,.F.);
#10444=ADVANCED_FACE('',(#1004),#10071,.F.);
#10445=ADVANCED_FACE('',(#1005),#10072,.F.);
#10446=ADVANCED_FACE('',(#1006),#10073,.F.);
#10447=ADVANCED_FACE('',(#1007),#10074,.F.);
#10448=ADVANCED_FACE('',(#1008),#10075,.F.);
#10449=ADVANCED_FACE('',(#1009),#10076,.F.);
#10450=ADVANCED_FACE('',(#1010),#10077,.F.);
#10451=ADVANCED_FACE('',(#1011),#697,.F.);
#10452=ADVANCED_FACE('',(#1012),#698,.F.);
#10453=ADVANCED_FACE('',(#1013),#10078,.F.);
#10454=ADVANCED_FACE('',(#1014),#10079,.F.);
#10455=ADVANCED_FACE('',(#1015),#10080,.F.);
#10456=ADVANCED_FACE('',(#1016),#10081,.F.);
#10457=ADVANCED_FACE('',(#1017),#10082,.T.);
#10458=ADVANCED_FACE('',(#1018),#10083,.F.);
#10459=ADVANCED_FACE('',(#1019),#10084,.F.);
#10460=ADVANCED_FACE('',(#1020),#10085,.F.);
#10461=ADVANCED_FACE('',(#1021),#10086,.F.);
#10462=ADVANCED_FACE('',(#1022),#10087,.F.);
#10463=ADVANCED_FACE('',(#1023),#10088,.F.);
#10464=ADVANCED_FACE('',(#1024),#10089,.F.);
#10465=ADVANCED_FACE('',(#1025),#10090,.F.);
#10466=ADVANCED_FACE('',(#1026),#10091,.F.);
#10467=ADVANCED_FACE('',(#1027),#10092,.F.);
#10468=ADVANCED_FACE('',(#1028),#10093,.F.);
#10469=ADVANCED_FACE('',(#1029),#10094,.F.);
#10470=ADVANCED_FACE('',(#1030),#10095,.F.);
#10471=ADVANCED_FACE('',(#1031),#10096,.F.);
#10472=ADVANCED_FACE('',(#1032),#10097,.F.);
#10473=ADVANCED_FACE('',(#1033),#10098,.F.);
#10474=ADVANCED_FACE('',(#1034),#10099,.F.);
#10475=ADVANCED_FACE('',(#1035),#10100,.F.);
#10476=ADVANCED_FACE('',(#1036),#10101,.F.);
#10477=ADVANCED_FACE('',(#1037),#10102,.F.);
#10478=ADVANCED_FACE('',(#1038),#10103,.F.);
#10479=ADVANCED_FACE('',(#1039),#10104,.F.);
#10480=ADVANCED_FACE('',(#1040),#10105,.T.);
#10481=ADVANCED_FACE('',(#1041),#10106,.T.);
#10482=ADVANCED_FACE('',(#1042),#10107,.T.);
#10483=ADVANCED_FACE('',(#1043),#10108,.T.);
#10484=ADVANCED_FACE('',(#1044),#699,.F.);
#10485=ADVANCED_FACE('',(#1045),#700,.F.);
#10486=ADVANCED_FACE('',(#1046),#701,.F.);
#10487=ADVANCED_FACE('',(#1047),#702,.F.);
#10488=ADVANCED_FACE('',(#1048),#703,.F.);
#10489=ADVANCED_FACE('',(#1049),#704,.F.);
#10490=ADVANCED_FACE('',(#1050),#705,.F.);
#10491=ADVANCED_FACE('',(#1051),#706,.F.);
#10492=ADVANCED_FACE('',(#1052),#707,.F.);
#10493=ADVANCED_FACE('',(#1053),#708,.F.);
#10494=ADVANCED_FACE('',(#1054),#709,.F.);
#10495=ADVANCED_FACE('',(#1055),#710,.F.);
#10496=ADVANCED_FACE('',(#1056),#711,.F.);
#10497=ADVANCED_FACE('',(#1057),#712,.F.);
#10498=ADVANCED_FACE('',(#1058),#713,.F.);
#10499=ADVANCED_FACE('',(#1059),#714,.F.);
#10500=ADVANCED_FACE('',(#1060),#715,.F.);
#10501=ADVANCED_FACE('',(#1061,#126),#10109,.T.);
#10502=ADVANCED_FACE('',(#1062),#10110,.F.);
#10503=ADVANCED_FACE('',(#1063),#716,.F.);
#10504=ADVANCED_FACE('',(#1064),#717,.F.);
#10505=ADVANCED_FACE('',(#1065),#718,.F.);
#10506=ADVANCED_FACE('',(#1066),#719,.F.);
#10507=ADVANCED_FACE('',(#1067),#720,.F.);
#10508=ADVANCED_FACE('',(#1068),#721,.F.);
#10509=ADVANCED_FACE('',(#1069),#10111,.F.);
#10510=ADVANCED_FACE('',(#1070),#10112,.F.);
#10511=ADVANCED_FACE('',(#1071),#10113,.F.);
#10512=ADVANCED_FACE('',(#1072),#722,.F.);
#10513=ADVANCED_FACE('',(#1073),#723,.F.);
#10514=ADVANCED_FACE('',(#1074),#724,.F.);
#10515=ADVANCED_FACE('',(#1075),#725,.F.);
#10516=ADVANCED_FACE('',(#1076),#726,.F.);
#10517=ADVANCED_FACE('',(#1077),#727,.F.);
#10518=ADVANCED_FACE('',(#1078),#728,.F.);
#10519=ADVANCED_FACE('',(#1079),#10114,.F.);
#10520=ADVANCED_FACE('',(#1080),#10115,.F.);
#10521=ADVANCED_FACE('',(#1081),#729,.F.);
#10522=ADVANCED_FACE('',(#1082),#730,.F.);
#10523=ADVANCED_FACE('',(#1083),#731,.F.);
#10524=ADVANCED_FACE('',(#1084),#732,.F.);
#10525=ADVANCED_FACE('',(#1085),#733,.F.);
#10526=ADVANCED_FACE('',(#1086),#734,.F.);
#10527=ADVANCED_FACE('',(#1087),#735,.F.);
#10528=ADVANCED_FACE('',(#1088),#736,.F.);
#10529=ADVANCED_FACE('',(#1089),#737,.F.);
#10530=ADVANCED_FACE('',(#1090),#738,.F.);
#10531=ADVANCED_FACE('',(#1091),#739,.F.);
#10532=ADVANCED_FACE('',(#1092),#10116,.F.);
#10533=ADVANCED_FACE('',(#1093),#10117,.F.);
#10534=ADVANCED_FACE('',(#1094),#10118,.F.);
#10535=ADVANCED_FACE('',(#1095,#127,#128),#10119,.T.);
#10536=ADVANCED_FACE('',(#1096),#740,.F.);
#10537=ADVANCED_FACE('',(#1097),#741,.F.);
#10538=ADVANCED_FACE('',(#1098),#742,.F.);
#10539=ADVANCED_FACE('',(#1099),#10120,.F.);
#10540=ADVANCED_FACE('',(#1100),#10121,.F.);
#10541=ADVANCED_FACE('',(#1101),#10122,.F.);
#10542=ADVANCED_FACE('',(#1102),#743,.F.);
#10543=ADVANCED_FACE('',(#1103),#744,.F.);
#10544=ADVANCED_FACE('',(#1104),#10123,.F.);
#10545=ADVANCED_FACE('',(#1105),#10124,.F.);
#10546=ADVANCED_FACE('',(#1106),#10125,.F.);
#10547=ADVANCED_FACE('',(#1107),#745,.F.);
#10548=ADVANCED_FACE('',(#1108),#746,.F.);
#10549=ADVANCED_FACE('',(#1109),#747,.F.);
#10550=ADVANCED_FACE('',(#1110),#748,.F.);
#10551=ADVANCED_FACE('',(#1111),#749,.F.);
#10552=ADVANCED_FACE('',(#1112),#10126,.F.);
#10553=ADVANCED_FACE('',(#1113),#750,.F.);
#10554=ADVANCED_FACE('',(#1114),#10127,.T.);
#10555=ADVANCED_FACE('',(#1115),#751,.F.);
#10556=ADVANCED_FACE('',(#1116),#752,.F.);
#10557=ADVANCED_FACE('',(#1117),#753,.F.);
#10558=ADVANCED_FACE('',(#1118),#754,.F.);
#10559=ADVANCED_FACE('',(#1119),#755,.F.);
#10560=ADVANCED_FACE('',(#1120),#756,.F.);
#10561=ADVANCED_FACE('',(#1121),#757,.F.);
#10562=ADVANCED_FACE('',(#1122),#758,.F.);
#10563=ADVANCED_FACE('',(#1123),#759,.F.);
#10564=ADVANCED_FACE('',(#1124),#760,.F.);
#10565=ADVANCED_FACE('',(#1125),#761,.F.);
#10566=ADVANCED_FACE('',(#1126),#762,.F.);
#10567=ADVANCED_FACE('',(#1127),#763,.F.);
#10568=ADVANCED_FACE('',(#1128),#764,.F.);
#10569=ADVANCED_FACE('',(#1129),#765,.F.);
#10570=ADVANCED_FACE('',(#1130),#766,.F.);
#10571=ADVANCED_FACE('',(#1131),#767,.F.);
#10572=ADVANCED_FACE('',(#1132,#129),#10128,.T.);
#10573=ADVANCED_FACE('',(#1133),#768,.F.);
#10574=ADVANCED_FACE('',(#1134),#769,.F.);
#10575=ADVANCED_FACE('',(#1135),#770,.F.);
#10576=ADVANCED_FACE('',(#1136),#771,.F.);
#10577=ADVANCED_FACE('',(#1137),#772,.F.);
#10578=ADVANCED_FACE('',(#1138),#773,.F.);
#10579=ADVANCED_FACE('',(#1139),#774,.F.);
#10580=ADVANCED_FACE('',(#1140),#775,.F.);
#10581=ADVANCED_FACE('',(#1141),#10129,.F.);
#10582=ADVANCED_FACE('',(#1142),#10130,.F.);
#10583=ADVANCED_FACE('',(#1143),#10131,.F.);
#10584=ADVANCED_FACE('',(#1144),#776,.F.);
#10585=ADVANCED_FACE('',(#1145),#777,.F.);
#10586=ADVANCED_FACE('',(#1146),#778,.F.);
#10587=ADVANCED_FACE('',(#1147),#779,.F.);
#10588=ADVANCED_FACE('',(#1148),#780,.F.);
#10589=ADVANCED_FACE('',(#1149),#781,.F.);
#10590=ADVANCED_FACE('',(#1150),#782,.F.);
#10591=ADVANCED_FACE('',(#1151),#783,.F.);
#10592=ADVANCED_FACE('',(#1152),#784,.F.);
#10593=ADVANCED_FACE('',(#1153),#10132,.F.);
#10594=ADVANCED_FACE('',(#1154),#10133,.F.);
#10595=ADVANCED_FACE('',(#1155,#130),#10134,.T.);
#10596=ADVANCED_FACE('',(#1156),#785,.F.);
#10597=ADVANCED_FACE('',(#1157),#786,.F.);
#10598=ADVANCED_FACE('',(#1158),#787,.F.);
#10599=ADVANCED_FACE('',(#1159),#788,.F.);
#10600=ADVANCED_FACE('',(#1160),#789,.F.);
#10601=ADVANCED_FACE('',(#1161),#790,.F.);
#10602=ADVANCED_FACE('',(#1162),#791,.F.);
#10603=ADVANCED_FACE('',(#1163),#792,.F.);
#10604=ADVANCED_FACE('',(#1164),#793,.F.);
#10605=ADVANCED_FACE('',(#1165),#10135,.F.);
#10606=ADVANCED_FACE('',(#1166),#10136,.F.);
#10607=ADVANCED_FACE('',(#1167),#794,.F.);
#10608=ADVANCED_FACE('',(#1168),#795,.F.);
#10609=ADVANCED_FACE('',(#1169),#10137,.F.);
#10610=ADVANCED_FACE('',(#1170),#796,.F.);
#10611=ADVANCED_FACE('',(#1171),#797,.F.);
#10612=ADVANCED_FACE('',(#1172),#798,.F.);
#10613=ADVANCED_FACE('',(#1173),#799,.F.);
#10614=ADVANCED_FACE('',(#1174),#800,.F.);
#10615=ADVANCED_FACE('',(#1175),#801,.F.);
#10616=ADVANCED_FACE('',(#1176),#802,.F.);
#10617=ADVANCED_FACE('',(#1177),#10138,.F.);
#10618=ADVANCED_FACE('',(#1178),#803,.F.);
#10619=ADVANCED_FACE('',(#1179),#804,.F.);
#10620=ADVANCED_FACE('',(#1180),#805,.F.);
#10621=ADVANCED_FACE('',(#1181),#806,.F.);
#10622=ADVANCED_FACE('',(#1182),#807,.F.);
#10623=ADVANCED_FACE('',(#1183),#808,.F.);
#10624=ADVANCED_FACE('',(#1184),#809,.F.);
#10625=ADVANCED_FACE('',(#1185),#810,.F.);
#10626=ADVANCED_FACE('',(#1186),#811,.F.);
#10627=ADVANCED_FACE('',(#1187),#812,.F.);
#10628=ADVANCED_FACE('',(#1188),#813,.F.);
#10629=ADVANCED_FACE('',(#1189),#814,.F.);
#10630=ADVANCED_FACE('',(#1190),#815,.F.);
#10631=ADVANCED_FACE('',(#1191),#816,.F.);
#10632=ADVANCED_FACE('',(#1192),#817,.F.);
#10633=ADVANCED_FACE('',(#1193,#131),#10139,.T.);
#10634=ADVANCED_FACE('',(#1194),#10140,.F.);
#10635=ADVANCED_FACE('',(#1195),#10141,.F.);
#10636=ADVANCED_FACE('',(#1196),#10142,.F.);
#10637=ADVANCED_FACE('',(#1197),#10143,.F.);
#10638=ADVANCED_FACE('',(#1198),#10144,.F.);
#10639=ADVANCED_FACE('',(#1199),#10145,.F.);
#10640=ADVANCED_FACE('',(#1200),#10146,.F.);
#10641=ADVANCED_FACE('',(#1201),#10147,.F.);
#10642=ADVANCED_FACE('',(#1202),#818,.F.);
#10643=ADVANCED_FACE('',(#1203),#819,.F.);
#10644=ADVANCED_FACE('',(#1204),#820,.F.);
#10645=ADVANCED_FACE('',(#1205),#821,.F.);
#10646=ADVANCED_FACE('',(#1206),#822,.F.);
#10647=ADVANCED_FACE('',(#1207),#10148,.F.);
#10648=ADVANCED_FACE('',(#1208),#10149,.F.);
#10649=ADVANCED_FACE('',(#1209),#10150,.F.);
#10650=ADVANCED_FACE('',(#1210),#823,.F.);
#10651=ADVANCED_FACE('',(#1211),#824,.F.);
#10652=ADVANCED_FACE('',(#1212),#825,.F.);
#10653=ADVANCED_FACE('',(#1213),#826,.F.);
#10654=ADVANCED_FACE('',(#1214),#827,.F.);
#10655=ADVANCED_FACE('',(#1215),#10151,.F.);
#10656=ADVANCED_FACE('',(#1216),#10152,.F.);
#10657=ADVANCED_FACE('',(#1217),#10153,.F.);
#10658=ADVANCED_FACE('',(#1218),#10154,.F.);
#10659=ADVANCED_FACE('',(#1219),#10155,.T.);
#10660=ADVANCED_FACE('',(#1220),#828,.F.);
#10661=ADVANCED_FACE('',(#1221),#829,.F.);
#10662=ADVANCED_FACE('',(#1222),#830,.F.);
#10663=ADVANCED_FACE('',(#1223),#831,.F.);
#10664=ADVANCED_FACE('',(#1224),#832,.F.);
#10665=ADVANCED_FACE('',(#1225),#833,.F.);
#10666=ADVANCED_FACE('',(#1226),#834,.F.);
#10667=ADVANCED_FACE('',(#1227),#835,.F.);
#10668=ADVANCED_FACE('',(#1228),#836,.F.);
#10669=ADVANCED_FACE('',(#1229),#837,.F.);
#10670=ADVANCED_FACE('',(#1230),#838,.F.);
#10671=ADVANCED_FACE('',(#1231),#839,.F.);
#10672=ADVANCED_FACE('',(#1232),#840,.F.);
#10673=ADVANCED_FACE('',(#1233),#841,.F.);
#10674=ADVANCED_FACE('',(#1234),#842,.F.);
#10675=ADVANCED_FACE('',(#1235),#843,.F.);
#10676=ADVANCED_FACE('',(#1236),#10156,.F.);
#10677=ADVANCED_FACE('',(#1237),#10157,.F.);
#10678=ADVANCED_FACE('',(#1238),#10158,.F.);
#10679=ADVANCED_FACE('',(#1239),#10159,.F.);
#10680=ADVANCED_FACE('',(#1240),#10160,.F.);
#10681=ADVANCED_FACE('',(#1241,#132),#10161,.T.);
#10682=ADVANCED_FACE('',(#1242),#844,.F.);
#10683=ADVANCED_FACE('',(#1243),#845,.F.);
#10684=ADVANCED_FACE('',(#1244),#846,.F.);
#10685=ADVANCED_FACE('',(#1245),#10162,.F.);
#10686=ADVANCED_FACE('',(#1246),#847,.F.);
#10687=ADVANCED_FACE('',(#1247),#848,.F.);
#10688=ADVANCED_FACE('',(#1248),#849,.F.);
#10689=ADVANCED_FACE('',(#1249),#850,.F.);
#10690=ADVANCED_FACE('',(#1250),#10163,.F.);
#10691=ADVANCED_FACE('',(#1251),#851,.F.);
#10692=ADVANCED_FACE('',(#1252),#852,.F.);
#10693=ADVANCED_FACE('',(#1253),#853,.F.);
#10694=ADVANCED_FACE('',(#1254),#854,.F.);
#10695=ADVANCED_FACE('',(#1255),#855,.F.);
#10696=ADVANCED_FACE('',(#1256),#856,.F.);
#10697=ADVANCED_FACE('',(#1257),#857,.F.);
#10698=ADVANCED_FACE('',(#1258),#858,.F.);
#10699=ADVANCED_FACE('',(#1259),#859,.F.);
#10700=ADVANCED_FACE('',(#1260),#10164,.F.);
#10701=ADVANCED_FACE('',(#1261),#860,.F.);
#10702=ADVANCED_FACE('',(#1262,#133),#10165,.T.);
#10703=ADVANCED_FACE('',(#1263),#10166,.F.);
#10704=ADVANCED_FACE('',(#1264),#10167,.F.);
#10705=ADVANCED_FACE('',(#1265),#10168,.F.);
#10706=ADVANCED_FACE('',(#1266),#10169,.F.);
#10707=ADVANCED_FACE('',(#1267),#10170,.F.);
#10708=ADVANCED_FACE('',(#1268),#10171,.F.);
#10709=ADVANCED_FACE('',(#1269),#10172,.F.);
#10710=ADVANCED_FACE('',(#1270),#10173,.F.);
#10711=ADVANCED_FACE('',(#1271),#10174,.F.);
#10712=ADVANCED_FACE('',(#1272),#10175,.F.);
#10713=ADVANCED_FACE('',(#1273),#10176,.F.);
#10714=ADVANCED_FACE('',(#1274),#10177,.F.);
#10715=ADVANCED_FACE('',(#1275),#10178,.F.);
#10716=ADVANCED_FACE('',(#1276),#10179,.F.);
#10717=ADVANCED_FACE('',(#1277),#10180,.T.);
#10718=ADVANCED_FACE('',(#1278),#10181,.T.);
#10719=ADVANCED_FACE('',(#1279),#10182,.T.);
#10720=ADVANCED_FACE('',(#1280),#10183,.T.);
#10721=ADVANCED_FACE('',(#1281),#10184,.T.);
#10722=ADVANCED_FACE('',(#1282),#10185,.T.);
#10723=ADVANCED_FACE('',(#1283),#10186,.T.);
#10724=ADVANCED_FACE('',(#1284),#10187,.T.);
#10725=ADVANCED_FACE('',(#1285),#861,.F.);
#10726=ADVANCED_FACE('',(#1286),#862,.F.);
#10727=ADVANCED_FACE('',(#1287),#863,.F.);
#10728=ADVANCED_FACE('',(#1288),#864,.F.);
#10729=ADVANCED_FACE('',(#1289),#865,.F.);
#10730=ADVANCED_FACE('',(#1290),#10188,.F.);
#10731=ADVANCED_FACE('',(#1291),#10189,.F.);
#10732=ADVANCED_FACE('',(#1292),#10190,.F.);
#10733=ADVANCED_FACE('',(#1293),#866,.F.);
#10734=ADVANCED_FACE('',(#1294),#867,.F.);
#10735=ADVANCED_FACE('',(#1295),#868,.F.);
#10736=ADVANCED_FACE('',(#1296),#869,.F.);
#10737=ADVANCED_FACE('',(#1297),#870,.F.);
#10738=ADVANCED_FACE('',(#1298),#871,.F.);
#10739=ADVANCED_FACE('',(#1299),#10191,.F.);
#10740=ADVANCED_FACE('',(#1300),#10192,.F.);
#10741=ADVANCED_FACE('',(#1301),#10193,.F.);
#10742=ADVANCED_FACE('',(#1302),#10194,.T.);
#10743=ADVANCED_FACE('',(#1303),#10195,.F.);
#10744=ADVANCED_FACE('',(#1304),#10196,.F.);
#10745=ADVANCED_FACE('',(#1305),#10197,.F.);
#10746=ADVANCED_FACE('',(#1306),#10198,.F.);
#10747=ADVANCED_FACE('',(#1307),#10199,.F.);
#10748=ADVANCED_FACE('',(#1308),#10200,.F.);
#10749=ADVANCED_FACE('',(#1309),#10201,.F.);
#10750=ADVANCED_FACE('',(#1310),#10202,.F.);
#10751=ADVANCED_FACE('',(#1311),#10203,.F.);
#10752=ADVANCED_FACE('',(#1312),#10204,.F.);
#10753=ADVANCED_FACE('',(#1313),#10205,.F.);
#10754=ADVANCED_FACE('',(#1314),#10206,.F.);
#10755=ADVANCED_FACE('',(#1315),#10207,.F.);
#10756=ADVANCED_FACE('',(#1316),#10208,.F.);
#10757=ADVANCED_FACE('',(#1317),#10209,.F.);
#10758=ADVANCED_FACE('',(#1318),#10210,.F.);
#10759=ADVANCED_FACE('',(#1319),#10211,.F.);
#10760=ADVANCED_FACE('',(#1320),#10212,.F.);
#10761=ADVANCED_FACE('',(#1321),#10213,.F.);
#10762=ADVANCED_FACE('',(#1322),#10214,.F.);
#10763=ADVANCED_FACE('',(#1323),#10215,.F.);
#10764=ADVANCED_FACE('',(#1324),#10216,.F.);
#10765=ADVANCED_FACE('',(#1325),#10217,.F.);
#10766=ADVANCED_FACE('',(#1326),#10218,.F.);
#10767=ADVANCED_FACE('',(#1327),#10219,.F.);
#10768=ADVANCED_FACE('',(#1328),#10220,.F.);
#10769=ADVANCED_FACE('',(#1329),#10221,.T.);
#10770=ADVANCED_FACE('',(#1330),#10222,.T.);
#10771=ADVANCED_FACE('',(#1331),#10223,.T.);
#10772=ADVANCED_FACE('',(#1332),#10224,.T.);
#10773=ADVANCED_FACE('',(#1333),#10225,.F.);
#10774=ADVANCED_FACE('',(#1334),#10226,.T.);
#10775=ADVANCED_FACE('',(#1335),#10227,.T.);
#10776=ADVANCED_FACE('',(#1336),#10228,.T.);
#10777=ADVANCED_FACE('',(#1337),#10229,.T.);
#10778=ADVANCED_FACE('',(#1338),#10230,.F.);
#10779=ADVANCED_FACE('',(#1339),#10231,.T.);
#10780=ADVANCED_FACE('',(#1340),#10232,.T.);
#10781=ADVANCED_FACE('',(#1341),#10233,.T.);
#10782=ADVANCED_FACE('',(#1342),#10234,.T.);
#10783=ADVANCED_FACE('',(#1343),#10235,.F.);
#10784=ADVANCED_FACE('',(#1344),#10236,.T.);
#10785=ADVANCED_FACE('',(#1345),#10237,.T.);
#10786=ADVANCED_FACE('',(#1346),#10238,.T.);
#10787=ADVANCED_FACE('',(#1347),#10239,.T.);
#10788=ADVANCED_FACE('',(#1348),#10240,.F.);
#10789=ADVANCED_FACE('',(#1349),#10241,.F.);
#10790=ADVANCED_FACE('',(#1350),#10242,.F.);
#10791=ADVANCED_FACE('',(#1351),#10243,.F.);
#10792=ADVANCED_FACE('',(#1352),#10244,.T.);
#10793=ADVANCED_FACE('',(#1353),#10245,.F.);
#10794=ADVANCED_FACE('',(#1354),#10246,.F.);
#10795=ADVANCED_FACE('',(#1355),#10247,.F.);
#10796=ADVANCED_FACE('',(#1356),#10248,.F.);
#10797=ADVANCED_FACE('',(#1357),#10249,.F.);
#10798=ADVANCED_FACE('',(#1358),#10250,.T.);
#10799=ADVANCED_FACE('',(#1359),#10251,.F.);
#10800=ADVANCED_FACE('',(#1360),#10252,.F.);
#10801=ADVANCED_FACE('',(#1361),#10253,.F.);
#10802=ADVANCED_FACE('',(#1362),#10254,.F.);
#10803=ADVANCED_FACE('',(#1363),#10255,.F.);
#10804=ADVANCED_FACE('',(#1364),#10256,.F.);
#10805=ADVANCED_FACE('',(#1365),#10257,.F.);
#10806=ADVANCED_FACE('',(#1366),#10258,.F.);
#10807=ADVANCED_FACE('',(#1367),#10259,.F.);
#10808=ADVANCED_FACE('',(#1368),#10260,.F.);
#10809=ADVANCED_FACE('',(#1369),#10261,.F.);
#10810=ADVANCED_FACE('',(#1370),#10262,.F.);
#10811=ADVANCED_FACE('',(#1371),#10263,.F.);
#10812=ADVANCED_FACE('',(#1372),#10264,.F.);
#10813=ADVANCED_FACE('',(#1373),#10265,.F.);
#10814=ADVANCED_FACE('',(#1374),#10266,.T.);
#10815=ADVANCED_FACE('',(#1375),#10267,.T.);
#10816=ADVANCED_FACE('',(#1376),#10268,.T.);
#10817=ADVANCED_FACE('',(#1377),#10269,.T.);
#10818=ADVANCED_FACE('',(#1378,#134),#10270,.F.);
#10819=ADVANCED_FACE('',(#1379),#43,.F.);
#10820=ADVANCED_FACE('',(#1380),#15,.F.);
#10821=ADVANCED_FACE('',(#1381),#10271,.F.);
#10822=ADVANCED_FACE('',(#1382),#16,.F.);
#10823=ADVANCED_FACE('',(#1383,#135),#10272,.F.);
#10824=ADVANCED_FACE('',(#1384,#136,#137),#17,.T.);
#10825=ADVANCED_FACE('',(#1385,#138),#10273,.F.);
#10826=ADVANCED_FACE('',(#1386),#10274,.T.);
#10827=ADVANCED_FACE('',(#1387),#10275,.T.);
#10828=ADVANCED_FACE('',(#1388),#10276,.T.);
#10829=ADVANCED_FACE('',(#1389),#18,.F.);
#10830=ADVANCED_FACE('',(#1390),#10277,.F.);
#10831=ADVANCED_FACE('',(#1391),#19,.F.);
#10832=ADVANCED_FACE('',(#1392,#139),#10278,.F.);
#10833=ADVANCED_FACE('',(#1393,#140,#141),#20,.T.);
#10834=ADVANCED_FACE('',(#1394,#142),#10279,.F.);
#10835=ADVANCED_FACE('',(#1395),#21,.F.);
#10836=ADVANCED_FACE('',(#1396),#10280,.F.);
#10837=ADVANCED_FACE('',(#1397),#22,.F.);
#10838=ADVANCED_FACE('',(#1398,#143),#10281,.F.);
#10839=ADVANCED_FACE('',(#1399,#144),#23,.T.);
#10840=ADVANCED_FACE('',(#1400,#145),#10282,.F.);
#10841=ADVANCED_FACE('',(#1401),#10283,.T.);
#10842=ADVANCED_FACE('',(#1402),#24,.F.);
#10843=ADVANCED_FACE('',(#1403),#10284,.F.);
#10844=ADVANCED_FACE('',(#1404),#25,.F.);
#10845=ADVANCED_FACE('',(#1405,#146),#10285,.F.);
#10846=ADVANCED_FACE('',(#1406,#147),#26,.T.);
#10847=ADVANCED_FACE('',(#1407,#148),#10286,.F.);
#10848=ADVANCED_FACE('',(#1408),#10287,.T.);
#10849=ADVANCED_FACE('',(#1409),#10288,.T.);
#10850=ADVANCED_FACE('',(#1410),#10289,.T.);
#10851=ADVANCED_FACE('',(#1411),#10290,.T.);
#10852=ADVANCED_FACE('',(#1412),#27,.F.);
#10853=ADVANCED_FACE('',(#1413),#10291,.T.);
#10854=ADVANCED_FACE('',(#1414),#28,.F.);
#10855=ADVANCED_FACE('',(#1415),#10292,.T.);
#10856=ADVANCED_FACE('',(#1416),#29,.F.);
#10857=ADVANCED_FACE('',(#1417),#30,.F.);
#10858=ADVANCED_FACE('',(#1418),#10293,.T.);
#10859=ADVANCED_FACE('',(#1419),#31,.T.);
#10860=ADVANCED_FACE('',(#1420),#32,.T.);
#10861=ADVANCED_FACE('',(#1421),#10294,.T.);
#10862=ADVANCED_FACE('',(#1422),#33,.T.);
#10863=ADVANCED_FACE('',(#1423),#10295,.T.);
#10864=ADVANCED_FACE('',(#1424),#34,.T.);
#10865=ADVANCED_FACE('',(#1425),#10296,.F.);
#10866=ADVANCED_FACE('',(#1426,#149),#10297,.F.);
#10867=ADVANCED_FACE('',(#1427),#10298,.T.);
#10868=ADVANCED_FACE('',(#1428,#150,#151,#152,#153,#154,#155,#156,#157,
#158,#159,#160,#161,#162,#163,#164,#165,#166,#167,#168,#169,#170,#171,#172,
#173,#174,#175),#10299,.T.);
#10869=ADVANCED_FACE('',(#1429),#10300,.T.);
#10870=ADVANCED_FACE('',(#1430),#10301,.F.);
#10871=ADVANCED_FACE('',(#1431),#10302,.F.);
#10872=ADVANCED_FACE('',(#1432),#10303,.F.);
#10873=ADVANCED_FACE('',(#1433,#176,#177,#178,#179,#180,#181),#10304,.F.);
#10874=ADVANCED_FACE('',(#1434),#35,.F.);
#10875=ADVANCED_FACE('',(#1435),#10305,.F.);
#10876=ADVANCED_FACE('',(#1436),#36,.F.);
#10877=ADVANCED_FACE('',(#1437),#10306,.F.);
#10878=ADVANCED_FACE('',(#1438),#10307,.F.);
#10879=ADVANCED_FACE('',(#1439),#37,.F.);
#10880=ADVANCED_FACE('',(#1440),#10308,.F.);
#10881=ADVANCED_FACE('',(#1441),#38,.F.);
#10882=ADVANCED_FACE('',(#1442,#182,#183,#184),#10309,.F.);
#10883=ADVANCED_FACE('',(#1443),#10310,.T.);
#10884=ADVANCED_FACE('',(#1444),#39,.T.);
#10885=ADVANCED_FACE('',(#1445),#40,.T.);
#10886=ADVANCED_FACE('',(#1446),#10311,.T.);
#10887=ADVANCED_FACE('',(#1447),#41,.T.);
#10888=ADVANCED_FACE('',(#1448),#42,.T.);
#10889=CLOSED_SHELL('',(#10312,#10313,#10314,#10315,#10316,#10317,#10318,
#10319,#10320,#10321,#10322,#10323,#10324,#10325,#10326,#10327,#10328,#10329,
#10330,#10331,#10332,#10333,#10334,#10335,#10336,#10337,#10338,#10339,#10340,
#10341,#10342,#10343,#10344,#10345,#10346,#10347,#10348,#10349,#10350,#10351,
#10352,#10353,#10354,#10355,#10356,#10357,#10358,#10359,#10360,#10361,#10362,
#10363,#10364,#10365,#10366,#10367,#10368,#10369,#10370,#10371,#10372,#10373,
#10374,#10375,#10376,#10377,#10378,#10379,#10380,#10381,#10382,#10383,#10384,
#10385,#10386,#10387,#10388,#10389,#10390,#10391,#10392,#10393,#10394,#10395,
#10396,#10397,#10398,#10399,#10400,#10401,#10402,#10403,#10404,#10405,#10406,
#10407,#10408,#10409,#10410,#10411,#10412,#10413,#10414,#10415,#10416,#10417,
#10418,#10419,#10420,#10421,#10422,#10423,#10424,#10425,#10426,#10427,#10428,
#10429,#10430,#10431,#10432,#10433,#10434,#10435,#10436,#10437,#10438,#10439,
#10440,#10441,#10442,#10443,#10444,#10445,#10446,#10447,#10448,#10449,#10450,
#10451,#10452,#10453,#10454,#10455,#10456,#10457,#10458,#10459,#10460,#10461,
#10462,#10463,#10464,#10465,#10466,#10467,#10468,#10469,#10470,#10471,#10472,
#10473,#10474,#10475,#10476,#10477,#10478,#10479,#10480,#10481,#10482,#10483,
#10484,#10485,#10486,#10487,#10488,#10489,#10490,#10491,#10492,#10493,#10494,
#10495,#10496,#10497,#10498,#10499,#10500,#10501,#10502,#10503,#10504,#10505,
#10506,#10507,#10508,#10509,#10510,#10511,#10512,#10513,#10514,#10515,#10516,
#10517,#10518,#10519,#10520,#10521,#10522,#10523,#10524,#10525,#10526,#10527,
#10528,#10529,#10530,#10531,#10532,#10533,#10534,#10535,#10536,#10537,#10538,
#10539,#10540,#10541,#10542,#10543,#10544,#10545,#10546,#10547,#10548,#10549,
#10550,#10551,#10552,#10553,#10554,#10555,#10556,#10557,#10558,#10559,#10560,
#10561,#10562,#10563,#10564,#10565,#10566,#10567,#10568,#10569,#10570,#10571,
#10572,#10573,#10574,#10575,#10576,#10577,#10578,#10579,#10580,#10581,#10582,
#10583,#10584,#10585,#10586,#10587,#10588,#10589,#10590,#10591,#10592,#10593,
#10594,#10595,#10596,#10597,#10598,#10599,#10600,#10601,#10602,#10603,#10604,
#10605,#10606,#10607,#10608,#10609,#10610,#10611,#10612,#10613,#10614,#10615,
#10616,#10617,#10618,#10619,#10620,#10621,#10622,#10623,#10624,#10625,#10626,
#10627,#10628,#10629,#10630,#10631,#10632,#10633,#10634,#10635,#10636,#10637,
#10638,#10639,#10640,#10641,#10642,#10643,#10644,#10645,#10646,#10647,#10648,
#10649,#10650,#10651,#10652,#10653,#10654,#10655,#10656,#10657,#10658,#10659,
#10660,#10661,#10662,#10663,#10664,#10665,#10666,#10667,#10668,#10669,#10670,
#10671,#10672,#10673,#10674,#10675,#10676,#10677,#10678,#10679,#10680,#10681,
#10682,#10683,#10684,#10685,#10686,#10687,#10688,#10689,#10690,#10691,#10692,
#10693,#10694,#10695,#10696,#10697,#10698,#10699,#10700,#10701,#10702,#10703,
#10704,#10705,#10706,#10707,#10708,#10709,#10710,#10711,#10712,#10713,#10714,
#10715,#10716,#10717,#10718,#10719,#10720,#10721,#10722,#10723,#10724,#10725,
#10726,#10727,#10728,#10729,#10730,#10731,#10732,#10733,#10734,#10735,#10736,
#10737,#10738,#10739,#10740,#10741,#10742,#10743,#10744,#10745,#10746,#10747,
#10748,#10749,#10750,#10751,#10752,#10753,#10754,#10755,#10756,#10757,#10758,
#10759,#10760,#10761,#10762,#10763,#10764,#10765,#10766,#10767,#10768,#10769,
#10770,#10771,#10772,#10773,#10774,#10775,#10776,#10777,#10778,#10779,#10780,
#10781,#10782,#10783,#10784,#10785,#10786,#10787,#10788,#10789,#10790,#10791,
#10792,#10793,#10794,#10795,#10796,#10797,#10798,#10799,#10800,#10801,#10802,
#10803,#10804,#10805,#10806,#10807,#10808,#10809,#10810,#10811,#10812,#10813,
#10814,#10815,#10816,#10817,#10818,#10819,#10820,#10821,#10822,#10823,#10824,
#10825,#10826,#10827,#10828,#10829,#10830,#10831,#10832,#10833,#10834,#10835,
#10836,#10837,#10838,#10839,#10840,#10841,#10842,#10843,#10844,#10845,#10846,
#10847,#10848,#10849,#10850,#10851,#10852,#10853,#10854,#10855,#10856,#10857,
#10858,#10859,#10860,#10861,#10862,#10863,#10864,#10865,#10866,#10867,#10868,
#10869,#10870,#10871,#10872,#10873,#10874,#10875,#10876,#10877,#10878,#10879,
#10880,#10881,#10882,#10883,#10884,#10885,#10886,#10887,#10888));
#10890=DERIVED_UNIT_ELEMENT(#10892,1.);
#10891=DERIVED_UNIT_ELEMENT(#18515,-3.);
#10892=(
MASS_UNIT()
NAMED_UNIT(*)
SI_UNIT(.KILO.,.GRAM.)
);
#10893=DERIVED_UNIT((#10890,#10891));
#10894=MEASURE_REPRESENTATION_ITEM('density measure',
POSITIVE_RATIO_MEASURE(7850.),#10893);
#10895=PROPERTY_DEFINITION_REPRESENTATION(#10900,#10897);
#10896=PROPERTY_DEFINITION_REPRESENTATION(#10901,#10898);
#10897=REPRESENTATION('material name',(#10899),#18512);
#10898=REPRESENTATION('density',(#10894),#18512);
#10899=DESCRIPTIVE_REPRESENTATION_ITEM('Steel','Steel');
#10900=PROPERTY_DEFINITION('material property','material name',#18522);
#10901=PROPERTY_DEFINITION('material property','density of part',#18522);
#10902=AXIS2_PLACEMENT_3D('',#13231,#11329,#11330);
#10903=AXIS2_PLACEMENT_3D('',#13232,#11331,#11332);
#10904=AXIS2_PLACEMENT_3D('',#13241,#11337,#11338);
#10905=AXIS2_PLACEMENT_3D('',#13247,#11342,#11343);
#10906=AXIS2_PLACEMENT_3D('',#13253,#11347,#11348);
#10907=AXIS2_PLACEMENT_3D('',#13259,#11352,#11353);
#10908=AXIS2_PLACEMENT_3D('',#13265,#11357,#11358);
#10909=AXIS2_PLACEMENT_3D('',#13271,#11362,#11363);
#10910=AXIS2_PLACEMENT_3D('',#13277,#11367,#11368);
#10911=AXIS2_PLACEMENT_3D('',#13283,#11372,#11373);
#10912=AXIS2_PLACEMENT_3D('',#13289,#11377,#11378);
#10913=AXIS2_PLACEMENT_3D('',#13295,#11382,#11383);
#10914=AXIS2_PLACEMENT_3D('',#13301,#11387,#11388);
#10915=AXIS2_PLACEMENT_3D('',#13304,#11391,#11392);
#10916=AXIS2_PLACEMENT_3D('',#13305,#11393,#11394);
#10917=AXIS2_PLACEMENT_3D('',#13389,#11404,#11405);
#10918=AXIS2_PLACEMENT_3D('',#13395,#11409,#11410);
#10919=AXIS2_PLACEMENT_3D('',#13398,#11413,#11414);
#10920=AXIS2_PLACEMENT_3D('',#13407,#11419,#11420);
#10921=AXIS2_PLACEMENT_3D('',#13473,#11428,#11429);
#10922=AXIS2_PLACEMENT_3D('',#13479,#11433,#11434);
#10923=AXIS2_PLACEMENT_3D('',#13485,#11438,#11439);
#10924=AXIS2_PLACEMENT_3D('',#13596,#11450,#11451);
#10925=AXIS2_PLACEMENT_3D('',#13602,#11455,#11456);
#10926=AXIS2_PLACEMENT_3D('',#13608,#11460,#11461);
#10927=AXIS2_PLACEMENT_3D('',#13611,#11464,#11465);
#10928=AXIS2_PLACEMENT_3D('',#13612,#11466,#11467);
#10929=AXIS2_PLACEMENT_3D('',#13621,#11472,#11473);
#10930=AXIS2_PLACEMENT_3D('',#13627,#11477,#11478);
#10931=AXIS2_PLACEMENT_3D('',#13633,#11482,#11483);
#10932=AXIS2_PLACEMENT_3D('',#13639,#11487,#11488);
#10933=AXIS2_PLACEMENT_3D('',#13645,#11492,#11493);
#10934=AXIS2_PLACEMENT_3D('',#13651,#11497,#11498);
#10935=AXIS2_PLACEMENT_3D('',#13657,#11502,#11503);
#10936=AXIS2_PLACEMENT_3D('',#13663,#11507,#11508);
#10937=AXIS2_PLACEMENT_3D('',#13669,#11512,#11513);
#10938=AXIS2_PLACEMENT_3D('',#13675,#11517,#11518);
#10939=AXIS2_PLACEMENT_3D('',#13681,#11522,#11523);
#10940=AXIS2_PLACEMENT_3D('',#13684,#11526,#11527);
#10941=AXIS2_PLACEMENT_3D('',#13685,#11528,#11529);
#10942=AXIS2_PLACEMENT_3D('',#13694,#11534,#11535);
#10943=AXIS2_PLACEMENT_3D('',#13700,#11539,#11540);
#10944=AXIS2_PLACEMENT_3D('',#13706,#11544,#11545);
#10945=AXIS2_PLACEMENT_3D('',#13712,#11549,#11550);
#10946=AXIS2_PLACEMENT_3D('',#13718,#11554,#11555);
#10947=AXIS2_PLACEMENT_3D('',#13721,#11558,#11559);
#10948=AXIS2_PLACEMENT_3D('',#14022,#11580,#11581);
#10949=AXIS2_PLACEMENT_3D('',#14023,#11582,#11583);
#10950=AXIS2_PLACEMENT_3D('',#14137,#11595,#11596);
#10951=AXIS2_PLACEMENT_3D('',#14143,#11600,#11601);
#10952=AXIS2_PLACEMENT_3D('',#14284,#11614,#11615);
#10953=AXIS2_PLACEMENT_3D('',#14290,#11619,#11620);
#10954=AXIS2_PLACEMENT_3D('',#14296,#11624,#11625);
#10955=AXIS2_PLACEMENT_3D('',#14299,#11628,#11629);
#10956=AXIS2_PLACEMENT_3D('',#14300,#11630,#11631);
#10957=AXIS2_PLACEMENT_3D('',#14309,#11636,#11637);
#10958=AXIS2_PLACEMENT_3D('',#14315,#11641,#11642);
#10959=AXIS2_PLACEMENT_3D('',#14321,#11646,#11647);
#10960=AXIS2_PLACEMENT_3D('',#14327,#11651,#11652);
#10961=AXIS2_PLACEMENT_3D('',#14333,#11656,#11657);
#10962=AXIS2_PLACEMENT_3D('',#14339,#11661,#11662);
#10963=AXIS2_PLACEMENT_3D('',#14345,#11666,#11667);
#10964=AXIS2_PLACEMENT_3D('',#14351,#11671,#11672);
#10965=AXIS2_PLACEMENT_3D('',#14357,#11676,#11677);
#10966=AXIS2_PLACEMENT_3D('',#14360,#11680,#11681);
#10967=AXIS2_PLACEMENT_3D('',#14394,#11685,#11686);
#10968=AXIS2_PLACEMENT_3D('',#14400,#11690,#11691);
#10969=AXIS2_PLACEMENT_3D('',#14406,#11695,#11696);
#10970=AXIS2_PLACEMENT_3D('',#14409,#11699,#11700);
#10971=AXIS2_PLACEMENT_3D('',#14418,#11705,#11706);
#10972=AXIS2_PLACEMENT_3D('',#14424,#11710,#11711);
#10973=AXIS2_PLACEMENT_3D('',#14430,#11715,#11716);
#10974=AXIS2_PLACEMENT_3D('',#14436,#11720,#11721);
#10975=AXIS2_PLACEMENT_3D('',#14442,#11725,#11726);
#10976=AXIS2_PLACEMENT_3D('',#14448,#11730,#11731);
#10977=AXIS2_PLACEMENT_3D('',#14454,#11735,#11736);
#10978=AXIS2_PLACEMENT_3D('',#14457,#11739,#11740);
#10979=AXIS2_PLACEMENT_3D('',#14458,#11741,#11742);
#10980=AXIS2_PLACEMENT_3D('',#14467,#11747,#11748);
#10981=AXIS2_PLACEMENT_3D('',#14473,#11752,#11753);
#10982=AXIS2_PLACEMENT_3D('',#14479,#11757,#11758);
#10983=AXIS2_PLACEMENT_3D('',#14485,#11762,#11763);
#10984=AXIS2_PLACEMENT_3D('',#14491,#11767,#11768);
#10985=AXIS2_PLACEMENT_3D('',#14497,#11772,#11773);
#10986=AXIS2_PLACEMENT_3D('',#14503,#11777,#11778);
#10987=AXIS2_PLACEMENT_3D('',#14509,#11782,#11783);
#10988=AXIS2_PLACEMENT_3D('',#14545,#11789,#11790);
#10989=AXIS2_PLACEMENT_3D('',#14551,#11794,#11795);
#10990=AXIS2_PLACEMENT_3D('',#14557,#11799,#11800);
#10991=AXIS2_PLACEMENT_3D('',#14563,#11804,#11805);
#10992=AXIS2_PLACEMENT_3D('',#14566,#11808,#11809);
#10993=AXIS2_PLACEMENT_3D('',#14567,#11810,#11811);
#10994=AXIS2_PLACEMENT_3D('',#14576,#11816,#11817);
#10995=AXIS2_PLACEMENT_3D('',#14582,#11821,#11822);
#10996=AXIS2_PLACEMENT_3D('',#14588,#11826,#11827);
#10997=AXIS2_PLACEMENT_3D('',#14594,#11831,#11832);
#10998=AXIS2_PLACEMENT_3D('',#14600,#11836,#11837);
#10999=AXIS2_PLACEMENT_3D('',#14606,#11841,#11842);
#11000=AXIS2_PLACEMENT_3D('',#14612,#11846,#11847);
#11001=AXIS2_PLACEMENT_3D('',#14618,#11851,#11852);
#11002=AXIS2_PLACEMENT_3D('',#14624,#11856,#11857);
#11003=AXIS2_PLACEMENT_3D('',#14630,#11861,#11862);
#11004=AXIS2_PLACEMENT_3D('',#14636,#11866,#11867);
#11005=AXIS2_PLACEMENT_3D('',#14639,#11870,#11871);
#11006=AXIS2_PLACEMENT_3D('',#14640,#11872,#11873);
#11007=AXIS2_PLACEMENT_3D('',#14649,#11878,#11879);
#11008=AXIS2_PLACEMENT_3D('',#14655,#11883,#11884);
#11009=AXIS2_PLACEMENT_3D('',#14661,#11888,#11889);
#11010=AXIS2_PLACEMENT_3D('',#14667,#11893,#11894);
#11011=AXIS2_PLACEMENT_3D('',#14673,#11898,#11899);
#11012=AXIS2_PLACEMENT_3D('',#14679,#11903,#11904);
#11013=AXIS2_PLACEMENT_3D('',#14685,#11908,#11909);
#11014=AXIS2_PLACEMENT_3D('',#14688,#11912,#11913);
#11015=AXIS2_PLACEMENT_3D('',#14689,#11914,#11915);
#11016=AXIS2_PLACEMENT_3D('',#14690,#11916,#11917);
#11017=AXIS2_PLACEMENT_3D('',#14691,#11918,#11919);
#11018=AXIS2_PLACEMENT_3D('',#14692,#11920,#11921);
#11019=AXIS2_PLACEMENT_3D('',#14948,#11939,#11940);
#11020=AXIS2_PLACEMENT_3D('',#14949,#11941,#11942);
#11021=AXIS2_PLACEMENT_3D('',#15048,#11953,#11954);
#11022=AXIS2_PLACEMENT_3D('',#15054,#11958,#11959);
#11023=AXIS2_PLACEMENT_3D('',#15057,#11962,#11963);
#11024=AXIS2_PLACEMENT_3D('',#15171,#11975,#11976);
#11025=AXIS2_PLACEMENT_3D('',#15177,#11980,#11981);
#11026=AXIS2_PLACEMENT_3D('',#15348,#11996,#11997);
#11027=AXIS2_PLACEMENT_3D('',#15354,#12001,#12002);
#11028=AXIS2_PLACEMENT_3D('',#15360,#12006,#12007);
#11029=AXIS2_PLACEMENT_3D('',#15363,#12010,#12011);
#11030=AXIS2_PLACEMENT_3D('',#15412,#12016,#12017);
#11031=AXIS2_PLACEMENT_3D('',#15418,#12021,#12022);
#11032=AXIS2_PLACEMENT_3D('',#15424,#12026,#12027);
#11033=AXIS2_PLACEMENT_3D('',#15460,#12033,#12034);
#11034=AXIS2_PLACEMENT_3D('',#15466,#12038,#12039);
#11035=AXIS2_PLACEMENT_3D('',#15472,#12043,#12044);
#11036=AXIS2_PLACEMENT_3D('',#15553,#12053,#12054);
#11037=AXIS2_PLACEMENT_3D('',#15571,#12058,#12059);
#11038=AXIS2_PLACEMENT_3D('',#15827,#12077,#12078);
#11039=AXIS2_PLACEMENT_3D('',#15948,#12087,#12088);
#11040=AXIS2_PLACEMENT_3D('',#15957,#12093,#12094);
#11041=AXIS2_PLACEMENT_3D('',#15963,#12098,#12099);
#11042=AXIS2_PLACEMENT_3D('',#16104,#12112,#12113);
#11043=AXIS2_PLACEMENT_3D('',#16110,#12117,#12118);
#11044=AXIS2_PLACEMENT_3D('',#16113,#12121,#12122);
#11045=AXIS2_PLACEMENT_3D('',#16252,#12133,#12134);
#11046=AXIS2_PLACEMENT_3D('',#16255,#12137,#12138);
#11047=AXIS2_PLACEMENT_3D('',#16294,#12145,#12146);
#11048=AXIS2_PLACEMENT_3D('',#16405,#12157,#12158);
#11049=AXIS2_PLACEMENT_3D('',#16633,#12176,#12177);
#11050=AXIS2_PLACEMENT_3D('',#16634,#12178,#12179);
#11051=AXIS2_PLACEMENT_3D('',#16643,#12184,#12185);
#11052=AXIS2_PLACEMENT_3D('',#16649,#12189,#12190);
#11053=AXIS2_PLACEMENT_3D('',#16655,#12194,#12195);
#11054=AXIS2_PLACEMENT_3D('',#16661,#12199,#12200);
#11055=AXIS2_PLACEMENT_3D('',#16667,#12204,#12205);
#11056=AXIS2_PLACEMENT_3D('',#16670,#12208,#12209);
#11057=AXIS2_PLACEMENT_3D('',#16671,#12210,#12211);
#11058=AXIS2_PLACEMENT_3D('',#16755,#12221,#12222);
#11059=AXIS2_PLACEMENT_3D('',#16761,#12226,#12227);
#11060=AXIS2_PLACEMENT_3D('',#16767,#12231,#12232);
#11061=AXIS2_PLACEMENT_3D('',#16848,#12241,#12242);
#11062=AXIS2_PLACEMENT_3D('',#16854,#12246,#12247);
#11063=AXIS2_PLACEMENT_3D('',#16860,#12251,#12252);
#11064=AXIS2_PLACEMENT_3D('',#16866,#12256,#12257);
#11065=AXIS2_PLACEMENT_3D('',#16869,#12260,#12261);
#11066=AXIS2_PLACEMENT_3D('',#17113,#12279,#12280);
#11067=AXIS2_PLACEMENT_3D('',#17119,#12284,#12285);
#11068=AXIS2_PLACEMENT_3D('',#17125,#12289,#12290);
#11069=AXIS2_PLACEMENT_3D('',#17131,#12294,#12295);
#11070=AXIS2_PLACEMENT_3D('',#17137,#12299,#12300);
#11071=AXIS2_PLACEMENT_3D('',#17140,#12303,#12304);
#11072=AXIS2_PLACEMENT_3D('',#17189,#12309,#12310);
#11073=AXIS2_PLACEMENT_3D('',#17255,#12318,#12319);
#11074=AXIS2_PLACEMENT_3D('',#17396,#12332,#12333);
#11075=AXIS2_PLACEMENT_3D('',#17414,#12337,#12338);
#11076=AXIS2_PLACEMENT_3D('',#17415,#12339,#12340);
#11077=AXIS2_PLACEMENT_3D('',#17424,#12345,#12346);
#11078=AXIS2_PLACEMENT_3D('',#17430,#12350,#12351);
#11079=AXIS2_PLACEMENT_3D('',#17436,#12355,#12356);
#11080=AXIS2_PLACEMENT_3D('',#17442,#12360,#12361);
#11081=AXIS2_PLACEMENT_3D('',#17448,#12365,#12366);
#11082=AXIS2_PLACEMENT_3D('',#17454,#12370,#12371);
#11083=AXIS2_PLACEMENT_3D('',#17460,#12375,#12376);
#11084=AXIS2_PLACEMENT_3D('',#17463,#12379,#12380);
#11085=AXIS2_PLACEMENT_3D('',#17464,#12381,#12382);
#11086=AXIS2_PLACEMENT_3D('',#17473,#12387,#12388);
#11087=AXIS2_PLACEMENT_3D('',#17479,#12392,#12393);
#11088=AXIS2_PLACEMENT_3D('',#17485,#12397,#12398);
#11089=AXIS2_PLACEMENT_3D('',#17488,#12401,#12402);
#11090=AXIS2_PLACEMENT_3D('',#17489,#12403,#12404);
#11091=AXIS2_PLACEMENT_3D('',#17490,#12405,#12406);
#11092=AXIS2_PLACEMENT_3D('',#17491,#12407,#12408);
#11093=AXIS2_PLACEMENT_3D('',#17492,#12409,#12410);
#11094=AXIS2_PLACEMENT_3D('',#17493,#12411,#12412);
#11095=AXIS2_PLACEMENT_3D('',#17494,#12413,#12414);
#11096=AXIS2_PLACEMENT_3D('',#17495,#12415,#12416);
#11097=AXIS2_PLACEMENT_3D('',#17496,#12417,#12418);
#11098=AXIS2_PLACEMENT_3D('',#17575,#12425,#12426);
#11099=AXIS2_PLACEMENT_3D('',#17581,#12430,#12431);
#11100=AXIS2_PLACEMENT_3D('',#17587,#12435,#12436);
#11101=AXIS2_PLACEMENT_3D('',#17683,#12446,#12447);
#11102=AXIS2_PLACEMENT_3D('',#17689,#12451,#12452);
#11103=AXIS2_PLACEMENT_3D('',#17695,#12456,#12457);
#11104=AXIS2_PLACEMENT_3D('',#17698,#12460,#12461);
#11105=AXIS2_PLACEMENT_3D('',#17699,#12462,#12463);
#11106=AXIS2_PLACEMENT_3D('',#17708,#12468,#12469);
#11107=AXIS2_PLACEMENT_3D('',#17714,#12473,#12474);
#11108=AXIS2_PLACEMENT_3D('',#17720,#12478,#12479);
#11109=AXIS2_PLACEMENT_3D('',#17726,#12483,#12484);
#11110=AXIS2_PLACEMENT_3D('',#17732,#12488,#12489);
#11111=AXIS2_PLACEMENT_3D('',#17738,#12493,#12494);
#11112=AXIS2_PLACEMENT_3D('',#17744,#12498,#12499);
#11113=AXIS2_PLACEMENT_3D('',#17750,#12503,#12504);
#11114=AXIS2_PLACEMENT_3D('',#17756,#12508,#12509);
#11115=AXIS2_PLACEMENT_3D('',#17762,#12513,#12514);
#11116=AXIS2_PLACEMENT_3D('',#17768,#12518,#12519);
#11117=AXIS2_PLACEMENT_3D('',#17771,#12522,#12523);
#11118=AXIS2_PLACEMENT_3D('',#17772,#12524,#12525);
#11119=AXIS2_PLACEMENT_3D('',#17781,#12530,#12531);
#11120=AXIS2_PLACEMENT_3D('',#17787,#12535,#12536);
#11121=AXIS2_PLACEMENT_3D('',#17793,#12540,#12541);
#11122=AXIS2_PLACEMENT_3D('',#17799,#12545,#12546);
#11123=AXIS2_PLACEMENT_3D('',#17805,#12550,#12551);
#11124=AXIS2_PLACEMENT_3D('',#17811,#12555,#12556);
#11125=AXIS2_PLACEMENT_3D('',#17817,#12560,#12561);
#11126=AXIS2_PLACEMENT_3D('',#17823,#12565,#12566);
#11127=AXIS2_PLACEMENT_3D('',#17829,#12570,#12571);
#11128=AXIS2_PLACEMENT_3D('',#17835,#12575,#12576);
#11129=AXIS2_PLACEMENT_3D('',#17841,#12580,#12581);
#11130=AXIS2_PLACEMENT_3D('',#17844,#12584,#12585);
#11131=AXIS2_PLACEMENT_3D('',#17845,#12586,#12587);
#11132=AXIS2_PLACEMENT_3D('',#17854,#12592,#12593);
#11133=AXIS2_PLACEMENT_3D('',#17860,#12597,#12598);
#11134=AXIS2_PLACEMENT_3D('',#17866,#12602,#12603);
#11135=AXIS2_PLACEMENT_3D('',#17869,#12606,#12607);
#11136=AXIS2_PLACEMENT_3D('',#17870,#12608,#12609);
#11137=AXIS2_PLACEMENT_3D('',#17879,#12614,#12615);
#11138=AXIS2_PLACEMENT_3D('',#17885,#12619,#12620);
#11139=AXIS2_PLACEMENT_3D('',#17891,#12624,#12625);
#11140=AXIS2_PLACEMENT_3D('',#17894,#12628,#12629);
#11141=AXIS2_PLACEMENT_3D('',#17895,#12630,#12631);
#11142=AXIS2_PLACEMENT_3D('',#17904,#12636,#12637);
#11143=AXIS2_PLACEMENT_3D('',#17910,#12641,#12642);
#11144=AXIS2_PLACEMENT_3D('',#17916,#12646,#12647);
#11145=AXIS2_PLACEMENT_3D('',#17919,#12650,#12651);
#11146=AXIS2_PLACEMENT_3D('',#17920,#12652,#12653);
#11147=AXIS2_PLACEMENT_3D('',#17929,#12658,#12659);
#11148=AXIS2_PLACEMENT_3D('',#17935,#12663,#12664);
#11149=AXIS2_PLACEMENT_3D('',#17941,#12668,#12669);
#11150=AXIS2_PLACEMENT_3D('',#17944,#12672,#12673);
#11151=AXIS2_PLACEMENT_3D('',#17945,#12674,#12675);
#11152=AXIS2_PLACEMENT_3D('',#17954,#12680,#12681);
#11153=AXIS2_PLACEMENT_3D('',#17963,#12686,#12687);
#11154=AXIS2_PLACEMENT_3D('',#17966,#12690,#12691);
#11155=AXIS2_PLACEMENT_3D('',#17984,#12701,#12702);
#11156=AXIS2_PLACEMENT_3D('',#17988,#12705,#12706);
#11157=AXIS2_PLACEMENT_3D('',#17990,#12707,#12708);
#11158=AXIS2_PLACEMENT_3D('',#17994,#12710,#12711);
#11159=AXIS2_PLACEMENT_3D('',#18002,#12715,#12716);
#11160=AXIS2_PLACEMENT_3D('',#18006,#12718,#12719);
#11161=AXIS2_PLACEMENT_3D('',#18010,#12721,#12722);
#11162=AXIS2_PLACEMENT_3D('',#18014,#12724,#12725);
#11163=AXIS2_PLACEMENT_3D('',#18018,#12727,#12728);
#11164=AXIS2_PLACEMENT_3D('',#18022,#12730,#12731);
#11165=AXIS2_PLACEMENT_3D('',#18024,#12733,#12734);
#11166=AXIS2_PLACEMENT_3D('',#18030,#12738,#12739);
#11167=AXIS2_PLACEMENT_3D('',#18039,#12744,#12745);
#11168=AXIS2_PLACEMENT_3D('',#18042,#12748,#12749);
#11169=AXIS2_PLACEMENT_3D('',#18058,#12758,#12759);
#11170=AXIS2_PLACEMENT_3D('',#18062,#12762,#12763);
#11171=AXIS2_PLACEMENT_3D('',#18066,#12766,#12767);
#11172=AXIS2_PLACEMENT_3D('',#18072,#12771,#12772);
#11173=AXIS2_PLACEMENT_3D('',#18074,#12774,#12775);
#11174=AXIS2_PLACEMENT_3D('',#18078,#12777,#12778);
#11175=AXIS2_PLACEMENT_3D('',#18082,#12780,#12781);
#11176=AXIS2_PLACEMENT_3D('',#18086,#12783,#12784);
#11177=AXIS2_PLACEMENT_3D('',#18088,#12785,#12786);
#11178=AXIS2_PLACEMENT_3D('',#18095,#12790,#12791);
#11179=AXIS2_PLACEMENT_3D('',#18096,#12792,#12793);
#11180=AXIS2_PLACEMENT_3D('',#18100,#12796,#12797);
#11181=AXIS2_PLACEMENT_3D('',#18106,#12801,#12802);
#11182=AXIS2_PLACEMENT_3D('',#18108,#12804,#12805);
#11183=AXIS2_PLACEMENT_3D('',#18112,#12807,#12808);
#11184=AXIS2_PLACEMENT_3D('',#18120,#12812,#12813);
#11185=AXIS2_PLACEMENT_3D('',#18122,#12814,#12815);
#11186=AXIS2_PLACEMENT_3D('',#18126,#12817,#12818);
#11187=AXIS2_PLACEMENT_3D('',#18129,#12820,#12821);
#11188=AXIS2_PLACEMENT_3D('',#18130,#12822,#12823);
#11189=AXIS2_PLACEMENT_3D('',#18139,#12828,#12829);
#11190=AXIS2_PLACEMENT_3D('',#18145,#12833,#12834);
#11191=AXIS2_PLACEMENT_3D('',#18151,#12838,#12839);
#11192=AXIS2_PLACEMENT_3D('',#18157,#12843,#12844);
#11193=AXIS2_PLACEMENT_3D('',#18163,#12848,#12849);
#11194=AXIS2_PLACEMENT_3D('',#18165,#12851,#12852);
#11195=AXIS2_PLACEMENT_3D('',#18169,#12855,#12856);
#11196=AXIS2_PLACEMENT_3D('',#18173,#12859,#12860);
#11197=AXIS2_PLACEMENT_3D('',#18175,#12861,#12862);
#11198=AXIS2_PLACEMENT_3D('',#18177,#12863,#12864);
#11199=AXIS2_PLACEMENT_3D('',#18181,#12866,#12867);
#11200=AXIS2_PLACEMENT_3D('',#18185,#12869,#12870);
#11201=AXIS2_PLACEMENT_3D('',#18189,#12872,#12873);
#11202=AXIS2_PLACEMENT_3D('',#18193,#12875,#12876);
#11203=AXIS2_PLACEMENT_3D('',#18197,#12878,#12879);
#11204=AXIS2_PLACEMENT_3D('',#18201,#12881,#12882);
#11205=AXIS2_PLACEMENT_3D('',#18205,#12884,#12885);
#11206=AXIS2_PLACEMENT_3D('',#18208,#12887,#12888);
#11207=AXIS2_PLACEMENT_3D('',#18210,#12889,#12890);
#11208=AXIS2_PLACEMENT_3D('',#18214,#12892,#12893);
#11209=AXIS2_PLACEMENT_3D('',#18218,#12895,#12896);
#11210=AXIS2_PLACEMENT_3D('',#18219,#12897,#12898);
#11211=AXIS2_PLACEMENT_3D('',#18223,#12900,#12901);
#11212=AXIS2_PLACEMENT_3D('',#18227,#12903,#12904);
#11213=AXIS2_PLACEMENT_3D('',#18230,#12906,#12907);
#11214=AXIS2_PLACEMENT_3D('',#18232,#12908,#12909);
#11215=AXIS2_PLACEMENT_3D('',#18234,#12911,#12912);
#11216=AXIS2_PLACEMENT_3D('',#18236,#12914,#12915);
#11217=AXIS2_PLACEMENT_3D('',#18239,#12916,#12917);
#11218=AXIS2_PLACEMENT_3D('',#18243,#12919,#12920);
#11219=AXIS2_PLACEMENT_3D('',#18247,#12922,#12923);
#11220=AXIS2_PLACEMENT_3D('',#18251,#12925,#12926);
#11221=AXIS2_PLACEMENT_3D('',#18256,#12929,#12930);
#11222=AXIS2_PLACEMENT_3D('',#18260,#12932,#12933);
#11223=AXIS2_PLACEMENT_3D('',#18264,#12935,#12936);
#11224=AXIS2_PLACEMENT_3D('',#18268,#12938,#12939);
#11225=AXIS2_PLACEMENT_3D('',#18270,#12941,#12942);
#11226=AXIS2_PLACEMENT_3D('',#18272,#12943,#12944);
#11227=AXIS2_PLACEMENT_3D('',#18275,#12946,#12947);
#11228=AXIS2_PLACEMENT_3D('',#18276,#12948,#12949);
#11229=AXIS2_PLACEMENT_3D('',#18278,#12950,#12951);
#11230=AXIS2_PLACEMENT_3D('',#18281,#12953,#12954);
#11231=AXIS2_PLACEMENT_3D('',#18282,#12955,#12956);
#11232=AXIS2_PLACEMENT_3D('',#18283,#12957,#12958);
#11233=AXIS2_PLACEMENT_3D('',#18285,#12959,#12960);
#11234=AXIS2_PLACEMENT_3D('',#18288,#12962,#12963);
#11235=AXIS2_PLACEMENT_3D('',#18289,#12964,#12965);
#11236=AXIS2_PLACEMENT_3D('',#18290,#12966,#12967);
#11237=AXIS2_PLACEMENT_3D('',#18292,#12968,#12969);
#11238=AXIS2_PLACEMENT_3D('',#18295,#12971,#12972);
#11239=AXIS2_PLACEMENT_3D('',#18300,#12977,#12978);
#11240=AXIS2_PLACEMENT_3D('',#18301,#12979,#12980);
#11241=AXIS2_PLACEMENT_3D('',#18303,#12982,#12983);
#11242=AXIS2_PLACEMENT_3D('',#18305,#12985,#12986);
#11243=AXIS2_PLACEMENT_3D('',#18307,#12988,#12989);
#11244=AXIS2_PLACEMENT_3D('',#18309,#12990,#12991);
#11245=AXIS2_PLACEMENT_3D('',#18312,#12993,#12994);
#11246=AXIS2_PLACEMENT_3D('',#18313,#12995,#12996);
#11247=AXIS2_PLACEMENT_3D('',#18314,#12997,#12998);
#11248=AXIS2_PLACEMENT_3D('',#18316,#12999,#13000);
#11249=AXIS2_PLACEMENT_3D('',#18319,#13002,#13003);
#11250=AXIS2_PLACEMENT_3D('',#18320,#13004,#13005);
#11251=AXIS2_PLACEMENT_3D('',#18321,#13006,#13007);
#11252=AXIS2_PLACEMENT_3D('',#18323,#13008,#13009);
#11253=AXIS2_PLACEMENT_3D('',#18326,#13011,#13012);
#11254=AXIS2_PLACEMENT_3D('',#18329,#13015,#13016);
#11255=AXIS2_PLACEMENT_3D('',#18330,#13017,#13018);
#11256=AXIS2_PLACEMENT_3D('',#18332,#13019,#13020);
#11257=AXIS2_PLACEMENT_3D('',#18335,#13022,#13023);
#11258=AXIS2_PLACEMENT_3D('',#18336,#13024,#13025);
#11259=AXIS2_PLACEMENT_3D('',#18337,#13026,#13027);
#11260=AXIS2_PLACEMENT_3D('',#18339,#13028,#13029);
#11261=AXIS2_PLACEMENT_3D('',#18342,#13031,#13032);
#11262=AXIS2_PLACEMENT_3D('',#18343,#13033,#13034);
#11263=AXIS2_PLACEMENT_3D('',#18344,#13035,#13036);
#11264=AXIS2_PLACEMENT_3D('',#18346,#13037,#13038);
#11265=AXIS2_PLACEMENT_3D('',#18350,#13041,#13042);
#11266=AXIS2_PLACEMENT_3D('',#18354,#13046,#13047);
#11267=AXIS2_PLACEMENT_3D('',#18355,#13048,#13049);
#11268=AXIS2_PLACEMENT_3D('',#18357,#13051,#13052);
#11269=AXIS2_PLACEMENT_3D('',#18359,#13053,#13054);
#11270=AXIS2_PLACEMENT_3D('',#18362,#13056,#13057);
#11271=AXIS2_PLACEMENT_3D('',#18363,#13058,#13059);
#11272=AXIS2_PLACEMENT_3D('',#18364,#13060,#13061);
#11273=AXIS2_PLACEMENT_3D('',#18366,#13062,#13063);
#11274=AXIS2_PLACEMENT_3D('',#18369,#13065,#13066);
#11275=AXIS2_PLACEMENT_3D('',#18370,#13067,#13068);
#11276=AXIS2_PLACEMENT_3D('',#18371,#13069,#13070);
#11277=AXIS2_PLACEMENT_3D('',#18373,#13071,#13072);
#11278=AXIS2_PLACEMENT_3D('',#18378,#13076,#13077);
#11279=AXIS2_PLACEMENT_3D('',#18380,#13079,#13080);
#11280=AXIS2_PLACEMENT_3D('',#18381,#13081,#13082);
#11281=AXIS2_PLACEMENT_3D('',#18383,#13084,#13085);
#11282=AXIS2_PLACEMENT_3D('',#18385,#13087,#13088);
#11283=AXIS2_PLACEMENT_3D('',#18387,#13090,#13091);
#11284=AXIS2_PLACEMENT_3D('',#18389,#13093,#13094);
#11285=AXIS2_PLACEMENT_3D('',#18391,#13096,#13097);
#11286=AXIS2_PLACEMENT_3D('',#18392,#13098,#13099);
#11287=AXIS2_PLACEMENT_3D('',#18393,#13100,#13101);
#11288=AXIS2_PLACEMENT_3D('',#18394,#13102,#13103);
#11289=AXIS2_PLACEMENT_3D('',#18395,#13104,#13105);
#11290=AXIS2_PLACEMENT_3D('',#18396,#13106,#13107);
#11291=AXIS2_PLACEMENT_3D('',#18398,#13109,#13110);
#11292=AXIS2_PLACEMENT_3D('',#18399,#13111,#13112);
#11293=AXIS2_PLACEMENT_3D('',#18401,#13114,#13115);
#11294=AXIS2_PLACEMENT_3D('',#18403,#13117,#13118);
#11295=AXIS2_PLACEMENT_3D('',#18405,#13120,#13121);
#11296=AXIS2_PLACEMENT_3D('',#18407,#13123,#13124);
#11297=AXIS2_PLACEMENT_3D('',#18408,#13125,#13126);
#11298=AXIS2_PLACEMENT_3D('',#18417,#13131,#13132);
#11299=AXIS2_PLACEMENT_3D('',#18421,#13134,#13135);
#11300=AXIS2_PLACEMENT_3D('',#18425,#13137,#13138);
#11301=AXIS2_PLACEMENT_3D('',#18427,#13140,#13141);
#11302=AXIS2_PLACEMENT_3D('',#18432,#13145,#13146);
#11303=AXIS2_PLACEMENT_3D('',#18436,#13148,#13149);
#11304=AXIS2_PLACEMENT_3D('',#18439,#13151,#13152);
#11305=AXIS2_PLACEMENT_3D('',#18440,#13153,#13154);
#11306=AXIS2_PLACEMENT_3D('',#18443,#13157,#13158);
#11307=AXIS2_PLACEMENT_3D('',#18446,#13159,#13160);
#11308=AXIS2_PLACEMENT_3D('',#18450,#13163,#13164);
#11309=AXIS2_PLACEMENT_3D('',#18453,#13165,#13166);
#11310=AXIS2_PLACEMENT_3D('',#18457,#13169,#13170);
#11311=AXIS2_PLACEMENT_3D('',#18466,#13175,#13176);
#11312=AXIS2_PLACEMENT_3D('',#18472,#13180,#13181);
#11313=AXIS2_PLACEMENT_3D('',#18475,#13184,#13185);
#11314=AXIS2_PLACEMENT_3D('',#18479,#13189,#13190);
#11315=AXIS2_PLACEMENT_3D('',#18481,#13192,#13193);
#11316=AXIS2_PLACEMENT_3D('',#18485,#13196,#13197);
#11317=AXIS2_PLACEMENT_3D('',#18491,#13201,#13202);
#11318=AXIS2_PLACEMENT_3D('',#18493,#13203,#13204);
#11319=AXIS2_PLACEMENT_3D('',#18495,#13206,#13207);
#11320=AXIS2_PLACEMENT_3D('',#18497,#13209,#13210);
#11321=AXIS2_PLACEMENT_3D('',#18498,#13211,#13212);
#11322=AXIS2_PLACEMENT_3D('',#18499,#13213,#13214);
#11323=AXIS2_PLACEMENT_3D('',#18500,#13215,#13216);
#11324=AXIS2_PLACEMENT_3D('',#18503,#13219,#13220);
#11325=AXIS2_PLACEMENT_3D('',#18504,#13221,#13222);
#11326=AXIS2_PLACEMENT_3D('',#18506,#13224,#13225);
#11327=AXIS2_PLACEMENT_3D('',#18508,#13227,#13228);
#11328=AXIS2_PLACEMENT_3D('',#18509,#13229,#13230);
#11329=DIRECTION('axis',(0.,0.,1.));
#11330=DIRECTION('refdir',(1.,0.,0.));
#11331=DIRECTION('center_axis',(1.,0.,0.));
#11332=DIRECTION('ref_axis',(0.,-1.,0.));
#11333=DIRECTION('',(0.,-1.,0.));
#11334=DIRECTION('',(0.,0.,-1.));
#11335=DIRECTION('',(0.,-1.,0.));
#11336=DIRECTION('',(0.,0.,-1.));
#11337=DIRECTION('center_axis',(0.,-1.,0.));
#11338=DIRECTION('ref_axis',(-1.,0.,0.));
#11339=DIRECTION('',(-1.,0.,0.));
#11340=DIRECTION('',(0.,0.,-1.));
#11341=DIRECTION('',(-1.,0.,0.));
#11342=DIRECTION('center_axis',(-1.,0.,0.));
#11343=DIRECTION('ref_axis',(0.,1.,0.));
#11344=DIRECTION('',(0.,1.,0.));
#11345=DIRECTION('',(0.,0.,-1.));
#11346=DIRECTION('',(0.,1.,0.));
#11347=DIRECTION('center_axis',(0.,-1.,0.));
#11348=DIRECTION('ref_axis',(-1.,0.,0.));
#11349=DIRECTION('',(-1.,0.,0.));
#11350=DIRECTION('',(0.,0.,-1.));
#11351=DIRECTION('',(-1.,0.,0.));
#11352=DIRECTION('center_axis',(1.,0.,0.));
#11353=DIRECTION('ref_axis',(0.,-1.,0.));
#11354=DIRECTION('',(0.,-1.,0.));
#11355=DIRECTION('',(0.,0.,-1.));
#11356=DIRECTION('',(0.,-1.,0.));
#11357=DIRECTION('center_axis',(0.,1.,0.));
#11358=DIRECTION('ref_axis',(1.,0.,0.));
#11359=DIRECTION('',(1.,0.,0.));
#11360=DIRECTION('',(0.,0.,-1.));
#11361=DIRECTION('',(1.,0.,0.));
#11362=DIRECTION('center_axis',(-1.,0.,0.));
#11363=DIRECTION('ref_axis',(0.,1.,0.));
#11364=DIRECTION('',(0.,1.,0.));
#11365=DIRECTION('',(0.,0.,-1.));
#11366=DIRECTION('',(0.,1.,0.));
#11367=DIRECTION('center_axis',(0.,1.,0.));
#11368=DIRECTION('ref_axis',(1.,0.,0.));
#11369=DIRECTION('',(1.,0.,0.));
#11370=DIRECTION('',(0.,0.,-1.));
#11371=DIRECTION('',(1.,0.,0.));
#11372=DIRECTION('center_axis',(1.,0.,0.));
#11373=DIRECTION('ref_axis',(0.,-1.,0.));
#11374=DIRECTION('',(0.,-1.,0.));
#11375=DIRECTION('',(0.,0.,-1.));
#11376=DIRECTION('',(0.,-1.,0.));
#11377=DIRECTION('center_axis',(0.,1.,0.));
#11378=DIRECTION('ref_axis',(1.,0.,0.));
#11379=DIRECTION('',(1.,0.,0.));
#11380=DIRECTION('',(0.,0.,-1.));
#11381=DIRECTION('',(1.,0.,0.));
#11382=DIRECTION('center_axis',(-1.,0.,0.));
#11383=DIRECTION('ref_axis',(0.,1.,0.));
#11384=DIRECTION('',(0.,1.,0.));
#11385=DIRECTION('',(0.,0.,-1.));
#11386=DIRECTION('',(0.,1.,0.));
#11387=DIRECTION('center_axis',(0.,-1.,0.));
#11388=DIRECTION('ref_axis',(-1.,0.,0.));
#11389=DIRECTION('',(-1.,0.,0.));
#11390=DIRECTION('',(-1.,0.,0.));
#11391=DIRECTION('center_axis',(0.,0.,-1.));
#11392=DIRECTION('ref_axis',(-1.,0.,0.));
#11393=DIRECTION('center_axis',(0.,-1.,0.));
#11394=DIRECTION('ref_axis',(-1.,0.,0.));
#11395=DIRECTION('',(-1.,0.,0.));
#11396=DIRECTION('',(0.,0.,-1.));
#11397=DIRECTION('',(-1.,0.,0.));
#11398=DIRECTION('',(0.,0.,-1.));
#11399=DIRECTION('',(0.,0.,-1.));
#11400=DIRECTION('',(0.,0.,-1.));
#11401=DIRECTION('',(0.,0.,-1.));
#11402=DIRECTION('',(0.,0.,-1.));
#11403=DIRECTION('',(0.,0.,-1.));
#11404=DIRECTION('center_axis',(0.,1.,0.));
#11405=DIRECTION('ref_axis',(1.,0.,0.));
#11406=DIRECTION('',(1.,0.,0.));
#11407=DIRECTION('',(0.,0.,-1.));
#11408=DIRECTION('',(1.,0.,0.));
#11409=DIRECTION('center_axis',(1.,0.,0.));
#11410=DIRECTION('ref_axis',(0.,-1.,0.));
#11411=DIRECTION('',(0.,-1.,0.));
#11412=DIRECTION('',(0.,-1.,0.));
#11413=DIRECTION('center_axis',(1.,0.,0.));
#11414=DIRECTION('ref_axis',(0.,-1.,0.));
#11415=DIRECTION('',(0.,-1.,0.));
#11416=DIRECTION('',(0.,0.,-1.));
#11417=DIRECTION('',(0.,-1.,0.));
#11418=DIRECTION('',(0.,0.,-1.));
#11419=DIRECTION('center_axis',(0.,-1.,0.));
#11420=DIRECTION('ref_axis',(-1.,0.,0.));
#11421=DIRECTION('',(-1.,0.,0.));
#11422=DIRECTION('',(0.,0.,-1.));
#11423=DIRECTION('',(-1.,0.,0.));
#11424=DIRECTION('',(0.,0.,-1.));
#11425=DIRECTION('',(0.,0.,-1.));
#11426=DIRECTION('',(0.,0.,-1.));
#11427=DIRECTION('',(0.,0.,-1.));
#11428=DIRECTION('center_axis',(-0.843774911404544,-0.536697213412044,0.));
#11429=DIRECTION('ref_axis',(-0.536697213412044,0.843774911404544,0.));
#11430=DIRECTION('',(-0.536697213412044,0.843774911404544,0.));
#11431=DIRECTION('',(0.,0.,-1.));
#11432=DIRECTION('',(-0.536697213412044,0.843774911404544,0.));
#11433=DIRECTION('center_axis',(0.,-1.,0.));
#11434=DIRECTION('ref_axis',(-1.,0.,0.));
#11435=DIRECTION('',(-1.,0.,0.));
#11436=DIRECTION('',(0.,0.,-1.));
#11437=DIRECTION('',(-1.,0.,0.));
#11438=DIRECTION('center_axis',(0.842616329641062,0.53851436473155,0.));
#11439=DIRECTION('ref_axis',(0.53851436473155,-0.842616329641062,0.));
#11440=DIRECTION('',(0.53851436473155,-0.842616329641062,0.));
#11441=DIRECTION('',(0.,0.,-1.));
#11442=DIRECTION('',(0.53851436473155,-0.842616329641062,0.));
#11443=DIRECTION('',(0.,0.,-1.));
#11444=DIRECTION('',(0.,0.,-1.));
#11445=DIRECTION('',(0.,0.,-1.));
#11446=DIRECTION('',(0.,0.,-1.));
#11447=DIRECTION('',(0.,0.,-1.));
#11448=DIRECTION('',(0.,0.,-1.));
#11449=DIRECTION('',(0.,0.,-1.));
#11450=DIRECTION('center_axis',(0.,1.,0.));
#11451=DIRECTION('ref_axis',(1.,0.,0.));
#11452=DIRECTION('',(1.,0.,0.));
#11453=DIRECTION('',(0.,0.,-1.));
#11454=DIRECTION('',(1.,0.,0.));
#11455=DIRECTION('center_axis',(-1.,0.,0.));
#11456=DIRECTION('ref_axis',(0.,1.,0.));
#11457=DIRECTION('',(0.,1.,0.));
#11458=DIRECTION('',(0.,0.,-1.));
#11459=DIRECTION('',(0.,1.,0.));
#11460=DIRECTION('center_axis',(0.,-1.,0.));
#11461=DIRECTION('ref_axis',(-1.,0.,0.));
#11462=DIRECTION('',(-1.,0.,0.));
#11463=DIRECTION('',(-1.,0.,0.));
#11464=DIRECTION('center_axis',(0.,0.,1.));
#11465=DIRECTION('ref_axis',(1.,0.,0.));
#11466=DIRECTION('center_axis',(1.,0.,0.));
#11467=DIRECTION('ref_axis',(0.,-1.,0.));
#11468=DIRECTION('',(0.,-1.,0.));
#11469=DIRECTION('',(0.,0.,-1.));
#11470=DIRECTION('',(0.,-1.,0.));
#11471=DIRECTION('',(0.,0.,-1.));
#11472=DIRECTION('center_axis',(0.,1.,0.));
#11473=DIRECTION('ref_axis',(1.,0.,0.));
#11474=DIRECTION('',(1.,0.,0.));
#11475=DIRECTION('',(0.,0.,-1.));
#11476=DIRECTION('',(1.,0.,0.));
#11477=DIRECTION('center_axis',(1.,0.,0.));
#11478=DIRECTION('ref_axis',(0.,-1.,0.));
#11479=DIRECTION('',(0.,-1.,0.));
#11480=DIRECTION('',(0.,0.,-1.));
#11481=DIRECTION('',(0.,-1.,0.));
#11482=DIRECTION('center_axis',(0.,-1.,0.));
#11483=DIRECTION('ref_axis',(-1.,0.,0.));
#11484=DIRECTION('',(-1.,0.,0.));
#11485=DIRECTION('',(0.,0.,-1.));
#11486=DIRECTION('',(-1.,0.,0.));
#11487=DIRECTION('center_axis',(1.,0.,0.));
#11488=DIRECTION('ref_axis',(0.,-1.,0.));
#11489=DIRECTION('',(0.,-1.,0.));
#11490=DIRECTION('',(0.,0.,-1.));
#11491=DIRECTION('',(0.,-1.,0.));
#11492=DIRECTION('center_axis',(0.,1.,0.));
#11493=DIRECTION('ref_axis',(1.,0.,0.));
#11494=DIRECTION('',(1.,0.,0.));
#11495=DIRECTION('',(0.,0.,-1.));
#11496=DIRECTION('',(1.,0.,0.));
#11497=DIRECTION('center_axis',(1.,0.,0.));
#11498=DIRECTION('ref_axis',(0.,-1.,0.));
#11499=DIRECTION('',(0.,-1.,0.));
#11500=DIRECTION('',(0.,0.,-1.));
#11501=DIRECTION('',(0.,-1.,0.));
#11502=DIRECTION('center_axis',(0.,-1.,0.));
#11503=DIRECTION('ref_axis',(-1.,0.,0.));
#11504=DIRECTION('',(-1.,0.,0.));
#11505=DIRECTION('',(0.,0.,-1.));
#11506=DIRECTION('',(-1.,0.,0.));
#11507=DIRECTION('center_axis',(1.,0.,0.));
#11508=DIRECTION('ref_axis',(0.,-1.,0.));
#11509=DIRECTION('',(0.,-1.,0.));
#11510=DIRECTION('',(0.,0.,-1.));
#11511=DIRECTION('',(0.,-1.,0.));
#11512=DIRECTION('center_axis',(0.,1.,0.));
#11513=DIRECTION('ref_axis',(1.,0.,0.));
#11514=DIRECTION('',(1.,0.,0.));
#11515=DIRECTION('',(0.,0.,-1.));
#11516=DIRECTION('',(1.,0.,0.));
#11517=DIRECTION('center_axis',(-1.,0.,0.));
#11518=DIRECTION('ref_axis',(0.,1.,0.));
#11519=DIRECTION('',(0.,1.,0.));
#11520=DIRECTION('',(0.,0.,-1.));
#11521=DIRECTION('',(0.,1.,0.));
#11522=DIRECTION('center_axis',(0.,-1.,0.));
#11523=DIRECTION('ref_axis',(-1.,0.,0.));
#11524=DIRECTION('',(-1.,0.,0.));
#11525=DIRECTION('',(-1.,0.,0.));
#11526=DIRECTION('center_axis',(0.,0.,-1.));
#11527=DIRECTION('ref_axis',(-1.,0.,0.));
#11528=DIRECTION('center_axis',(1.,0.,0.));
#11529=DIRECTION('ref_axis',(0.,-1.,0.));
#11530=DIRECTION('',(0.,-1.,0.));
#11531=DIRECTION('',(0.,0.,-1.));
#11532=DIRECTION('',(0.,-1.,0.));
#11533=DIRECTION('',(0.,0.,-1.));
#11534=DIRECTION('center_axis',(0.,1.,0.));
#11535=DIRECTION('ref_axis',(1.,0.,0.));
#11536=DIRECTION('',(1.,0.,0.));
#11537=DIRECTION('',(0.,0.,-1.));
#11538=DIRECTION('',(1.,0.,0.));
#11539=DIRECTION('center_axis',(1.,0.,0.));
#11540=DIRECTION('ref_axis',(0.,-1.,0.));
#11541=DIRECTION('',(0.,-1.,0.));
#11542=DIRECTION('',(0.,0.,-1.));
#11543=DIRECTION('',(0.,-1.,0.));
#11544=DIRECTION('center_axis',(0.,1.,0.));
#11545=DIRECTION('ref_axis',(1.,0.,0.));
#11546=DIRECTION('',(1.,0.,0.));
#11547=DIRECTION('',(0.,0.,-1.));
#11548=DIRECTION('',(1.,0.,0.));
#11549=DIRECTION('center_axis',(-1.,0.,0.));
#11550=DIRECTION('ref_axis',(0.,1.,0.));
#11551=DIRECTION('',(0.,1.,0.));
#11552=DIRECTION('',(0.,0.,-1.));
#11553=DIRECTION('',(0.,1.,0.));
#11554=DIRECTION('center_axis',(0.,-1.,0.));
#11555=DIRECTION('ref_axis',(-1.,0.,0.));
#11556=DIRECTION('',(-1.,0.,0.));
#11557=DIRECTION('',(-1.,0.,0.));
#11558=DIRECTION('center_axis',(0.,0.,-1.));
#11559=DIRECTION('ref_axis',(-1.,0.,0.));
#11560=DIRECTION('',(0.,0.,-1.));
#11561=DIRECTION('',(0.,0.,-1.));
#11562=DIRECTION('',(0.,0.,-1.));
#11563=DIRECTION('',(0.,0.,-1.));
#11564=DIRECTION('',(0.,0.,-1.));
#11565=DIRECTION('',(0.,0.,-1.));
#11566=DIRECTION('',(0.,0.,-1.));
#11567=DIRECTION('',(0.,0.,-1.));
#11568=DIRECTION('',(0.,0.,-1.));
#11569=DIRECTION('',(0.,0.,-1.));
#11570=DIRECTION('',(0.,0.,-1.));
#11571=DIRECTION('',(0.,0.,-1.));
#11572=DIRECTION('',(0.,0.,-1.));
#11573=DIRECTION('',(0.,0.,-1.));
#11574=DIRECTION('',(0.,0.,-1.));
#11575=DIRECTION('',(0.,0.,-1.));
#11576=DIRECTION('',(0.,0.,-1.));
#11577=DIRECTION('',(0.,0.,-1.));
#11578=DIRECTION('',(0.,0.,-1.));
#11579=DIRECTION('',(0.,0.,-1.));
#11580=DIRECTION('center_axis',(0.,0.,1.));
#11581=DIRECTION('ref_axis',(1.,0.,0.));
#11582=DIRECTION('center_axis',(0.,-1.,0.));
#11583=DIRECTION('ref_axis',(-1.,0.,0.));
#11584=DIRECTION('',(-1.,0.,0.));
#11585=DIRECTION('',(0.,0.,-1.));
#11586=DIRECTION('',(-1.,0.,0.));
#11587=DIRECTION('',(0.,0.,-1.));
#11588=DIRECTION('',(0.,0.,-1.));
#11589=DIRECTION('',(0.,0.,-1.));
#11590=DIRECTION('',(0.,0.,-1.));
#11591=DIRECTION('',(0.,0.,-1.));
#11592=DIRECTION('',(0.,0.,-1.));
#11593=DIRECTION('',(0.,0.,-1.));
#11594=DIRECTION('',(0.,0.,-1.));
#11595=DIRECTION('center_axis',(0.,1.,0.));
#11596=DIRECTION('ref_axis',(1.,0.,0.));
#11597=DIRECTION('',(1.,0.,0.));
#11598=DIRECTION('',(0.,0.,-1.));
#11599=DIRECTION('',(1.,0.,0.));
#11600=DIRECTION('center_axis',(1.,0.,0.));
#11601=DIRECTION('ref_axis',(0.,-1.,0.));
#11602=DIRECTION('',(0.,-1.,0.));
#11603=DIRECTION('',(0.,-1.,0.));
#11604=DIRECTION('',(0.,0.,-1.));
#11605=DIRECTION('',(0.,0.,-1.));
#11606=DIRECTION('',(0.,0.,-1.));
#11607=DIRECTION('',(0.,0.,-1.));
#11608=DIRECTION('',(0.,0.,-1.));
#11609=DIRECTION('',(0.,0.,-1.));
#11610=DIRECTION('',(0.,0.,-1.));
#11611=DIRECTION('',(0.,0.,-1.));
#11612=DIRECTION('',(0.,0.,-1.));
#11613=DIRECTION('',(0.,0.,-1.));
#11614=DIRECTION('center_axis',(0.,1.,0.));
#11615=DIRECTION('ref_axis',(1.,0.,0.));
#11616=DIRECTION('',(1.,0.,0.));
#11617=DIRECTION('',(0.,0.,-1.));
#11618=DIRECTION('',(1.,0.,0.));
#11619=DIRECTION('center_axis',(-1.,0.,0.));
#11620=DIRECTION('ref_axis',(0.,1.,0.));
#11621=DIRECTION('',(0.,1.,0.));
#11622=DIRECTION('',(0.,0.,-1.));
#11623=DIRECTION('',(0.,1.,0.));
#11624=DIRECTION('center_axis',(0.,-1.,0.));
#11625=DIRECTION('ref_axis',(-1.,0.,0.));
#11626=DIRECTION('',(-1.,0.,0.));
#11627=DIRECTION('',(-1.,0.,0.));
#11628=DIRECTION('center_axis',(0.,0.,1.));
#11629=DIRECTION('ref_axis',(1.,0.,0.));
#11630=DIRECTION('center_axis',(1.,0.,0.));
#11631=DIRECTION('ref_axis',(0.,-1.,0.));
#11632=DIRECTION('',(0.,-1.,0.));
#11633=DIRECTION('',(0.,0.,-1.));
#11634=DIRECTION('',(0.,-1.,0.));
#11635=DIRECTION('',(0.,0.,-1.));
#11636=DIRECTION('center_axis',(-0.831383700299807,-0.555698787902044,0.));
#11637=DIRECTION('ref_axis',(-0.555698787902044,0.831383700299807,0.));
#11638=DIRECTION('',(-0.555698787902044,0.831383700299807,0.));
#11639=DIRECTION('',(0.,0.,-1.));
#11640=DIRECTION('',(-0.555698787902044,0.831383700299807,0.));
#11641=DIRECTION('center_axis',(0.,-1.,0.));
#11642=DIRECTION('ref_axis',(-1.,0.,0.));
#11643=DIRECTION('',(-1.,0.,0.));
#11644=DIRECTION('',(0.,0.,-1.));
#11645=DIRECTION('',(-1.,0.,0.));
#11646=DIRECTION('center_axis',(1.,0.,0.));
#11647=DIRECTION('ref_axis',(0.,-1.,0.));
#11648=DIRECTION('',(0.,-1.,0.));
#11649=DIRECTION('',(0.,0.,-1.));
#11650=DIRECTION('',(0.,-1.,0.));
#11651=DIRECTION('center_axis',(0.,1.,0.));
#11652=DIRECTION('ref_axis',(1.,0.,0.));
#11653=DIRECTION('',(1.,0.,0.));
#11654=DIRECTION('',(0.,0.,-1.));
#11655=DIRECTION('',(1.,0.,0.));
#11656=DIRECTION('center_axis',(-1.,0.,0.));
#11657=DIRECTION('ref_axis',(0.,1.,0.));
#11658=DIRECTION('',(0.,1.,0.));
#11659=DIRECTION('',(0.,0.,-1.));
#11660=DIRECTION('',(0.,1.,0.));
#11661=DIRECTION('center_axis',(0.83116062028186,0.556032394103683,0.));
#11662=DIRECTION('ref_axis',(0.556032394103683,-0.83116062028186,0.));
#11663=DIRECTION('',(0.556032394103683,-0.83116062028186,0.));
#11664=DIRECTION('',(0.,0.,-1.));
#11665=DIRECTION('',(0.556032394103683,-0.83116062028186,0.));
#11666=DIRECTION('center_axis',(0.,1.,0.));
#11667=DIRECTION('ref_axis',(1.,0.,0.));
#11668=DIRECTION('',(1.,0.,0.));
#11669=DIRECTION('',(0.,0.,-1.));
#11670=DIRECTION('',(1.,0.,0.));
#11671=DIRECTION('center_axis',(-1.,0.,0.));
#11672=DIRECTION('ref_axis',(0.,1.,0.));
#11673=DIRECTION('',(0.,1.,0.));
#11674=DIRECTION('',(0.,0.,-1.));
#11675=DIRECTION('',(0.,1.,0.));
#11676=DIRECTION('center_axis',(0.,-1.,0.));
#11677=DIRECTION('ref_axis',(-1.,0.,0.));
#11678=DIRECTION('',(-1.,0.,0.));
#11679=DIRECTION('',(-1.,0.,0.));
#11680=DIRECTION('center_axis',(0.,0.,-1.));
#11681=DIRECTION('ref_axis',(-1.,0.,0.));
#11682=DIRECTION('',(0.,0.,-1.));
#11683=DIRECTION('',(0.,0.,-1.));
#11684=DIRECTION('',(0.,0.,-1.));
#11685=DIRECTION('center_axis',(-0.935759764532235,-0.352638147514667,0.));
#11686=DIRECTION('ref_axis',(-0.352638147514667,0.935759764532235,0.));
#11687=DIRECTION('',(-0.352638147514667,0.935759764532235,0.));
#11688=DIRECTION('',(0.,0.,-1.));
#11689=DIRECTION('',(-0.352638147514667,0.935759764532235,0.));
#11690=DIRECTION('center_axis',(0.,1.,0.));
#11691=DIRECTION('ref_axis',(1.,0.,0.));
#11692=DIRECTION('',(1.,0.,0.));
#11693=DIRECTION('',(0.,0.,-1.));
#11694=DIRECTION('',(1.,0.,0.));
#11695=DIRECTION('center_axis',(0.936508056215738,-0.350646061781707,0.));
#11696=DIRECTION('ref_axis',(-0.350646061781707,-0.936508056215738,0.));
#11697=DIRECTION('',(-0.350646061781707,-0.936508056215738,0.));
#11698=DIRECTION('',(-0.350646061781707,-0.936508056215738,0.));
#11699=DIRECTION('center_axis',(0.940102128324608,-0.340892927940053,0.));
#11700=DIRECTION('ref_axis',(-0.340892927940053,-0.940102128324608,0.));
#11701=DIRECTION('',(-0.340892927940053,-0.940102128324608,0.));
#11702=DIRECTION('',(0.,0.,-1.));
#11703=DIRECTION('',(-0.340892927940053,-0.940102128324608,0.));
#11704=DIRECTION('',(0.,0.,-1.));
#11705=DIRECTION('center_axis',(0.,-1.,0.));
#11706=DIRECTION('ref_axis',(-1.,0.,0.));
#11707=DIRECTION('',(-1.,0.,0.));
#11708=DIRECTION('',(0.,0.,-1.));
#11709=DIRECTION('',(-1.,0.,0.));
#11710=DIRECTION('center_axis',(-0.933183276197472,-0.359400852844499,0.));
#11711=DIRECTION('ref_axis',(-0.359400852844499,0.933183276197472,0.));
#11712=DIRECTION('',(-0.359400852844499,0.933183276197472,0.));
#11713=DIRECTION('',(0.,0.,-1.));
#11714=DIRECTION('',(-0.359400852844499,0.933183276197472,0.));
#11715=DIRECTION('center_axis',(0.,-1.,0.));
#11716=DIRECTION('ref_axis',(-1.,0.,0.));
#11717=DIRECTION('',(-1.,0.,0.));
#11718=DIRECTION('',(0.,0.,-1.));
#11719=DIRECTION('',(-1.,0.,0.));
#11720=DIRECTION('center_axis',(0.925486656900336,0.378780210543582,0.));
#11721=DIRECTION('ref_axis',(0.378780210543582,-0.925486656900336,0.));
#11722=DIRECTION('',(0.378780210543582,-0.925486656900336,0.));
#11723=DIRECTION('',(0.,0.,-1.));
#11724=DIRECTION('',(0.378780210543582,-0.925486656900336,0.));
#11725=DIRECTION('center_axis',(0.,1.,0.));
#11726=DIRECTION('ref_axis',(1.,0.,0.));
#11727=DIRECTION('',(1.,0.,0.));
#11728=DIRECTION('',(0.,0.,-1.));
#11729=DIRECTION('',(1.,0.,0.));
#11730=DIRECTION('center_axis',(-0.933525981228743,0.358509752128046,0.));
#11731=DIRECTION('ref_axis',(0.358509752128046,0.933525981228743,0.));
#11732=DIRECTION('',(0.358509752128046,0.933525981228743,0.));
#11733=DIRECTION('',(0.,0.,-1.));
#11734=DIRECTION('',(0.358509752128046,0.933525981228743,0.));
#11735=DIRECTION('center_axis',(0.,-1.,0.));
#11736=DIRECTION('ref_axis',(-1.,0.,0.));
#11737=DIRECTION('',(-1.,0.,0.));
#11738=DIRECTION('',(-1.,0.,0.));
#11739=DIRECTION('center_axis',(0.,0.,1.));
#11740=DIRECTION('ref_axis',(1.,0.,0.));
#11741=DIRECTION('center_axis',(1.,0.,0.));
#11742=DIRECTION('ref_axis',(0.,-1.,0.));
#11743=DIRECTION('',(0.,-1.,0.));
#11744=DIRECTION('',(0.,0.,-1.));
#11745=DIRECTION('',(0.,-1.,0.));
#11746=DIRECTION('',(0.,0.,-1.));
#11747=DIRECTION('center_axis',(-0.9468467550088,-0.321684974049621,0.));
#11748=DIRECTION('ref_axis',(-0.321684974049621,0.9468467550088,0.));
#11749=DIRECTION('',(-0.321684974049621,0.9468467550088,0.));
#11750=DIRECTION('',(0.,0.,-1.));
#11751=DIRECTION('',(-0.321684974049621,0.9468467550088,0.));
#11752=DIRECTION('center_axis',(0.,-1.,0.));
#11753=DIRECTION('ref_axis',(-1.,0.,0.));
#11754=DIRECTION('',(-1.,0.,0.));
#11755=DIRECTION('',(0.,0.,-1.));
#11756=DIRECTION('',(-1.,0.,0.));
#11757=DIRECTION('center_axis',(0.944683539967772,-0.327983245477509,0.));
#11758=DIRECTION('ref_axis',(-0.327983245477509,-0.944683539967772,0.));
#11759=DIRECTION('',(-0.327983245477509,-0.944683539967772,0.));
#11760=DIRECTION('',(0.,0.,-1.));
#11761=DIRECTION('',(-0.327983245477509,-0.944683539967772,0.));
#11762=DIRECTION('center_axis',(-1.,0.,0.));
#11763=DIRECTION('ref_axis',(0.,1.,0.));
#11764=DIRECTION('',(0.,1.,0.));
#11765=DIRECTION('',(0.,0.,-1.));
#11766=DIRECTION('',(0.,1.,0.));
#11767=DIRECTION('center_axis',(0.,-1.,0.));
#11768=DIRECTION('ref_axis',(-1.,0.,0.));
#11769=DIRECTION('',(-1.,0.,0.));
#11770=DIRECTION('',(0.,0.,-1.));
#11771=DIRECTION('',(-1.,0.,0.));
#11772=DIRECTION('center_axis',(1.,0.,0.));
#11773=DIRECTION('ref_axis',(0.,-1.,0.));
#11774=DIRECTION('',(0.,-1.,0.));
#11775=DIRECTION('',(0.,0.,-1.));
#11776=DIRECTION('',(0.,-1.,0.));
#11777=DIRECTION('center_axis',(0.,1.,0.));
#11778=DIRECTION('ref_axis',(1.,0.,0.));
#11779=DIRECTION('',(1.,0.,0.));
#11780=DIRECTION('',(0.,0.,-1.));
#11781=DIRECTION('',(1.,0.,0.));
#11782=DIRECTION('center_axis',(-0.945579672614495,0.325390661725663,0.));
#11783=DIRECTION('ref_axis',(0.325390661725663,0.945579672614495,0.));
#11784=DIRECTION('',(0.325390661725663,0.945579672614495,0.));
#11785=DIRECTION('',(0.,0.,-1.));
#11786=DIRECTION('',(0.325390661725663,0.945579672614495,0.));
#11787=DIRECTION('',(0.,0.,-1.));
#11788=DIRECTION('',(0.,0.,-1.));
#11789=DIRECTION('center_axis',(0.948408946215778,0.317049634502039,0.));
#11790=DIRECTION('ref_axis',(0.317049634502039,-0.948408946215778,0.));
#11791=DIRECTION('',(0.317049634502039,-0.948408946215778,0.));
#11792=DIRECTION('',(0.,0.,-1.));
#11793=DIRECTION('',(0.317049634502039,-0.948408946215778,0.));
#11794=DIRECTION('center_axis',(0.,1.,0.));
#11795=DIRECTION('ref_axis',(1.,0.,0.));
#11796=DIRECTION('',(1.,0.,0.));
#11797=DIRECTION('',(0.,0.,-1.));
#11798=DIRECTION('',(1.,0.,0.));
#11799=DIRECTION('center_axis',(-1.,0.,0.));
#11800=DIRECTION('ref_axis',(0.,1.,0.));
#11801=DIRECTION('',(0.,1.,0.));
#11802=DIRECTION('',(0.,0.,-1.));
#11803=DIRECTION('',(0.,1.,0.));
#11804=DIRECTION('center_axis',(0.,-1.,0.));
#11805=DIRECTION('ref_axis',(-1.,0.,0.));
#11806=DIRECTION('',(-1.,0.,0.));
#11807=DIRECTION('',(-1.,0.,0.));
#11808=DIRECTION('center_axis',(0.,0.,1.));
#11809=DIRECTION('ref_axis',(1.,0.,0.));
#11810=DIRECTION('center_axis',(1.,0.,0.));
#11811=DIRECTION('ref_axis',(0.,-1.,0.));
#11812=DIRECTION('',(0.,-1.,0.));
#11813=DIRECTION('',(0.,0.,-1.));
#11814=DIRECTION('',(0.,-1.,0.));
#11815=DIRECTION('',(0.,0.,-1.));
#11816=DIRECTION('center_axis',(0.,1.,0.));
#11817=DIRECTION('ref_axis',(1.,0.,0.));
#11818=DIRECTION('',(1.,0.,0.));
#11819=DIRECTION('',(0.,0.,-1.));
#11820=DIRECTION('',(1.,0.,0.));
#11821=DIRECTION('center_axis',(1.,0.,0.));
#11822=DIRECTION('ref_axis',(0.,-1.,0.));
#11823=DIRECTION('',(0.,-1.,0.));
#11824=DIRECTION('',(0.,0.,-1.));
#11825=DIRECTION('',(0.,-1.,0.));
#11826=DIRECTION('center_axis',(0.,-1.,0.));
#11827=DIRECTION('ref_axis',(-1.,0.,0.));
#11828=DIRECTION('',(-1.,0.,0.));
#11829=DIRECTION('',(0.,0.,-1.));
#11830=DIRECTION('',(-1.,0.,0.));
#11831=DIRECTION('center_axis',(1.,0.,0.));
#11832=DIRECTION('ref_axis',(0.,-1.,0.));
#11833=DIRECTION('',(0.,-1.,0.));
#11834=DIRECTION('',(0.,0.,-1.));
#11835=DIRECTION('',(0.,-1.,0.));
#11836=DIRECTION('center_axis',(0.,1.,0.));
#11837=DIRECTION('ref_axis',(1.,0.,0.));
#11838=DIRECTION('',(1.,0.,0.));
#11839=DIRECTION('',(0.,0.,-1.));
#11840=DIRECTION('',(1.,0.,0.));
#11841=DIRECTION('center_axis',(1.,0.,0.));
#11842=DIRECTION('ref_axis',(0.,-1.,0.));
#11843=DIRECTION('',(0.,-1.,0.));
#11844=DIRECTION('',(0.,0.,-1.));
#11845=DIRECTION('',(0.,-1.,0.));
#11846=DIRECTION('center_axis',(0.,-1.,0.));
#11847=DIRECTION('ref_axis',(-1.,0.,0.));
#11848=DIRECTION('',(-1.,0.,0.));
#11849=DIRECTION('',(0.,0.,-1.));
#11850=DIRECTION('',(-1.,0.,0.));
#11851=DIRECTION('center_axis',(1.,0.,0.));
#11852=DIRECTION('ref_axis',(0.,-1.,0.));
#11853=DIRECTION('',(0.,-1.,0.));
#11854=DIRECTION('',(0.,0.,-1.));
#11855=DIRECTION('',(0.,-1.,0.));
#11856=DIRECTION('center_axis',(0.,1.,0.));
#11857=DIRECTION('ref_axis',(1.,0.,0.));
#11858=DIRECTION('',(1.,0.,0.));
#11859=DIRECTION('',(0.,0.,-1.));
#11860=DIRECTION('',(1.,0.,0.));
#11861=DIRECTION('center_axis',(-1.,0.,0.));
#11862=DIRECTION('ref_axis',(0.,1.,0.));
#11863=DIRECTION('',(0.,1.,0.));
#11864=DIRECTION('',(0.,0.,-1.));
#11865=DIRECTION('',(0.,1.,0.));
#11866=DIRECTION('center_axis',(0.,-1.,0.));
#11867=DIRECTION('ref_axis',(-1.,0.,0.));
#11868=DIRECTION('',(-1.,0.,0.));
#11869=DIRECTION('',(-1.,0.,0.));
#11870=DIRECTION('center_axis',(0.,0.,-1.));
#11871=DIRECTION('ref_axis',(-1.,0.,0.));
#11872=DIRECTION('center_axis',(1.,0.,0.));
#11873=DIRECTION('ref_axis',(0.,-1.,0.));
#11874=DIRECTION('',(0.,-1.,0.));
#11875=DIRECTION('',(0.,0.,-1.));
#11876=DIRECTION('',(0.,-1.,0.));
#11877=DIRECTION('',(0.,0.,-1.));
#11878=DIRECTION('center_axis',(0.,-1.,0.));
#11879=DIRECTION('ref_axis',(-1.,0.,0.));
#11880=DIRECTION('',(-1.,0.,0.));
#11881=DIRECTION('',(0.,0.,-1.));
#11882=DIRECTION('',(-1.,0.,0.));
#11883=DIRECTION('center_axis',(1.,0.,0.));
#11884=DIRECTION('ref_axis',(0.,-1.,0.));
#11885=DIRECTION('',(0.,-1.,0.));
#11886=DIRECTION('',(0.,0.,-1.));
#11887=DIRECTION('',(0.,-1.,0.));
#11888=DIRECTION('center_axis',(0.,1.,0.));
#11889=DIRECTION('ref_axis',(1.,0.,0.));
#11890=DIRECTION('',(1.,0.,0.));
#11891=DIRECTION('',(0.,0.,-1.));
#11892=DIRECTION('',(1.,0.,0.));
#11893=DIRECTION('center_axis',(-1.,0.,0.));
#11894=DIRECTION('ref_axis',(0.,1.,0.));
#11895=DIRECTION('',(0.,1.,0.));
#11896=DIRECTION('',(0.,0.,-1.));
#11897=DIRECTION('',(0.,1.,0.));
#11898=DIRECTION('center_axis',(0.,-1.,0.));
#11899=DIRECTION('ref_axis',(-1.,0.,0.));
#11900=DIRECTION('',(-1.,0.,0.));
#11901=DIRECTION('',(0.,0.,-1.));
#11902=DIRECTION('',(-1.,0.,0.));
#11903=DIRECTION('center_axis',(-1.,0.,0.));
#11904=DIRECTION('ref_axis',(0.,1.,0.));
#11905=DIRECTION('',(0.,1.,0.));
#11906=DIRECTION('',(0.,0.,-1.));
#11907=DIRECTION('',(0.,1.,0.));
#11908=DIRECTION('center_axis',(0.,-1.,0.));
#11909=DIRECTION('ref_axis',(-1.,0.,0.));
#11910=DIRECTION('',(-1.,0.,0.));
#11911=DIRECTION('',(-1.,0.,0.));
#11912=DIRECTION('center_axis',(0.,0.,-1.));
#11913=DIRECTION('ref_axis',(-1.,0.,0.));
#11914=DIRECTION('center_axis',(0.,0.,1.));
#11915=DIRECTION('ref_axis',(1.,0.,0.));
#11916=DIRECTION('center_axis',(0.,0.,1.));
#11917=DIRECTION('ref_axis',(1.,0.,0.));
#11918=DIRECTION('center_axis',(0.,0.,1.));
#11919=DIRECTION('ref_axis',(1.,0.,0.));
#11920=DIRECTION('center_axis',(0.,0.,1.));
#11921=DIRECTION('ref_axis',(1.,0.,0.));
#11922=DIRECTION('',(0.,0.,-1.));
#11923=DIRECTION('',(0.,0.,-1.));
#11924=DIRECTION('',(0.,0.,-1.));
#11925=DIRECTION('',(0.,0.,-1.));
#11926=DIRECTION('',(0.,0.,-1.));
#11927=DIRECTION('',(0.,0.,-1.));
#11928=DIRECTION('',(0.,0.,-1.));
#11929=DIRECTION('',(0.,0.,-1.));
#11930=DIRECTION('',(0.,0.,-1.));
#11931=DIRECTION('',(0.,0.,-1.));
#11932=DIRECTION('',(0.,0.,-1.));
#11933=DIRECTION('',(0.,0.,-1.));
#11934=DIRECTION('',(0.,0.,-1.));
#11935=DIRECTION('',(0.,0.,-1.));
#11936=DIRECTION('',(0.,0.,-1.));
#11937=DIRECTION('',(0.,0.,-1.));
#11938=DIRECTION('',(0.,0.,-1.));
#11939=DIRECTION('center_axis',(0.,0.,1.));
#11940=DIRECTION('ref_axis',(1.,0.,0.));
#11941=DIRECTION('center_axis',(0.,-1.,0.));
#11942=DIRECTION('ref_axis',(-1.,0.,0.));
#11943=DIRECTION('',(-1.,0.,0.));
#11944=DIRECTION('',(0.,0.,-1.));
#11945=DIRECTION('',(-1.,0.,0.));
#11946=DIRECTION('',(0.,0.,-1.));
#11947=DIRECTION('',(0.,0.,-1.));
#11948=DIRECTION('',(0.,0.,-1.));
#11949=DIRECTION('',(0.,0.,-1.));
#11950=DIRECTION('',(0.,0.,-1.));
#11951=DIRECTION('',(0.,0.,-1.));
#11952=DIRECTION('',(0.,0.,-1.));
#11953=DIRECTION('center_axis',(0.,1.,0.));
#11954=DIRECTION('ref_axis',(1.,0.,0.));
#11955=DIRECTION('',(1.,0.,0.));
#11956=DIRECTION('',(0.,0.,-1.));
#11957=DIRECTION('',(1.,0.,0.));
#11958=DIRECTION('center_axis',(1.,0.,0.));
#11959=DIRECTION('ref_axis',(0.,-1.,0.));
#11960=DIRECTION('',(0.,-1.,0.));
#11961=DIRECTION('',(0.,-1.,0.));
#11962=DIRECTION('center_axis',(0.,-1.,0.));
#11963=DIRECTION('ref_axis',(-1.,0.,0.));
#11964=DIRECTION('',(-1.,0.,0.));
#11965=DIRECTION('',(0.,0.,-1.));
#11966=DIRECTION('',(-1.,0.,0.));
#11967=DIRECTION('',(0.,0.,-1.));
#11968=DIRECTION('',(0.,0.,-1.));
#11969=DIRECTION('',(0.,0.,-1.));
#11970=DIRECTION('',(0.,0.,-1.));
#11971=DIRECTION('',(0.,0.,-1.));
#11972=DIRECTION('',(0.,0.,-1.));
#11973=DIRECTION('',(0.,0.,-1.));
#11974=DIRECTION('',(0.,0.,-1.));
#11975=DIRECTION('center_axis',(0.,1.,0.));
#11976=DIRECTION('ref_axis',(1.,0.,0.));
#11977=DIRECTION('',(1.,0.,0.));
#11978=DIRECTION('',(0.,0.,-1.));
#11979=DIRECTION('',(1.,0.,0.));
#11980=DIRECTION('center_axis',(1.,0.,0.));
#11981=DIRECTION('ref_axis',(0.,-1.,0.));
#11982=DIRECTION('',(0.,-1.,0.));
#11983=DIRECTION('',(0.,-1.,0.));
#11984=DIRECTION('',(0.,0.,-1.));
#11985=DIRECTION('',(0.,0.,-1.));
#11986=DIRECTION('',(0.,0.,-1.));
#11987=DIRECTION('',(0.,0.,-1.));
#11988=DIRECTION('',(0.,0.,-1.));
#11989=DIRECTION('',(0.,0.,-1.));
#11990=DIRECTION('',(0.,0.,-1.));
#11991=DIRECTION('',(0.,0.,-1.));
#11992=DIRECTION('',(0.,0.,-1.));
#11993=DIRECTION('',(0.,0.,-1.));
#11994=DIRECTION('',(0.,0.,-1.));
#11995=DIRECTION('',(0.,0.,-1.));
#11996=DIRECTION('center_axis',(0.,1.,0.));
#11997=DIRECTION('ref_axis',(1.,0.,0.));
#11998=DIRECTION('',(1.,0.,0.));
#11999=DIRECTION('',(0.,0.,-1.));
#12000=DIRECTION('',(1.,0.,0.));
#12001=DIRECTION('center_axis',(-1.,0.,0.));
#12002=DIRECTION('ref_axis',(0.,1.,0.));
#12003=DIRECTION('',(0.,1.,0.));
#12004=DIRECTION('',(0.,0.,-1.));
#12005=DIRECTION('',(0.,1.,0.));
#12006=DIRECTION('center_axis',(0.,-1.,0.));
#12007=DIRECTION('ref_axis',(-1.,0.,0.));
#12008=DIRECTION('',(-1.,0.,0.));
#12009=DIRECTION('',(-1.,0.,0.));
#12010=DIRECTION('center_axis',(0.,0.,1.));
#12011=DIRECTION('ref_axis',(1.,0.,0.));
#12012=DIRECTION('',(0.,0.,-1.));
#12013=DIRECTION('',(0.,0.,-1.));
#12014=DIRECTION('',(0.,0.,-1.));
#12015=DIRECTION('',(0.,0.,-1.));
#12016=DIRECTION('center_axis',(0.936614037943024,-0.350362874642938,0.));
#12017=DIRECTION('ref_axis',(-0.350362874642938,-0.936614037943024,0.));
#12018=DIRECTION('',(-0.350362874642938,-0.936614037943024,0.));
#12019=DIRECTION('',(0.,0.,-1.));
#12020=DIRECTION('',(-0.350362874642938,-0.936614037943024,0.));
#12021=DIRECTION('center_axis',(0.,1.,0.));
#12022=DIRECTION('ref_axis',(1.,0.,0.));
#12023=DIRECTION('',(1.,0.,0.));
#12024=DIRECTION('',(0.,0.,-1.));
#12025=DIRECTION('',(1.,0.,0.));
#12026=DIRECTION('center_axis',(-0.938860084622152,0.344298913014965,0.));
#12027=DIRECTION('ref_axis',(0.344298913014965,0.938860084622152,0.));
#12028=DIRECTION('',(0.344298913014965,0.938860084622152,0.));
#12029=DIRECTION('',(0.,0.,-1.));
#12030=DIRECTION('',(0.344298913014965,0.938860084622152,0.));
#12031=DIRECTION('',(0.,0.,-1.));
#12032=DIRECTION('',(0.,0.,-1.));
#12033=DIRECTION('center_axis',(0.941082498051674,0.338177071755052,0.));
#12034=DIRECTION('ref_axis',(0.338177071755052,-0.941082498051674,0.));
#12035=DIRECTION('',(0.338177071755052,-0.941082498051674,0.));
#12036=DIRECTION('',(0.,0.,-1.));
#12037=DIRECTION('',(0.338177071755052,-0.941082498051674,0.));
#12038=DIRECTION('center_axis',(0.,1.,0.));
#12039=DIRECTION('ref_axis',(1.,0.,0.));
#12040=DIRECTION('',(1.,0.,0.));
#12041=DIRECTION('',(0.,0.,-1.));
#12042=DIRECTION('',(1.,0.,0.));
#12043=DIRECTION('center_axis',(-0.935168187366845,-0.354203982666781,0.));
#12044=DIRECTION('ref_axis',(-0.354203982666781,0.935168187366845,0.));
#12045=DIRECTION('',(-0.354203982666781,0.935168187366845,0.));
#12046=DIRECTION('',(0.,0.,-1.));
#12047=DIRECTION('',(-0.354203982666781,0.935168187366845,0.));
#12048=DIRECTION('',(0.,0.,-1.));
#12049=DIRECTION('',(0.,0.,-1.));
#12050=DIRECTION('',(0.,0.,-1.));
#12051=DIRECTION('',(0.,0.,-1.));
#12052=DIRECTION('',(0.,0.,-1.));
#12053=DIRECTION('center_axis',(-0.99307041445686,-0.117520857427443,0.));
#12054=DIRECTION('ref_axis',(-0.117520857427443,0.99307041445686,0.));
#12055=DIRECTION('',(-0.117520857427443,0.99307041445686,0.));
#12056=DIRECTION('',(0.,0.,-1.));
#12057=DIRECTION('',(-0.117520857427443,0.99307041445686,0.));
#12058=DIRECTION('center_axis',(0.,0.,1.));
#12059=DIRECTION('ref_axis',(1.,0.,0.));
#12060=DIRECTION('',(0.,0.,-1.));
#12061=DIRECTION('',(0.,0.,-1.));
#12062=DIRECTION('',(0.,0.,-1.));
#12063=DIRECTION('',(0.,0.,-1.));
#12064=DIRECTION('',(0.,0.,-1.));
#12065=DIRECTION('',(0.,0.,-1.));
#12066=DIRECTION('',(0.,0.,-1.));
#12067=DIRECTION('',(0.,0.,-1.));
#12068=DIRECTION('',(0.,0.,-1.));
#12069=DIRECTION('',(0.,0.,-1.));
#12070=DIRECTION('',(0.,0.,-1.));
#12071=DIRECTION('',(0.,0.,-1.));
#12072=DIRECTION('',(0.,0.,-1.));
#12073=DIRECTION('',(0.,0.,-1.));
#12074=DIRECTION('',(0.,0.,-1.));
#12075=DIRECTION('',(0.,0.,-1.));
#12076=DIRECTION('',(0.,0.,-1.));
#12077=DIRECTION('center_axis',(0.,0.,1.));
#12078=DIRECTION('ref_axis',(1.,0.,0.));
#12079=DIRECTION('',(0.,0.,-1.));
#12080=DIRECTION('',(0.,0.,-1.));
#12081=DIRECTION('',(0.,0.,-1.));
#12082=DIRECTION('',(0.,0.,-1.));
#12083=DIRECTION('',(0.,0.,-1.));
#12084=DIRECTION('',(0.,0.,-1.));
#12085=DIRECTION('',(0.,0.,-1.));
#12086=DIRECTION('',(0.,0.,-1.));
#12087=DIRECTION('center_axis',(1.,0.,0.));
#12088=DIRECTION('ref_axis',(0.,-1.,0.));
#12089=DIRECTION('',(0.,-1.,0.));
#12090=DIRECTION('',(0.,0.,-1.));
#12091=DIRECTION('',(0.,-1.,0.));
#12092=DIRECTION('',(0.,0.,-1.));
#12093=DIRECTION('center_axis',(0.,1.,0.));
#12094=DIRECTION('ref_axis',(1.,0.,0.));
#12095=DIRECTION('',(1.,0.,0.));
#12096=DIRECTION('',(0.,0.,-1.));
#12097=DIRECTION('',(1.,0.,0.));
#12098=DIRECTION('center_axis',(-1.,0.,0.));
#12099=DIRECTION('ref_axis',(0.,1.,0.));
#12100=DIRECTION('',(0.,1.,0.));
#12101=DIRECTION('',(0.,0.,-1.));
#12102=DIRECTION('',(0.,1.,0.));
#12103=DIRECTION('',(0.,0.,-1.));
#12104=DIRECTION('',(0.,0.,-1.));
#12105=DIRECTION('',(0.,0.,-1.));
#12106=DIRECTION('',(0.,0.,-1.));
#12107=DIRECTION('',(0.,0.,-1.));
#12108=DIRECTION('',(0.,0.,-1.));
#12109=DIRECTION('',(0.,0.,-1.));
#12110=DIRECTION('',(0.,0.,-1.));
#12111=DIRECTION('',(0.,0.,-1.));
#12112=DIRECTION('center_axis',(-1.,0.,0.));
#12113=DIRECTION('ref_axis',(0.,1.,0.));
#12114=DIRECTION('',(0.,1.,0.));
#12115=DIRECTION('',(0.,0.,-1.));
#12116=DIRECTION('',(0.,1.,0.));
#12117=DIRECTION('center_axis',(0.,-1.,0.));
#12118=DIRECTION('ref_axis',(-1.,0.,0.));
#12119=DIRECTION('',(-1.,0.,0.));
#12120=DIRECTION('',(-1.,0.,0.));
#12121=DIRECTION('center_axis',(0.,0.,1.));
#12122=DIRECTION('ref_axis',(1.,0.,0.));
#12123=DIRECTION('',(0.,0.,-1.));
#12124=DIRECTION('',(0.,0.,-1.));
#12125=DIRECTION('',(0.,0.,-1.));
#12126=DIRECTION('',(0.,0.,-1.));
#12127=DIRECTION('',(0.,0.,-1.));
#12128=DIRECTION('',(0.,0.,-1.));
#12129=DIRECTION('',(0.,0.,-1.));
#12130=DIRECTION('',(0.,0.,-1.));
#12131=DIRECTION('',(0.,0.,-1.));
#12132=DIRECTION('',(0.,0.,-1.));
#12133=DIRECTION('center_axis',(-1.,0.,0.));
#12134=DIRECTION('ref_axis',(0.,1.,0.));
#12135=DIRECTION('',(0.,1.,0.));
#12136=DIRECTION('',(0.,1.,0.));
#12137=DIRECTION('center_axis',(0.,-1.,0.));
#12138=DIRECTION('ref_axis',(-1.,0.,0.));
#12139=DIRECTION('',(-1.,0.,0.));
#12140=DIRECTION('',(0.,0.,-1.));
#12141=DIRECTION('',(-1.,0.,0.));
#12142=DIRECTION('',(0.,0.,-1.));
#12143=DIRECTION('',(0.,0.,-1.));
#12144=DIRECTION('',(0.,0.,-1.));
#12145=DIRECTION('center_axis',(1.,0.,0.));
#12146=DIRECTION('ref_axis',(0.,-1.,0.));
#12147=DIRECTION('',(0.,-1.,0.));
#12148=DIRECTION('',(0.,0.,-1.));
#12149=DIRECTION('',(0.,-1.,0.));
#12150=DIRECTION('',(0.,0.,-1.));
#12151=DIRECTION('',(0.,0.,-1.));
#12152=DIRECTION('',(0.,0.,-1.));
#12153=DIRECTION('',(0.,0.,-1.));
#12154=DIRECTION('',(0.,0.,-1.));
#12155=DIRECTION('',(0.,0.,-1.));
#12156=DIRECTION('',(0.,0.,-1.));
#12157=DIRECTION('center_axis',(-0.135114009647347,-0.990830058282961,0.));
#12158=DIRECTION('ref_axis',(-0.990830058282961,0.135114009647347,0.));
#12159=DIRECTION('',(-0.990830058282961,0.135114009647347,0.));
#12160=DIRECTION('',(0.,0.,-1.));
#12161=DIRECTION('',(-0.990830058282961,0.135114009647347,0.));
#12162=DIRECTION('',(0.,0.,-1.));
#12163=DIRECTION('',(0.,0.,-1.));
#12164=DIRECTION('',(0.,0.,-1.));
#12165=DIRECTION('',(0.,0.,-1.));
#12166=DIRECTION('',(0.,0.,-1.));
#12167=DIRECTION('',(0.,0.,-1.));
#12168=DIRECTION('',(0.,0.,-1.));
#12169=DIRECTION('',(0.,0.,-1.));
#12170=DIRECTION('',(0.,0.,-1.));
#12171=DIRECTION('',(0.,0.,-1.));
#12172=DIRECTION('',(0.,0.,-1.));
#12173=DIRECTION('',(0.,0.,-1.));
#12174=DIRECTION('',(0.,0.,-1.));
#12175=DIRECTION('',(0.,0.,-1.));
#12176=DIRECTION('center_axis',(0.,0.,1.));
#12177=DIRECTION('ref_axis',(1.,0.,0.));
#12178=DIRECTION('center_axis',(1.,0.,0.));
#12179=DIRECTION('ref_axis',(0.,-1.,0.));
#12180=DIRECTION('',(0.,-1.,0.));
#12181=DIRECTION('',(0.,0.,-1.));
#12182=DIRECTION('',(0.,-1.,0.));
#12183=DIRECTION('',(0.,0.,-1.));
#12184=DIRECTION('center_axis',(0.,1.,0.));
#12185=DIRECTION('ref_axis',(1.,0.,0.));
#12186=DIRECTION('',(1.,0.,0.));
#12187=DIRECTION('',(0.,0.,-1.));
#12188=DIRECTION('',(1.,0.,0.));
#12189=DIRECTION('center_axis',(1.,0.,0.));
#12190=DIRECTION('ref_axis',(0.,-1.,0.));
#12191=DIRECTION('',(0.,-1.,0.));
#12192=DIRECTION('',(0.,0.,-1.));
#12193=DIRECTION('',(0.,-1.,0.));
#12194=DIRECTION('center_axis',(0.,1.,0.));
#12195=DIRECTION('ref_axis',(1.,0.,0.));
#12196=DIRECTION('',(1.,0.,0.));
#12197=DIRECTION('',(0.,0.,-1.));
#12198=DIRECTION('',(1.,0.,0.));
#12199=DIRECTION('center_axis',(-1.,0.,0.));
#12200=DIRECTION('ref_axis',(0.,1.,0.));
#12201=DIRECTION('',(0.,1.,0.));
#12202=DIRECTION('',(0.,0.,-1.));
#12203=DIRECTION('',(0.,1.,0.));
#12204=DIRECTION('center_axis',(0.,-1.,0.));
#12205=DIRECTION('ref_axis',(-1.,0.,0.));
#12206=DIRECTION('',(-1.,0.,0.));
#12207=DIRECTION('',(-1.,0.,0.));
#12208=DIRECTION('center_axis',(0.,0.,-1.));
#12209=DIRECTION('ref_axis',(-1.,0.,0.));
#12210=DIRECTION('center_axis',(1.,0.,0.));
#12211=DIRECTION('ref_axis',(0.,-1.,0.));
#12212=DIRECTION('',(0.,-1.,0.));
#12213=DIRECTION('',(0.,0.,-1.));
#12214=DIRECTION('',(0.,-1.,0.));
#12215=DIRECTION('',(0.,0.,-1.));
#12216=DIRECTION('',(0.,0.,-1.));
#12217=DIRECTION('',(0.,0.,-1.));
#12218=DIRECTION('',(0.,0.,-1.));
#12219=DIRECTION('',(0.,0.,-1.));
#12220=DIRECTION('',(0.,0.,-1.));
#12221=DIRECTION('center_axis',(-1.,0.,0.));
#12222=DIRECTION('ref_axis',(0.,1.,0.));
#12223=DIRECTION('',(0.,1.,0.));
#12224=DIRECTION('',(0.,0.,-1.));
#12225=DIRECTION('',(0.,1.,0.));
#12226=DIRECTION('center_axis',(0.,-1.,0.));
#12227=DIRECTION('ref_axis',(-1.,0.,0.));
#12228=DIRECTION('',(-1.,0.,0.));
#12229=DIRECTION('',(0.,0.,-1.));
#12230=DIRECTION('',(-1.,0.,0.));
#12231=DIRECTION('center_axis',(1.,0.,0.));
#12232=DIRECTION('ref_axis',(0.,-1.,0.));
#12233=DIRECTION('',(0.,-1.,0.));
#12234=DIRECTION('',(0.,0.,-1.));
#12235=DIRECTION('',(0.,-1.,0.));
#12236=DIRECTION('',(0.,0.,-1.));
#12237=DIRECTION('',(0.,0.,-1.));
#12238=DIRECTION('',(0.,0.,-1.));
#12239=DIRECTION('',(0.,0.,-1.));
#12240=DIRECTION('',(0.,0.,-1.));
#12241=DIRECTION('center_axis',(1.,0.,0.));
#12242=DIRECTION('ref_axis',(0.,-1.,0.));
#12243=DIRECTION('',(0.,-1.,0.));
#12244=DIRECTION('',(0.,0.,-1.));
#12245=DIRECTION('',(0.,-1.,0.));
#12246=DIRECTION('center_axis',(0.,1.,0.));
#12247=DIRECTION('ref_axis',(1.,0.,0.));
#12248=DIRECTION('',(1.,0.,0.));
#12249=DIRECTION('',(0.,0.,-1.));
#12250=DIRECTION('',(1.,0.,0.));
#12251=DIRECTION('center_axis',(-1.,0.,0.));
#12252=DIRECTION('ref_axis',(0.,1.,0.));
#12253=DIRECTION('',(0.,1.,0.));
#12254=DIRECTION('',(0.,0.,-1.));
#12255=DIRECTION('',(0.,1.,0.));
#12256=DIRECTION('center_axis',(0.,-1.,0.));
#12257=DIRECTION('ref_axis',(-1.,0.,0.));
#12258=DIRECTION('',(-1.,0.,0.));
#12259=DIRECTION('',(-1.,0.,0.));
#12260=DIRECTION('center_axis',(0.,0.,1.));
#12261=DIRECTION('ref_axis',(1.,0.,0.));
#12262=DIRECTION('',(0.,0.,-1.));
#12263=DIRECTION('',(0.,0.,-1.));
#12264=DIRECTION('',(0.,0.,-1.));
#12265=DIRECTION('',(0.,0.,-1.));
#12266=DIRECTION('',(0.,0.,-1.));
#12267=DIRECTION('',(0.,0.,-1.));
#12268=DIRECTION('',(0.,0.,-1.));
#12269=DIRECTION('',(0.,0.,-1.));
#12270=DIRECTION('',(0.,0.,-1.));
#12271=DIRECTION('',(0.,0.,-1.));
#12272=DIRECTION('',(0.,0.,-1.));
#12273=DIRECTION('',(0.,0.,-1.));
#12274=DIRECTION('',(0.,0.,-1.));
#12275=DIRECTION('',(0.,0.,-1.));
#12276=DIRECTION('',(0.,0.,-1.));
#12277=DIRECTION('',(0.,0.,-1.));
#12278=DIRECTION('',(0.,0.,-1.));
#12279=DIRECTION('center_axis',(1.,0.,0.));
#12280=DIRECTION('ref_axis',(0.,-1.,0.));
#12281=DIRECTION('',(0.,-1.,0.));
#12282=DIRECTION('',(0.,0.,-1.));
#12283=DIRECTION('',(0.,-1.,0.));
#12284=DIRECTION('center_axis',(0.,1.,0.));
#12285=DIRECTION('ref_axis',(1.,0.,0.));
#12286=DIRECTION('',(1.,0.,0.));
#12287=DIRECTION('',(0.,0.,-1.));
#12288=DIRECTION('',(1.,0.,0.));
#12289=DIRECTION('center_axis',(-1.,0.,0.));
#12290=DIRECTION('ref_axis',(0.,1.,0.));
#12291=DIRECTION('',(0.,1.,0.));
#12292=DIRECTION('',(0.,0.,-1.));
#12293=DIRECTION('',(0.,1.,0.));
#12294=DIRECTION('center_axis',(0.,-1.,0.));
#12295=DIRECTION('ref_axis',(-1.,0.,0.));
#12296=DIRECTION('',(-1.,0.,0.));
#12297=DIRECTION('',(0.,0.,-1.));
#12298=DIRECTION('',(-1.,0.,0.));
#12299=DIRECTION('center_axis',(1.,0.,0.));
#12300=DIRECTION('ref_axis',(0.,-1.,0.));
#12301=DIRECTION('',(0.,-1.,0.));
#12302=DIRECTION('',(0.,-1.,0.));
#12303=DIRECTION('center_axis',(0.,0.,1.));
#12304=DIRECTION('ref_axis',(1.,0.,0.));
#12305=DIRECTION('',(0.,0.,-1.));
#12306=DIRECTION('',(0.,0.,-1.));
#12307=DIRECTION('',(0.,0.,-1.));
#12308=DIRECTION('',(0.,0.,-1.));
#12309=DIRECTION('center_axis',(0.,1.,0.));
#12310=DIRECTION('ref_axis',(1.,0.,0.));
#12311=DIRECTION('',(1.,0.,0.));
#12312=DIRECTION('',(0.,0.,-1.));
#12313=DIRECTION('',(1.,0.,0.));
#12314=DIRECTION('',(0.,0.,-1.));
#12315=DIRECTION('',(0.,0.,-1.));
#12316=DIRECTION('',(0.,0.,-1.));
#12317=DIRECTION('',(0.,0.,-1.));
#12318=DIRECTION('center_axis',(0.,-1.,0.));
#12319=DIRECTION('ref_axis',(-1.,0.,0.));
#12320=DIRECTION('',(-1.,0.,0.));
#12321=DIRECTION('',(0.,0.,-1.));
#12322=DIRECTION('',(-1.,0.,0.));
#12323=DIRECTION('',(0.,0.,-1.));
#12324=DIRECTION('',(0.,0.,-1.));
#12325=DIRECTION('',(0.,0.,-1.));
#12326=DIRECTION('',(0.,0.,-1.));
#12327=DIRECTION('',(0.,0.,-1.));
#12328=DIRECTION('',(0.,0.,-1.));
#12329=DIRECTION('',(0.,0.,-1.));
#12330=DIRECTION('',(0.,0.,-1.));
#12331=DIRECTION('',(0.,0.,-1.));
#12332=DIRECTION('center_axis',(0.122720941750163,0.992441217632537,0.));
#12333=DIRECTION('ref_axis',(0.992441217632537,-0.122720941750163,0.));
#12334=DIRECTION('',(0.992441217632537,-0.122720941750163,0.));
#12335=DIRECTION('',(0.,0.,-1.));
#12336=DIRECTION('',(0.992441217632537,-0.122720941750163,0.));
#12337=DIRECTION('center_axis',(0.,0.,1.));
#12338=DIRECTION('ref_axis',(1.,0.,0.));
#12339=DIRECTION('center_axis',(1.,0.,0.));
#12340=DIRECTION('ref_axis',(0.,-1.,0.));
#12341=DIRECTION('',(0.,-1.,0.));
#12342=DIRECTION('',(0.,0.,-1.));
#12343=DIRECTION('',(0.,-1.,0.));
#12344=DIRECTION('',(0.,0.,-1.));
#12345=DIRECTION('center_axis',(0.,-1.,0.));
#12346=DIRECTION('ref_axis',(-1.,0.,0.));
#12347=DIRECTION('',(-1.,0.,0.));
#12348=DIRECTION('',(0.,0.,-1.));
#12349=DIRECTION('',(-1.,0.,0.));
#12350=DIRECTION('center_axis',(1.,0.,0.));
#12351=DIRECTION('ref_axis',(0.,-1.,0.));
#12352=DIRECTION('',(0.,-1.,0.));
#12353=DIRECTION('',(0.,0.,-1.));
#12354=DIRECTION('',(0.,-1.,0.));
#12355=DIRECTION('center_axis',(0.,1.,0.));
#12356=DIRECTION('ref_axis',(1.,0.,0.));
#12357=DIRECTION('',(1.,0.,0.));
#12358=DIRECTION('',(0.,0.,-1.));
#12359=DIRECTION('',(1.,0.,0.));
#12360=DIRECTION('center_axis',(-1.,0.,0.));
#12361=DIRECTION('ref_axis',(0.,1.,0.));
#12362=DIRECTION('',(0.,1.,0.));
#12363=DIRECTION('',(0.,0.,-1.));
#12364=DIRECTION('',(0.,1.,0.));
#12365=DIRECTION('center_axis',(0.,-1.,0.));
#12366=DIRECTION('ref_axis',(-1.,0.,0.));
#12367=DIRECTION('',(-1.,0.,0.));
#12368=DIRECTION('',(0.,0.,-1.));
#12369=DIRECTION('',(-1.,0.,0.));
#12370=DIRECTION('center_axis',(-1.,0.,0.));
#12371=DIRECTION('ref_axis',(0.,1.,0.));
#12372=DIRECTION('',(0.,1.,0.));
#12373=DIRECTION('',(0.,0.,-1.));
#12374=DIRECTION('',(0.,1.,0.));
#12375=DIRECTION('center_axis',(0.,-1.,0.));
#12376=DIRECTION('ref_axis',(-1.,0.,0.));
#12377=DIRECTION('',(-1.,0.,0.));
#12378=DIRECTION('',(-1.,0.,0.));
#12379=DIRECTION('center_axis',(0.,0.,-1.));
#12380=DIRECTION('ref_axis',(-1.,0.,0.));
#12381=DIRECTION('center_axis',(1.,0.,0.));
#12382=DIRECTION('ref_axis',(0.,-1.,0.));
#12383=DIRECTION('',(0.,-1.,0.));
#12384=DIRECTION('',(0.,0.,-1.));
#12385=DIRECTION('',(0.,-1.,0.));
#12386=DIRECTION('',(0.,0.,-1.));
#12387=DIRECTION('center_axis',(0.,1.,0.));
#12388=DIRECTION('ref_axis',(1.,0.,0.));
#12389=DIRECTION('',(1.,0.,0.));
#12390=DIRECTION('',(0.,0.,-1.));
#12391=DIRECTION('',(1.,0.,0.));
#12392=DIRECTION('center_axis',(-1.,0.,0.));
#12393=DIRECTION('ref_axis',(0.,1.,0.));
#12394=DIRECTION('',(0.,1.,0.));
#12395=DIRECTION('',(0.,0.,-1.));
#12396=DIRECTION('',(0.,1.,0.));
#12397=DIRECTION('center_axis',(0.,-1.,0.));
#12398=DIRECTION('ref_axis',(-1.,0.,0.));
#12399=DIRECTION('',(-1.,0.,0.));
#12400=DIRECTION('',(-1.,0.,0.));
#12401=DIRECTION('center_axis',(0.,0.,-1.));
#12402=DIRECTION('ref_axis',(-1.,0.,0.));
#12403=DIRECTION('center_axis',(0.,0.,1.));
#12404=DIRECTION('ref_axis',(1.,0.,0.));
#12405=DIRECTION('center_axis',(0.,0.,1.));
#12406=DIRECTION('ref_axis',(1.,0.,0.));
#12407=DIRECTION('center_axis',(0.,0.,1.));
#12408=DIRECTION('ref_axis',(1.,0.,0.));
#12409=DIRECTION('center_axis',(0.,0.,1.));
#12410=DIRECTION('ref_axis',(1.,0.,0.));
#12411=DIRECTION('center_axis',(0.,0.,1.));
#12412=DIRECTION('ref_axis',(1.,0.,0.));
#12413=DIRECTION('center_axis',(0.,0.,1.));
#12414=DIRECTION('ref_axis',(1.,0.,0.));
#12415=DIRECTION('center_axis',(0.,0.,1.));
#12416=DIRECTION('ref_axis',(1.,0.,0.));
#12417=DIRECTION('center_axis',(0.,0.,1.));
#12418=DIRECTION('ref_axis',(1.,0.,0.));
#12419=DIRECTION('',(0.,0.,-1.));
#12420=DIRECTION('',(0.,0.,-1.));
#12421=DIRECTION('',(0.,0.,-1.));
#12422=DIRECTION('',(0.,0.,-1.));
#12423=DIRECTION('',(0.,0.,-1.));
#12424=DIRECTION('',(0.,0.,-1.));
#12425=DIRECTION('center_axis',(1.,0.,0.));
#12426=DIRECTION('ref_axis',(0.,-1.,0.));
#12427=DIRECTION('',(0.,-1.,0.));
#12428=DIRECTION('',(0.,0.,-1.));
#12429=DIRECTION('',(0.,-1.,0.));
#12430=DIRECTION('center_axis',(0.,1.,0.));
#12431=DIRECTION('ref_axis',(1.,0.,0.));
#12432=DIRECTION('',(1.,0.,0.));
#12433=DIRECTION('',(0.,0.,-1.));
#12434=DIRECTION('',(1.,0.,0.));
#12435=DIRECTION('center_axis',(-1.,0.,0.));
#12436=DIRECTION('ref_axis',(0.,1.,0.));
#12437=DIRECTION('',(0.,1.,0.));
#12438=DIRECTION('',(0.,0.,-1.));
#12439=DIRECTION('',(0.,1.,0.));
#12440=DIRECTION('',(0.,0.,-1.));
#12441=DIRECTION('',(0.,0.,-1.));
#12442=DIRECTION('',(0.,0.,-1.));
#12443=DIRECTION('',(0.,0.,-1.));
#12444=DIRECTION('',(0.,0.,-1.));
#12445=DIRECTION('',(0.,0.,-1.));
#12446=DIRECTION('center_axis',(1.,0.,0.));
#12447=DIRECTION('ref_axis',(0.,-1.,0.));
#12448=DIRECTION('',(0.,-1.,0.));
#12449=DIRECTION('',(0.,0.,-1.));
#12450=DIRECTION('',(0.,-1.,0.));
#12451=DIRECTION('center_axis',(0.,1.,0.));
#12452=DIRECTION('ref_axis',(1.,0.,0.));
#12453=DIRECTION('',(1.,0.,0.));
#12454=DIRECTION('',(0.,0.,-1.));
#12455=DIRECTION('',(1.,0.,0.));
#12456=DIRECTION('center_axis',(-1.,0.,0.));
#12457=DIRECTION('ref_axis',(0.,1.,0.));
#12458=DIRECTION('',(0.,1.,0.));
#12459=DIRECTION('',(0.,1.,0.));
#12460=DIRECTION('center_axis',(0.,0.,1.));
#12461=DIRECTION('ref_axis',(1.,0.,0.));
#12462=DIRECTION('center_axis',(1.,0.,0.));
#12463=DIRECTION('ref_axis',(0.,-1.,0.));
#12464=DIRECTION('',(0.,-1.,0.));
#12465=DIRECTION('',(0.,0.,-1.));
#12466=DIRECTION('',(0.,-1.,0.));
#12467=DIRECTION('',(0.,0.,-1.));
#12468=DIRECTION('center_axis',(0.698100303181736,-0.715999976744112,0.));
#12469=DIRECTION('ref_axis',(-0.715999976744112,-0.698100303181736,0.));
#12470=DIRECTION('',(-0.715999976744112,-0.698100303181736,0.));
#12471=DIRECTION('',(0.,0.,-1.));
#12472=DIRECTION('',(-0.715999976744112,-0.698100303181736,0.));
#12473=DIRECTION('center_axis',(-0.817883229067744,-0.575384239973359,0.));
#12474=DIRECTION('ref_axis',(-0.575384239973359,0.817883229067744,0.));
#12475=DIRECTION('',(-0.575384239973359,0.817883229067744,0.));
#12476=DIRECTION('',(0.,0.,-1.));
#12477=DIRECTION('',(-0.575384239973359,0.817883229067744,0.));
#12478=DIRECTION('center_axis',(0.,-1.,0.));
#12479=DIRECTION('ref_axis',(-1.,0.,0.));
#12480=DIRECTION('',(-1.,0.,0.));
#12481=DIRECTION('',(0.,0.,-1.));
#12482=DIRECTION('',(-1.,0.,0.));
#12483=DIRECTION('center_axis',(0.805287929258819,0.592883927080203,0.));
#12484=DIRECTION('ref_axis',(0.592883927080203,-0.805287929258819,0.));
#12485=DIRECTION('',(0.592883927080203,-0.805287929258819,0.));
#12486=DIRECTION('',(0.,0.,-1.));
#12487=DIRECTION('',(0.592883927080203,-0.805287929258819,0.));
#12488=DIRECTION('center_axis',(0.694719759471483,-0.719280512595666,0.));
#12489=DIRECTION('ref_axis',(-0.719280512595666,-0.694719759471483,0.));
#12490=DIRECTION('',(-0.719280512595666,-0.694719759471483,0.));
#12491=DIRECTION('',(0.,0.,-1.));
#12492=DIRECTION('',(-0.719280512595666,-0.694719759471483,0.));
#12493=DIRECTION('center_axis',(0.,1.,0.));
#12494=DIRECTION('ref_axis',(1.,0.,0.));
#12495=DIRECTION('',(1.,0.,0.));
#12496=DIRECTION('',(0.,0.,-1.));
#12497=DIRECTION('',(1.,0.,0.));
#12498=DIRECTION('center_axis',(-0.706620681773784,0.707592546660543,0.));
#12499=DIRECTION('ref_axis',(0.707592546660543,0.706620681773784,0.));
#12500=DIRECTION('',(0.707592546660543,0.706620681773784,0.));
#12501=DIRECTION('',(0.,0.,-1.));
#12502=DIRECTION('',(0.707592546660543,0.706620681773784,0.));
#12503=DIRECTION('center_axis',(1.,0.,0.));
#12504=DIRECTION('ref_axis',(0.,-1.,0.));
#12505=DIRECTION('',(0.,-1.,0.));
#12506=DIRECTION('',(0.,0.,-1.));
#12507=DIRECTION('',(0.,-1.,0.));
#12508=DIRECTION('center_axis',(0.,1.,0.));
#12509=DIRECTION('ref_axis',(1.,0.,0.));
#12510=DIRECTION('',(1.,0.,0.));
#12511=DIRECTION('',(0.,0.,-1.));
#12512=DIRECTION('',(1.,0.,0.));
#12513=DIRECTION('center_axis',(-1.,0.,0.));
#12514=DIRECTION('ref_axis',(0.,1.,0.));
#12515=DIRECTION('',(0.,1.,0.));
#12516=DIRECTION('',(0.,0.,-1.));
#12517=DIRECTION('',(0.,1.,0.));
#12518=DIRECTION('center_axis',(0.,-1.,0.));
#12519=DIRECTION('ref_axis',(-1.,0.,0.));
#12520=DIRECTION('',(-1.,0.,0.));
#12521=DIRECTION('',(-1.,0.,0.));
#12522=DIRECTION('center_axis',(0.,0.,-1.));
#12523=DIRECTION('ref_axis',(-1.,0.,0.));
#12524=DIRECTION('center_axis',(1.,0.,0.));
#12525=DIRECTION('ref_axis',(0.,-1.,0.));
#12526=DIRECTION('',(0.,-1.,0.));
#12527=DIRECTION('',(0.,0.,-1.));
#12528=DIRECTION('',(0.,-1.,0.));
#12529=DIRECTION('',(0.,0.,-1.));
#12530=DIRECTION('center_axis',(0.,-1.,0.));
#12531=DIRECTION('ref_axis',(-1.,0.,0.));
#12532=DIRECTION('',(-1.,0.,0.));
#12533=DIRECTION('',(0.,0.,-1.));
#12534=DIRECTION('',(-1.,0.,0.));
#12535=DIRECTION('center_axis',(-1.,0.,0.));
#12536=DIRECTION('ref_axis',(0.,1.,0.));
#12537=DIRECTION('',(0.,1.,0.));
#12538=DIRECTION('',(0.,0.,-1.));
#12539=DIRECTION('',(0.,1.,0.));
#12540=DIRECTION('center_axis',(0.,-1.,0.));
#12541=DIRECTION('ref_axis',(-1.,0.,0.));
#12542=DIRECTION('',(-1.,0.,0.));
#12543=DIRECTION('',(0.,0.,-1.));
#12544=DIRECTION('',(-1.,0.,0.));
#12545=DIRECTION('center_axis',(1.,0.,0.));
#12546=DIRECTION('ref_axis',(0.,-1.,0.));
#12547=DIRECTION('',(0.,-1.,0.));
#12548=DIRECTION('',(0.,0.,-1.));
#12549=DIRECTION('',(0.,-1.,0.));
#12550=DIRECTION('center_axis',(0.,1.,0.));
#12551=DIRECTION('ref_axis',(1.,0.,0.));
#12552=DIRECTION('',(1.,0.,0.));
#12553=DIRECTION('',(0.,0.,-1.));
#12554=DIRECTION('',(1.,0.,0.));
#12555=DIRECTION('center_axis',(-1.,0.,0.));
#12556=DIRECTION('ref_axis',(0.,1.,0.));
#12557=DIRECTION('',(0.,1.,0.));
#12558=DIRECTION('',(0.,0.,-1.));
#12559=DIRECTION('',(0.,1.,0.));
#12560=DIRECTION('center_axis',(0.,1.,0.));
#12561=DIRECTION('ref_axis',(1.,0.,0.));
#12562=DIRECTION('',(1.,0.,0.));
#12563=DIRECTION('',(0.,0.,-1.));
#12564=DIRECTION('',(1.,0.,0.));
#12565=DIRECTION('center_axis',(1.,0.,0.));
#12566=DIRECTION('ref_axis',(0.,-1.,0.));
#12567=DIRECTION('',(0.,-1.,0.));
#12568=DIRECTION('',(0.,0.,-1.));
#12569=DIRECTION('',(0.,-1.,0.));
#12570=DIRECTION('center_axis',(0.,1.,0.));
#12571=DIRECTION('ref_axis',(1.,0.,0.));
#12572=DIRECTION('',(1.,0.,0.));
#12573=DIRECTION('',(0.,0.,-1.));
#12574=DIRECTION('',(1.,0.,0.));
#12575=DIRECTION('center_axis',(-1.,0.,0.));
#12576=DIRECTION('ref_axis',(0.,1.,0.));
#12577=DIRECTION('',(0.,1.,0.));
#12578=DIRECTION('',(0.,0.,-1.));
#12579=DIRECTION('',(0.,1.,0.));
#12580=DIRECTION('center_axis',(0.,-1.,0.));
#12581=DIRECTION('ref_axis',(-1.,0.,0.));
#12582=DIRECTION('',(-1.,0.,0.));
#12583=DIRECTION('',(-1.,0.,0.));
#12584=DIRECTION('center_axis',(0.,0.,-1.));
#12585=DIRECTION('ref_axis',(-1.,0.,0.));
#12586=DIRECTION('center_axis',(0.,1.,0.));
#12587=DIRECTION('ref_axis',(-1.,0.,0.));
#12588=DIRECTION('',(-1.,0.,0.));
#12589=DIRECTION('',(0.,0.,1.));
#12590=DIRECTION('',(-1.,0.,0.));
#12591=DIRECTION('',(0.,0.,1.));
#12592=DIRECTION('center_axis',(1.,0.,0.));
#12593=DIRECTION('ref_axis',(0.,1.,0.));
#12594=DIRECTION('',(0.,1.,0.));
#12595=DIRECTION('',(0.,1.,0.));
#12596=DIRECTION('',(0.,0.,1.));
#12597=DIRECTION('center_axis',(0.,-1.,0.));
#12598=DIRECTION('ref_axis',(1.,0.,0.));
#12599=DIRECTION('',(1.,0.,0.));
#12600=DIRECTION('',(1.,0.,0.));
#12601=DIRECTION('',(0.,0.,1.));
#12602=DIRECTION('center_axis',(-1.,0.,0.));
#12603=DIRECTION('ref_axis',(0.,-1.,0.));
#12604=DIRECTION('',(0.,-1.,0.));
#12605=DIRECTION('',(0.,-1.,0.));
#12606=DIRECTION('center_axis',(0.,0.,1.));
#12607=DIRECTION('ref_axis',(1.,0.,0.));
#12608=DIRECTION('center_axis',(0.,1.,0.));
#12609=DIRECTION('ref_axis',(-1.,0.,0.));
#12610=DIRECTION('',(-1.,0.,0.));
#12611=DIRECTION('',(0.,0.,1.));
#12612=DIRECTION('',(-1.,0.,0.));
#12613=DIRECTION('',(0.,0.,1.));
#12614=DIRECTION('center_axis',(1.,0.,0.));
#12615=DIRECTION('ref_axis',(0.,1.,0.));
#12616=DIRECTION('',(0.,1.,0.));
#12617=DIRECTION('',(0.,1.,0.));
#12618=DIRECTION('',(0.,0.,1.));
#12619=DIRECTION('center_axis',(0.,-1.,0.));
#12620=DIRECTION('ref_axis',(1.,0.,0.));
#12621=DIRECTION('',(1.,0.,0.));
#12622=DIRECTION('',(1.,0.,0.));
#12623=DIRECTION('',(0.,0.,1.));
#12624=DIRECTION('center_axis',(-1.,0.,0.));
#12625=DIRECTION('ref_axis',(0.,-1.,0.));
#12626=DIRECTION('',(0.,-1.,0.));
#12627=DIRECTION('',(0.,-1.,0.));
#12628=DIRECTION('center_axis',(0.,0.,1.));
#12629=DIRECTION('ref_axis',(1.,0.,0.));
#12630=DIRECTION('center_axis',(0.,1.,0.));
#12631=DIRECTION('ref_axis',(-1.,0.,0.));
#12632=DIRECTION('',(-1.,0.,0.));
#12633=DIRECTION('',(0.,0.,1.));
#12634=DIRECTION('',(-1.,0.,0.));
#12635=DIRECTION('',(0.,0.,1.));
#12636=DIRECTION('center_axis',(1.,0.,0.));
#12637=DIRECTION('ref_axis',(0.,1.,0.));
#12638=DIRECTION('',(0.,1.,0.));
#12639=DIRECTION('',(0.,1.,0.));
#12640=DIRECTION('',(0.,0.,1.));
#12641=DIRECTION('center_axis',(0.,-1.,0.));
#12642=DIRECTION('ref_axis',(1.,0.,0.));
#12643=DIRECTION('',(1.,0.,0.));
#12644=DIRECTION('',(1.,0.,0.));
#12645=DIRECTION('',(0.,0.,1.));
#12646=DIRECTION('center_axis',(-1.,0.,0.));
#12647=DIRECTION('ref_axis',(0.,-1.,0.));
#12648=DIRECTION('',(0.,-1.,0.));
#12649=DIRECTION('',(0.,-1.,0.));
#12650=DIRECTION('center_axis',(0.,0.,1.));
#12651=DIRECTION('ref_axis',(1.,0.,0.));
#12652=DIRECTION('center_axis',(0.,1.,0.));
#12653=DIRECTION('ref_axis',(-1.,0.,0.));
#12654=DIRECTION('',(-1.,0.,0.));
#12655=DIRECTION('',(0.,0.,1.));
#12656=DIRECTION('',(-1.,0.,0.));
#12657=DIRECTION('',(0.,0.,1.));
#12658=DIRECTION('center_axis',(1.,0.,0.));
#12659=DIRECTION('ref_axis',(0.,1.,0.));
#12660=DIRECTION('',(0.,1.,0.));
#12661=DIRECTION('',(0.,1.,0.));
#12662=DIRECTION('',(0.,0.,1.));
#12663=DIRECTION('center_axis',(0.,-1.,0.));
#12664=DIRECTION('ref_axis',(1.,0.,0.));
#12665=DIRECTION('',(1.,0.,0.));
#12666=DIRECTION('',(1.,0.,0.));
#12667=DIRECTION('',(0.,0.,1.));
#12668=DIRECTION('center_axis',(-1.,0.,0.));
#12669=DIRECTION('ref_axis',(0.,-1.,0.));
#12670=DIRECTION('',(0.,-1.,0.));
#12671=DIRECTION('',(0.,-1.,0.));
#12672=DIRECTION('center_axis',(0.,0.,1.));
#12673=DIRECTION('ref_axis',(1.,0.,0.));
#12674=DIRECTION('center_axis',(1.,0.,0.));
#12675=DIRECTION('ref_axis',(0.,1.,0.));
#12676=DIRECTION('',(0.,0.,-1.));
#12677=DIRECTION('',(0.,1.,0.));
#12678=DIRECTION('',(0.,0.,1.));
#12679=DIRECTION('',(0.,1.,0.));
#12680=DIRECTION('center_axis',(-1.,0.,0.));
#12681=DIRECTION('ref_axis',(0.,-1.,0.));
#12682=DIRECTION('',(0.,0.,1.));
#12683=DIRECTION('',(0.,-1.,0.));
#12684=DIRECTION('',(0.,0.,-1.));
#12685=DIRECTION('',(0.,-1.,0.));
#12686=DIRECTION('center_axis',(0.,0.,1.));
#12687=DIRECTION('ref_axis',(1.,0.,0.));
#12688=DIRECTION('',(1.,0.,0.));
#12689=DIRECTION('',(-1.,0.,0.));
#12690=DIRECTION('center_axis',(0.,1.,0.));
#12691=DIRECTION('ref_axis',(-1.,0.,0.));
#12692=DIRECTION('',(-1.,0.,0.));
#12693=DIRECTION('',(0.,0.,1.));
#12694=DIRECTION('',(-1.,0.,0.));
#12695=DIRECTION('',(0.,0.,-1.));
#12696=DIRECTION('',(-1.,0.,0.));
#12697=DIRECTION('',(0.,0.,1.));
#12698=DIRECTION('',(-1.,0.,0.));
#12699=DIRECTION('',(0.,0.,1.));
#12700=DIRECTION('',(-1.,0.,0.));
#12701=DIRECTION('center_axis',(0.,0.,1.));
#12702=DIRECTION('ref_axis',(1.,0.,0.));
#12703=DIRECTION('',(1.,0.,0.));
#12704=DIRECTION('',(0.,1.,0.));
#12705=DIRECTION('center_axis',(0.,0.,1.));
#12706=DIRECTION('ref_axis',(1.,0.,0.));
#12707=DIRECTION('center_axis',(0.,0.,1.));
#12708=DIRECTION('ref_axis',(1.,0.,0.));
#12709=DIRECTION('',(0.,1.,0.));
#12710=DIRECTION('center_axis',(0.,0.,1.));
#12711=DIRECTION('ref_axis',(0.,-1.,0.));
#12712=DIRECTION('',(1.,0.,0.));
#12713=DIRECTION('',(0.,1.,0.));
#12714=DIRECTION('',(-1.,0.,0.));
#12715=DIRECTION('center_axis',(0.,0.,1.));
#12716=DIRECTION('ref_axis',(1.,0.,0.));
#12717=DIRECTION('',(-1.,0.,0.));
#12718=DIRECTION('center_axis',(0.,0.,-1.));
#12719=DIRECTION('ref_axis',(0.,-1.,0.));
#12720=DIRECTION('',(0.,-1.,0.));
#12721=DIRECTION('center_axis',(0.,0.,1.));
#12722=DIRECTION('ref_axis',(1.,0.,0.));
#12723=DIRECTION('',(0.,-1.,0.));
#12724=DIRECTION('center_axis',(0.,0.,1.));
#12725=DIRECTION('ref_axis',(1.,0.,0.));
#12726=DIRECTION('',(0.,-1.,0.));
#12727=DIRECTION('center_axis',(0.,0.,-1.));
#12728=DIRECTION('ref_axis',(1.,0.,0.));
#12729=DIRECTION('',(1.,0.,0.));
#12730=DIRECTION('center_axis',(0.,0.,1.));
#12731=DIRECTION('ref_axis',(1.,0.,0.));
#12732=DIRECTION('',(1.,0.,0.));
#12733=DIRECTION('center_axis',(1.,0.,0.));
#12734=DIRECTION('ref_axis',(0.,1.,0.));
#12735=DIRECTION('',(0.,0.,-1.));
#12736=DIRECTION('',(0.,1.,0.));
#12737=DIRECTION('',(0.,0.,1.));
#12738=DIRECTION('center_axis',(-1.,0.,0.));
#12739=DIRECTION('ref_axis',(0.,-1.,0.));
#12740=DIRECTION('',(0.,0.,1.));
#12741=DIRECTION('',(0.,-1.,0.));
#12742=DIRECTION('',(0.,0.,-1.));
#12743=DIRECTION('',(0.,-1.,0.));
#12744=DIRECTION('center_axis',(0.,0.,1.));
#12745=DIRECTION('ref_axis',(1.,0.,0.));
#12746=DIRECTION('',(1.,0.,0.));
#12747=DIRECTION('',(-1.,0.,0.));
#12748=DIRECTION('center_axis',(0.,1.,0.));
#12749=DIRECTION('ref_axis',(-1.,0.,0.));
#12750=DIRECTION('',(-1.,0.,0.));
#12751=DIRECTION('',(0.,0.,1.));
#12752=DIRECTION('',(-1.,0.,0.));
#12753=DIRECTION('',(0.,0.,-1.));
#12754=DIRECTION('',(-1.,0.,0.));
#12755=DIRECTION('',(0.,0.,1.));
#12756=DIRECTION('',(-1.,0.,0.));
#12757=DIRECTION('',(0.,0.,-1.));
#12758=DIRECTION('center_axis',(0.,0.,1.));
#12759=DIRECTION('ref_axis',(1.,0.,0.));
#12760=DIRECTION('',(1.,0.,0.));
#12761=DIRECTION('',(0.,1.,0.));
#12762=DIRECTION('center_axis',(1.,0.,0.));
#12763=DIRECTION('ref_axis',(0.,1.,0.));
#12764=DIRECTION('',(0.,0.,-1.));
#12765=DIRECTION('',(0.,1.,0.));
#12766=DIRECTION('center_axis',(-1.,0.,0.));
#12767=DIRECTION('ref_axis',(0.,-1.,0.));
#12768=DIRECTION('',(0.,0.,1.));
#12769=DIRECTION('',(0.,-1.,0.));
#12770=DIRECTION('',(0.,-1.,0.));
#12771=DIRECTION('center_axis',(0.,0.,1.));
#12772=DIRECTION('ref_axis',(1.,0.,0.));
#12773=DIRECTION('',(1.,0.,0.));
#12774=DIRECTION('center_axis',(0.,0.,1.));
#12775=DIRECTION('ref_axis',(1.,0.,0.));
#12776=DIRECTION('',(1.,0.,0.));
#12777=DIRECTION('center_axis',(0.,0.,1.));
#12778=DIRECTION('ref_axis',(1.,0.,0.));
#12779=DIRECTION('',(1.,0.,0.));
#12780=DIRECTION('center_axis',(0.,0.,-1.));
#12781=DIRECTION('ref_axis',(0.,1.,0.));
#12782=DIRECTION('',(0.,1.,0.));
#12783=DIRECTION('center_axis',(0.,0.,1.));
#12784=DIRECTION('ref_axis',(1.,0.,0.));
#12785=DIRECTION('center_axis',(0.,0.,1.));
#12786=DIRECTION('ref_axis',(1.,0.,0.));
#12787=DIRECTION('',(0.,1.,0.));
#12788=DIRECTION('',(-1.,0.,0.));
#12789=DIRECTION('',(0.,-1.,0.));
#12790=DIRECTION('center_axis',(0.,0.,1.));
#12791=DIRECTION('ref_axis',(0.,1.,0.));
#12792=DIRECTION('center_axis',(1.,0.,0.));
#12793=DIRECTION('ref_axis',(0.,1.,0.));
#12794=DIRECTION('',(0.,0.,-1.));
#12795=DIRECTION('',(0.,1.,0.));
#12796=DIRECTION('center_axis',(-1.,0.,0.));
#12797=DIRECTION('ref_axis',(0.,-1.,0.));
#12798=DIRECTION('',(0.,0.,1.));
#12799=DIRECTION('',(0.,-1.,0.));
#12800=DIRECTION('',(0.,-1.,0.));
#12801=DIRECTION('center_axis',(0.,0.,1.));
#12802=DIRECTION('ref_axis',(1.,0.,0.));
#12803=DIRECTION('',(1.,0.,0.));
#12804=DIRECTION('center_axis',(0.,0.,1.));
#12805=DIRECTION('ref_axis',(1.,0.,0.));
#12806=DIRECTION('',(1.,0.,0.));
#12807=DIRECTION('center_axis',(0.,0.,1.));
#12808=DIRECTION('ref_axis',(-1.,0.,0.));
#12809=DIRECTION('',(0.,-1.,0.));
#12810=DIRECTION('',(1.,0.,0.));
#12811=DIRECTION('',(0.,1.,0.));
#12812=DIRECTION('center_axis',(0.,0.,1.));
#12813=DIRECTION('ref_axis',(1.,0.,0.));
#12814=DIRECTION('center_axis',(0.,0.,1.));
#12815=DIRECTION('ref_axis',(1.,0.,0.));
#12816=DIRECTION('',(0.,1.,0.));
#12817=DIRECTION('center_axis',(0.,0.,-1.));
#12818=DIRECTION('ref_axis',(-1.,0.,0.));
#12819=DIRECTION('',(-1.,0.,0.));
#12820=DIRECTION('center_axis',(0.,0.,1.));
#12821=DIRECTION('ref_axis',(1.,0.,0.));
#12822=DIRECTION('center_axis',(-1.,0.,0.));
#12823=DIRECTION('ref_axis',(0.,-1.,0.));
#12824=DIRECTION('',(0.,-1.,0.));
#12825=DIRECTION('',(0.,0.,1.));
#12826=DIRECTION('',(0.,-1.,0.));
#12827=DIRECTION('',(0.,0.,1.));
#12828=DIRECTION('center_axis',(0.,1.,0.));
#12829=DIRECTION('ref_axis',(-1.,0.,0.));
#12830=DIRECTION('',(0.,0.,-1.));
#12831=DIRECTION('',(1.,0.,0.));
#12832=DIRECTION('',(0.,0.,1.));
#12833=DIRECTION('center_axis',(0.,-1.,0.));
#12834=DIRECTION('ref_axis',(1.,0.,0.));
#12835=DIRECTION('',(1.,0.,0.));
#12836=DIRECTION('',(1.,0.,0.));
#12837=DIRECTION('',(0.,0.,1.));
#12838=DIRECTION('center_axis',(0.,1.,0.));
#12839=DIRECTION('ref_axis',(-1.,0.,0.));
#12840=DIRECTION('',(-1.,0.,0.));
#12841=DIRECTION('',(0.,0.,-1.));
#12842=DIRECTION('',(-1.,0.,0.));
#12843=DIRECTION('center_axis',(0.,-1.,0.));
#12844=DIRECTION('ref_axis',(1.,0.,0.));
#12845=DIRECTION('',(0.,0.,-1.));
#12846=DIRECTION('',(-1.,0.,0.));
#12847=DIRECTION('',(0.,0.,1.));
#12848=DIRECTION('center_axis',(0.,0.,1.));
#12849=DIRECTION('ref_axis',(1.,0.,0.));
#12850=DIRECTION('',(0.,1.,0.));
#12851=DIRECTION('center_axis',(1.,0.,0.));
#12852=DIRECTION('ref_axis',(0.,1.,0.));
#12853=DIRECTION('',(0.,1.,0.));
#12854=DIRECTION('',(0.,0.,-1.));
#12855=DIRECTION('center_axis',(1.,0.,0.));
#12856=DIRECTION('ref_axis',(0.,1.,0.));
#12857=DIRECTION('',(0.,0.,1.));
#12858=DIRECTION('',(0.,1.,0.));
#12859=DIRECTION('center_axis',(0.,0.,1.));
#12860=DIRECTION('ref_axis',(1.,0.,0.));
#12861=DIRECTION('center_axis',(0.,0.,-1.));
#12862=DIRECTION('ref_axis',(1.,0.,0.));
#12863=DIRECTION('center_axis',(0.,0.,-1.));
#12864=DIRECTION('ref_axis',(1.,0.,0.));
#12865=DIRECTION('',(0.,1.,0.));
#12866=DIRECTION('center_axis',(0.,0.,-1.));
#12867=DIRECTION('ref_axis',(0.,1.,0.));
#12868=DIRECTION('',(1.,0.,0.));
#12869=DIRECTION('center_axis',(0.,0.,-1.));
#12870=DIRECTION('ref_axis',(1.,0.,0.));
#12871=DIRECTION('',(1.,0.,0.));
#12872=DIRECTION('center_axis',(0.,0.,-1.));
#12873=DIRECTION('ref_axis',(1.,0.,0.));
#12874=DIRECTION('',(1.,0.,0.));
#12875=DIRECTION('center_axis',(0.,0.,-1.));
#12876=DIRECTION('ref_axis',(1.,0.,0.));
#12877=DIRECTION('',(0.,-1.,0.));
#12878=DIRECTION('center_axis',(0.,0.,-1.));
#12879=DIRECTION('ref_axis',(1.,0.,0.));
#12880=DIRECTION('',(0.,-1.,0.));
#12881=DIRECTION('center_axis',(0.,0.,-1.));
#12882=DIRECTION('ref_axis',(1.,0.,0.));
#12883=DIRECTION('',(0.,-1.,0.));
#12884=DIRECTION('center_axis',(0.,0.,-1.));
#12885=DIRECTION('ref_axis',(0.,-1.,0.));
#12886=DIRECTION('',(-1.,0.,0.));
#12887=DIRECTION('center_axis',(0.,0.,-1.));
#12888=DIRECTION('ref_axis',(1.,0.,0.));
#12889=DIRECTION('center_axis',(0.,0.,-1.));
#12890=DIRECTION('ref_axis',(1.,0.,0.));
#12891=DIRECTION('',(-1.,0.,0.));
#12892=DIRECTION('center_axis',(0.,0.,-1.));
#12893=DIRECTION('ref_axis',(-1.,0.,0.));
#12894=DIRECTION('',(0.,1.,0.));
#12895=DIRECTION('center_axis',(0.,0.,-1.));
#12896=DIRECTION('ref_axis',(1.,0.,0.));
#12897=DIRECTION('center_axis',(0.,0.,-1.));
#12898=DIRECTION('ref_axis',(1.,0.,0.));
#12899=DIRECTION('',(0.,-1.,0.));
#12900=DIRECTION('center_axis',(0.,0.,1.));
#12901=DIRECTION('ref_axis',(-1.,0.,0.));
#12902=DIRECTION('',(1.,0.,0.));
#12903=DIRECTION('center_axis',(0.,0.,1.));
#12904=DIRECTION('ref_axis',(0.,-1.,0.));
#12905=DIRECTION('',(0.,1.,0.));
#12906=DIRECTION('center_axis',(0.,0.,1.));
#12907=DIRECTION('ref_axis',(1.,0.,0.));
#12908=DIRECTION('center_axis',(0.,0.,1.));
#12909=DIRECTION('ref_axis',(0.,1.,0.));
#12910=DIRECTION('',(0.,-1.,0.));
#12911=DIRECTION('center_axis',(-1.,0.,0.));
#12912=DIRECTION('ref_axis',(0.,-1.,0.));
#12913=DIRECTION('',(0.,0.,1.));
#12914=DIRECTION('center_axis',(0.,0.,1.));
#12915=DIRECTION('ref_axis',(1.,0.,0.));
#12916=DIRECTION('center_axis',(0.,0.,1.));
#12917=DIRECTION('ref_axis',(-1.,0.,0.));
#12918=DIRECTION('',(0.,-1.,0.));
#12919=DIRECTION('center_axis',(0.,0.,1.));
#12920=DIRECTION('ref_axis',(0.,1.,0.));
#12921=DIRECTION('',(-1.,0.,0.));
#12922=DIRECTION('center_axis',(0.,0.,1.));
#12923=DIRECTION('ref_axis',(1.,0.,0.));
#12924=DIRECTION('',(0.,1.,0.));
#12925=DIRECTION('center_axis',(0.,0.,1.));
#12926=DIRECTION('ref_axis',(0.,-1.,0.));
#12927=DIRECTION('',(1.,0.,0.));
#12928=DIRECTION('',(0.,-1.,0.));
#12929=DIRECTION('center_axis',(0.,0.,1.));
#12930=DIRECTION('ref_axis',(-1.,0.,0.));
#12931=DIRECTION('',(1.,0.,0.));
#12932=DIRECTION('center_axis',(0.,0.,1.));
#12933=DIRECTION('ref_axis',(0.,-1.,0.));
#12934=DIRECTION('',(0.,1.,0.));
#12935=DIRECTION('center_axis',(0.,0.,1.));
#12936=DIRECTION('ref_axis',(1.,0.,0.));
#12937=DIRECTION('',(-1.,0.,0.));
#12938=DIRECTION('center_axis',(0.,0.,1.));
#12939=DIRECTION('ref_axis',(0.,1.,0.));
#12940=DIRECTION('',(0.,-1.,0.));
#12941=DIRECTION('center_axis',(0.,0.,1.));
#12942=DIRECTION('ref_axis',(1.,0.,0.));
#12943=DIRECTION('center_axis',(0.,0.,-1.));
#12944=DIRECTION('ref_axis',(1.,0.,0.));
#12945=DIRECTION('',(0.723304226643343,-8.85792205968522E-17,-0.690529503873567));
#12946=DIRECTION('center_axis',(0.,0.,1.));
#12947=DIRECTION('ref_axis',(1.,0.,0.));
#12948=DIRECTION('center_axis',(0.,0.,1.));
#12949=DIRECTION('ref_axis',(1.,0.,0.));
#12950=DIRECTION('center_axis',(0.,0.,1.));
#12951=DIRECTION('ref_axis',(1.,0.,0.));
#12952=DIRECTION('',(0.,0.,1.));
#12953=DIRECTION('center_axis',(0.,0.,1.));
#12954=DIRECTION('ref_axis',(1.,0.,0.));
#12955=DIRECTION('center_axis',(0.,0.,1.));
#12956=DIRECTION('ref_axis',(1.,0.,0.));
#12957=DIRECTION('center_axis',(0.,0.,1.));
#12958=DIRECTION('ref_axis',(1.,0.,0.));
#12959=DIRECTION('center_axis',(0.,0.,1.));
#12960=DIRECTION('ref_axis',(1.,0.,0.));
#12961=DIRECTION('',(0.,0.,1.));
#12962=DIRECTION('center_axis',(0.,0.,1.));
#12963=DIRECTION('ref_axis',(1.,0.,0.));
#12964=DIRECTION('center_axis',(0.,0.,1.));
#12965=DIRECTION('ref_axis',(1.,0.,0.));
#12966=DIRECTION('center_axis',(0.,0.,1.));
#12967=DIRECTION('ref_axis',(1.,0.,0.));
#12968=DIRECTION('center_axis',(0.,0.,1.));
#12969=DIRECTION('ref_axis',(1.,0.,0.));
#12970=DIRECTION('',(0.,0.,-1.));
#12971=DIRECTION('center_axis',(0.,0.,1.));
#12972=DIRECTION('ref_axis',(1.,0.,0.));
#12973=DIRECTION('',(0.,0.,-1.));
#12974=DIRECTION('',(0.,0.,1.));
#12975=DIRECTION('',(0.,0.,-1.));
#12976=DIRECTION('',(0.,0.,1.));
#12977=DIRECTION('center_axis',(0.,0.,1.));
#12978=DIRECTION('ref_axis',(1.,0.,0.));
#12979=DIRECTION('center_axis',(-1.,0.,0.));
#12980=DIRECTION('ref_axis',(0.,-1.,0.));
#12981=DIRECTION('',(0.,0.,1.));
#12982=DIRECTION('center_axis',(-1.,0.,0.));
#12983=DIRECTION('ref_axis',(0.,-1.,0.));
#12984=DIRECTION('',(0.,0.,1.));
#12985=DIRECTION('center_axis',(0.,-1.,0.));
#12986=DIRECTION('ref_axis',(1.,0.,0.));
#12987=DIRECTION('',(0.,0.,1.));
#12988=DIRECTION('center_axis',(0.,0.,1.));
#12989=DIRECTION('ref_axis',(1.,0.,0.));
#12990=DIRECTION('center_axis',(0.,0.,1.));
#12991=DIRECTION('ref_axis',(1.,0.,0.));
#12992=DIRECTION('',(0.,0.,1.));
#12993=DIRECTION('center_axis',(0.,0.,1.));
#12994=DIRECTION('ref_axis',(1.,0.,0.));
#12995=DIRECTION('center_axis',(0.,0.,1.));
#12996=DIRECTION('ref_axis',(1.,0.,0.));
#12997=DIRECTION('center_axis',(0.,0.,1.));
#12998=DIRECTION('ref_axis',(1.,0.,0.));
#12999=DIRECTION('center_axis',(0.,0.,1.));
#13000=DIRECTION('ref_axis',(1.,0.,0.));
#13001=DIRECTION('',(0.,0.,1.));
#13002=DIRECTION('center_axis',(0.,0.,1.));
#13003=DIRECTION('ref_axis',(1.,0.,0.));
#13004=DIRECTION('center_axis',(0.,0.,1.));
#13005=DIRECTION('ref_axis',(1.,0.,0.));
#13006=DIRECTION('center_axis',(0.,0.,1.));
#13007=DIRECTION('ref_axis',(1.,0.,0.));
#13008=DIRECTION('center_axis',(0.,0.,1.));
#13009=DIRECTION('ref_axis',(1.,0.,0.));
#13010=DIRECTION('',(0.,0.,-1.));
#13011=DIRECTION('center_axis',(0.,0.,1.));
#13012=DIRECTION('ref_axis',(1.,0.,0.));
#13013=DIRECTION('',(0.,0.,1.));
#13014=DIRECTION('',(0.,0.,-1.));
#13015=DIRECTION('center_axis',(0.,0.,1.));
#13016=DIRECTION('ref_axis',(1.,0.,0.));
#13017=DIRECTION('center_axis',(0.,0.,1.));
#13018=DIRECTION('ref_axis',(1.,0.,0.));
#13019=DIRECTION('center_axis',(0.,0.,1.));
#13020=DIRECTION('ref_axis',(1.,0.,0.));
#13021=DIRECTION('',(0.,0.,1.));
#13022=DIRECTION('center_axis',(0.,0.,1.));
#13023=DIRECTION('ref_axis',(1.,0.,0.));
#13024=DIRECTION('center_axis',(0.,0.,1.));
#13025=DIRECTION('ref_axis',(1.,0.,0.));
#13026=DIRECTION('center_axis',(0.,0.,1.));
#13027=DIRECTION('ref_axis',(1.,0.,0.));
#13028=DIRECTION('center_axis',(0.,0.,1.));
#13029=DIRECTION('ref_axis',(1.,0.,0.));
#13030=DIRECTION('',(0.,0.,1.));
#13031=DIRECTION('center_axis',(0.,0.,1.));
#13032=DIRECTION('ref_axis',(1.,0.,0.));
#13033=DIRECTION('center_axis',(0.,0.,1.));
#13034=DIRECTION('ref_axis',(1.,0.,0.));
#13035=DIRECTION('center_axis',(0.,0.,1.));
#13036=DIRECTION('ref_axis',(1.,0.,0.));
#13037=DIRECTION('center_axis',(0.,0.,1.));
#13038=DIRECTION('ref_axis',(1.,0.,0.));
#13039=DIRECTION('',(0.,0.,-1.));
#13040=DIRECTION('',(0.,0.,-1.));
#13041=DIRECTION('center_axis',(0.,0.,1.));
#13042=DIRECTION('ref_axis',(1.,0.,0.));
#13043=DIRECTION('',(0.,0.,-1.));
#13044=DIRECTION('',(0.,0.,1.));
#13045=DIRECTION('',(0.,0.,-1.));
#13046=DIRECTION('center_axis',(0.,0.,1.));
#13047=DIRECTION('ref_axis',(1.,0.,0.));
#13048=DIRECTION('center_axis',(0.,-1.,0.));
#13049=DIRECTION('ref_axis',(1.,0.,0.));
#13050=DIRECTION('',(0.,0.,1.));
#13051=DIRECTION('center_axis',(0.,0.,1.));
#13052=DIRECTION('ref_axis',(1.,0.,0.));
#13053=DIRECTION('center_axis',(0.,0.,1.));
#13054=DIRECTION('ref_axis',(1.,0.,0.));
#13055=DIRECTION('',(0.,0.,1.));
#13056=DIRECTION('center_axis',(0.,0.,1.));
#13057=DIRECTION('ref_axis',(1.,0.,0.));
#13058=DIRECTION('center_axis',(0.,0.,1.));
#13059=DIRECTION('ref_axis',(1.,0.,0.));
#13060=DIRECTION('center_axis',(0.,0.,1.));
#13061=DIRECTION('ref_axis',(1.,0.,0.));
#13062=DIRECTION('center_axis',(0.,0.,1.));
#13063=DIRECTION('ref_axis',(1.,0.,0.));
#13064=DIRECTION('',(0.,0.,1.));
#13065=DIRECTION('center_axis',(0.,0.,1.));
#13066=DIRECTION('ref_axis',(1.,0.,0.));
#13067=DIRECTION('center_axis',(0.,0.,1.));
#13068=DIRECTION('ref_axis',(1.,0.,0.));
#13069=DIRECTION('center_axis',(0.,0.,1.));
#13070=DIRECTION('ref_axis',(1.,0.,0.));
#13071=DIRECTION('center_axis',(0.,0.,1.));
#13072=DIRECTION('ref_axis',(1.,0.,0.));
#13073=DIRECTION('',(0.,0.,-1.));
#13074=DIRECTION('',(0.,0.,1.));
#13075=DIRECTION('',(0.,0.,-1.));
#13076=DIRECTION('center_axis',(0.,0.,1.));
#13077=DIRECTION('ref_axis',(1.,0.,0.));
#13078=DIRECTION('',(0.,0.,-1.));
#13079=DIRECTION('center_axis',(0.,0.,1.));
#13080=DIRECTION('ref_axis',(1.,0.,0.));
#13081=DIRECTION('center_axis',(0.,1.,0.));
#13082=DIRECTION('ref_axis',(-1.,0.,0.));
#13083=DIRECTION('',(0.,0.,1.));
#13084=DIRECTION('center_axis',(0.,1.,0.));
#13085=DIRECTION('ref_axis',(-1.,0.,0.));
#13086=DIRECTION('',(0.,0.,1.));
#13087=DIRECTION('center_axis',(1.,0.,0.));
#13088=DIRECTION('ref_axis',(0.,1.,0.));
#13089=DIRECTION('',(0.,0.,1.));
#13090=DIRECTION('center_axis',(1.,0.,0.));
#13091=DIRECTION('ref_axis',(0.,1.,0.));
#13092=DIRECTION('',(0.,0.,1.));
#13093=DIRECTION('center_axis',(0.,0.,1.));
#13094=DIRECTION('ref_axis',(0.,-1.,0.));
#13095=DIRECTION('',(0.,0.,1.));
#13096=DIRECTION('center_axis',(-1.,0.,0.));
#13097=DIRECTION('ref_axis',(0.,-1.,0.));
#13098=DIRECTION('center_axis',(0.,0.,1.));
#13099=DIRECTION('ref_axis',(1.,0.,0.));
#13100=DIRECTION('center_axis',(0.,-1.,0.));
#13101=DIRECTION('ref_axis',(1.,0.,0.));
#13102=DIRECTION('center_axis',(0.,0.,1.));
#13103=DIRECTION('ref_axis',(0.,1.,0.));
#13104=DIRECTION('center_axis',(0.,0.,1.));
#13105=DIRECTION('ref_axis',(-1.,0.,0.));
#13106=DIRECTION('center_axis',(-1.,0.,0.));
#13107=DIRECTION('ref_axis',(0.,-1.,0.));
#13108=DIRECTION('',(0.,0.,1.));
#13109=DIRECTION('center_axis',(0.,0.,1.));
#13110=DIRECTION('ref_axis',(0.,1.,0.));
#13111=DIRECTION('center_axis',(0.,0.,1.));
#13112=DIRECTION('ref_axis',(1.,0.,0.));
#13113=DIRECTION('',(0.,0.,1.));
#13114=DIRECTION('center_axis',(1.,0.,0.));
#13115=DIRECTION('ref_axis',(0.,1.,0.));
#13116=DIRECTION('',(0.,0.,1.));
#13117=DIRECTION('center_axis',(0.,0.,1.));
#13118=DIRECTION('ref_axis',(0.,-1.,0.));
#13119=DIRECTION('',(0.,0.,1.));
#13120=DIRECTION('center_axis',(0.,-1.,0.));
#13121=DIRECTION('ref_axis',(1.,0.,0.));
#13122=DIRECTION('',(0.,0.,1.));
#13123=DIRECTION('center_axis',(0.,0.,1.));
#13124=DIRECTION('ref_axis',(-1.,0.,0.));
#13125=DIRECTION('center_axis',(-0.447213595499958,0.,-0.894427190999916));
#13126=DIRECTION('ref_axis',(0.894427190999916,0.,-0.447213595499958));
#13127=DIRECTION('',(-0.894427190999916,0.,0.447213595499958));
#13128=DIRECTION('',(0.,-1.,0.));
#13129=DIRECTION('',(0.894427190999916,0.,-0.447213595499958));
#13130=DIRECTION('',(0.,1.,0.));
#13131=DIRECTION('center_axis',(0.,0.,-1.));
#13132=DIRECTION('ref_axis',(1.,0.,0.));
#13133=DIRECTION('',(-1.,0.,0.));
#13134=DIRECTION('center_axis',(0.,0.,-1.));
#13135=DIRECTION('ref_axis',(0.,-1.,0.));
#13136=DIRECTION('',(0.,-1.,0.));
#13137=DIRECTION('center_axis',(0.,0.,-1.));
#13138=DIRECTION('ref_axis',(1.,0.,0.));
#13139=DIRECTION('',(1.,0.,0.));
#13140=DIRECTION('center_axis',(0.,-1.,0.));
#13141=DIRECTION('ref_axis',(1.,0.,0.));
#13142=DIRECTION('',(1.,0.,0.));
#13143=DIRECTION('',(0.,0.,1.));
#13144=DIRECTION('',(0.,0.,1.));
#13145=DIRECTION('center_axis',(0.,0.,1.));
#13146=DIRECTION('ref_axis',(1.,0.,0.));
#13147=DIRECTION('',(-1.,0.,0.));
#13148=DIRECTION('center_axis',(0.,0.,1.));
#13149=DIRECTION('ref_axis',(0.,1.,0.));
#13150=DIRECTION('',(0.,-1.,0.));
#13151=DIRECTION('center_axis',(0.,0.,1.));
#13152=DIRECTION('ref_axis',(-1.,0.,0.));
#13153=DIRECTION('center_axis',(0.,1.,0.));
#13154=DIRECTION('ref_axis',(-1.,0.,0.));
#13155=DIRECTION('',(0.,0.,1.));
#13156=DIRECTION('',(0.,0.,1.));
#13157=DIRECTION('center_axis',(0.,0.,-1.));
#13158=DIRECTION('ref_axis',(1.,0.,0.));
#13159=DIRECTION('center_axis',(0.,0.,1.));
#13160=DIRECTION('ref_axis',(-1.,0.,0.));
#13161=DIRECTION('',(0.,-1.,0.));
#13162=DIRECTION('',(1.,0.,0.));
#13163=DIRECTION('center_axis',(0.,0.,-1.));
#13164=DIRECTION('ref_axis',(1.,0.,0.));
#13165=DIRECTION('center_axis',(0.,0.,1.));
#13166=DIRECTION('ref_axis',(0.,1.,0.));
#13167=DIRECTION('',(1.,0.,0.));
#13168=DIRECTION('',(0.,-1.,0.));
#13169=DIRECTION('center_axis',(0.448107351871123,0.,0.893979754356355));
#13170=DIRECTION('ref_axis',(-0.893979754356355,0.,0.448107351871123));
#13171=DIRECTION('',(0.,1.,0.));
#13172=DIRECTION('',(-0.893979754356355,0.,0.448107351871123));
#13173=DIRECTION('',(0.,-1.,0.));
#13174=DIRECTION('',(-0.893979754356355,0.,0.448107351871123));
#13175=DIRECTION('center_axis',(0.,0.,1.));
#13176=DIRECTION('ref_axis',(-1.,0.,0.));
#13177=DIRECTION('',(-1.,0.,0.));
#13178=DIRECTION('',(-1.,0.,0.));
#13179=DIRECTION('',(0.,-1.,0.));
#13180=DIRECTION('center_axis',(0.,0.,1.));
#13181=DIRECTION('ref_axis',(0.,1.,0.));
#13182=DIRECTION('',(0.,0.,1.));
#13183=DIRECTION('',(0.,0.,1.));
#13184=DIRECTION('center_axis',(-1.,0.,0.));
#13185=DIRECTION('ref_axis',(0.,-1.,0.));
#13186=DIRECTION('',(0.,0.,-1.));
#13187=DIRECTION('',(0.,0.,-1.));
#13188=DIRECTION('',(0.,0.,1.));
#13189=DIRECTION('center_axis',(0.,0.,1.));
#13190=DIRECTION('ref_axis',(-1.,0.,0.));
#13191=DIRECTION('',(0.,0.,1.));
#13192=DIRECTION('center_axis',(0.,-1.,0.));
#13193=DIRECTION('ref_axis',(1.,0.,0.));
#13194=DIRECTION('',(1.,0.,0.));
#13195=DIRECTION('',(0.,0.,1.));
#13196=DIRECTION('center_axis',(1.,0.,0.));
#13197=DIRECTION('ref_axis',(0.,1.,0.));
#13198=DIRECTION('',(0.,0.,1.));
#13199=DIRECTION('',(0.,1.,0.));
#13200=DIRECTION('',(0.,0.,1.));
#13201=DIRECTION('center_axis',(0.,0.,1.));
#13202=DIRECTION('ref_axis',(1.,0.,0.));
#13203=DIRECTION('center_axis',(0.,0.,1.));
#13204=DIRECTION('ref_axis',(1.,0.,0.));
#13205=DIRECTION('',(0.,0.,1.));
#13206=DIRECTION('center_axis',(0.,1.,0.));
#13207=DIRECTION('ref_axis',(-1.,0.,0.));
#13208=DIRECTION('',(-1.,0.,0.));
#13209=DIRECTION('center_axis',(0.,0.,1.));
#13210=DIRECTION('ref_axis',(0.,-1.,0.));
#13211=DIRECTION('center_axis',(0.,0.,1.));
#13212=DIRECTION('ref_axis',(0.,-1.,0.));
#13213=DIRECTION('center_axis',(0.,0.,1.));
#13214=DIRECTION('ref_axis',(1.,0.,0.));
#13215=DIRECTION('center_axis',(-1.,0.,0.));
#13216=DIRECTION('ref_axis',(0.,-1.,0.));
#13217=DIRECTION('',(0.,0.,1.));
#13218=DIRECTION('',(0.,0.,1.));
#13219=DIRECTION('center_axis',(0.,0.,1.));
#13220=DIRECTION('ref_axis',(0.,1.,0.));
#13221=DIRECTION('center_axis',(0.,0.,1.));
#13222=DIRECTION('ref_axis',(1.,0.,0.));
#13223=DIRECTION('',(0.,0.,1.));
#13224=DIRECTION('center_axis',(1.,0.,0.));
#13225=DIRECTION('ref_axis',(0.,1.,0.));
#13226=DIRECTION('',(0.,0.,1.));
#13227=DIRECTION('center_axis',(0.,0.,1.));
#13228=DIRECTION('ref_axis',(0.,-1.,0.));
#13229=DIRECTION('center_axis',(0.,0.,1.));
#13230=DIRECTION('ref_axis',(-1.,0.,0.));
#13231=CARTESIAN_POINT('',(0.,0.,0.));
#13232=CARTESIAN_POINT('Origin',(0.870368325896561,0.995416101813316,3.35));
#13233=CARTESIAN_POINT('',(0.870368325896561,0.995416101813316,3.35));
#13234=CARTESIAN_POINT('',(0.870368325896561,0.920000013709068,3.35));
#13235=CARTESIAN_POINT('',(0.870368325896561,1.49770805090666,3.35));
#13236=CARTESIAN_POINT('',(0.870368325896561,0.995416101813316,3.315));
#13237=CARTESIAN_POINT('',(0.870368325896561,0.995416101813316,3.35));
#13238=CARTESIAN_POINT('',(0.870368325896561,0.920000013709068,3.315));
#13239=CARTESIAN_POINT('',(0.870368325896561,0.995416101813316,3.315));
#13240=CARTESIAN_POINT('',(0.870368325896561,0.920000013709068,3.35));
#13241=CARTESIAN_POINT('Origin',(0.95353339035064,0.995416101813316,3.35));
#13242=CARTESIAN_POINT('',(0.95353339035064,0.995416101813316,3.35));
#13243=CARTESIAN_POINT('',(2.47676669517532,0.995416101813316,3.35));
#13244=CARTESIAN_POINT('',(0.95353339035064,0.995416101813316,3.315));
#13245=CARTESIAN_POINT('',(0.95353339035064,0.995416101813316,3.35));
#13246=CARTESIAN_POINT('',(0.95353339035064,0.995416101813316,3.315));
#13247=CARTESIAN_POINT('Origin',(0.95353339035064,0.920000013709068,3.35));
#13248=CARTESIAN_POINT('',(0.95353339035064,0.920000013709068,3.35));
#13249=CARTESIAN_POINT('',(0.95353339035064,1.46000000685453,3.35));
#13250=CARTESIAN_POINT('',(0.95353339035064,0.920000013709068,3.315));
#13251=CARTESIAN_POINT('',(0.95353339035064,0.920000013709068,3.35));
#13252=CARTESIAN_POINT('',(0.95353339035064,0.920000013709068,3.315));
#13253=CARTESIAN_POINT('Origin',(0.974706658907235,0.920000013709068,3.35));
#13254=CARTESIAN_POINT('',(0.974706658907235,0.920000013709068,3.35));
#13255=CARTESIAN_POINT('',(2.48735332945362,0.920000013709068,3.35));
#13256=CARTESIAN_POINT('',(0.974706658907235,0.920000013709068,3.315));
#13257=CARTESIAN_POINT('',(0.974706658907235,0.920000013709068,3.35));
#13258=CARTESIAN_POINT('',(0.974706658907235,0.920000013709068,3.315));
#13259=CARTESIAN_POINT('Origin',(0.974706658907235,1.08000001013279,3.35));
#13260=CARTESIAN_POINT('',(0.974706658907235,1.08000001013279,3.35));
#13261=CARTESIAN_POINT('',(0.974706658907235,1.54000000506639,3.35));
#13262=CARTESIAN_POINT('',(0.974706658907235,1.08000001013279,3.315));
#13263=CARTESIAN_POINT('',(0.974706658907235,1.08000001013279,3.35));
#13264=CARTESIAN_POINT('',(0.974706658907235,1.08000001013279,3.315));
#13265=CARTESIAN_POINT('Origin',(0.95353339035064,1.08000001013279,3.35));
#13266=CARTESIAN_POINT('',(0.95353339035064,1.08000001013279,3.35));
#13267=CARTESIAN_POINT('',(2.47676669517532,1.08000001013279,3.35));
#13268=CARTESIAN_POINT('',(0.95353339035064,1.08000001013279,3.315));
#13269=CARTESIAN_POINT('',(0.95353339035064,1.08000001013279,3.35));
#13270=CARTESIAN_POINT('',(0.95353339035064,1.08000001013279,3.315));
#13271=CARTESIAN_POINT('Origin',(0.95353339035064,1.01429742276669,3.35));
#13272=CARTESIAN_POINT('',(0.95353339035064,1.01429742276669,3.35));
#13273=CARTESIAN_POINT('',(0.95353339035064,1.50714871138334,3.35));
#13274=CARTESIAN_POINT('',(0.95353339035064,1.01429742276669,3.315));
#13275=CARTESIAN_POINT('',(0.95353339035064,1.01429742276669,3.35));
#13276=CARTESIAN_POINT('',(0.95353339035064,1.01429742276669,3.315));
#13277=CARTESIAN_POINT('Origin',(0.870368325896561,1.01429742276669,3.35));
#13278=CARTESIAN_POINT('',(0.870368325896561,1.01429742276669,3.35));
#13279=CARTESIAN_POINT('',(2.43518416294828,1.01429742276669,3.35));
#13280=CARTESIAN_POINT('',(0.870368325896561,1.01429742276669,3.315));
#13281=CARTESIAN_POINT('',(0.870368325896561,1.01429742276669,3.35));
#13282=CARTESIAN_POINT('',(0.870368325896561,1.01429742276669,3.315));
#13283=CARTESIAN_POINT('Origin',(0.870368325896561,1.08000001013279,3.35));
#13284=CARTESIAN_POINT('',(0.870368325896561,1.08000001013279,3.35));
#13285=CARTESIAN_POINT('',(0.870368325896561,1.54000000506639,3.35));
#13286=CARTESIAN_POINT('',(0.870368325896561,1.08000001013279,3.315));
#13287=CARTESIAN_POINT('',(0.870368325896561,1.08000001013279,3.35));
#13288=CARTESIAN_POINT('',(0.870368325896561,1.08000001013279,3.315));
#13289=CARTESIAN_POINT('Origin',(0.849195072241127,1.08000001013279,3.35));
#13290=CARTESIAN_POINT('',(0.849195072241127,1.08000001013279,3.35));
#13291=CARTESIAN_POINT('',(2.42459753612056,1.08000001013279,3.35));
#13292=CARTESIAN_POINT('',(0.849195072241127,1.08000001013279,3.315));
#13293=CARTESIAN_POINT('',(0.849195072241127,1.08000001013279,3.35));
#13294=CARTESIAN_POINT('',(0.849195072241127,1.08000001013279,3.315));
#13295=CARTESIAN_POINT('Origin',(0.849195072241127,0.920000013709068,3.35));
#13296=CARTESIAN_POINT('',(0.849195072241127,0.920000013709068,3.35));
#13297=CARTESIAN_POINT('',(0.849195072241128,1.46000000685453,3.35));
#13298=CARTESIAN_POINT('',(0.849195072241127,0.920000013709068,3.315));
#13299=CARTESIAN_POINT('',(0.849195072241127,0.920000013709068,3.35));
#13300=CARTESIAN_POINT('',(0.849195072241127,0.920000013709068,3.315));
#13301=CARTESIAN_POINT('Origin',(0.870368325896561,0.920000013709068,3.35));
#13302=CARTESIAN_POINT('',(2.43518416294828,0.920000013709068,3.35));
#13303=CARTESIAN_POINT('',(0.870368325896561,0.920000013709068,3.315));
#13304=CARTESIAN_POINT('Origin',(1.57519778171554,1.00005457997322,3.315));
#13305=CARTESIAN_POINT('Origin',(1.23118690568954,1.06231924593449,3.35));
#13306=CARTESIAN_POINT('',(1.23118690568954,1.06231924593449,3.35));
#13307=CARTESIAN_POINT('',(1.18054569680244,1.06231924593449,3.35));
#13308=CARTESIAN_POINT('',(2.61559345284477,1.06231924593449,3.35));
#13309=CARTESIAN_POINT('',(1.23118690568954,1.06231924593449,3.315));
#13310=CARTESIAN_POINT('',(1.23118690568954,1.06231924593449,3.35));
#13311=CARTESIAN_POINT('',(1.18054569680244,1.06231924593449,3.315));
#13312=CARTESIAN_POINT('',(1.23118690568954,1.06231924593449,3.315));
#13313=CARTESIAN_POINT('',(1.18054569680244,1.06231924593449,3.35));
#13314=CARTESIAN_POINT('Ctrl Pts',(1.25721690971404,1.05500682890415,3.35));
#13315=CARTESIAN_POINT('Ctrl Pts',(1.25721690971404,1.05500682890415,3.315));
#13316=CARTESIAN_POINT('Ctrl Pts',(1.24897680599242,1.06231924593449,3.35));
#13317=CARTESIAN_POINT('Ctrl Pts',(1.24897680599242,1.06231924593449,3.315));
#13318=CARTESIAN_POINT('Ctrl Pts',(1.23118690568954,1.06231924593449,3.35));
#13319=CARTESIAN_POINT('Ctrl Pts',(1.23118690568954,1.06231924593449,3.315));
#13320=CARTESIAN_POINT('',(1.25721690971404,1.05500682890415,3.35));
#13321=CARTESIAN_POINT('Ctrl Pts',(1.25721690971404,1.05500682890415,3.35));
#13322=CARTESIAN_POINT('Ctrl Pts',(1.24897680599242,1.06231924593449,3.35));
#13323=CARTESIAN_POINT('Ctrl Pts',(1.23118690568954,1.06231924593449,3.35));
#13324=CARTESIAN_POINT('',(1.25721690971404,1.05500682890415,3.315));
#13325=CARTESIAN_POINT('',(1.25721690971404,1.05500682890415,3.35));
#13326=CARTESIAN_POINT('Ctrl Pts',(1.25721690971404,1.05500682890415,3.315));
#13327=CARTESIAN_POINT('Ctrl Pts',(1.24897680599242,1.06231924593449,3.315));
#13328=CARTESIAN_POINT('Ctrl Pts',(1.23118690568954,1.06231924593449,3.315));
#13329=CARTESIAN_POINT('Ctrl Pts',(1.26545701343566,1.03634380996227,3.35));
#13330=CARTESIAN_POINT('Ctrl Pts',(1.26545701343566,1.03634380996227,3.315));
#13331=CARTESIAN_POINT('Ctrl Pts',(1.26545701343566,1.04769441187382,3.35));
#13332=CARTESIAN_POINT('Ctrl Pts',(1.26545701343566,1.04769441187382,3.315));
#13333=CARTESIAN_POINT('Ctrl Pts',(1.25721690971404,1.05500682890415,3.35));
#13334=CARTESIAN_POINT('Ctrl Pts',(1.25721690971404,1.05500682890415,3.315));
#13335=CARTESIAN_POINT('',(1.26545701343566,1.03634380996227,3.35));
#13336=CARTESIAN_POINT('Ctrl Pts',(1.26545701343566,1.03634380996227,3.35));
#13337=CARTESIAN_POINT('Ctrl Pts',(1.26545701343566,1.04769441187382,3.35));
#13338=CARTESIAN_POINT('Ctrl Pts',(1.25721690971404,1.05500682890415,3.35));
#13339=CARTESIAN_POINT('',(1.26545701343566,1.03634380996227,3.315));
#13340=CARTESIAN_POINT('',(1.26545701343566,1.03634380996227,3.35));
#13341=CARTESIAN_POINT('Ctrl Pts',(1.26545701343566,1.03634380996227,3.315));
#13342=CARTESIAN_POINT('Ctrl Pts',(1.26545701343566,1.04769441187382,3.315));
#13343=CARTESIAN_POINT('Ctrl Pts',(1.25721690971404,1.05500682890415,3.315));
#13344=CARTESIAN_POINT('Ctrl Pts',(1.26120052654296,1.02199181616306,3.35));
#13345=CARTESIAN_POINT('Ctrl Pts',(1.26120052654296,1.02199181616306,3.315));
#13346=CARTESIAN_POINT('Ctrl Pts',(1.26545701343566,1.02859481871128,3.35));
#13347=CARTESIAN_POINT('Ctrl Pts',(1.26545701343566,1.02859481871128,3.315));
#13348=CARTESIAN_POINT('Ctrl Pts',(1.26545701343566,1.03634380996227,3.35));
#13349=CARTESIAN_POINT('Ctrl Pts',(1.26545701343566,1.03634380996227,3.315));
#13350=CARTESIAN_POINT('',(1.26120052654296,1.02199181616306,3.35));
#13351=CARTESIAN_POINT('Ctrl Pts',(1.26120052654296,1.02199181616306,3.35));
#13352=CARTESIAN_POINT('Ctrl Pts',(1.26545701343566,1.02859481871128,3.35));
#13353=CARTESIAN_POINT('Ctrl Pts',(1.26545701343566,1.03634380996227,3.35));
#13354=CARTESIAN_POINT('',(1.26120052654296,1.02199181616306,3.315));
#13355=CARTESIAN_POINT('',(1.26120052654296,1.02199181616306,3.35));
#13356=CARTESIAN_POINT('Ctrl Pts',(1.26120052654296,1.02199181616306,3.315));
#13357=CARTESIAN_POINT('Ctrl Pts',(1.26545701343566,1.02859481871128,3.315));
#13358=CARTESIAN_POINT('Ctrl Pts',(1.26545701343566,1.03634380996227,3.315));
#13359=CARTESIAN_POINT('Ctrl Pts',(1.24875853378326,1.0123874515295,3.35));
#13360=CARTESIAN_POINT('Ctrl Pts',(1.24875853378326,1.0123874515295,3.315));
#13361=CARTESIAN_POINT('Ctrl Pts',(1.25694403965026,1.01538881361485,3.35));
#13362=CARTESIAN_POINT('Ctrl Pts',(1.25694403965026,1.01538881361485,3.315));
#13363=CARTESIAN_POINT('Ctrl Pts',(1.26120052654296,1.02199181616306,3.35));
#13364=CARTESIAN_POINT('Ctrl Pts',(1.26120052654296,1.02199181616306,3.315));
#13365=CARTESIAN_POINT('',(1.24875853378326,1.0123874515295,3.35));
#13366=CARTESIAN_POINT('Ctrl Pts',(1.24875853378326,1.0123874515295,3.35));
#13367=CARTESIAN_POINT('Ctrl Pts',(1.25694403965026,1.01538881361485,3.35));
#13368=CARTESIAN_POINT('Ctrl Pts',(1.26120052654296,1.02199181616306,3.35));
#13369=CARTESIAN_POINT('',(1.24875853378326,1.0123874515295,3.315));
#13370=CARTESIAN_POINT('',(1.24875853378326,1.0123874515295,3.35));
#13371=CARTESIAN_POINT('Ctrl Pts',(1.24875853378326,1.0123874515295,3.315));
#13372=CARTESIAN_POINT('Ctrl Pts',(1.25694403965026,1.01538881361485,3.315));
#13373=CARTESIAN_POINT('Ctrl Pts',(1.26120052654296,1.02199181616306,3.315));
#13374=CARTESIAN_POINT('Ctrl Pts',(1.22605727035552,1.00938608944416,3.35));
#13375=CARTESIAN_POINT('Ctrl Pts',(1.22605727035552,1.00938608944416,3.315));
#13376=CARTESIAN_POINT('Ctrl Pts',(1.24057296831161,1.00938608944416,3.35));
#13377=CARTESIAN_POINT('Ctrl Pts',(1.24057296831161,1.00938608944416,3.315));
#13378=CARTESIAN_POINT('Ctrl Pts',(1.24875853378326,1.0123874515295,3.35));
#13379=CARTESIAN_POINT('Ctrl Pts',(1.24875853378326,1.0123874515295,3.315));
#13380=CARTESIAN_POINT('',(1.22605727035552,1.00938608944416,3.35));
#13381=CARTESIAN_POINT('Ctrl Pts',(1.22605727035552,1.00938608944416,3.35));
#13382=CARTESIAN_POINT('Ctrl Pts',(1.24057296831161,1.00938608944416,3.35));
#13383=CARTESIAN_POINT('Ctrl Pts',(1.24875853378326,1.0123874515295,3.35));
#13384=CARTESIAN_POINT('',(1.22605727035552,1.00938608944416,3.315));
#13385=CARTESIAN_POINT('',(1.22605727035552,1.00938608944416,3.35));
#13386=CARTESIAN_POINT('Ctrl Pts',(1.22605727035552,1.00938608944416,3.315));
#13387=CARTESIAN_POINT('Ctrl Pts',(1.24057296831161,1.00938608944416,3.315));
#13388=CARTESIAN_POINT('Ctrl Pts',(1.24875853378326,1.0123874515295,3.315));
#13389=CARTESIAN_POINT('Origin',(1.18054569680244,1.00938608944416,3.35));
#13390=CARTESIAN_POINT('',(1.18054569680244,1.00938608944416,3.35));
#13391=CARTESIAN_POINT('',(2.59027284840122,1.00938608944416,3.35));
#13392=CARTESIAN_POINT('',(1.18054569680244,1.00938608944416,3.315));
#13393=CARTESIAN_POINT('',(1.18054569680244,1.00938608944416,3.35));
#13394=CARTESIAN_POINT('',(1.18054569680244,1.00938608944416,3.315));
#13395=CARTESIAN_POINT('Origin',(1.18054569680244,1.06231924593449,3.35));
#13396=CARTESIAN_POINT('',(1.18054569680244,1.53115962296724,3.35));
#13397=CARTESIAN_POINT('',(1.18054569680244,1.06231924593449,3.315));
#13398=CARTESIAN_POINT('Origin',(1.18054569680244,0.991050478816032,3.35));
#13399=CARTESIAN_POINT('',(1.18054569680244,0.991050478816032,3.35));
#13400=CARTESIAN_POINT('',(1.18054569680244,0.920000013709068,3.35));
#13401=CARTESIAN_POINT('',(1.18054569680244,1.49552523940802,3.35));
#13402=CARTESIAN_POINT('',(1.18054569680244,0.991050478816032,3.315));
#13403=CARTESIAN_POINT('',(1.18054569680244,0.991050478816032,3.35));
#13404=CARTESIAN_POINT('',(1.18054569680244,0.920000013709068,3.315));
#13405=CARTESIAN_POINT('',(1.18054569680244,0.991050478816032,3.315));
#13406=CARTESIAN_POINT('',(1.18054569680244,0.920000013709068,3.35));
#13407=CARTESIAN_POINT('Origin',(1.20510230381042,0.991050478816032,3.35));
#13408=CARTESIAN_POINT('',(1.20510230381042,0.991050478816032,3.35));
#13409=CARTESIAN_POINT('',(2.60255115190521,0.991050478816032,3.35));
#13410=CARTESIAN_POINT('',(1.20510230381042,0.991050478816032,3.315));
#13411=CARTESIAN_POINT('',(1.20510230381042,0.991050478816032,3.35));
#13412=CARTESIAN_POINT('',(1.20510230381042,0.991050478816032,3.315));
#13413=CARTESIAN_POINT('Ctrl Pts',(1.21688947994262,0.990286496281624,3.35));
#13414=CARTESIAN_POINT('Ctrl Pts',(1.21688947994262,0.990286496281624,3.315));
#13415=CARTESIAN_POINT('Ctrl Pts',(1.21328786928207,0.991050478816032,3.35));
#13416=CARTESIAN_POINT('Ctrl Pts',(1.21328786928207,0.991050478816032,3.315));
#13417=CARTESIAN_POINT('Ctrl Pts',(1.20510230381042,0.991050478816032,3.35));
#13418=CARTESIAN_POINT('Ctrl Pts',(1.20510230381042,0.991050478816032,3.315));
#13419=CARTESIAN_POINT('',(1.21688947994262,0.990286496281624,3.35));
#13420=CARTESIAN_POINT('Ctrl Pts',(1.21688947994262,0.990286496281624,3.35));
#13421=CARTESIAN_POINT('Ctrl Pts',(1.21328786928207,0.991050478816032,3.35));
#13422=CARTESIAN_POINT('Ctrl Pts',(1.20510230381042,0.991050478816032,3.35));
#13423=CARTESIAN_POINT('',(1.21688947994262,0.990286496281624,3.315));
#13424=CARTESIAN_POINT('',(1.21688947994262,0.990286496281624,3.35));
#13425=CARTESIAN_POINT('Ctrl Pts',(1.21688947994262,0.990286496281624,3.315));
#13426=CARTESIAN_POINT('Ctrl Pts',(1.21328786928207,0.991050478816032,3.315));
#13427=CARTESIAN_POINT('Ctrl Pts',(1.20510230381042,0.991050478816032,3.315));
#13428=CARTESIAN_POINT('Ctrl Pts',(1.22654841262847,0.986030039191246,3.35));
#13429=CARTESIAN_POINT('Ctrl Pts',(1.22654841262847,0.986030039191246,3.315));
#13430=CARTESIAN_POINT('Ctrl Pts',(1.22180078346282,0.98908596932888,3.35));
#13431=CARTESIAN_POINT('Ctrl Pts',(1.22180078346282,0.98908596932888,3.315));
#13432=CARTESIAN_POINT('Ctrl Pts',(1.21688947994262,0.990286496281624,3.35));
#13433=CARTESIAN_POINT('Ctrl Pts',(1.21688947994262,0.990286496281624,3.315));
#13434=CARTESIAN_POINT('',(1.22654841262847,0.986030039191246,3.35));
#13435=CARTESIAN_POINT('Ctrl Pts',(1.22654841262847,0.986030039191246,3.35));
#13436=CARTESIAN_POINT('Ctrl Pts',(1.22180078346282,0.98908596932888,3.35));
#13437=CARTESIAN_POINT('Ctrl Pts',(1.21688947994262,0.990286496281624,3.35));
#13438=CARTESIAN_POINT('',(1.22654841262847,0.986030039191246,3.315));
#13439=CARTESIAN_POINT('',(1.22654841262847,0.986030039191246,3.35));
#13440=CARTESIAN_POINT('Ctrl Pts',(1.22654841262847,0.986030039191246,3.315));
#13441=CARTESIAN_POINT('Ctrl Pts',(1.22180078346282,0.98908596932888,3.315));
#13442=CARTESIAN_POINT('Ctrl Pts',(1.21688947994262,0.990286496281624,3.315));
#13443=CARTESIAN_POINT('Ctrl Pts',(1.23729876596481,0.975334253907204,3.35));
#13444=CARTESIAN_POINT('Ctrl Pts',(1.23729876596481,0.975334253907204,3.315));
#13445=CARTESIAN_POINT('Ctrl Pts',(1.23129604179412,0.982974079251289,3.35));
#13446=CARTESIAN_POINT('Ctrl Pts',(1.23129604179412,0.982974079251289,3.315));
#13447=CARTESIAN_POINT('Ctrl Pts',(1.22654841262847,0.986030039191246,3.35));
#13448=CARTESIAN_POINT('Ctrl Pts',(1.22654841262847,0.986030039191246,3.315));
#13449=CARTESIAN_POINT('',(1.23729876596481,0.975334253907204,3.35));
#13450=CARTESIAN_POINT('Ctrl Pts',(1.23729876596481,0.975334253907204,3.35));
#13451=CARTESIAN_POINT('Ctrl Pts',(1.23129604179412,0.982974079251289,3.35));
#13452=CARTESIAN_POINT('Ctrl Pts',(1.22654841262847,0.986030039191246,3.35));
#13453=CARTESIAN_POINT('',(1.23729876596481,0.975334253907204,3.315));
#13454=CARTESIAN_POINT('',(1.23729876596481,0.975334253907204,3.35));
#13455=CARTESIAN_POINT('Ctrl Pts',(1.23729876596481,0.975334253907204,3.315));
#13456=CARTESIAN_POINT('Ctrl Pts',(1.23129604179412,0.982974079251289,3.315));
#13457=CARTESIAN_POINT('Ctrl Pts',(1.22654841262847,0.986030039191246,3.315));
#13458=CARTESIAN_POINT('Ctrl Pts',(1.25257841665298,0.953287866711616,3.35));
#13459=CARTESIAN_POINT('Ctrl Pts',(1.25257841665298,0.953287866711616,3.315));
#13460=CARTESIAN_POINT('Ctrl Pts',(1.24330149013549,0.967694428563118,3.35));
#13461=CARTESIAN_POINT('Ctrl Pts',(1.24330149013549,0.967694428563118,3.315));
#13462=CARTESIAN_POINT('Ctrl Pts',(1.23729876596481,0.975334253907204,3.35));
#13463=CARTESIAN_POINT('Ctrl Pts',(1.23729876596481,0.975334253907204,3.315));
#13464=CARTESIAN_POINT('',(1.25257841665298,0.953287866711616,3.35));
#13465=CARTESIAN_POINT('Ctrl Pts',(1.25257841665298,0.953287866711616,3.35));
#13466=CARTESIAN_POINT('Ctrl Pts',(1.24330149013549,0.967694428563118,3.35));
#13467=CARTESIAN_POINT('Ctrl Pts',(1.23729876596481,0.975334253907204,3.35));
#13468=CARTESIAN_POINT('',(1.25257841665298,0.953287866711616,3.315));
#13469=CARTESIAN_POINT('',(1.25257841665298,0.953287866711616,3.35));
#13470=CARTESIAN_POINT('Ctrl Pts',(1.25257841665298,0.953287866711616,3.315));
#13471=CARTESIAN_POINT('Ctrl Pts',(1.24330149013549,0.967694428563118,3.315));
#13472=CARTESIAN_POINT('Ctrl Pts',(1.23729876596481,0.975334253907204,3.315));
#13473=CARTESIAN_POINT('Origin',(1.27375171501189,0.920000013709068,3.35));
#13474=CARTESIAN_POINT('',(1.27375171501189,0.920000013709068,3.35));
#13475=CARTESIAN_POINT('',(1.4218514231864,0.68716329493884,3.35));
#13476=CARTESIAN_POINT('',(1.27375171501189,0.920000013709068,3.315));
#13477=CARTESIAN_POINT('',(1.27375171501189,0.920000013709068,3.35));
#13478=CARTESIAN_POINT('',(1.27375171501189,0.920000013709068,3.315));
#13479=CARTESIAN_POINT('Origin',(1.30038199741393,0.920000013709068,3.35));
#13480=CARTESIAN_POINT('',(1.30038199741393,0.920000013709068,3.35));
#13481=CARTESIAN_POINT('',(2.65019099870697,0.920000013709068,3.35));
#13482=CARTESIAN_POINT('',(1.30038199741393,0.920000013709068,3.315));
#13483=CARTESIAN_POINT('',(1.30038199741393,0.920000013709068,3.35));
#13484=CARTESIAN_POINT('',(1.30038199741393,0.920000013709068,3.315));
#13485=CARTESIAN_POINT('Origin',(1.27255115825683,0.963547077775001,3.35));
#13486=CARTESIAN_POINT('',(1.27255115825683,0.963547077775001,3.35));
#13487=CARTESIAN_POINT('',(1.43287717650266,0.71268409270382,3.35));
#13488=CARTESIAN_POINT('',(1.27255115825683,0.963547077775001,3.315));
#13489=CARTESIAN_POINT('',(1.27255115825683,0.963547077775001,3.35));
#13490=CARTESIAN_POINT('',(1.27255115825683,0.963547077775001,3.315));
#13491=CARTESIAN_POINT('Ctrl Pts',(1.25497953016311,0.98482948243618,3.35));
#13492=CARTESIAN_POINT('Ctrl Pts',(1.25497953016311,0.98482948243618,3.315));
#13493=CARTESIAN_POINT('Ctrl Pts',(1.2642564566806,0.97631650865078,3.35));
#13494=CARTESIAN_POINT('Ctrl Pts',(1.2642564566806,0.97631650865078,3.315));
#13495=CARTESIAN_POINT('Ctrl Pts',(1.27255115825683,0.963547077775001,3.35));
#13496=CARTESIAN_POINT('Ctrl Pts',(1.27255115825683,0.963547077775001,3.315));
#13497=CARTESIAN_POINT('',(1.25497953016311,0.98482948243618,3.35));
#13498=CARTESIAN_POINT('Ctrl Pts',(1.25497953016311,0.98482948243618,3.35));
#13499=CARTESIAN_POINT('Ctrl Pts',(1.2642564566806,0.97631650865078,3.35));
#13500=CARTESIAN_POINT('Ctrl Pts',(1.27255115825683,0.963547077775001,3.35));
#13501=CARTESIAN_POINT('',(1.25497953016311,0.98482948243618,3.315));
#13502=CARTESIAN_POINT('',(1.25497953016311,0.98482948243618,3.35));
#13503=CARTESIAN_POINT('Ctrl Pts',(1.25497953016311,0.98482948243618,3.315));
#13504=CARTESIAN_POINT('Ctrl Pts',(1.2642564566806,0.97631650865078,3.315));
#13505=CARTESIAN_POINT('Ctrl Pts',(1.27255115825683,0.963547077775001,3.315));
#13506=CARTESIAN_POINT('Ctrl Pts',(1.24221006948501,0.992796745896339,3.35));
#13507=CARTESIAN_POINT('Ctrl Pts',(1.24221006948501,0.992796745896339,3.315));
#13508=CARTESIAN_POINT('Ctrl Pts',(1.25061390716583,0.988758531212807,3.35));
#13509=CARTESIAN_POINT('Ctrl Pts',(1.25061390716583,0.988758531212807,3.315));
#13510=CARTESIAN_POINT('Ctrl Pts',(1.25497953016311,0.98482948243618,3.35));
#13511=CARTESIAN_POINT('Ctrl Pts',(1.25497953016311,0.98482948243618,3.315));
#13512=CARTESIAN_POINT('',(1.24221006948501,0.992796745896339,3.35));
#13513=CARTESIAN_POINT('Ctrl Pts',(1.24221006948501,0.992796745896339,3.35));
#13514=CARTESIAN_POINT('Ctrl Pts',(1.25061390716583,0.988758531212807,3.35));
#13515=CARTESIAN_POINT('Ctrl Pts',(1.25497953016311,0.98482948243618,3.35));
#13516=CARTESIAN_POINT('',(1.24221006948501,0.992796745896339,3.315));
#13517=CARTESIAN_POINT('',(1.24221006948501,0.992796745896339,3.35));
#13518=CARTESIAN_POINT('Ctrl Pts',(1.24221006948501,0.992796745896339,3.315));
#13519=CARTESIAN_POINT('Ctrl Pts',(1.25061390716583,0.988758531212807,3.315));
#13520=CARTESIAN_POINT('Ctrl Pts',(1.25497953016311,0.98482948243618,3.315));
#13521=CARTESIAN_POINT('Ctrl Pts',(1.27626190502197,1.00763985216618,3.35));
#13522=CARTESIAN_POINT('Ctrl Pts',(1.27626190502197,1.00763985216618,3.315));
#13523=CARTESIAN_POINT('Ctrl Pts',(1.26523874122649,0.995961812138557,3.35));
#13524=CARTESIAN_POINT('Ctrl Pts',(1.26523874122649,0.995961812138557,3.315));
#13525=CARTESIAN_POINT('Ctrl Pts',(1.24221006948501,0.992796745896339,3.35));
#13526=CARTESIAN_POINT('Ctrl Pts',(1.24221006948501,0.992796745896339,3.315));
#13527=CARTESIAN_POINT('',(1.27626190502197,1.00763985216618,3.35));
#13528=CARTESIAN_POINT('Ctrl Pts',(1.27626190502197,1.00763985216618,3.35));
#13529=CARTESIAN_POINT('Ctrl Pts',(1.26523874122649,0.995961812138557,3.35));
#13530=CARTESIAN_POINT('Ctrl Pts',(1.24221006948501,0.992796745896339,3.35));
#13531=CARTESIAN_POINT('',(1.27626190502197,1.00763985216618,3.315));
#13532=CARTESIAN_POINT('',(1.27626190502197,1.00763985216618,3.35));
#13533=CARTESIAN_POINT('Ctrl Pts',(1.27626190502197,1.00763985216618,3.315));
#13534=CARTESIAN_POINT('Ctrl Pts',(1.26523874122649,0.995961812138557,3.315));
#13535=CARTESIAN_POINT('Ctrl Pts',(1.24221006948501,0.992796745896339,3.315));
#13536=CARTESIAN_POINT('Ctrl Pts',(1.28728512842208,1.03634380996227,3.35));
#13537=CARTESIAN_POINT('Ctrl Pts',(1.28728512842208,1.03634380996227,3.315));
#13538=CARTESIAN_POINT('Ctrl Pts',(1.28728512842208,1.01931789219379,3.35));
#13539=CARTESIAN_POINT('Ctrl Pts',(1.28728512842208,1.01931789219379,3.315));
#13540=CARTESIAN_POINT('Ctrl Pts',(1.27626190502197,1.00763985216618,3.35));
#13541=CARTESIAN_POINT('Ctrl Pts',(1.27626190502197,1.00763985216618,3.315));
#13542=CARTESIAN_POINT('',(1.28728512842208,1.03634380996227,3.35));
#13543=CARTESIAN_POINT('Ctrl Pts',(1.28728512842208,1.03634380996227,3.35));
#13544=CARTESIAN_POINT('Ctrl Pts',(1.28728512842208,1.01931789219379,3.35));
#13545=CARTESIAN_POINT('Ctrl Pts',(1.27626190502197,1.00763985216618,3.35));
#13546=CARTESIAN_POINT('',(1.28728512842208,1.03634380996227,3.315));
#13547=CARTESIAN_POINT('',(1.28728512842208,1.03634380996227,3.35));
#13548=CARTESIAN_POINT('Ctrl Pts',(1.28728512842208,1.03634380996227,3.315));
#13549=CARTESIAN_POINT('Ctrl Pts',(1.28728512842208,1.01931789219379,3.315));
#13550=CARTESIAN_POINT('Ctrl Pts',(1.27626190502197,1.00763985216618,3.315));
#13551=CARTESIAN_POINT('Ctrl Pts',(1.28062752801925,1.06046385765076,3.35));
#13552=CARTESIAN_POINT('Ctrl Pts',(1.28062752801925,1.06046385765076,3.315));
#13553=CARTESIAN_POINT('Ctrl Pts',(1.28728512842208,1.04954980015755,3.35));
#13554=CARTESIAN_POINT('Ctrl Pts',(1.28728512842208,1.04954980015755,3.315));
#13555=CARTESIAN_POINT('Ctrl Pts',(1.28728512842208,1.03634380996227,3.35));
#13556=CARTESIAN_POINT('Ctrl Pts',(1.28728512842208,1.03634380996227,3.315));
#13557=CARTESIAN_POINT('',(1.28062752801925,1.06046385765076,3.35));
#13558=CARTESIAN_POINT('Ctrl Pts',(1.28062752801925,1.06046385765076,3.35));
#13559=CARTESIAN_POINT('Ctrl Pts',(1.28728512842208,1.04954980015755,3.35));
#13560=CARTESIAN_POINT('Ctrl Pts',(1.28728512842208,1.03634380996227,3.35));
#13561=CARTESIAN_POINT('',(1.28062752801925,1.06046385765076,3.315));
#13562=CARTESIAN_POINT('',(1.28062752801925,1.06046385765076,3.35));
#13563=CARTESIAN_POINT('Ctrl Pts',(1.28062752801925,1.06046385765076,3.315));
#13564=CARTESIAN_POINT('Ctrl Pts',(1.28728512842208,1.04954980015755,3.315));
#13565=CARTESIAN_POINT('Ctrl Pts',(1.28728512842208,1.03634380996227,3.315));
#13566=CARTESIAN_POINT('Ctrl Pts',(1.26283762771636,1.0756889551878,3.35));
#13567=CARTESIAN_POINT('Ctrl Pts',(1.26283762771636,1.0756889551878,3.315));
#13568=CARTESIAN_POINT('Ctrl Pts',(1.27396998722106,1.07137790024281,3.35));
#13569=CARTESIAN_POINT('Ctrl Pts',(1.27396998722106,1.07137790024281,3.315));
#13570=CARTESIAN_POINT('Ctrl Pts',(1.28062752801925,1.06046385765076,3.35));
#13571=CARTESIAN_POINT('Ctrl Pts',(1.28062752801925,1.06046385765076,3.315));
#13572=CARTESIAN_POINT('',(1.26283762771636,1.0756889551878,3.35));
#13573=CARTESIAN_POINT('Ctrl Pts',(1.26283762771636,1.0756889551878,3.35));
#13574=CARTESIAN_POINT('Ctrl Pts',(1.27396998722106,1.07137790024281,3.35));
#13575=CARTESIAN_POINT('Ctrl Pts',(1.28062752801925,1.06046385765076,3.35));
#13576=CARTESIAN_POINT('',(1.26283762771636,1.0756889551878,3.315));
#13577=CARTESIAN_POINT('',(1.26283762771636,1.0756889551878,3.35));
#13578=CARTESIAN_POINT('Ctrl Pts',(1.26283762771636,1.0756889551878,3.315));
#13579=CARTESIAN_POINT('Ctrl Pts',(1.27396998722106,1.07137790024281,3.315));
#13580=CARTESIAN_POINT('Ctrl Pts',(1.28062752801925,1.06046385765076,3.315));
#13581=CARTESIAN_POINT('Ctrl Pts',(1.23031375724822,1.08000001013279,3.35));
#13582=CARTESIAN_POINT('Ctrl Pts',(1.23031375724822,1.08000001013279,3.315));
#13583=CARTESIAN_POINT('Ctrl Pts',(1.25170532781631,1.08000001013279,3.35));
#13584=CARTESIAN_POINT('Ctrl Pts',(1.25170532781631,1.08000001013279,3.315));
#13585=CARTESIAN_POINT('Ctrl Pts',(1.26283762771636,1.0756889551878,3.35));
#13586=CARTESIAN_POINT('Ctrl Pts',(1.26283762771636,1.0756889551878,3.315));
#13587=CARTESIAN_POINT('',(1.23031375724822,1.08000001013279,3.35));
#13588=CARTESIAN_POINT('Ctrl Pts',(1.23031375724822,1.08000001013279,3.35));
#13589=CARTESIAN_POINT('Ctrl Pts',(1.25170532781631,1.08000001013279,3.35));
#13590=CARTESIAN_POINT('Ctrl Pts',(1.26283762771636,1.0756889551878,3.35));
#13591=CARTESIAN_POINT('',(1.23031375724822,1.08000001013279,3.315));
#13592=CARTESIAN_POINT('',(1.23031375724822,1.08000001013279,3.35));
#13593=CARTESIAN_POINT('Ctrl Pts',(1.23031375724822,1.08000001013279,3.315));
#13594=CARTESIAN_POINT('Ctrl Pts',(1.25170532781631,1.08000001013279,3.315));
#13595=CARTESIAN_POINT('Ctrl Pts',(1.26283762771636,1.0756889551878,3.315));
#13596=CARTESIAN_POINT('Origin',(1.15937242824584,1.08000001013279,3.35));
#13597=CARTESIAN_POINT('',(1.15937242824584,1.08000001013279,3.35));
#13598=CARTESIAN_POINT('',(2.57968621412292,1.08000001013279,3.35));
#13599=CARTESIAN_POINT('',(1.15937242824584,1.08000001013279,3.315));
#13600=CARTESIAN_POINT('',(1.15937242824584,1.08000001013279,3.35));
#13601=CARTESIAN_POINT('',(1.15937242824584,1.08000001013279,3.315));
#13602=CARTESIAN_POINT('Origin',(1.15937242824584,0.920000013709068,3.35));
#13603=CARTESIAN_POINT('',(1.15937242824584,0.920000013709068,3.35));
#13604=CARTESIAN_POINT('',(1.15937242824584,1.46000000685453,3.35));
#13605=CARTESIAN_POINT('',(1.15937242824584,0.920000013709068,3.315));
#13606=CARTESIAN_POINT('',(1.15937242824584,0.920000013709068,3.35));
#13607=CARTESIAN_POINT('',(1.15937242824584,0.920000013709068,3.315));
#13608=CARTESIAN_POINT('Origin',(1.18054569680244,0.920000013709068,3.35));
#13609=CARTESIAN_POINT('',(2.59027284840122,0.920000013709068,3.35));
#13610=CARTESIAN_POINT('',(1.18054569680244,0.920000013709068,3.315));
#13611=CARTESIAN_POINT('Origin',(1.57519778171554,1.00005457997322,3.315));
#13612=CARTESIAN_POINT('Origin',(2.45039556343108,0.938881334662437,3.35));
#13613=CARTESIAN_POINT('',(2.45039556343108,0.938881334662437,3.35));
#13614=CARTESIAN_POINT('',(2.45039556343108,0.920000013709068,3.35));
#13615=CARTESIAN_POINT('',(2.45039556343108,1.46944066733122,3.35));
#13616=CARTESIAN_POINT('',(2.45039556343108,0.938881334662437,3.315));
#13617=CARTESIAN_POINT('',(2.45039556343108,0.938881334662437,3.35));
#13618=CARTESIAN_POINT('',(2.45039556343108,0.920000013709068,3.315));
#13619=CARTESIAN_POINT('',(2.45039556343108,0.938881334662437,3.315));
#13620=CARTESIAN_POINT('',(2.45039556343108,0.920000013709068,3.35));
#13621=CARTESIAN_POINT('Origin',(2.35216913539916,0.938881334662437,3.35));
#13622=CARTESIAN_POINT('',(2.35216913539916,0.938881334662437,3.35));
#13623=CARTESIAN_POINT('',(3.17608456769958,0.938881334662438,3.35));
#13624=CARTESIAN_POINT('',(2.35216913539916,0.938881334662437,3.315));
#13625=CARTESIAN_POINT('',(2.35216913539916,0.938881334662437,3.35));
#13626=CARTESIAN_POINT('',(2.35216913539916,0.938881334662437,3.315));
#13627=CARTESIAN_POINT('Origin',(2.35216913539916,0.993342441320419,3.35));
#13628=CARTESIAN_POINT('',(2.35216913539916,0.993342441320419,3.35));
#13629=CARTESIAN_POINT('',(2.35216913539916,1.49667122066021,3.35));
#13630=CARTESIAN_POINT('',(2.35216913539916,0.993342441320419,3.315));
#13631=CARTESIAN_POINT('',(2.35216913539916,0.993342441320419,3.35));
#13632=CARTESIAN_POINT('',(2.35216913539916,0.993342441320419,3.315));
#13633=CARTESIAN_POINT('Origin',(2.44068215209991,0.993342441320419,3.35));
#13634=CARTESIAN_POINT('',(2.44068215209991,0.993342441320419,3.35));
#13635=CARTESIAN_POINT('',(3.22034107604995,0.993342441320419,3.35));
#13636=CARTESIAN_POINT('',(2.44068215209991,0.993342441320419,3.315));
#13637=CARTESIAN_POINT('',(2.44068215209991,0.993342441320419,3.35));
#13638=CARTESIAN_POINT('',(2.44068215209991,0.993342441320419,3.315));
#13639=CARTESIAN_POINT('Origin',(2.44068215209991,1.01211461126804,3.35));
#13640=CARTESIAN_POINT('',(2.44068215209991,1.01211461126804,3.35));
#13641=CARTESIAN_POINT('',(2.44068215209991,1.50605730563402,3.35));
#13642=CARTESIAN_POINT('',(2.44068215209991,1.01211461126804,3.315));
#13643=CARTESIAN_POINT('',(2.44068215209991,1.01211461126804,3.35));
#13644=CARTESIAN_POINT('',(2.44068215209991,1.01211461126804,3.315));
#13645=CARTESIAN_POINT('Origin',(2.35216913539916,1.01211461126804,3.35));
#13646=CARTESIAN_POINT('',(2.35216913539916,1.01211461126804,3.35));
#13647=CARTESIAN_POINT('',(3.17608456769958,1.01211461126804,3.35));
#13648=CARTESIAN_POINT('',(2.35216913539916,1.01211461126804,3.315));
#13649=CARTESIAN_POINT('',(2.35216913539916,1.01211461126804,3.35));
#13650=CARTESIAN_POINT('',(2.35216913539916,1.01211461126804,3.315));
#13651=CARTESIAN_POINT('Origin',(2.35216913539916,1.06111870408058,3.35));
#13652=CARTESIAN_POINT('',(2.35216913539916,1.06111870408058,3.35));
#13653=CARTESIAN_POINT('',(2.35216913539916,1.53055935204029,3.35));
#13654=CARTESIAN_POINT('',(2.35216913539916,1.06111870408058,3.315));
#13655=CARTESIAN_POINT('',(2.35216913539916,1.06111870408058,3.35));
#13656=CARTESIAN_POINT('',(2.35216913539916,1.06111870408058,3.315));
#13657=CARTESIAN_POINT('Origin',(2.44668481666595,1.06111870408058,3.35));
#13658=CARTESIAN_POINT('',(2.44668481666595,1.06111870408058,3.35));
#13659=CARTESIAN_POINT('',(3.22334240833297,1.06111870408058,3.35));
#13660=CARTESIAN_POINT('',(2.44668481666595,1.06111870408058,3.315));
#13661=CARTESIAN_POINT('',(2.44668481666595,1.06111870408058,3.35));
#13662=CARTESIAN_POINT('',(2.44668481666595,1.06111870408058,3.315));
#13663=CARTESIAN_POINT('Origin',(2.44668481666595,1.08000001013279,3.35));
#13664=CARTESIAN_POINT('',(2.44668481666595,1.08000001013279,3.35));
#13665=CARTESIAN_POINT('',(2.44668481666595,1.54000000506639,3.35));
#13666=CARTESIAN_POINT('',(2.44668481666595,1.08000001013279,3.315));
#13667=CARTESIAN_POINT('',(2.44668481666595,1.08000001013279,3.35));
#13668=CARTESIAN_POINT('',(2.44668481666595,1.08000001013279,3.315));
#13669=CARTESIAN_POINT('Origin',(2.33099589664489,1.08000001013279,3.35));
#13670=CARTESIAN_POINT('',(2.33099589664489,1.08000001013279,3.35));
#13671=CARTESIAN_POINT('',(3.16549794832245,1.08000001013279,3.35));
#13672=CARTESIAN_POINT('',(2.33099589664489,1.08000001013279,3.315));
#13673=CARTESIAN_POINT('',(2.33099589664489,1.08000001013279,3.35));
#13674=CARTESIAN_POINT('',(2.33099589664489,1.08000001013279,3.315));
#13675=CARTESIAN_POINT('Origin',(2.33099589664489,0.920000013709068,3.35));
#13676=CARTESIAN_POINT('',(2.33099589664489,0.920000013709068,3.35));
#13677=CARTESIAN_POINT('',(2.33099589664489,1.46000000685453,3.35));
#13678=CARTESIAN_POINT('',(2.33099589664489,0.920000013709068,3.315));
#13679=CARTESIAN_POINT('',(2.33099589664489,0.920000013709068,3.35));
#13680=CARTESIAN_POINT('',(2.33099589664489,0.920000013709068,3.315));
#13681=CARTESIAN_POINT('Origin',(2.45039556343108,0.920000013709068,3.35));
#13682=CARTESIAN_POINT('',(3.22519778171554,0.920000013709068,3.35));
#13683=CARTESIAN_POINT('',(2.45039556343108,0.920000013709068,3.315));
#13684=CARTESIAN_POINT('Origin',(1.57519778171554,1.00005457997322,3.315));
#13685=CARTESIAN_POINT('Origin',(1.75484309513122,0.938881334662437,3.35));
#13686=CARTESIAN_POINT('',(1.75484309513122,0.938881334662437,3.35));
#13687=CARTESIAN_POINT('',(1.75484309513122,0.920000013709068,3.35));
#13688=CARTESIAN_POINT('',(1.75484309513122,1.46944066733122,3.35));
#13689=CARTESIAN_POINT('',(1.75484309513122,0.938881334662437,3.315));
#13690=CARTESIAN_POINT('',(1.75484309513122,0.938881334662437,3.35));
#13691=CARTESIAN_POINT('',(1.75484309513122,0.920000013709068,3.315));
#13692=CARTESIAN_POINT('',(1.75484309513122,0.938881334662437,3.315));
#13693=CARTESIAN_POINT('',(1.75484309513122,0.920000013709068,3.35));
#13694=CARTESIAN_POINT('Origin',(1.67604360897094,0.938881334662437,3.35));
#13695=CARTESIAN_POINT('',(1.67604360897094,0.938881334662437,3.35));
#13696=CARTESIAN_POINT('',(2.83802180448547,0.938881334662438,3.35));
#13697=CARTESIAN_POINT('',(1.67604360897094,0.938881334662437,3.315));
#13698=CARTESIAN_POINT('',(1.67604360897094,0.938881334662437,3.35));
#13699=CARTESIAN_POINT('',(1.67604360897094,0.938881334662437,3.315));
#13700=CARTESIAN_POINT('Origin',(1.67604360897094,1.08000001013279,3.35));
#13701=CARTESIAN_POINT('',(1.67604360897094,1.08000001013279,3.35));
#13702=CARTESIAN_POINT('',(1.67604360897094,1.54000000506639,3.35));
#13703=CARTESIAN_POINT('',(1.67604360897094,1.08000001013279,3.315));
#13704=CARTESIAN_POINT('',(1.67604360897094,1.08000001013279,3.35));
#13705=CARTESIAN_POINT('',(1.67604360897094,1.08000001013279,3.315));
#13706=CARTESIAN_POINT('Origin',(1.65487037021667,1.08000001013279,3.35));
#13707=CARTESIAN_POINT('',(1.65487037021667,1.08000001013279,3.35));
#13708=CARTESIAN_POINT('',(2.82743518510833,1.08000001013279,3.35));
#13709=CARTESIAN_POINT('',(1.65487037021667,1.08000001013279,3.315));
#13710=CARTESIAN_POINT('',(1.65487037021667,1.08000001013279,3.35));
#13711=CARTESIAN_POINT('',(1.65487037021667,1.08000001013279,3.315));
#13712=CARTESIAN_POINT('Origin',(1.65487037021667,0.920000013709068,3.35));
#13713=CARTESIAN_POINT('',(1.65487037021667,0.920000013709068,3.35));
#13714=CARTESIAN_POINT('',(1.65487037021667,1.46000000685453,3.35));
#13715=CARTESIAN_POINT('',(1.65487037021667,0.920000013709068,3.315));
#13716=CARTESIAN_POINT('',(1.65487037021667,0.920000013709068,3.35));
#13717=CARTESIAN_POINT('',(1.65487037021667,0.920000013709068,3.315));
#13718=CARTESIAN_POINT('Origin',(1.75484309513122,0.920000013709068,3.35));
#13719=CARTESIAN_POINT('',(2.87742154756561,0.920000013709068,3.35));
#13720=CARTESIAN_POINT('',(1.75484309513122,0.920000013709068,3.315));
#13721=CARTESIAN_POINT('Origin',(1.57519778171554,1.00005457997322,3.315));
#13722=CARTESIAN_POINT('Ctrl Pts',(2.06556604225189,1.06461119353771,3.35));
#13723=CARTESIAN_POINT('Ctrl Pts',(2.06556604225189,1.06461119353771,3.315));
#13724=CARTESIAN_POINT('Ctrl Pts',(2.04308317024261,1.06461119353771,3.35));
#13725=CARTESIAN_POINT('Ctrl Pts',(2.04308317024261,1.06461119353771,3.315));
#13726=CARTESIAN_POINT('Ctrl Pts',(2.02687583286315,1.0491678237915,3.35));
#13727=CARTESIAN_POINT('Ctrl Pts',(2.02687583286315,1.0491678237915,3.315));
#13728=CARTESIAN_POINT('',(2.06556604225189,1.06461119353771,3.35));
#13729=CARTESIAN_POINT('',(2.02687583286315,1.0491678237915,3.35));
#13730=CARTESIAN_POINT('Ctrl Pts',(2.06556604225189,1.06461119353771,3.35));
#13731=CARTESIAN_POINT('Ctrl Pts',(2.04308317024261,1.06461119353771,3.35));
#13732=CARTESIAN_POINT('Ctrl Pts',(2.02687583286315,1.0491678237915,3.35));
#13733=CARTESIAN_POINT('',(2.06556604225189,1.06461119353771,3.315));
#13734=CARTESIAN_POINT('',(2.06556604225189,1.06461119353771,3.35));
#13735=CARTESIAN_POINT('',(2.02687583286315,1.0491678237915,3.315));
#13736=CARTESIAN_POINT('Ctrl Pts',(2.06556604225189,1.06461119353771,3.315));
#13737=CARTESIAN_POINT('Ctrl Pts',(2.04308317024261,1.06461119353771,3.315));
#13738=CARTESIAN_POINT('Ctrl Pts',(2.02687583286315,1.0491678237915,3.315));
#13739=CARTESIAN_POINT('',(2.02687583286315,1.0491678237915,3.35));
#13740=CARTESIAN_POINT('Ctrl Pts',(2.09410629589111,1.05658937692642,3.35));
#13741=CARTESIAN_POINT('Ctrl Pts',(2.09410629589111,1.05658937692642,3.315));
#13742=CARTESIAN_POINT('Ctrl Pts',(2.08139143306762,1.06461119353771,3.35));
#13743=CARTESIAN_POINT('Ctrl Pts',(2.08139143306762,1.06461119353771,3.315));
#13744=CARTESIAN_POINT('Ctrl Pts',(2.06556604225189,1.06461119353771,3.35));
#13745=CARTESIAN_POINT('Ctrl Pts',(2.06556604225189,1.06461119353771,3.315));
#13746=CARTESIAN_POINT('',(2.09410629589111,1.05658937692642,3.35));
#13747=CARTESIAN_POINT('Ctrl Pts',(2.09410629589111,1.05658937692642,3.35));
#13748=CARTESIAN_POINT('Ctrl Pts',(2.08139143306762,1.06461119353771,3.35));
#13749=CARTESIAN_POINT('Ctrl Pts',(2.06556604225189,1.06461119353771,3.35));
#13750=CARTESIAN_POINT('',(2.09410629589111,1.05658937692642,3.315));
#13751=CARTESIAN_POINT('',(2.09410629589111,1.05658937692642,3.35));
#13752=CARTESIAN_POINT('Ctrl Pts',(2.09410629589111,1.05658937692642,3.315));
#13753=CARTESIAN_POINT('Ctrl Pts',(2.08139143306762,1.06461119353771,3.315));
#13754=CARTESIAN_POINT('Ctrl Pts',(2.06556604225189,1.06461119353771,3.315));
#13755=CARTESIAN_POINT('Ctrl Pts',(2.1134242804721,1.03399727940559,3.35));
#13756=CARTESIAN_POINT('Ctrl Pts',(2.1134242804721,1.03399727940559,3.315));
#13757=CARTESIAN_POINT('Ctrl Pts',(2.10682127792388,1.04856754541397,3.35));
#13758=CARTESIAN_POINT('Ctrl Pts',(2.10682127792388,1.04856754541397,3.315));
#13759=CARTESIAN_POINT('Ctrl Pts',(2.09410629589111,1.05658937692642,3.35));
#13760=CARTESIAN_POINT('Ctrl Pts',(2.09410629589111,1.05658937692642,3.315));
#13761=CARTESIAN_POINT('',(2.1134242804721,1.03399727940559,3.35));
#13762=CARTESIAN_POINT('Ctrl Pts',(2.1134242804721,1.03399727940559,3.35));
#13763=CARTESIAN_POINT('Ctrl Pts',(2.10682127792388,1.04856754541397,3.35));
#13764=CARTESIAN_POINT('Ctrl Pts',(2.09410629589111,1.05658937692642,3.35));
#13765=CARTESIAN_POINT('',(2.1134242804721,1.03399727940559,3.315));
#13766=CARTESIAN_POINT('',(2.1134242804721,1.03399727940559,3.35));
#13767=CARTESIAN_POINT('Ctrl Pts',(2.1134242804721,1.03399727940559,3.315));
#13768=CARTESIAN_POINT('Ctrl Pts',(2.10682127792388,1.04856754541397,3.315));
#13769=CARTESIAN_POINT('Ctrl Pts',(2.09410629589111,1.05658937692642,3.315));
#13770=CARTESIAN_POINT('Ctrl Pts',(2.12002728302032,0.999890860915184,3.35));
#13771=CARTESIAN_POINT('Ctrl Pts',(2.12002728302032,0.999890860915184,3.315));
#13772=CARTESIAN_POINT('Ctrl Pts',(2.12002728302032,1.01942702829838,3.35));
#13773=CARTESIAN_POINT('Ctrl Pts',(2.12002728302032,1.01942702829838,3.315));
#13774=CARTESIAN_POINT('Ctrl Pts',(2.1134242804721,1.03399727940559,3.35));
#13775=CARTESIAN_POINT('Ctrl Pts',(2.1134242804721,1.03399727940559,3.315));
#13776=CARTESIAN_POINT('',(2.12002728302032,0.999890860915184,3.35));
#13777=CARTESIAN_POINT('Ctrl Pts',(2.12002728302032,0.999890860915184,3.35));
#13778=CARTESIAN_POINT('Ctrl Pts',(2.12002728302032,1.01942702829838,3.35));
#13779=CARTESIAN_POINT('Ctrl Pts',(2.1134242804721,1.03399727940559,3.35));
#13780=CARTESIAN_POINT('',(2.12002728302032,0.999890860915184,3.315));
#13781=CARTESIAN_POINT('',(2.12002728302032,0.999890860915184,3.35));
#13782=CARTESIAN_POINT('Ctrl Pts',(2.12002728302032,0.999890860915184,3.315));
#13783=CARTESIAN_POINT('Ctrl Pts',(2.12002728302032,1.01942702829838,3.315));
#13784=CARTESIAN_POINT('Ctrl Pts',(2.1134242804721,1.03399727940559,3.315));
#13785=CARTESIAN_POINT('Ctrl Pts',(2.1045838387683,0.952196475863457,3.35));
#13786=CARTESIAN_POINT('Ctrl Pts',(2.1045838387683,0.952196475863457,3.315));
#13787=CARTESIAN_POINT('Ctrl Pts',(2.12002728302032,0.969004091620445,3.35));
#13788=CARTESIAN_POINT('Ctrl Pts',(2.12002728302032,0.969004091620445,3.315));
#13789=CARTESIAN_POINT('Ctrl Pts',(2.12002728302032,0.999890860915184,3.35));
#13790=CARTESIAN_POINT('Ctrl Pts',(2.12002728302032,0.999890860915184,3.315));
#13791=CARTESIAN_POINT('',(2.1045838387683,0.952196475863457,3.35));
#13792=CARTESIAN_POINT('Ctrl Pts',(2.1045838387683,0.952196475863457,3.35));
#13793=CARTESIAN_POINT('Ctrl Pts',(2.12002728302032,0.969004091620445,3.35));
#13794=CARTESIAN_POINT('Ctrl Pts',(2.12002728302032,0.999890860915184,3.35));
#13795=CARTESIAN_POINT('',(2.1045838387683,0.952196475863457,3.315));
#13796=CARTESIAN_POINT('',(2.1045838387683,0.952196475863457,3.35));
#13797=CARTESIAN_POINT('Ctrl Pts',(2.1045838387683,0.952196475863457,3.315));
#13798=CARTESIAN_POINT('Ctrl Pts',(2.12002728302032,0.969004091620445,3.315));
#13799=CARTESIAN_POINT('Ctrl Pts',(2.12002728302032,0.999890860915184,3.315));
#13800=CARTESIAN_POINT('Ctrl Pts',(2.06523869354278,0.935388830304146,3.35));
#13801=CARTESIAN_POINT('Ctrl Pts',(2.06523869354278,0.935388830304146,3.315));
#13802=CARTESIAN_POINT('Ctrl Pts',(2.08914039451629,0.935388830304146,3.35));
#13803=CARTESIAN_POINT('Ctrl Pts',(2.08914039451629,0.935388830304146,3.315));
#13804=CARTESIAN_POINT('Ctrl Pts',(2.1045838387683,0.952196475863457,3.35));
#13805=CARTESIAN_POINT('Ctrl Pts',(2.1045838387683,0.952196475863457,3.315));
#13806=CARTESIAN_POINT('',(2.06523869354278,0.935388830304146,3.35));
#13807=CARTESIAN_POINT('Ctrl Pts',(2.06523869354278,0.935388830304146,3.35));
#13808=CARTESIAN_POINT('Ctrl Pts',(2.08914039451629,0.935388830304146,3.35));
#13809=CARTESIAN_POINT('Ctrl Pts',(2.1045838387683,0.952196475863457,3.35));
#13810=CARTESIAN_POINT('',(2.06523869354278,0.935388830304146,3.315));
#13811=CARTESIAN_POINT('',(2.06523869354278,0.935388830304146,3.35));
#13812=CARTESIAN_POINT('Ctrl Pts',(2.06523869354278,0.935388830304146,3.315));
#13813=CARTESIAN_POINT('Ctrl Pts',(2.08914039451629,0.935388830304146,3.315));
#13814=CARTESIAN_POINT('Ctrl Pts',(2.1045838387683,0.952196475863457,3.315));
#13815=CARTESIAN_POINT('Ctrl Pts',(2.02622089702636,0.952032741904259,3.35));
#13816=CARTESIAN_POINT('Ctrl Pts',(2.02622089702636,0.952032741904259,3.315));
#13817=CARTESIAN_POINT('Ctrl Pts',(2.04177341777831,0.935388830304146,3.35));
#13818=CARTESIAN_POINT('Ctrl Pts',(2.04177341777831,0.935388830304146,3.315));
#13819=CARTESIAN_POINT('Ctrl Pts',(2.06523869354278,0.935388830304146,3.35));
#13820=CARTESIAN_POINT('Ctrl Pts',(2.06523869354278,0.935388830304146,3.315));
#13821=CARTESIAN_POINT('',(2.02622089702636,0.952032741904259,3.35));
#13822=CARTESIAN_POINT('Ctrl Pts',(2.02622089702636,0.952032741904259,3.35));
#13823=CARTESIAN_POINT('Ctrl Pts',(2.04177341777831,0.935388830304146,3.35));
#13824=CARTESIAN_POINT('Ctrl Pts',(2.06523869354278,0.935388830304146,3.35));
#13825=CARTESIAN_POINT('',(2.02622089702636,0.952032741904259,3.315));
#13826=CARTESIAN_POINT('',(2.02622089702636,0.952032741904259,3.35));
#13827=CARTESIAN_POINT('Ctrl Pts',(2.02622089702636,0.952032741904259,3.315));
#13828=CARTESIAN_POINT('Ctrl Pts',(2.04177341777831,0.935388830304146,3.315));
#13829=CARTESIAN_POINT('Ctrl Pts',(2.06523869354278,0.935388830304146,3.315));
#13830=CARTESIAN_POINT('Ctrl Pts',(2.01066837627441,0.997598913311958,3.35));
#13831=CARTESIAN_POINT('Ctrl Pts',(2.01066837627441,0.997598913311958,3.315));
#13832=CARTESIAN_POINT('Ctrl Pts',(2.01066837627441,0.968676683306694,3.35));
#13833=CARTESIAN_POINT('Ctrl Pts',(2.01066837627441,0.968676683306694,3.315));
#13834=CARTESIAN_POINT('Ctrl Pts',(2.02622089702636,0.952032741904259,3.35));
#13835=CARTESIAN_POINT('Ctrl Pts',(2.02622089702636,0.952032741904259,3.315));
#13836=CARTESIAN_POINT('',(2.01066837627441,0.997598913311958,3.35));
#13837=CARTESIAN_POINT('Ctrl Pts',(2.01066837627441,0.997598913311958,3.35));
#13838=CARTESIAN_POINT('Ctrl Pts',(2.01066837627441,0.968676683306694,3.35));
#13839=CARTESIAN_POINT('Ctrl Pts',(2.02622089702636,0.952032741904259,3.35));
#13840=CARTESIAN_POINT('',(2.01066837627441,0.997598913311958,3.315));
#13841=CARTESIAN_POINT('',(2.01066837627441,0.997598913311958,3.35));
#13842=CARTESIAN_POINT('Ctrl Pts',(2.01066837627441,0.997598913311958,3.315));
#13843=CARTESIAN_POINT('Ctrl Pts',(2.01066837627441,0.968676683306694,3.315));
#13844=CARTESIAN_POINT('Ctrl Pts',(2.02622089702636,0.952032741904259,3.315));
#13845=CARTESIAN_POINT('Ctrl Pts',(2.02687583286315,1.0491678237915,3.35));
#13846=CARTESIAN_POINT('Ctrl Pts',(2.02687583286315,1.0491678237915,3.315));
#13847=CARTESIAN_POINT('Ctrl Pts',(2.01066837627441,1.03372442424297,3.35));
#13848=CARTESIAN_POINT('Ctrl Pts',(2.01066837627441,1.03372442424297,3.315));
#13849=CARTESIAN_POINT('Ctrl Pts',(2.01066837627441,0.997598913311958,3.35));
#13850=CARTESIAN_POINT('Ctrl Pts',(2.01066837627441,0.997598913311958,3.315));
#13851=CARTESIAN_POINT('Ctrl Pts',(2.02687583286315,1.0491678237915,3.35));
#13852=CARTESIAN_POINT('Ctrl Pts',(2.01066837627441,1.03372442424297,3.35));
#13853=CARTESIAN_POINT('Ctrl Pts',(2.01066837627441,0.997598913311958,3.35));
#13854=CARTESIAN_POINT('Ctrl Pts',(2.02687583286315,1.0491678237915,3.315));
#13855=CARTESIAN_POINT('Ctrl Pts',(2.01066837627441,1.03372442424297,3.315));
#13856=CARTESIAN_POINT('Ctrl Pts',(2.01066837627441,0.997598913311958,3.315));
#13857=CARTESIAN_POINT('Ctrl Pts',(2.02496586162597,0.928185549378395,3.35));
#13858=CARTESIAN_POINT('Ctrl Pts',(2.02496586162597,0.928185549378395,3.315));
#13859=CARTESIAN_POINT('Ctrl Pts',(2.00717590171844,0.939099606871605,3.35));
#13860=CARTESIAN_POINT('Ctrl Pts',(2.00717590171844,0.939099606871605,3.315));
#13861=CARTESIAN_POINT('Ctrl Pts',(1.99800811130553,0.957980898022652,3.35));
#13862=CARTESIAN_POINT('Ctrl Pts',(1.99800811130553,0.957980898022652,3.315));
#13863=CARTESIAN_POINT('',(2.02496586162597,0.928185549378395,3.35));
#13864=CARTESIAN_POINT('',(1.99800811130553,0.957980898022652,3.35));
#13865=CARTESIAN_POINT('Ctrl Pts',(2.02496586162597,0.928185549378395,3.35));
#13866=CARTESIAN_POINT('Ctrl Pts',(2.00717590171844,0.939099606871605,3.35));
#13867=CARTESIAN_POINT('Ctrl Pts',(1.99800811130553,0.957980898022652,3.35));
#13868=CARTESIAN_POINT('',(2.02496586162597,0.928185549378395,3.315));
#13869=CARTESIAN_POINT('',(2.02496586162597,0.928185549378395,3.35));
#13870=CARTESIAN_POINT('',(1.99800811130553,0.957980898022652,3.315));
#13871=CARTESIAN_POINT('Ctrl Pts',(2.02496586162597,0.928185549378395,3.315));
#13872=CARTESIAN_POINT('Ctrl Pts',(2.00717590171844,0.939099606871605,3.315));
#13873=CARTESIAN_POINT('Ctrl Pts',(1.99800811130553,0.957980898022652,3.315));
#13874=CARTESIAN_POINT('',(1.99800811130553,0.957980898022652,3.35));
#13875=CARTESIAN_POINT('Ctrl Pts',(2.06534777004272,0.917271491885185,3.35));
#13876=CARTESIAN_POINT('Ctrl Pts',(2.06534777004272,0.917271491885185,3.315));
#13877=CARTESIAN_POINT('Ctrl Pts',(2.04275570232421,0.917271491885185,3.35));
#13878=CARTESIAN_POINT('Ctrl Pts',(2.04275570232421,0.917271491885185,3.315));
#13879=CARTESIAN_POINT('Ctrl Pts',(2.02496586162597,0.928185549378395,3.35));
#13880=CARTESIAN_POINT('Ctrl Pts',(2.02496586162597,0.928185549378395,3.315));
#13881=CARTESIAN_POINT('',(2.06534777004272,0.917271491885185,3.35));
#13882=CARTESIAN_POINT('Ctrl Pts',(2.06534777004272,0.917271491885185,3.35));
#13883=CARTESIAN_POINT('Ctrl Pts',(2.04275570232421,0.917271491885185,3.35));
#13884=CARTESIAN_POINT('Ctrl Pts',(2.02496586162597,0.928185549378395,3.35));
#13885=CARTESIAN_POINT('',(2.06534777004272,0.917271491885185,3.315));
#13886=CARTESIAN_POINT('',(2.06534777004272,0.917271491885185,3.35));
#13887=CARTESIAN_POINT('Ctrl Pts',(2.06534777004272,0.917271491885185,3.315));
#13888=CARTESIAN_POINT('Ctrl Pts',(2.04275570232421,0.917271491885185,3.315));
#13889=CARTESIAN_POINT('Ctrl Pts',(2.02496586162597,0.928185549378395,3.315));
#13890=CARTESIAN_POINT('Ctrl Pts',(2.10420189220458,0.927148726582527,3.35));
#13891=CARTESIAN_POINT('Ctrl Pts',(2.10420189220458,0.927148726582527,3.315));
#13892=CARTESIAN_POINT('Ctrl Pts',(2.08619366008788,0.917271491885185,3.35));
#13893=CARTESIAN_POINT('Ctrl Pts',(2.08619366008788,0.917271491885185,3.315));
#13894=CARTESIAN_POINT('Ctrl Pts',(2.06534777004272,0.917271491885185,3.35));
#13895=CARTESIAN_POINT('Ctrl Pts',(2.06534777004272,0.917271491885185,3.315));
#13896=CARTESIAN_POINT('',(2.10420189220458,0.927148726582527,3.35));
#13897=CARTESIAN_POINT('Ctrl Pts',(2.10420189220458,0.927148726582527,3.35));
#13898=CARTESIAN_POINT('Ctrl Pts',(2.08619366008788,0.917271491885185,3.35));
#13899=CARTESIAN_POINT('Ctrl Pts',(2.06534777004272,0.917271491885185,3.35));
#13900=CARTESIAN_POINT('',(2.10420189220458,0.927148726582527,3.315));
#13901=CARTESIAN_POINT('',(2.10420189220458,0.927148726582527,3.35));
#13902=CARTESIAN_POINT('Ctrl Pts',(2.10420189220458,0.927148726582527,3.315));
#13903=CARTESIAN_POINT('Ctrl Pts',(2.08619366008788,0.917271491885185,3.315));
#13904=CARTESIAN_POINT('Ctrl Pts',(2.06534777004272,0.917271491885185,3.315));
#13905=CARTESIAN_POINT('Ctrl Pts',(2.1320326121524,0.956234660744667,3.35));
#13906=CARTESIAN_POINT('Ctrl Pts',(2.1320326121524,0.956234660744667,3.315));
#13907=CARTESIAN_POINT('Ctrl Pts',(2.12221000511199,0.937025931477547,3.35));
#13908=CARTESIAN_POINT('Ctrl Pts',(2.12221000511199,0.937025931477547,3.315));
#13909=CARTESIAN_POINT('Ctrl Pts',(2.10420189220458,0.927148726582527,3.35));
#13910=CARTESIAN_POINT('Ctrl Pts',(2.10420189220458,0.927148726582527,3.315));
#13911=CARTESIAN_POINT('',(2.1320326121524,0.956234660744667,3.35));
#13912=CARTESIAN_POINT('Ctrl Pts',(2.1320326121524,0.956234660744667,3.35));
#13913=CARTESIAN_POINT('Ctrl Pts',(2.12221000511199,0.937025931477547,3.35));
#13914=CARTESIAN_POINT('Ctrl Pts',(2.10420189220458,0.927148726582527,3.35));
#13915=CARTESIAN_POINT('',(2.1320326121524,0.956234660744667,3.315));
#13916=CARTESIAN_POINT('',(2.1320326121524,0.956234660744667,3.35));
#13917=CARTESIAN_POINT('Ctrl Pts',(2.1320326121524,0.956234660744667,3.315));
#13918=CARTESIAN_POINT('Ctrl Pts',(2.12221000511199,0.937025931477547,3.315));
#13919=CARTESIAN_POINT('Ctrl Pts',(2.10420189220458,0.927148726582527,3.315));
#13920=CARTESIAN_POINT('Ctrl Pts',(2.14185533840209,0.9997817248106,3.35));
#13921=CARTESIAN_POINT('Ctrl Pts',(2.14185533840209,0.9997817248106,3.315));
#13922=CARTESIAN_POINT('Ctrl Pts',(2.14185533840209,0.975443390011787,3.35));
#13923=CARTESIAN_POINT('Ctrl Pts',(2.14185533840209,0.975443390011787,3.315));
#13924=CARTESIAN_POINT('Ctrl Pts',(2.1320326121524,0.956234660744667,3.35));
#13925=CARTESIAN_POINT('Ctrl Pts',(2.1320326121524,0.956234660744667,3.315));
#13926=CARTESIAN_POINT('',(2.14185533840209,0.9997817248106,3.35));
#13927=CARTESIAN_POINT('Ctrl Pts',(2.14185533840209,0.9997817248106,3.35));
#13928=CARTESIAN_POINT('Ctrl Pts',(2.14185533840209,0.975443390011787,3.35));
#13929=CARTESIAN_POINT('Ctrl Pts',(2.1320326121524,0.956234660744667,3.35));
#13930=CARTESIAN_POINT('',(2.14185533840209,0.9997817248106,3.315));
#13931=CARTESIAN_POINT('',(2.14185533840209,0.9997817248106,3.35));
#13932=CARTESIAN_POINT('Ctrl Pts',(2.14185533840209,0.9997817248106,3.315));
#13933=CARTESIAN_POINT('Ctrl Pts',(2.14185533840209,0.975443390011787,3.315));
#13934=CARTESIAN_POINT('Ctrl Pts',(2.1320326121524,0.956234660744667,3.315));
#13935=CARTESIAN_POINT('Ctrl Pts',(2.13252375442535,1.042728510499,3.35));
#13936=CARTESIAN_POINT('Ctrl Pts',(2.13252375442535,1.042728510499,3.315));
#13937=CARTESIAN_POINT('Ctrl Pts',(2.14185533840209,1.02379265129566,3.35));
#13938=CARTESIAN_POINT('Ctrl Pts',(2.14185533840209,1.02379265129566,3.315));
#13939=CARTESIAN_POINT('Ctrl Pts',(2.14185533840209,0.9997817248106,3.35));
#13940=CARTESIAN_POINT('Ctrl Pts',(2.14185533840209,0.9997817248106,3.315));
#13941=CARTESIAN_POINT('',(2.13252375442535,1.042728510499,3.35));
#13942=CARTESIAN_POINT('Ctrl Pts',(2.13252375442535,1.042728510499,3.35));
#13943=CARTESIAN_POINT('Ctrl Pts',(2.14185533840209,1.02379265129566,3.35));
#13944=CARTESIAN_POINT('Ctrl Pts',(2.14185533840209,0.9997817248106,3.35));
#13945=CARTESIAN_POINT('',(2.13252375442535,1.042728510499,3.315));
#13946=CARTESIAN_POINT('',(2.13252375442535,1.042728510499,3.35));
#13947=CARTESIAN_POINT('Ctrl Pts',(2.13252375442535,1.042728510499,3.315));
#13948=CARTESIAN_POINT('Ctrl Pts',(2.14185533840209,1.02379265129566,3.315));
#13949=CARTESIAN_POINT('Ctrl Pts',(2.14185533840209,0.9997817248106,3.315));
#13950=CARTESIAN_POINT('Ctrl Pts',(2.10540244895965,1.07225103378296,3.35));
#13951=CARTESIAN_POINT('Ctrl Pts',(2.10540244895965,1.07225103378296,3.315));
#13952=CARTESIAN_POINT('Ctrl Pts',(2.12319228965789,1.06166439950466,3.35));
#13953=CARTESIAN_POINT('Ctrl Pts',(2.12319228965789,1.06166439950466,3.315));
#13954=CARTESIAN_POINT('Ctrl Pts',(2.13252375442535,1.042728510499,3.35));
#13955=CARTESIAN_POINT('Ctrl Pts',(2.13252375442535,1.042728510499,3.315));
#13956=CARTESIAN_POINT('',(2.10540244895965,1.07225103378296,3.35));
#13957=CARTESIAN_POINT('Ctrl Pts',(2.10540244895965,1.07225103378296,3.35));
#13958=CARTESIAN_POINT('Ctrl Pts',(2.12319228965789,1.06166439950466,3.35));
#13959=CARTESIAN_POINT('Ctrl Pts',(2.13252375442535,1.042728510499,3.35));
#13960=CARTESIAN_POINT('',(2.10540244895965,1.07225103378296,3.315));
#13961=CARTESIAN_POINT('',(2.10540244895965,1.07225103378296,3.35));
#13962=CARTESIAN_POINT('Ctrl Pts',(2.10540244895965,1.07225103378296,3.315));
#13963=CARTESIAN_POINT('Ctrl Pts',(2.12319228965789,1.06166439950466,3.315));
#13964=CARTESIAN_POINT('Ctrl Pts',(2.13252375442535,1.042728510499,3.315));
#13965=CARTESIAN_POINT('Ctrl Pts',(2.06545696575195,1.08283766806126,3.35));
#13966=CARTESIAN_POINT('Ctrl Pts',(2.06545696575195,1.08283766806126,3.315));
#13967=CARTESIAN_POINT('Ctrl Pts',(2.08761248905212,1.08283766806126,3.35));
#13968=CARTESIAN_POINT('Ctrl Pts',(2.08761248905212,1.08283766806126,3.315));
#13969=CARTESIAN_POINT('Ctrl Pts',(2.10540244895965,1.07225103378296,3.35));
#13970=CARTESIAN_POINT('Ctrl Pts',(2.10540244895965,1.07225103378296,3.315));
#13971=CARTESIAN_POINT('',(2.06545696575195,1.08283766806126,3.35));
#13972=CARTESIAN_POINT('Ctrl Pts',(2.06545696575195,1.08283766806126,3.35));
#13973=CARTESIAN_POINT('Ctrl Pts',(2.08761248905212,1.08283766806126,3.35));
#13974=CARTESIAN_POINT('Ctrl Pts',(2.10540244895965,1.07225103378296,3.35));
#13975=CARTESIAN_POINT('',(2.06545696575195,1.08283766806126,3.315));
#13976=CARTESIAN_POINT('',(2.06545696575195,1.08283766806126,3.35));
#13977=CARTESIAN_POINT('Ctrl Pts',(2.06545696575195,1.08283766806126,3.315));
#13978=CARTESIAN_POINT('Ctrl Pts',(2.08761248905212,1.08283766806126,3.315));
#13979=CARTESIAN_POINT('Ctrl Pts',(2.10540244895965,1.07225103378296,3.315));
#13980=CARTESIAN_POINT('Ctrl Pts',(2.01023183185607,1.06030015349388,3.35));
#13981=CARTESIAN_POINT('Ctrl Pts',(2.01023183185607,1.06030015349388,3.315));
#13982=CARTESIAN_POINT('Ctrl Pts',(2.03162334281951,1.08283766806126,3.35));
#13983=CARTESIAN_POINT('Ctrl Pts',(2.03162334281951,1.08283766806126,3.315));
#13984=CARTESIAN_POINT('Ctrl Pts',(2.06545696575195,1.08283766806126,3.35));
#13985=CARTESIAN_POINT('Ctrl Pts',(2.06545696575195,1.08283766806126,3.315));
#13986=CARTESIAN_POINT('',(2.01023183185607,1.06030015349388,3.35));
#13987=CARTESIAN_POINT('Ctrl Pts',(2.01023183185607,1.06030015349388,3.35));
#13988=CARTESIAN_POINT('Ctrl Pts',(2.03162334281951,1.08283766806126,3.35));
#13989=CARTESIAN_POINT('Ctrl Pts',(2.06545696575195,1.08283766806126,3.35));
#13990=CARTESIAN_POINT('',(2.01023183185607,1.06030015349388,3.315));
#13991=CARTESIAN_POINT('',(2.01023183185607,1.06030015349388,3.35));
#13992=CARTESIAN_POINT('Ctrl Pts',(2.01023183185607,1.06030015349388,3.315));
#13993=CARTESIAN_POINT('Ctrl Pts',(2.03162334281951,1.08283766806126,3.315));
#13994=CARTESIAN_POINT('Ctrl Pts',(2.06545696575195,1.08283766806126,3.315));
#13995=CARTESIAN_POINT('Ctrl Pts',(1.98884032089263,0.997926336526871,3.35));
#13996=CARTESIAN_POINT('Ctrl Pts',(1.98884032089263,0.997926336526871,3.315));
#13997=CARTESIAN_POINT('Ctrl Pts',(1.98884032089263,1.03776262402534,3.35));
#13998=CARTESIAN_POINT('Ctrl Pts',(1.98884032089263,1.03776262402534,3.315));
#13999=CARTESIAN_POINT('Ctrl Pts',(2.01023183185607,1.06030015349388,3.35));
#14000=CARTESIAN_POINT('Ctrl Pts',(2.01023183185607,1.06030015349388,3.315));
#14001=CARTESIAN_POINT('',(1.98884032089263,0.997926336526871,3.35));
#14002=CARTESIAN_POINT('Ctrl Pts',(1.98884032089263,0.997926336526871,3.35));
#14003=CARTESIAN_POINT('Ctrl Pts',(1.98884032089263,1.03776262402534,3.35));
#14004=CARTESIAN_POINT('Ctrl Pts',(2.01023183185607,1.06030015349388,3.35));
#14005=CARTESIAN_POINT('',(1.98884032089263,0.997926336526871,3.315));
#14006=CARTESIAN_POINT('',(1.98884032089263,0.997926336526871,3.35));
#14007=CARTESIAN_POINT('Ctrl Pts',(1.98884032089263,0.997926336526871,3.315));
#14008=CARTESIAN_POINT('Ctrl Pts',(1.98884032089263,1.03776262402534,3.315));
#14009=CARTESIAN_POINT('Ctrl Pts',(2.01023183185607,1.06030015349388,3.315));
#14010=CARTESIAN_POINT('Ctrl Pts',(1.99800811130553,0.957980898022652,3.35));
#14011=CARTESIAN_POINT('Ctrl Pts',(1.99800811130553,0.957980898022652,3.315));
#14012=CARTESIAN_POINT('Ctrl Pts',(1.98884032089263,0.976862218976021,3.35));
#14013=CARTESIAN_POINT('Ctrl Pts',(1.98884032089263,0.976862218976021,3.315));
#14014=CARTESIAN_POINT('Ctrl Pts',(1.98884032089263,0.997926336526871,3.35));
#14015=CARTESIAN_POINT('Ctrl Pts',(1.98884032089263,0.997926336526871,3.315));
#14016=CARTESIAN_POINT('Ctrl Pts',(1.99800811130553,0.957980898022652,3.35));
#14017=CARTESIAN_POINT('Ctrl Pts',(1.98884032089263,0.976862218976021,3.35));
#14018=CARTESIAN_POINT('Ctrl Pts',(1.98884032089263,0.997926336526871,3.35));
#14019=CARTESIAN_POINT('Ctrl Pts',(1.99800811130553,0.957980898022652,3.315));
#14020=CARTESIAN_POINT('Ctrl Pts',(1.98884032089263,0.976862218976021,3.315));
#14021=CARTESIAN_POINT('Ctrl Pts',(1.98884032089263,0.997926336526871,3.315));
#14022=CARTESIAN_POINT('Origin',(1.57519778171554,1.00005457997322,3.315));
#14023=CARTESIAN_POINT('Origin',(2.22392902690917,1.06111870408058,3.35));
#14024=CARTESIAN_POINT('',(2.22392902690917,1.06111870408058,3.35));
#14025=CARTESIAN_POINT('',(2.19031367618591,1.06111870408058,3.35));
#14026=CARTESIAN_POINT('',(3.11196451345459,1.06111870408058,3.35));
#14027=CARTESIAN_POINT('',(2.22392902690917,1.06111870408058,3.315));
#14028=CARTESIAN_POINT('',(2.22392902690917,1.06111870408058,3.35));
#14029=CARTESIAN_POINT('',(2.19031367618591,1.06111870408058,3.315));
#14030=CARTESIAN_POINT('',(2.22392902690917,1.06111870408058,3.315));
#14031=CARTESIAN_POINT('',(2.19031367618591,1.06111870408058,3.35));
#14032=CARTESIAN_POINT('Ctrl Pts',(2.25132320243865,1.05784448683262,3.35));
#14033=CARTESIAN_POINT('Ctrl Pts',(2.25132320243865,1.05784448683262,3.315));
#14034=CARTESIAN_POINT('Ctrl Pts',(2.24281022865325,1.06111870408058,3.35));
#14035=CARTESIAN_POINT('Ctrl Pts',(2.24281022865325,1.06111870408058,3.315));
#14036=CARTESIAN_POINT('Ctrl Pts',(2.22392902690917,1.06111870408058,3.35));
#14037=CARTESIAN_POINT('Ctrl Pts',(2.22392902690917,1.06111870408058,3.315));
#14038=CARTESIAN_POINT('',(2.25132320243865,1.05784448683262,3.35));
#14039=CARTESIAN_POINT('Ctrl Pts',(2.25132320243865,1.05784448683262,3.35));
#14040=CARTESIAN_POINT('Ctrl Pts',(2.24281022865325,1.06111870408058,3.35));
#14041=CARTESIAN_POINT('Ctrl Pts',(2.22392902690917,1.06111870408058,3.35));
#14042=CARTESIAN_POINT('',(2.25132320243865,1.05784448683262,3.315));
#14043=CARTESIAN_POINT('',(2.25132320243865,1.05784448683262,3.35));
#14044=CARTESIAN_POINT('Ctrl Pts',(2.25132320243865,1.05784448683262,3.315));
#14045=CARTESIAN_POINT('Ctrl Pts',(2.24281022865325,1.06111870408058,3.315));
#14046=CARTESIAN_POINT('Ctrl Pts',(2.22392902690917,1.06111870408058,3.315));
#14047=CARTESIAN_POINT('Ctrl Pts',(2.27135048229247,1.03978171646595,3.35));
#14048=CARTESIAN_POINT('Ctrl Pts',(2.27135048229247,1.03978171646595,3.315));
#14049=CARTESIAN_POINT('Ctrl Pts',(2.26311037857085,1.05326057672501,3.35));
#14050=CARTESIAN_POINT('Ctrl Pts',(2.26311037857085,1.05326057672501,3.315));
#14051=CARTESIAN_POINT('Ctrl Pts',(2.25132320243865,1.05784448683262,3.35));
#14052=CARTESIAN_POINT('Ctrl Pts',(2.25132320243865,1.05784448683262,3.315));
#14053=CARTESIAN_POINT('',(2.27135048229247,1.03978171646595,3.35));
#14054=CARTESIAN_POINT('Ctrl Pts',(2.27135048229247,1.03978171646595,3.35));
#14055=CARTESIAN_POINT('Ctrl Pts',(2.26311037857085,1.05326057672501,3.35));
#14056=CARTESIAN_POINT('Ctrl Pts',(2.25132320243865,1.05784448683262,3.35));
#14057=CARTESIAN_POINT('',(2.27135048229247,1.03978171646595,3.315));
#14058=CARTESIAN_POINT('',(2.27135048229247,1.03978171646595,3.35));
#14059=CARTESIAN_POINT('Ctrl Pts',(2.27135048229247,1.03978171646595,3.315));
#14060=CARTESIAN_POINT('Ctrl Pts',(2.26311037857085,1.05326057672501,3.315));
#14061=CARTESIAN_POINT('Ctrl Pts',(2.25132320243865,1.05784448683262,3.315));
#14062=CARTESIAN_POINT('Ctrl Pts',(2.27959058601409,1.00120055377483,3.35));
#14063=CARTESIAN_POINT('Ctrl Pts',(2.27959058601409,1.00120055377483,3.315));
#14064=CARTESIAN_POINT('Ctrl Pts',(2.27959058601409,1.02630287110806,3.35));
#14065=CARTESIAN_POINT('Ctrl Pts',(2.27959058601409,1.02630287110806,3.315));
#14066=CARTESIAN_POINT('Ctrl Pts',(2.27135048229247,1.03978171646595,3.35));
#14067=CARTESIAN_POINT('Ctrl Pts',(2.27135048229247,1.03978171646595,3.315));
#14068=CARTESIAN_POINT('',(2.27959058601409,1.00120055377483,3.35));
#14069=CARTESIAN_POINT('Ctrl Pts',(2.27959058601409,1.00120055377483,3.35));
#14070=CARTESIAN_POINT('Ctrl Pts',(2.27959058601409,1.02630287110806,3.35));
#14071=CARTESIAN_POINT('Ctrl Pts',(2.27135048229247,1.03978171646595,3.35));
#14072=CARTESIAN_POINT('',(2.27959058601409,1.00120055377483,3.315));
#14073=CARTESIAN_POINT('',(2.27959058601409,1.00120055377483,3.35));
#14074=CARTESIAN_POINT('Ctrl Pts',(2.27959058601409,1.00120055377483,3.315));
#14075=CARTESIAN_POINT('Ctrl Pts',(2.27959058601409,1.02630287110806,3.315));
#14076=CARTESIAN_POINT('Ctrl Pts',(2.27135048229247,1.03978171646595,3.315));
#14077=CARTESIAN_POINT('Ctrl Pts',(2.27538869697601,0.970368352532387,3.35));
#14078=CARTESIAN_POINT('Ctrl Pts',(2.27538869697601,0.970368352532387,3.315));
#14079=CARTESIAN_POINT('Ctrl Pts',(2.27959058601409,0.983083245158195,3.35));
#14080=CARTESIAN_POINT('Ctrl Pts',(2.27959058601409,0.983083245158195,3.315));
#14081=CARTESIAN_POINT('Ctrl Pts',(2.27959058601409,1.00120055377483,3.35));
#14082=CARTESIAN_POINT('Ctrl Pts',(2.27959058601409,1.00120055377483,3.315));
#14083=CARTESIAN_POINT('',(2.27538869697601,0.970368352532387,3.35));
#14084=CARTESIAN_POINT('Ctrl Pts',(2.27538869697601,0.970368352532387,3.35));
#14085=CARTESIAN_POINT('Ctrl Pts',(2.27959058601409,0.983083245158195,3.35));
#14086=CARTESIAN_POINT('Ctrl Pts',(2.27959058601409,1.00120055377483,3.35));
#14087=CARTESIAN_POINT('',(2.27538869697601,0.970368352532387,3.315));
#14088=CARTESIAN_POINT('',(2.27538869697601,0.970368352532387,3.35));
#14089=CARTESIAN_POINT('Ctrl Pts',(2.27538869697601,0.970368352532387,3.315));
#14090=CARTESIAN_POINT('Ctrl Pts',(2.27959058601409,0.983083245158195,3.315));
#14091=CARTESIAN_POINT('Ctrl Pts',(2.27959058601409,1.00120055377483,3.315));
#14092=CARTESIAN_POINT('Ctrl Pts',(2.26365611869842,0.950122800469398,3.35));
#14093=CARTESIAN_POINT('Ctrl Pts',(2.26365611869842,0.950122800469398,3.315));
#14094=CARTESIAN_POINT('Ctrl Pts',(2.27118680793792,0.9576534897089,3.35));
#14095=CARTESIAN_POINT('Ctrl Pts',(2.27118680793792,0.9576534897089,3.315));
#14096=CARTESIAN_POINT('Ctrl Pts',(2.27538869697601,0.970368352532387,3.35));
#14097=CARTESIAN_POINT('Ctrl Pts',(2.27538869697601,0.970368352532387,3.315));
#14098=CARTESIAN_POINT('',(2.26365611869842,0.950122800469398,3.35));
#14099=CARTESIAN_POINT('Ctrl Pts',(2.26365611869842,0.950122800469398,3.35));
#14100=CARTESIAN_POINT('Ctrl Pts',(2.27118680793792,0.9576534897089,3.35));
#14101=CARTESIAN_POINT('Ctrl Pts',(2.27538869697601,0.970368352532387,3.35));
#14102=CARTESIAN_POINT('',(2.26365611869842,0.950122800469398,3.315));
#14103=CARTESIAN_POINT('',(2.26365611869842,0.950122800469398,3.35));
#14104=CARTESIAN_POINT('Ctrl Pts',(2.26365611869842,0.950122800469398,3.315));
#14105=CARTESIAN_POINT('Ctrl Pts',(2.27118680793792,0.9576534897089,3.315));
#14106=CARTESIAN_POINT('Ctrl Pts',(2.27538869697601,0.970368352532387,3.315));
#14107=CARTESIAN_POINT('Ctrl Pts',(2.24930415470153,0.941828128695488,3.35));
#14108=CARTESIAN_POINT('Ctrl Pts',(2.24930415470153,0.941828128695488,3.315));
#14109=CARTESIAN_POINT('Ctrl Pts',(2.25830827075988,0.944774922728538,3.35));
#14110=CARTESIAN_POINT('Ctrl Pts',(2.25830827075988,0.944774922728538,3.315));
#14111=CARTESIAN_POINT('Ctrl Pts',(2.26365611869842,0.950122800469398,3.35));
#14112=CARTESIAN_POINT('Ctrl Pts',(2.26365611869842,0.950122800469398,3.315));
#14113=CARTESIAN_POINT('',(2.24930415470153,0.941828128695488,3.35));
#14114=CARTESIAN_POINT('Ctrl Pts',(2.24930415470153,0.941828128695488,3.35));
#14115=CARTESIAN_POINT('Ctrl Pts',(2.25830827075988,0.944774922728538,3.35));
#14116=CARTESIAN_POINT('Ctrl Pts',(2.26365611869842,0.950122800469398,3.35));
#14117=CARTESIAN_POINT('',(2.24930415470153,0.941828128695488,3.315));
#14118=CARTESIAN_POINT('',(2.24930415470153,0.941828128695488,3.35));
#14119=CARTESIAN_POINT('Ctrl Pts',(2.24930415470153,0.941828128695488,3.315));
#14120=CARTESIAN_POINT('Ctrl Pts',(2.25830827075988,0.944774922728538,3.315));
#14121=CARTESIAN_POINT('Ctrl Pts',(2.26365611869842,0.950122800469398,3.315));
#14122=CARTESIAN_POINT('Ctrl Pts',(2.22447464782745,0.938881334662437,3.35));
#14123=CARTESIAN_POINT('Ctrl Pts',(2.22447464782745,0.938881334662437,3.315));
#14124=CARTESIAN_POINT('Ctrl Pts',(2.24030003864318,0.938881334662437,3.35));
#14125=CARTESIAN_POINT('Ctrl Pts',(2.24030003864318,0.938881334662437,3.315));
#14126=CARTESIAN_POINT('Ctrl Pts',(2.24930415470153,0.941828128695488,3.35));
#14127=CARTESIAN_POINT('Ctrl Pts',(2.24930415470153,0.941828128695488,3.315));
#14128=CARTESIAN_POINT('',(2.22447464782745,0.938881334662437,3.35));
#14129=CARTESIAN_POINT('Ctrl Pts',(2.22447464782745,0.938881334662437,3.35));
#14130=CARTESIAN_POINT('Ctrl Pts',(2.24030003864318,0.938881334662437,3.35));
#14131=CARTESIAN_POINT('Ctrl Pts',(2.24930415470153,0.941828128695488,3.35));
#14132=CARTESIAN_POINT('',(2.22447464782745,0.938881334662437,3.315));
#14133=CARTESIAN_POINT('',(2.22447464782745,0.938881334662437,3.35));
#14134=CARTESIAN_POINT('Ctrl Pts',(2.22447464782745,0.938881334662437,3.315));
#14135=CARTESIAN_POINT('Ctrl Pts',(2.24030003864318,0.938881334662437,3.315));
#14136=CARTESIAN_POINT('Ctrl Pts',(2.24930415470153,0.941828128695488,3.315));
#14137=CARTESIAN_POINT('Origin',(2.19031367618591,0.938881334662437,3.35));
#14138=CARTESIAN_POINT('',(2.19031367618591,0.938881334662437,3.35));
#14139=CARTESIAN_POINT('',(3.09515683809295,0.938881334662438,3.35));
#14140=CARTESIAN_POINT('',(2.19031367618591,0.938881334662437,3.315));
#14141=CARTESIAN_POINT('',(2.19031367618591,0.938881334662437,3.35));
#14142=CARTESIAN_POINT('',(2.19031367618591,0.938881334662437,3.315));
#14143=CARTESIAN_POINT('Origin',(2.19031367618591,1.06111870408058,3.35));
#14144=CARTESIAN_POINT('',(2.19031367618591,1.53055935204029,3.35));
#14145=CARTESIAN_POINT('',(2.19031367618591,1.06111870408058,3.315));
#14146=CARTESIAN_POINT('Ctrl Pts',(2.25257835704833,0.922728535532951,3.35));
#14147=CARTESIAN_POINT('Ctrl Pts',(2.25257835704833,0.922728535532951,3.315));
#14148=CARTESIAN_POINT('Ctrl Pts',(2.24139139968902,0.920000013709068,3.35));
#14149=CARTESIAN_POINT('Ctrl Pts',(2.24139139968902,0.920000013709068,3.315));
#14150=CARTESIAN_POINT('Ctrl Pts',(2.22687576133758,0.920000013709068,3.35));
#14151=CARTESIAN_POINT('Ctrl Pts',(2.22687576133758,0.920000013709068,3.315));
#14152=CARTESIAN_POINT('',(2.25257835704833,0.922728535532951,3.35));
#14153=CARTESIAN_POINT('',(2.22687576133758,0.920000013709068,3.35));
#14154=CARTESIAN_POINT('Ctrl Pts',(2.25257835704833,0.922728535532951,3.35));
#14155=CARTESIAN_POINT('Ctrl Pts',(2.24139139968902,0.920000013709068,3.35));
#14156=CARTESIAN_POINT('Ctrl Pts',(2.22687576133758,0.920000013709068,3.35));
#14157=CARTESIAN_POINT('',(2.25257835704833,0.922728535532951,3.315));
#14158=CARTESIAN_POINT('',(2.25257835704833,0.922728535532951,3.35));
#14159=CARTESIAN_POINT('',(2.22687576133758,0.920000013709068,3.315));
#14160=CARTESIAN_POINT('Ctrl Pts',(2.25257835704833,0.922728535532951,3.315));
#14161=CARTESIAN_POINT('Ctrl Pts',(2.24139139968902,0.920000013709068,3.315));
#14162=CARTESIAN_POINT('Ctrl Pts',(2.22687576133758,0.920000013709068,3.315));
#14163=CARTESIAN_POINT('',(2.22687576133758,0.920000013709068,3.35));
#14164=CARTESIAN_POINT('Ctrl Pts',(2.27167795021087,0.930750367045402,3.35));
#14165=CARTESIAN_POINT('Ctrl Pts',(2.27167795021087,0.930750367045402,3.315));
#14166=CARTESIAN_POINT('Ctrl Pts',(2.26376531440765,0.925457027554512,3.35));
#14167=CARTESIAN_POINT('Ctrl Pts',(2.26376531440765,0.925457027554512,3.315));
#14168=CARTESIAN_POINT('Ctrl Pts',(2.25257835704833,0.922728535532951,3.35));
#14169=CARTESIAN_POINT('Ctrl Pts',(2.25257835704833,0.922728535532951,3.315));
#14170=CARTESIAN_POINT('',(2.27167795021087,0.930750367045402,3.35));
#14171=CARTESIAN_POINT('Ctrl Pts',(2.27167795021087,0.930750367045402,3.35));
#14172=CARTESIAN_POINT('Ctrl Pts',(2.26376531440765,0.925457027554512,3.35));
#14173=CARTESIAN_POINT('Ctrl Pts',(2.25257835704833,0.922728535532951,3.35));
#14174=CARTESIAN_POINT('',(2.27167795021087,0.930750367045402,3.315));
#14175=CARTESIAN_POINT('',(2.27167795021087,0.930750367045402,3.35));
#14176=CARTESIAN_POINT('Ctrl Pts',(2.27167795021087,0.930750367045402,3.315));
#14177=CARTESIAN_POINT('Ctrl Pts',(2.26376531440765,0.925457027554512,3.315));
#14178=CARTESIAN_POINT('Ctrl Pts',(2.25257835704833,0.922728535532951,3.315));
#14179=CARTESIAN_POINT('Ctrl Pts',(2.28624818641692,0.945266035199165,3.35));
#14180=CARTESIAN_POINT('Ctrl Pts',(2.28624818641692,0.945266035199165,3.315));
#14181=CARTESIAN_POINT('Ctrl Pts',(2.27959058601409,0.936043676733971,3.35));
#14182=CARTESIAN_POINT('Ctrl Pts',(2.27959058601409,0.936043676733971,3.315));
#14183=CARTESIAN_POINT('Ctrl Pts',(2.27167795021087,0.930750367045402,3.35));
#14184=CARTESIAN_POINT('Ctrl Pts',(2.27167795021087,0.930750367045402,3.315));
#14185=CARTESIAN_POINT('',(2.28624818641692,0.945266035199165,3.35));
#14186=CARTESIAN_POINT('Ctrl Pts',(2.28624818641692,0.945266035199165,3.35));
#14187=CARTESIAN_POINT('Ctrl Pts',(2.27959058601409,0.936043676733971,3.35));
#14188=CARTESIAN_POINT('Ctrl Pts',(2.27167795021087,0.930750367045402,3.35));
#14189=CARTESIAN_POINT('',(2.28624818641692,0.945266035199165,3.315));
#14190=CARTESIAN_POINT('',(2.28624818641692,0.945266035199165,3.35));
#14191=CARTESIAN_POINT('Ctrl Pts',(2.28624818641692,0.945266035199165,3.315));
#14192=CARTESIAN_POINT('Ctrl Pts',(2.27959058601409,0.936043676733971,3.315));
#14193=CARTESIAN_POINT('Ctrl Pts',(2.27167795021087,0.930750367045402,3.315));
#14194=CARTESIAN_POINT('Ctrl Pts',(2.29716227371246,0.96856754720211,3.35));
#14195=CARTESIAN_POINT('Ctrl Pts',(2.29716227371246,0.96856754720211,3.315));
#14196=CARTESIAN_POINT('Ctrl Pts',(2.29290578681976,0.954488423466682,3.35));
#14197=CARTESIAN_POINT('Ctrl Pts',(2.29290578681976,0.954488423466682,3.315));
#14198=CARTESIAN_POINT('Ctrl Pts',(2.28624818641692,0.945266035199165,3.35));
#14199=CARTESIAN_POINT('Ctrl Pts',(2.28624818641692,0.945266035199165,3.315));
#14200=CARTESIAN_POINT('',(2.29716227371246,0.96856754720211,3.35));
#14201=CARTESIAN_POINT('Ctrl Pts',(2.29716227371246,0.96856754720211,3.35));
#14202=CARTESIAN_POINT('Ctrl Pts',(2.29290578681976,0.954488423466682,3.35));
#14203=CARTESIAN_POINT('Ctrl Pts',(2.28624818641692,0.945266035199165,3.35));
#14204=CARTESIAN_POINT('',(2.29716227371246,0.96856754720211,3.315));
#14205=CARTESIAN_POINT('',(2.29716227371246,0.96856754720211,3.35));
#14206=CARTESIAN_POINT('Ctrl Pts',(2.29716227371246,0.96856754720211,3.315));
#14207=CARTESIAN_POINT('Ctrl Pts',(2.29290578681976,0.954488423466682,3.315));
#14208=CARTESIAN_POINT('Ctrl Pts',(2.28624818641692,0.945266035199165,3.315));
#14209=CARTESIAN_POINT('Ctrl Pts',(2.30141876060516,1.00087314546108,3.35));
#14210=CARTESIAN_POINT('Ctrl Pts',(2.30141876060516,1.00087314546108,3.315));
#14211=CARTESIAN_POINT('Ctrl Pts',(2.30141876060516,0.982646670937538,3.35));
#14212=CARTESIAN_POINT('Ctrl Pts',(2.30141876060516,0.982646670937538,3.315));
#14213=CARTESIAN_POINT('Ctrl Pts',(2.29716227371246,0.96856754720211,3.35));
#14214=CARTESIAN_POINT('Ctrl Pts',(2.29716227371246,0.96856754720211,3.315));
#14215=CARTESIAN_POINT('',(2.30141876060516,1.00087314546108,3.35));
#14216=CARTESIAN_POINT('Ctrl Pts',(2.30141876060516,1.00087314546108,3.35));
#14217=CARTESIAN_POINT('Ctrl Pts',(2.30141876060516,0.982646670937538,3.35));
#14218=CARTESIAN_POINT('Ctrl Pts',(2.29716227371246,0.96856754720211,3.35));
#14219=CARTESIAN_POINT('',(2.30141876060516,1.00087314546108,3.315));
#14220=CARTESIAN_POINT('',(2.30141876060516,1.00087314546108,3.35));
#14221=CARTESIAN_POINT('Ctrl Pts',(2.30141876060516,1.00087314546108,3.315));
#14222=CARTESIAN_POINT('Ctrl Pts',(2.30141876060516,0.982646670937538,3.315));
#14223=CARTESIAN_POINT('Ctrl Pts',(2.29716227371246,0.96856754720211,3.315));
#14224=CARTESIAN_POINT('Ctrl Pts',(2.29514310676605,1.03890859782696,3.35));
#14225=CARTESIAN_POINT('Ctrl Pts',(2.29514310676605,1.03890859782696,3.315));
#14226=CARTESIAN_POINT('Ctrl Pts',(2.30141876060516,1.02226468622684,3.35));
#14227=CARTESIAN_POINT('Ctrl Pts',(2.30141876060516,1.02226468622684,3.315));
#14228=CARTESIAN_POINT('Ctrl Pts',(2.30141876060516,1.00087314546108,3.35));
#14229=CARTESIAN_POINT('Ctrl Pts',(2.30141876060516,1.00087314546108,3.315));
#14230=CARTESIAN_POINT('',(2.29514310676605,1.03890859782696,3.35));
#14231=CARTESIAN_POINT('Ctrl Pts',(2.29514310676605,1.03890859782696,3.35));
#14232=CARTESIAN_POINT('Ctrl Pts',(2.30141876060516,1.02226468622684,3.35));
#14233=CARTESIAN_POINT('Ctrl Pts',(2.30141876060516,1.00087314546108,3.35));
#14234=CARTESIAN_POINT('',(2.29514310676605,1.03890859782696,3.315));
#14235=CARTESIAN_POINT('',(2.29514310676605,1.03890859782696,3.35));
#14236=CARTESIAN_POINT('Ctrl Pts',(2.29514310676605,1.03890859782696,3.315));
#14237=CARTESIAN_POINT('Ctrl Pts',(2.30141876060516,1.02226468622684,3.315));
#14238=CARTESIAN_POINT('Ctrl Pts',(2.30141876060516,1.00087314546108,3.315));
#14239=CARTESIAN_POINT('Ctrl Pts',(2.27620730716735,1.06624830961227,3.35));
#14240=CARTESIAN_POINT('Ctrl Pts',(2.27620730716735,1.06624830961227,3.315));
#14241=CARTESIAN_POINT('Ctrl Pts',(2.28886757213622,1.05555253922939,3.35));
#14242=CARTESIAN_POINT('Ctrl Pts',(2.28886757213622,1.05555253922939,3.315));
#14243=CARTESIAN_POINT('Ctrl Pts',(2.29514310676605,1.03890859782696,3.35));
#14244=CARTESIAN_POINT('Ctrl Pts',(2.29514310676605,1.03890859782696,3.315));
#14245=CARTESIAN_POINT('',(2.27620730716735,1.06624830961227,3.35));
#14246=CARTESIAN_POINT('Ctrl Pts',(2.27620730716735,1.06624830961227,3.35));
#14247=CARTESIAN_POINT('Ctrl Pts',(2.28886757213622,1.05555253922939,3.35));
#14248=CARTESIAN_POINT('Ctrl Pts',(2.29514310676605,1.03890859782696,3.35));
#14249=CARTESIAN_POINT('',(2.27620730716735,1.06624830961227,3.315));
#14250=CARTESIAN_POINT('',(2.27620730716735,1.06624830961227,3.35));
#14251=CARTESIAN_POINT('Ctrl Pts',(2.27620730716735,1.06624830961227,3.315));
#14252=CARTESIAN_POINT('Ctrl Pts',(2.28886757213622,1.05555253922939,3.315));
#14253=CARTESIAN_POINT('Ctrl Pts',(2.29514310676605,1.03890859782696,3.315));
#14254=CARTESIAN_POINT('Ctrl Pts',(2.25274203140289,1.07770806252956,3.35));
#14255=CARTESIAN_POINT('Ctrl Pts',(2.25274203140289,1.07770806252956,3.315));
#14256=CARTESIAN_POINT('Ctrl Pts',(2.26649377662689,1.07454298138618,3.35));
#14257=CARTESIAN_POINT('Ctrl Pts',(2.26649377662689,1.07454298138618,3.315));
#14258=CARTESIAN_POINT('Ctrl Pts',(2.27620730716735,1.06624830961227,3.35));
#14259=CARTESIAN_POINT('Ctrl Pts',(2.27620730716735,1.06624830961227,3.315));
#14260=CARTESIAN_POINT('',(2.25274203140289,1.07770806252956,3.35));
#14261=CARTESIAN_POINT('Ctrl Pts',(2.25274203140289,1.07770806252956,3.35));
#14262=CARTESIAN_POINT('Ctrl Pts',(2.26649377662689,1.07454298138618,3.35));
#14263=CARTESIAN_POINT('Ctrl Pts',(2.27620730716735,1.06624830961227,3.35));
#14264=CARTESIAN_POINT('',(2.25274203140289,1.07770806252956,3.315));
#14265=CARTESIAN_POINT('',(2.25274203140289,1.07770806252956,3.35));
#14266=CARTESIAN_POINT('Ctrl Pts',(2.25274203140289,1.07770806252956,3.315));
#14267=CARTESIAN_POINT('Ctrl Pts',(2.26649377662689,1.07454298138618,3.315));
#14268=CARTESIAN_POINT('Ctrl Pts',(2.27620730716735,1.06624830961227,3.315));
#14269=CARTESIAN_POINT('Ctrl Pts',(2.22425637561828,1.08000001013279,3.35));
#14270=CARTESIAN_POINT('Ctrl Pts',(2.22425637561828,1.08000001013279,3.315));
#14271=CARTESIAN_POINT('Ctrl Pts',(2.24291942436248,1.08000001013279,3.35));
#14272=CARTESIAN_POINT('Ctrl Pts',(2.24291942436248,1.08000001013279,3.315));
#14273=CARTESIAN_POINT('Ctrl Pts',(2.25274203140289,1.07770806252956,3.35));
#14274=CARTESIAN_POINT('Ctrl Pts',(2.25274203140289,1.07770806252956,3.315));
#14275=CARTESIAN_POINT('',(2.22425637561828,1.08000001013279,3.35));
#14276=CARTESIAN_POINT('Ctrl Pts',(2.22425637561828,1.08000001013279,3.35));
#14277=CARTESIAN_POINT('Ctrl Pts',(2.24291942436248,1.08000001013279,3.35));
#14278=CARTESIAN_POINT('Ctrl Pts',(2.25274203140289,1.07770806252956,3.35));
#14279=CARTESIAN_POINT('',(2.22425637561828,1.08000001013279,3.315));
#14280=CARTESIAN_POINT('',(2.22425637561828,1.08000001013279,3.35));
#14281=CARTESIAN_POINT('Ctrl Pts',(2.22425637561828,1.08000001013279,3.315));
#14282=CARTESIAN_POINT('Ctrl Pts',(2.24291942436248,1.08000001013279,3.315));
#14283=CARTESIAN_POINT('Ctrl Pts',(2.25274203140289,1.07770806252956,3.315));
#14284=CARTESIAN_POINT('Origin',(2.16914043743163,1.08000001013279,3.35));
#14285=CARTESIAN_POINT('',(2.16914043743163,1.08000001013279,3.35));
#14286=CARTESIAN_POINT('',(3.08457021871582,1.08000001013279,3.35));
#14287=CARTESIAN_POINT('',(2.16914043743163,1.08000001013279,3.315));
#14288=CARTESIAN_POINT('',(2.16914043743163,1.08000001013279,3.35));
#14289=CARTESIAN_POINT('',(2.16914043743163,1.08000001013279,3.315));
#14290=CARTESIAN_POINT('Origin',(2.16914043743163,0.920000013709068,3.35));
#14291=CARTESIAN_POINT('',(2.16914043743163,0.920000013709068,3.35));
#14292=CARTESIAN_POINT('',(2.16914043743163,1.46000000685453,3.35));
#14293=CARTESIAN_POINT('',(2.16914043743163,0.920000013709068,3.315));
#14294=CARTESIAN_POINT('',(2.16914043743163,0.920000013709068,3.35));
#14295=CARTESIAN_POINT('',(2.16914043743163,0.920000013709068,3.315));
#14296=CARTESIAN_POINT('Origin',(2.22687576133758,0.920000013709068,3.35));
#14297=CARTESIAN_POINT('',(3.11343788066879,0.920000013709068,3.35));
#14298=CARTESIAN_POINT('',(2.22687576133758,0.920000013709068,3.315));
#14299=CARTESIAN_POINT('Origin',(1.57519778171554,1.00005457997322,3.315));
#14300=CARTESIAN_POINT('Origin',(1.8539427312091,1.0457298874855,3.35));
#14301=CARTESIAN_POINT('',(1.8539427312091,1.0457298874855,3.35));
#14302=CARTESIAN_POINT('',(1.8539427312091,0.920000013709068,3.35));
#14303=CARTESIAN_POINT('',(1.8539427312091,1.52286494374275,3.35));
#14304=CARTESIAN_POINT('',(1.8539427312091,1.0457298874855,3.315));
#14305=CARTESIAN_POINT('',(1.8539427312091,1.0457298874855,3.35));
#14306=CARTESIAN_POINT('',(1.8539427312091,0.920000013709068,3.315));
#14307=CARTESIAN_POINT('',(1.8539427312091,1.0457298874855,3.315));
#14308=CARTESIAN_POINT('',(1.8539427312091,0.920000013709068,3.35));
#14309=CARTESIAN_POINT('Origin',(1.93798086959869,0.920000013709068,3.35));
#14310=CARTESIAN_POINT('',(1.93798086959869,0.920000013709068,3.35));
#14311=CARTESIAN_POINT('',(2.00687839096474,0.816922091817168,3.35));
#14312=CARTESIAN_POINT('',(1.93798086959869,0.920000013709068,3.315));
#14313=CARTESIAN_POINT('',(1.93798086959869,0.920000013709068,3.35));
#14314=CARTESIAN_POINT('',(1.93798086959869,0.920000013709068,3.315));
#14315=CARTESIAN_POINT('Origin',(1.95969984848052,0.920000013709068,3.35));
#14316=CARTESIAN_POINT('',(1.95969984848052,0.920000013709068,3.35));
#14317=CARTESIAN_POINT('',(2.97984992424026,0.920000013709068,3.35));
#14318=CARTESIAN_POINT('',(1.95969984848052,0.920000013709068,3.315));
#14319=CARTESIAN_POINT('',(1.95969984848052,0.920000013709068,3.35));
#14320=CARTESIAN_POINT('',(1.95969984848052,0.920000013709068,3.315));
#14321=CARTESIAN_POINT('Origin',(1.95969984848052,1.08000001013279,3.35));
#14322=CARTESIAN_POINT('',(1.95969984848052,1.08000001013279,3.35));
#14323=CARTESIAN_POINT('',(1.95969984848052,1.54000000506639,3.35));
#14324=CARTESIAN_POINT('',(1.95969984848052,1.08000001013279,3.315));
#14325=CARTESIAN_POINT('',(1.95969984848052,1.08000001013279,3.35));
#14326=CARTESIAN_POINT('',(1.95969984848052,1.08000001013279,3.315));
#14327=CARTESIAN_POINT('Origin',(1.93939969856292,1.08000001013279,3.35));
#14328=CARTESIAN_POINT('',(1.93939969856292,1.08000001013279,3.35));
#14329=CARTESIAN_POINT('',(2.96969984928146,1.08000001013279,3.35));
#14330=CARTESIAN_POINT('',(1.93939969856292,1.08000001013279,3.315));
#14331=CARTESIAN_POINT('',(1.93939969856292,1.08000001013279,3.35));
#14332=CARTESIAN_POINT('',(1.93939969856292,1.08000001013279,3.315));
#14333=CARTESIAN_POINT('Origin',(1.93939969856292,0.954379287362099,3.35));
#14334=CARTESIAN_POINT('',(1.93939969856292,0.954379287362099,3.35));
#14335=CARTESIAN_POINT('',(1.93939969856292,1.47718964368105,3.35));
#14336=CARTESIAN_POINT('',(1.93939969856292,0.954379287362099,3.315));
#14337=CARTESIAN_POINT('',(1.93939969856292,0.954379287362099,3.35));
#14338=CARTESIAN_POINT('',(1.93939969856292,0.954379287362099,3.315));
#14339=CARTESIAN_POINT('Origin',(1.85536156017333,1.08000001013279,3.35));
#14340=CARTESIAN_POINT('',(1.85536156017333,1.08000001013279,3.35));
#14341=CARTESIAN_POINT('',(1.97430263974419,0.902206157613693,3.35));
#14342=CARTESIAN_POINT('',(1.85536156017333,1.08000001013279,3.315));
#14343=CARTESIAN_POINT('',(1.85536156017333,1.08000001013279,3.35));
#14344=CARTESIAN_POINT('',(1.85536156017333,1.08000001013279,3.315));
#14345=CARTESIAN_POINT('Origin',(1.8336425812915,1.08000001013279,3.35));
#14346=CARTESIAN_POINT('',(1.8336425812915,1.08000001013279,3.35));
#14347=CARTESIAN_POINT('',(2.91682129064575,1.08000001013279,3.35));
#14348=CARTESIAN_POINT('',(1.8336425812915,1.08000001013279,3.315));
#14349=CARTESIAN_POINT('',(1.8336425812915,1.08000001013279,3.35));
#14350=CARTESIAN_POINT('',(1.8336425812915,1.08000001013279,3.315));
#14351=CARTESIAN_POINT('Origin',(1.8336425812915,0.920000013709068,3.35));
#14352=CARTESIAN_POINT('',(1.8336425812915,0.920000013709068,3.35));
#14353=CARTESIAN_POINT('',(1.8336425812915,1.46000000685453,3.35));
#14354=CARTESIAN_POINT('',(1.8336425812915,0.920000013709068,3.315));
#14355=CARTESIAN_POINT('',(1.8336425812915,0.920000013709068,3.35));
#14356=CARTESIAN_POINT('',(1.8336425812915,0.920000013709068,3.315));
#14357=CARTESIAN_POINT('Origin',(1.8539427312091,0.920000013709068,3.35));
#14358=CARTESIAN_POINT('',(2.92697136560455,0.920000013709068,3.35));
#14359=CARTESIAN_POINT('',(1.8539427312091,0.920000013709068,3.315));
#14360=CARTESIAN_POINT('Origin',(1.57519778171554,1.00005457997322,3.315));
#14361=CARTESIAN_POINT('Ctrl Pts',(1.56144610960037,1.06319236457348,3.35));
#14362=CARTESIAN_POINT('Ctrl Pts',(1.56144610960037,1.06319236457348,3.315));
#14363=CARTESIAN_POINT('Ctrl Pts',(1.55839017946273,1.0478035479784,3.35));
#14364=CARTESIAN_POINT('Ctrl Pts',(1.55839017946273,1.0478035479784,3.315));
#14365=CARTESIAN_POINT('Ctrl Pts',(1.55282399971038,1.03263303339481,3.35));
#14366=CARTESIAN_POINT('Ctrl Pts',(1.55282399971038,1.03263303339481,3.315));
#14367=CARTESIAN_POINT('',(1.56144610960037,1.06319236457348,3.35));
#14368=CARTESIAN_POINT('',(1.55282399971038,1.03263303339481,3.35));
#14369=CARTESIAN_POINT('Ctrl Pts',(1.56144610960037,1.06319236457348,3.35));
#14370=CARTESIAN_POINT('Ctrl Pts',(1.55839017946273,1.0478035479784,3.35));
#14371=CARTESIAN_POINT('Ctrl Pts',(1.55282399971038,1.03263303339481,3.35));
#14372=CARTESIAN_POINT('',(1.56144610960037,1.06319236457348,3.315));
#14373=CARTESIAN_POINT('',(1.56144610960037,1.06319236457348,3.35));
#14374=CARTESIAN_POINT('',(1.55282399971038,1.03263303339481,3.315));
#14375=CARTESIAN_POINT('Ctrl Pts',(1.56144610960037,1.06319236457348,3.315));
#14376=CARTESIAN_POINT('Ctrl Pts',(1.55839017946273,1.0478035479784,3.315));
#14377=CARTESIAN_POINT('Ctrl Pts',(1.55282399971038,1.03263303339481,3.315));
#14378=CARTESIAN_POINT('',(1.55282399971038,1.03263303339481,3.35));
#14379=CARTESIAN_POINT('Ctrl Pts',(1.57279674131423,1.03001364767551,3.35));
#14380=CARTESIAN_POINT('Ctrl Pts',(1.57279674131423,1.03001364767551,3.315));
#14381=CARTESIAN_POINT('Ctrl Pts',(1.56515691597015,1.05020464658737,3.35));
#14382=CARTESIAN_POINT('Ctrl Pts',(1.56515691597015,1.05020464658737,3.315));
#14383=CARTESIAN_POINT('Ctrl Pts',(1.56144610960037,1.06319236457348,3.35));
#14384=CARTESIAN_POINT('Ctrl Pts',(1.56144610960037,1.06319236457348,3.315));
#14385=CARTESIAN_POINT('',(1.57279674131423,1.03001364767551,3.35));
#14386=CARTESIAN_POINT('Ctrl Pts',(1.57279674131423,1.03001364767551,3.35));
#14387=CARTESIAN_POINT('Ctrl Pts',(1.56515691597015,1.05020464658737,3.35));
#14388=CARTESIAN_POINT('Ctrl Pts',(1.56144610960037,1.06319236457348,3.35));
#14389=CARTESIAN_POINT('',(1.57279674131423,1.03001364767551,3.315));
#14390=CARTESIAN_POINT('',(1.57279674131423,1.03001364767551,3.35));
#14391=CARTESIAN_POINT('Ctrl Pts',(1.57279674131423,1.03001364767551,3.315));
#14392=CARTESIAN_POINT('Ctrl Pts',(1.56515691597015,1.05020464658737,3.315));
#14393=CARTESIAN_POINT('Ctrl Pts',(1.56144610960037,1.06319236457348,3.315));
#14394=CARTESIAN_POINT('Origin',(1.58949522096664,0.985702601075172,3.35));
#14395=CARTESIAN_POINT('',(1.58949522096664,0.985702601075172,3.35));
#14396=CARTESIAN_POINT('',(1.57202151494006,1.03207078657121,3.35));
#14397=CARTESIAN_POINT('',(1.58949522096664,0.985702601075172,3.315));
#14398=CARTESIAN_POINT('',(1.58949522096664,0.985702601075172,3.35));
#14399=CARTESIAN_POINT('',(1.58949522096664,0.985702601075172,3.315));
#14400=CARTESIAN_POINT('Origin',(1.53525237161666,0.985702601075172,3.35));
#14401=CARTESIAN_POINT('',(1.53525237161666,0.985702601075172,3.35));
#14402=CARTESIAN_POINT('',(2.76762618580833,0.985702601075172,3.35));
#14403=CARTESIAN_POINT('',(1.53525237161666,0.985702601075172,3.315));
#14404=CARTESIAN_POINT('',(1.53525237161666,0.985702601075172,3.35));
#14405=CARTESIAN_POINT('',(1.53525237161666,0.985702601075172,3.315));
#14406=CARTESIAN_POINT('Origin',(1.55282399971038,1.03263303339481,3.35));
#14407=CARTESIAN_POINT('',(1.8621007662818,1.85865167459319,3.35));
#14408=CARTESIAN_POINT('',(1.55282399971038,1.03263303339481,3.315));
#14409=CARTESIAN_POINT('Origin',(1.52914051134139,0.968458411097527,3.35));
#14410=CARTESIAN_POINT('',(1.52914051134139,0.968458411097527,3.35));
#14411=CARTESIAN_POINT('',(1.51156888324767,0.920000013709068,3.35));
#14412=CARTESIAN_POINT('',(1.83799853239972,1.82021583740036,3.35));
#14413=CARTESIAN_POINT('',(1.52914051134139,0.968458411097527,3.315));
#14414=CARTESIAN_POINT('',(1.52914051134139,0.968458411097527,3.35));
#14415=CARTESIAN_POINT('',(1.51156888324767,0.920000013709068,3.315));
#14416=CARTESIAN_POINT('',(1.52914051134139,0.968458411097527,3.315));
#14417=CARTESIAN_POINT('',(1.51156888324767,0.920000013709068,3.35));
#14418=CARTESIAN_POINT('Origin',(1.59604368526489,0.968458411097527,3.35));
#14419=CARTESIAN_POINT('',(1.59604368526489,0.968458411097527,3.35));
#14420=CARTESIAN_POINT('',(2.79802184263244,0.968458411097527,3.35));
#14421=CARTESIAN_POINT('',(1.59604368526489,0.968458411097527,3.315));
#14422=CARTESIAN_POINT('',(1.59604368526489,0.968458411097527,3.35));
#14423=CARTESIAN_POINT('',(1.59604368526489,0.968458411097527,3.315));
#14424=CARTESIAN_POINT('Origin',(1.61470667440444,0.920000013709068,3.35));
#14425=CARTESIAN_POINT('',(1.61470667440444,0.920000013709068,3.35));
#14426=CARTESIAN_POINT('',(1.58765071404325,0.990250736629458,3.35));
#14427=CARTESIAN_POINT('',(1.61470667440444,0.920000013709068,3.315));
#14428=CARTESIAN_POINT('',(1.61470667440444,0.920000013709068,3.35));
#14429=CARTESIAN_POINT('',(1.61470667440444,0.920000013709068,3.315));
#14430=CARTESIAN_POINT('Origin',(1.63882670719177,0.920000013709068,3.35));
#14431=CARTESIAN_POINT('',(1.63882670719177,0.920000013709068,3.35));
#14432=CARTESIAN_POINT('',(2.81941335359588,0.920000013709068,3.35));
#14433=CARTESIAN_POINT('',(1.63882670719177,0.920000013709068,3.315));
#14434=CARTESIAN_POINT('',(1.63882670719177,0.920000013709068,3.35));
#14435=CARTESIAN_POINT('',(1.63882670719177,0.920000013709068,3.315));
#14436=CARTESIAN_POINT('Origin',(1.57334242183715,1.08000001013279,3.35));
#14437=CARTESIAN_POINT('',(1.57334242183715,1.08000001013279,3.35));
#14438=CARTESIAN_POINT('',(1.58616832759941,1.0486620354572,3.35));
#14439=CARTESIAN_POINT('',(1.57334242183715,1.08000001013279,3.315));
#14440=CARTESIAN_POINT('',(1.57334242183715,1.08000001013279,3.35));
#14441=CARTESIAN_POINT('',(1.57334242183715,1.08000001013279,3.315));
#14442=CARTESIAN_POINT('Origin',(1.55053208190948,1.08000001013279,3.35));
#14443=CARTESIAN_POINT('',(1.55053208190948,1.08000001013279,3.35));
#14444=CARTESIAN_POINT('',(2.77526604095474,1.08000001013279,3.35));
#14445=CARTESIAN_POINT('',(1.55053208190948,1.08000001013279,3.315));
#14446=CARTESIAN_POINT('',(1.55053208190948,1.08000001013279,3.35));
#14447=CARTESIAN_POINT('',(1.55053208190948,1.08000001013279,3.315));
#14448=CARTESIAN_POINT('Origin',(1.48908595163375,0.920000013709068,3.35));
#14449=CARTESIAN_POINT('',(1.48908595163375,0.920000013709068,3.35));
#14450=CARTESIAN_POINT('',(1.83117510028031,1.81076827388159,3.35));
#14451=CARTESIAN_POINT('',(1.48908595163375,0.920000013709068,3.315));
#14452=CARTESIAN_POINT('',(1.48908595163375,0.920000013709068,3.35));
#14453=CARTESIAN_POINT('',(1.48908595163375,0.920000013709068,3.315));
#14454=CARTESIAN_POINT('Origin',(1.51156888324767,0.920000013709068,3.35));
#14455=CARTESIAN_POINT('',(2.75578444162384,0.920000013709068,3.35));
#14456=CARTESIAN_POINT('',(1.51156888324767,0.920000013709068,3.315));
#14457=CARTESIAN_POINT('Origin',(1.57519778171554,1.00005457997322,3.315));
#14458=CARTESIAN_POINT('Origin',(1.34021822530776,1.05620737075806,3.35));
#14459=CARTESIAN_POINT('',(1.34021822530776,1.05620737075806,3.35));
#14460=CARTESIAN_POINT('',(1.34021822530776,0.920000013709068,3.35));
#14461=CARTESIAN_POINT('',(1.34021822530776,1.52810368537903,3.35));
#14462=CARTESIAN_POINT('',(1.34021822530776,1.05620737075806,3.315));
#14463=CARTESIAN_POINT('',(1.34021822530776,1.05620737075806,3.35));
#14464=CARTESIAN_POINT('',(1.34021822530776,0.920000013709068,3.315));
#14465=CARTESIAN_POINT('',(1.34021822530776,1.05620737075806,3.315));
#14466=CARTESIAN_POINT('',(1.34021822530776,0.920000013709068,3.35));
#14467=CARTESIAN_POINT('Origin',(1.38649378139526,0.920000013709068,3.35));
#14468=CARTESIAN_POINT('',(1.38649378139526,0.920000013709068,3.35));
#14469=CARTESIAN_POINT('',(1.35724155091809,1.00610095636548,3.35));
#14470=CARTESIAN_POINT('',(1.38649378139526,0.920000013709068,3.315));
#14471=CARTESIAN_POINT('',(1.38649378139526,0.920000013709068,3.35));
#14472=CARTESIAN_POINT('',(1.38649378139526,0.920000013709068,3.315));
#14473=CARTESIAN_POINT('Origin',(1.40559337455779,0.920000013709068,3.35));
#14474=CARTESIAN_POINT('',(1.40559337455779,0.920000013709068,3.35));
#14475=CARTESIAN_POINT('',(2.7027966872789,0.920000013709068,3.35));
#14476=CARTESIAN_POINT('',(1.40559337455779,0.920000013709068,3.315));
#14477=CARTESIAN_POINT('',(1.40559337455779,0.920000013709068,3.35));
#14478=CARTESIAN_POINT('',(1.40559337455779,0.920000013709068,3.315));
#14479=CARTESIAN_POINT('Origin',(1.4520872624591,1.05391542315483,3.35));
#14480=CARTESIAN_POINT('',(1.4520872624591,1.05391542315483,3.35));
#14481=CARTESIAN_POINT('',(1.7356981820555,1.87079424605865,3.35));
#14482=CARTESIAN_POINT('',(1.4520872624591,1.05391542315483,3.315));
#14483=CARTESIAN_POINT('',(1.4520872624591,1.05391542315483,3.35));
#14484=CARTESIAN_POINT('',(1.4520872624591,1.05391542315483,3.315));
#14485=CARTESIAN_POINT('Origin',(1.4520872624591,0.920000013709068,3.35));
#14486=CARTESIAN_POINT('',(1.4520872624591,0.920000013709068,3.35));
#14487=CARTESIAN_POINT('',(1.4520872624591,1.46000000685453,3.35));
#14488=CARTESIAN_POINT('',(1.4520872624591,0.920000013709068,3.315));
#14489=CARTESIAN_POINT('',(1.4520872624591,0.920000013709068,3.35));
#14490=CARTESIAN_POINT('',(1.4520872624591,0.920000013709068,3.315));
#14491=CARTESIAN_POINT('Origin',(1.47249648887664,0.920000013709068,3.35));
#14492=CARTESIAN_POINT('',(1.47249648887664,0.920000013709068,3.35));
#14493=CARTESIAN_POINT('',(2.73624824443832,0.920000013709068,3.35));
#14494=CARTESIAN_POINT('',(1.47249648887664,0.920000013709068,3.315));
#14495=CARTESIAN_POINT('',(1.47249648887664,0.920000013709068,3.35));
#14496=CARTESIAN_POINT('',(1.47249648887664,0.920000013709068,3.315));
#14497=CARTESIAN_POINT('Origin',(1.47249648887664,1.08000001013279,3.35));
#14498=CARTESIAN_POINT('',(1.47249648887664,1.08000001013279,3.35));
#14499=CARTESIAN_POINT('',(1.47249648887664,1.54000000506639,3.35));
#14500=CARTESIAN_POINT('',(1.47249648887664,1.08000001013279,3.315));
#14501=CARTESIAN_POINT('',(1.47249648887664,1.08000001013279,3.35));
#14502=CARTESIAN_POINT('',(1.47249648887664,1.08000001013279,3.315));
#14503=CARTESIAN_POINT('Origin',(1.44401083309203,1.08000001013279,3.35));
#14504=CARTESIAN_POINT('',(1.44401083309203,1.08000001013279,3.35));
#14505=CARTESIAN_POINT('',(2.72200541654602,1.08000001013279,3.35));
#14506=CARTESIAN_POINT('',(1.44401083309203,1.08000001013279,3.315));
#14507=CARTESIAN_POINT('',(1.44401083309203,1.08000001013279,3.35));
#14508=CARTESIAN_POINT('',(1.44401083309203,1.08000001013279,3.315));
#14509=CARTESIAN_POINT('Origin',(1.40570251066238,0.968676683306694,3.35));
#14510=CARTESIAN_POINT('',(1.40570251066238,0.968676683306694,3.35));
#14511=CARTESIAN_POINT('',(1.70170365043667,1.82885091005593,3.35));
#14512=CARTESIAN_POINT('',(1.40570251066238,0.968676683306694,3.315));
#14513=CARTESIAN_POINT('',(1.40570251066238,0.968676683306694,3.35));
#14514=CARTESIAN_POINT('',(1.40570251066238,0.968676683306694,3.315));
#14515=CARTESIAN_POINT('Ctrl Pts',(1.39718959648162,0.943028655648231,3.35));
#14516=CARTESIAN_POINT('Ctrl Pts',(1.39718959648162,0.943028655648231,3.315));
#14517=CARTESIAN_POINT('Ctrl Pts',(1.39991805870086,0.951759901642799,3.35));
#14518=CARTESIAN_POINT('Ctrl Pts',(1.39991805870086,0.951759901642799,3.315));
#14519=CARTESIAN_POINT('Ctrl Pts',(1.40570251066238,0.968676683306694,3.35));
#14520=CARTESIAN_POINT('Ctrl Pts',(1.40570251066238,0.968676683306694,3.315));
#14521=CARTESIAN_POINT('',(1.39718959648162,0.943028655648231,3.35));
#14522=CARTESIAN_POINT('Ctrl Pts',(1.39718959648162,0.943028655648231,3.35));
#14523=CARTESIAN_POINT('Ctrl Pts',(1.39991805870086,0.951759901642799,3.35));
#14524=CARTESIAN_POINT('Ctrl Pts',(1.40570251066238,0.968676683306694,3.35));
#14525=CARTESIAN_POINT('',(1.39718959648162,0.943028655648231,3.315));
#14526=CARTESIAN_POINT('',(1.39718959648162,0.943028655648231,3.35));
#14527=CARTESIAN_POINT('Ctrl Pts',(1.39718959648162,0.943028655648231,3.315));
#14528=CARTESIAN_POINT('Ctrl Pts',(1.39991805870086,0.951759901642799,3.315));
#14529=CARTESIAN_POINT('Ctrl Pts',(1.40570251066238,0.968676683306694,3.315));
#14530=CARTESIAN_POINT('Ctrl Pts',(1.38954971153289,0.966712144017219,3.35));
#14531=CARTESIAN_POINT('Ctrl Pts',(1.38954971153289,0.966712144017219,3.315));
#14532=CARTESIAN_POINT('Ctrl Pts',(1.39478848297149,0.950886783003807,3.35));
#14533=CARTESIAN_POINT('Ctrl Pts',(1.39478848297149,0.950886783003807,3.315));
#14534=CARTESIAN_POINT('Ctrl Pts',(1.39718959648162,0.943028655648231,3.35));
#14535=CARTESIAN_POINT('Ctrl Pts',(1.39718959648162,0.943028655648231,3.315));
#14536=CARTESIAN_POINT('',(1.38954971153289,0.966712144017219,3.35));
#14537=CARTESIAN_POINT('Ctrl Pts',(1.38954971153289,0.966712144017219,3.35));
#14538=CARTESIAN_POINT('Ctrl Pts',(1.39478848297149,0.950886783003807,3.35));
#14539=CARTESIAN_POINT('Ctrl Pts',(1.39718959648162,0.943028655648231,3.35));
#14540=CARTESIAN_POINT('',(1.38954971153289,0.966712144017219,3.315));
#14541=CARTESIAN_POINT('',(1.38954971153289,0.966712144017219,3.35));
#14542=CARTESIAN_POINT('Ctrl Pts',(1.38954971153289,0.966712144017219,3.315));
#14543=CARTESIAN_POINT('Ctrl Pts',(1.39478848297149,0.950886783003807,3.315));
#14544=CARTESIAN_POINT('Ctrl Pts',(1.39718959648162,0.943028655648231,3.315));
#14545=CARTESIAN_POINT('Origin',(1.35167799312621,1.08000001013279,3.35));
#14546=CARTESIAN_POINT('',(1.35167799312621,1.08000001013279,3.35));
#14547=CARTESIAN_POINT('',(1.34646463556002,1.09559502875935,3.35));
#14548=CARTESIAN_POINT('',(1.35167799312621,1.08000001013279,3.315));
#14549=CARTESIAN_POINT('',(1.35167799312621,1.08000001013279,3.35));
#14550=CARTESIAN_POINT('',(1.35167799312621,1.08000001013279,3.315));
#14551=CARTESIAN_POINT('Origin',(1.31980893928558,1.08000001013279,3.35));
#14552=CARTESIAN_POINT('',(1.31980893928558,1.08000001013279,3.35));
#14553=CARTESIAN_POINT('',(2.65990446964279,1.08000001013279,3.35));
#14554=CARTESIAN_POINT('',(1.31980893928558,1.08000001013279,3.315));
#14555=CARTESIAN_POINT('',(1.31980893928558,1.08000001013279,3.35));
#14556=CARTESIAN_POINT('',(1.31980893928558,1.08000001013279,3.315));
#14557=CARTESIAN_POINT('Origin',(1.31980893928558,0.920000013709068,3.35));
#14558=CARTESIAN_POINT('',(1.31980893928558,0.920000013709068,3.35));
#14559=CARTESIAN_POINT('',(1.31980893928558,1.46000000685453,3.35));
#14560=CARTESIAN_POINT('',(1.31980893928558,0.920000013709068,3.315));
#14561=CARTESIAN_POINT('',(1.31980893928558,0.920000013709068,3.35));
#14562=CARTESIAN_POINT('',(1.31980893928558,0.920000013709068,3.315));
#14563=CARTESIAN_POINT('Origin',(1.34021822530776,0.920000013709068,3.35));
#14564=CARTESIAN_POINT('',(2.67010911265388,0.920000013709068,3.35));
#14565=CARTESIAN_POINT('',(1.34021822530776,0.920000013709068,3.315));
#14566=CARTESIAN_POINT('Origin',(1.57519778171554,1.00005457997322,3.315));
#14567=CARTESIAN_POINT('Origin',(1.12979535181075,0.938881334662437,3.35));
#14568=CARTESIAN_POINT('',(1.12979535181075,0.938881334662437,3.35));
#14569=CARTESIAN_POINT('',(1.12979535181075,0.920000013709068,3.35));
#14570=CARTESIAN_POINT('',(1.12979535181075,1.46944066733122,3.35));
#14571=CARTESIAN_POINT('',(1.12979535181075,0.938881334662437,3.315));
#14572=CARTESIAN_POINT('',(1.12979535181075,0.938881334662437,3.35));
#14573=CARTESIAN_POINT('',(1.12979535181075,0.920000013709068,3.315));
#14574=CARTESIAN_POINT('',(1.12979535181075,0.938881334662437,3.315));
#14575=CARTESIAN_POINT('',(1.12979535181075,0.920000013709068,3.35));
#14576=CARTESIAN_POINT('Origin',(1.03156889397651,0.938881334662437,3.35));
#14577=CARTESIAN_POINT('',(1.03156889397651,0.938881334662437,3.35));
#14578=CARTESIAN_POINT('',(2.51578444698825,0.938881334662438,3.35));
#14579=CARTESIAN_POINT('',(1.03156889397651,0.938881334662437,3.315));
#14580=CARTESIAN_POINT('',(1.03156889397651,0.938881334662437,3.35));
#14581=CARTESIAN_POINT('',(1.03156889397651,0.938881334662437,3.315));
#14582=CARTESIAN_POINT('Origin',(1.03156889397651,0.993342441320419,3.35));
#14583=CARTESIAN_POINT('',(1.03156889397651,0.993342441320419,3.35));
#14584=CARTESIAN_POINT('',(1.03156889397651,1.49667122066021,3.35));
#14585=CARTESIAN_POINT('',(1.03156889397651,0.993342441320419,3.315));
#14586=CARTESIAN_POINT('',(1.03156889397651,0.993342441320419,3.35));
#14587=CARTESIAN_POINT('',(1.03156889397651,0.993342441320419,3.315));
#14588=CARTESIAN_POINT('Origin',(1.12008185107261,0.993342441320419,3.35));
#14589=CARTESIAN_POINT('',(1.12008185107261,0.993342441320419,3.35));
#14590=CARTESIAN_POINT('',(2.5600409255363,0.993342441320419,3.35));
#14591=CARTESIAN_POINT('',(1.12008185107261,0.993342441320419,3.315));
#14592=CARTESIAN_POINT('',(1.12008185107261,0.993342441320419,3.35));
#14593=CARTESIAN_POINT('',(1.12008185107261,0.993342441320419,3.315));
#14594=CARTESIAN_POINT('Origin',(1.12008185107261,1.01211461126804,3.35));
#14595=CARTESIAN_POINT('',(1.12008185107261,1.01211461126804,3.35));
#14596=CARTESIAN_POINT('',(1.12008185107261,1.50605730563402,3.35));
#14597=CARTESIAN_POINT('',(1.12008185107261,1.01211461126804,3.315));
#14598=CARTESIAN_POINT('',(1.12008185107261,1.01211461126804,3.35));
#14599=CARTESIAN_POINT('',(1.12008185107261,1.01211461126804,3.315));
#14600=CARTESIAN_POINT('Origin',(1.03156889397651,1.01211461126804,3.35));
#14601=CARTESIAN_POINT('',(1.03156889397651,1.01211461126804,3.35));
#14602=CARTESIAN_POINT('',(2.51578444698825,1.01211461126804,3.35));
#14603=CARTESIAN_POINT('',(1.03156889397651,1.01211461126804,3.315));
#14604=CARTESIAN_POINT('',(1.03156889397651,1.01211461126804,3.35));
#14605=CARTESIAN_POINT('',(1.03156889397651,1.01211461126804,3.315));
#14606=CARTESIAN_POINT('Origin',(1.03156889397651,1.06111870408058,3.35));
#14607=CARTESIAN_POINT('',(1.03156889397651,1.06111870408058,3.35));
#14608=CARTESIAN_POINT('',(1.03156889397651,1.53055935204029,3.35));
#14609=CARTESIAN_POINT('',(1.03156889397651,1.06111870408058,3.315));
#14610=CARTESIAN_POINT('',(1.03156889397651,1.06111870408058,3.35));
#14611=CARTESIAN_POINT('',(1.03156889397651,1.06111870408058,3.315));
#14612=CARTESIAN_POINT('Origin',(1.12608457524329,1.06111870408058,3.35));
#14613=CARTESIAN_POINT('',(1.12608457524329,1.06111870408058,3.35));
#14614=CARTESIAN_POINT('',(2.56304228762165,1.06111870408058,3.35));
#14615=CARTESIAN_POINT('',(1.12608457524329,1.06111870408058,3.315));
#14616=CARTESIAN_POINT('',(1.12608457524329,1.06111870408058,3.35));
#14617=CARTESIAN_POINT('',(1.12608457524329,1.06111870408058,3.315));
#14618=CARTESIAN_POINT('Origin',(1.12608457524329,1.08000001013279,3.35));
#14619=CARTESIAN_POINT('',(1.12608457524329,1.08000001013279,3.35));
#14620=CARTESIAN_POINT('',(1.12608457524329,1.54000000506639,3.35));
#14621=CARTESIAN_POINT('',(1.12608457524329,1.08000001013279,3.315));
#14622=CARTESIAN_POINT('',(1.12608457524329,1.08000001013279,3.35));
#14623=CARTESIAN_POINT('',(1.12608457524329,1.08000001013279,3.315));
#14624=CARTESIAN_POINT('Origin',(1.01039562541991,1.08000001013279,3.35));
#14625=CARTESIAN_POINT('',(1.01039562541991,1.08000001013279,3.35));
#14626=CARTESIAN_POINT('',(2.50519781270996,1.08000001013279,3.35));
#14627=CARTESIAN_POINT('',(1.01039562541991,1.08000001013279,3.315));
#14628=CARTESIAN_POINT('',(1.01039562541991,1.08000001013279,3.35));
#14629=CARTESIAN_POINT('',(1.01039562541991,1.08000001013279,3.315));
#14630=CARTESIAN_POINT('Origin',(1.01039562541991,0.920000013709068,3.35));
#14631=CARTESIAN_POINT('',(1.01039562541991,0.920000013709068,3.35));
#14632=CARTESIAN_POINT('',(1.01039562541991,1.46000000685453,3.35));
#14633=CARTESIAN_POINT('',(1.01039562541991,0.920000013709068,3.315));
#14634=CARTESIAN_POINT('',(1.01039562541991,0.920000013709068,3.35));
#14635=CARTESIAN_POINT('',(1.01039562541991,0.920000013709068,3.315));
#14636=CARTESIAN_POINT('Origin',(1.12979535181075,0.920000013709068,3.35));
#14637=CARTESIAN_POINT('',(2.56489767590538,0.920000013709068,3.35));
#14638=CARTESIAN_POINT('',(1.12979535181075,0.920000013709068,3.315));
#14639=CARTESIAN_POINT('Origin',(1.57519778171554,1.00005457997322,3.315));
#14640=CARTESIAN_POINT('Origin',(0.773888127692044,1.06111870408058,3.35));
#14641=CARTESIAN_POINT('',(0.773888127692044,1.06111870408058,3.35));
#14642=CARTESIAN_POINT('',(0.773888127692044,0.920000013709068,3.35));
#14643=CARTESIAN_POINT('',(0.773888127692044,1.53055935204029,3.35));
#14644=CARTESIAN_POINT('',(0.773888127692044,1.06111870408058,3.315));
#14645=CARTESIAN_POINT('',(0.773888127692044,1.06111870408058,3.35));
#14646=CARTESIAN_POINT('',(0.773888127692044,0.920000013709068,3.315));
#14647=CARTESIAN_POINT('',(0.773888127692044,1.06111870408058,3.315));
#14648=CARTESIAN_POINT('',(0.773888127692044,0.920000013709068,3.35));
#14649=CARTESIAN_POINT('Origin',(0.826821276731789,1.06111870408058,3.35));
#14650=CARTESIAN_POINT('',(0.826821276731789,1.06111870408058,3.35));
#14651=CARTESIAN_POINT('',(2.41341063836589,1.06111870408058,3.35));
#14652=CARTESIAN_POINT('',(0.826821276731789,1.06111870408058,3.315));
#14653=CARTESIAN_POINT('',(0.826821276731789,1.06111870408058,3.35));
#14654=CARTESIAN_POINT('',(0.826821276731789,1.06111870408058,3.315));
#14655=CARTESIAN_POINT('Origin',(0.826821276731789,1.08000001013279,3.35));
#14656=CARTESIAN_POINT('',(0.826821276731789,1.08000001013279,3.35));
#14657=CARTESIAN_POINT('',(0.826821276731789,1.54000000506639,3.35));
#14658=CARTESIAN_POINT('',(0.826821276731789,1.08000001013279,3.315));
#14659=CARTESIAN_POINT('',(0.826821276731789,1.08000001013279,3.35));
#14660=CARTESIAN_POINT('',(0.826821276731789,1.08000001013279,3.315));
#14661=CARTESIAN_POINT('Origin',(0.7,1.08000001013279,3.35));
#14662=CARTESIAN_POINT('',(0.7,1.08000001013279,3.35));
#14663=CARTESIAN_POINT('',(2.35,1.08000001013279,3.35));
#14664=CARTESIAN_POINT('',(0.7,1.08000001013279,3.315));
#14665=CARTESIAN_POINT('',(0.7,1.08000001013279,3.35));
#14666=CARTESIAN_POINT('',(0.7,1.08000001013279,3.315));
#14667=CARTESIAN_POINT('Origin',(0.7,1.06111870408058,3.35));
#14668=CARTESIAN_POINT('',(0.7,1.06111870408058,3.35));
#14669=CARTESIAN_POINT('',(0.7,1.53055935204029,3.35));
#14670=CARTESIAN_POINT('',(0.7,1.06111870408058,3.315));
#14671=CARTESIAN_POINT('',(0.7,1.06111870408058,3.35));
#14672=CARTESIAN_POINT('',(0.7,1.06111870408058,3.315));
#14673=CARTESIAN_POINT('Origin',(0.75271487031132,1.06111870408058,3.35));
#14674=CARTESIAN_POINT('',(0.75271487031132,1.06111870408058,3.35));
#14675=CARTESIAN_POINT('',(2.37635743515566,1.06111870408058,3.35));
#14676=CARTESIAN_POINT('',(0.75271487031132,1.06111870408058,3.315));
#14677=CARTESIAN_POINT('',(0.75271487031132,1.06111870408058,3.35));
#14678=CARTESIAN_POINT('',(0.75271487031132,1.06111870408058,3.315));
#14679=CARTESIAN_POINT('Origin',(0.75271487031132,0.920000013709068,3.35));
#14680=CARTESIAN_POINT('',(0.75271487031132,0.920000013709068,3.35));
#14681=CARTESIAN_POINT('',(0.75271487031132,1.46000000685453,3.35));
#14682=CARTESIAN_POINT('',(0.75271487031132,0.920000013709068,3.315));
#14683=CARTESIAN_POINT('',(0.75271487031132,0.920000013709068,3.35));
#14684=CARTESIAN_POINT('',(0.75271487031132,0.920000013709068,3.315));
#14685=CARTESIAN_POINT('Origin',(0.773888127692044,0.920000013709068,3.35));
#14686=CARTESIAN_POINT('',(2.38694406384602,0.920000013709068,3.35));
#14687=CARTESIAN_POINT('',(0.773888127692044,0.920000013709068,3.315));
#14688=CARTESIAN_POINT('Origin',(1.57519778171554,1.00005457997322,3.315));
#14689=CARTESIAN_POINT('Origin',(4.,2.,3.35));
#14690=CARTESIAN_POINT('Origin',(4.,2.,3.35));
#14691=CARTESIAN_POINT('Origin',(4.,2.,3.35));
#14692=CARTESIAN_POINT('Origin',(4.,2.,3.35));
#14693=CARTESIAN_POINT('Ctrl Pts',(0.893178717046976,1.89174626469612,3.35));
#14694=CARTESIAN_POINT('Ctrl Pts',(0.893178717046976,1.89174626469612,3.305));
#14695=CARTESIAN_POINT('Ctrl Pts',(0.865552515536547,1.89174626469612,3.35));
#14696=CARTESIAN_POINT('Ctrl Pts',(0.865552515536547,1.89174626469612,3.305));
#14697=CARTESIAN_POINT('Ctrl Pts',(0.847339690476656,1.87107781767845,3.35));
#14698=CARTESIAN_POINT('Ctrl Pts',(0.847339690476656,1.87107781767845,3.305));
#14699=CARTESIAN_POINT('',(0.893178717046976,1.89174626469612,3.35));
#14700=CARTESIAN_POINT('',(0.847339690476656,1.87107781767845,3.35));
#14701=CARTESIAN_POINT('Ctrl Pts',(0.893178717046976,1.89174626469612,3.35));
#14702=CARTESIAN_POINT('Ctrl Pts',(0.865552515536547,1.89174626469612,3.35));
#14703=CARTESIAN_POINT('Ctrl Pts',(0.847339690476656,1.87107781767845,3.35));
#14704=CARTESIAN_POINT('',(0.893178717046976,1.89174626469612,3.305));
#14705=CARTESIAN_POINT('',(0.893178717046976,1.89174626469612,3.35));
#14706=CARTESIAN_POINT('',(0.847339690476656,1.87107781767845,3.305));
#14707=CARTESIAN_POINT('Ctrl Pts',(0.893178717046976,1.89174626469612,3.305));
#14708=CARTESIAN_POINT('Ctrl Pts',(0.865552515536547,1.89174626469612,3.305));
#14709=CARTESIAN_POINT('Ctrl Pts',(0.847339690476656,1.87107781767845,3.305));
#14710=CARTESIAN_POINT('',(0.847339690476656,1.87107781767845,3.35));
#14711=CARTESIAN_POINT('Ctrl Pts',(0.938710794597864,1.87097547650337,3.35));
#14712=CARTESIAN_POINT('Ctrl Pts',(0.938710794597864,1.87097547650337,3.305));
#14713=CARTESIAN_POINT('Ctrl Pts',(0.920395628362894,1.89174626469612,3.35));
#14714=CARTESIAN_POINT('Ctrl Pts',(0.920395628362894,1.89174626469612,3.305));
#14715=CARTESIAN_POINT('Ctrl Pts',(0.893178717046976,1.89174626469612,3.35));
#14716=CARTESIAN_POINT('Ctrl Pts',(0.893178717046976,1.89174626469612,3.305));
#14717=CARTESIAN_POINT('',(0.938710794597864,1.87097547650337,3.35));
#14718=CARTESIAN_POINT('Ctrl Pts',(0.938710794597864,1.87097547650337,3.35));
#14719=CARTESIAN_POINT('Ctrl Pts',(0.920395628362894,1.89174626469612,3.35));
#14720=CARTESIAN_POINT('Ctrl Pts',(0.893178717046976,1.89174626469612,3.35));
#14721=CARTESIAN_POINT('',(0.938710794597864,1.87097547650337,3.305));
#14722=CARTESIAN_POINT('',(0.938710794597864,1.87097547650337,3.35));
#14723=CARTESIAN_POINT('Ctrl Pts',(0.938710794597864,1.87097547650337,3.305));
#14724=CARTESIAN_POINT('Ctrl Pts',(0.920395628362894,1.89174626469612,3.305));
#14725=CARTESIAN_POINT('Ctrl Pts',(0.893178717046976,1.89174626469612,3.305));
#14726=CARTESIAN_POINT('Ctrl Pts',(0.957025931030512,1.80989087820053,3.35));
#14727=CARTESIAN_POINT('Ctrl Pts',(0.957025931030512,1.80989087820053,3.305));
#14728=CARTESIAN_POINT('Ctrl Pts',(0.957025931030512,1.85020468831062,3.35));
#14729=CARTESIAN_POINT('Ctrl Pts',(0.957025931030512,1.85020468831062,3.305));
#14730=CARTESIAN_POINT('Ctrl Pts',(0.938710794597864,1.87097547650337,3.35));
#14731=CARTESIAN_POINT('Ctrl Pts',(0.938710794597864,1.87097547650337,3.305));
#14732=CARTESIAN_POINT('',(0.957025931030512,1.80989087820053,3.35));
#14733=CARTESIAN_POINT('Ctrl Pts',(0.957025931030512,1.80989087820053,3.35));
#14734=CARTESIAN_POINT('Ctrl Pts',(0.957025931030512,1.85020468831062,3.35));
#14735=CARTESIAN_POINT('Ctrl Pts',(0.938710794597864,1.87097547650337,3.35));
#14736=CARTESIAN_POINT('',(0.957025931030512,1.80989087820053,3.305));
#14737=CARTESIAN_POINT('',(0.957025931030512,1.80989087820053,3.35));
#14738=CARTESIAN_POINT('Ctrl Pts',(0.957025931030512,1.80989087820053,3.305));
#14739=CARTESIAN_POINT('Ctrl Pts',(0.957025931030512,1.85020468831062,3.305));
#14740=CARTESIAN_POINT('Ctrl Pts',(0.938710794597864,1.87097547650337,3.305));
#14741=CARTESIAN_POINT('Ctrl Pts',(0.938813076168299,1.74624834656715,3.35));
#14742=CARTESIAN_POINT('Ctrl Pts',(0.938813076168299,1.74624834656715,3.305));
#14743=CARTESIAN_POINT('Ctrl Pts',(0.957025931030512,1.76712141633034,3.35));
#14744=CARTESIAN_POINT('Ctrl Pts',(0.957025931030512,1.76712141633034,3.305));
#14745=CARTESIAN_POINT('Ctrl Pts',(0.957025931030512,1.80989087820053,3.35));
#14746=CARTESIAN_POINT('Ctrl Pts',(0.957025931030512,1.80989087820053,3.305));
#14747=CARTESIAN_POINT('',(0.938813076168299,1.74624834656715,3.35));
#14748=CARTESIAN_POINT('Ctrl Pts',(0.938813076168299,1.74624834656715,3.35));
#14749=CARTESIAN_POINT('Ctrl Pts',(0.957025931030512,1.76712141633034,3.35));
#14750=CARTESIAN_POINT('Ctrl Pts',(0.957025931030512,1.80989087820053,3.35));
#14751=CARTESIAN_POINT('',(0.938813076168299,1.74624834656715,3.305));
#14752=CARTESIAN_POINT('',(0.938813076168299,1.74624834656715,3.35));
#14753=CARTESIAN_POINT('Ctrl Pts',(0.938813076168299,1.74624834656715,3.305));
#14754=CARTESIAN_POINT('Ctrl Pts',(0.957025931030512,1.76712141633034,3.305));
#14755=CARTESIAN_POINT('Ctrl Pts',(0.957025931030512,1.80989087820053,3.305));
#14756=CARTESIAN_POINT('Ctrl Pts',(0.893178717046976,1.72537521719933,3.35));
#14757=CARTESIAN_POINT('Ctrl Pts',(0.893178717046976,1.72537521719933,3.305));
#14758=CARTESIAN_POINT('Ctrl Pts',(0.92060028091073,1.72537521719933,3.35));
#14759=CARTESIAN_POINT('Ctrl Pts',(0.92060028091073,1.72537521719933,3.305));
#14760=CARTESIAN_POINT('Ctrl Pts',(0.938813076168299,1.74624834656715,3.35));
#14761=CARTESIAN_POINT('Ctrl Pts',(0.938813076168299,1.74624834656715,3.305));
#14762=CARTESIAN_POINT('',(0.893178717046976,1.72537521719933,3.35));
#14763=CARTESIAN_POINT('Ctrl Pts',(0.893178717046976,1.72537521719933,3.35));
#14764=CARTESIAN_POINT('Ctrl Pts',(0.92060028091073,1.72537521719933,3.35));
#14765=CARTESIAN_POINT('Ctrl Pts',(0.938813076168299,1.74624834656715,3.35));
#14766=CARTESIAN_POINT('',(0.893178717046976,1.72537521719933,3.305));
#14767=CARTESIAN_POINT('',(0.893178717046976,1.72537521719933,3.35));
#14768=CARTESIAN_POINT('Ctrl Pts',(0.893178717046976,1.72537521719933,3.305));
#14769=CARTESIAN_POINT('Ctrl Pts',(0.92060028091073,1.72537521719933,3.305));
#14770=CARTESIAN_POINT('Ctrl Pts',(0.938813076168299,1.74624834656715,3.305));
#14771=CARTESIAN_POINT('Ctrl Pts',(0.847339690476656,1.74614600539207,3.35));
#14772=CARTESIAN_POINT('Ctrl Pts',(0.847339690476656,1.74614600539207,3.305));
#14773=CARTESIAN_POINT('Ctrl Pts',(0.865552515536547,1.72537521719933,3.35));
#14774=CARTESIAN_POINT('Ctrl Pts',(0.865552515536547,1.72537521719933,3.305));
#14775=CARTESIAN_POINT('Ctrl Pts',(0.893178717046976,1.72537521719933,3.35));
#14776=CARTESIAN_POINT('Ctrl Pts',(0.893178717046976,1.72537521719933,3.305));
#14777=CARTESIAN_POINT('',(0.847339690476656,1.74614600539207,3.35));
#14778=CARTESIAN_POINT('Ctrl Pts',(0.847339690476656,1.74614600539207,3.35));
#14779=CARTESIAN_POINT('Ctrl Pts',(0.865552515536547,1.72537521719933,3.35));
#14780=CARTESIAN_POINT('Ctrl Pts',(0.893178717046976,1.72537521719933,3.35));
#14781=CARTESIAN_POINT('',(0.847339690476656,1.74614600539207,3.305));
#14782=CARTESIAN_POINT('',(0.847339690476656,1.74614600539207,3.35));
#14783=CARTESIAN_POINT('Ctrl Pts',(0.847339690476656,1.74614600539207,3.305));
#14784=CARTESIAN_POINT('Ctrl Pts',(0.865552515536547,1.72537521719933,3.305));
#14785=CARTESIAN_POINT('Ctrl Pts',(0.893178717046976,1.72537521719933,3.305));
#14786=CARTESIAN_POINT('Ctrl Pts',(0.829126865416765,1.80866305232048,3.35));
#14787=CARTESIAN_POINT('Ctrl Pts',(0.829126865416765,1.80866305232048,3.305));
#14788=CARTESIAN_POINT('Ctrl Pts',(0.829126865416765,1.76691679358482,3.35));
#14789=CARTESIAN_POINT('Ctrl Pts',(0.829126865416765,1.76691679358482,3.305));
#14790=CARTESIAN_POINT('Ctrl Pts',(0.847339690476656,1.74614600539207,3.35));
#14791=CARTESIAN_POINT('Ctrl Pts',(0.847339690476656,1.74614600539207,3.305));
#14792=CARTESIAN_POINT('',(0.829126865416765,1.80866305232048,3.35));
#14793=CARTESIAN_POINT('Ctrl Pts',(0.829126865416765,1.80866305232048,3.35));
#14794=CARTESIAN_POINT('Ctrl Pts',(0.829126865416765,1.76691679358482,3.35));
#14795=CARTESIAN_POINT('Ctrl Pts',(0.847339690476656,1.74614600539207,3.35));
#14796=CARTESIAN_POINT('',(0.829126865416765,1.80866305232048,3.305));
#14797=CARTESIAN_POINT('',(0.829126865416765,1.80866305232048,3.35));
#14798=CARTESIAN_POINT('Ctrl Pts',(0.829126865416765,1.80866305232048,3.305));
#14799=CARTESIAN_POINT('Ctrl Pts',(0.829126865416765,1.76691679358482,3.305));
#14800=CARTESIAN_POINT('Ctrl Pts',(0.847339690476656,1.74614600539207,3.305));
#14801=CARTESIAN_POINT('Ctrl Pts',(0.847339690476656,1.87107781767845,3.35));
#14802=CARTESIAN_POINT('Ctrl Pts',(0.847339690476656,1.87107781767845,3.305));
#14803=CARTESIAN_POINT('Ctrl Pts',(0.829126865416765,1.85040931105614,3.35));
#14804=CARTESIAN_POINT('Ctrl Pts',(0.829126865416765,1.85040931105614,3.305));
#14805=CARTESIAN_POINT('Ctrl Pts',(0.829126865416765,1.80866305232048,3.35));
#14806=CARTESIAN_POINT('Ctrl Pts',(0.829126865416765,1.80866305232048,3.305));
#14807=CARTESIAN_POINT('Ctrl Pts',(0.847339690476656,1.87107781767845,3.35));
#14808=CARTESIAN_POINT('Ctrl Pts',(0.829126865416765,1.85040931105614,3.35));
#14809=CARTESIAN_POINT('Ctrl Pts',(0.829126865416765,1.80866305232048,3.35));
#14810=CARTESIAN_POINT('Ctrl Pts',(0.847339690476656,1.87107781767845,3.305));
#14811=CARTESIAN_POINT('Ctrl Pts',(0.829126865416765,1.85040931105614,3.305));
#14812=CARTESIAN_POINT('Ctrl Pts',(0.829126865416765,1.80866305232048,3.305));
#14813=CARTESIAN_POINT('Ctrl Pts',(0.893178717046976,1.69508872628212,3.35));
#14814=CARTESIAN_POINT('Ctrl Pts',(0.893178717046976,1.69508872628212,3.305));
#14815=CARTESIAN_POINT('Ctrl Pts',(0.847544328123331,1.69508872628212,3.35));
#14816=CARTESIAN_POINT('Ctrl Pts',(0.847544328123331,1.69508872628212,3.305));
#14817=CARTESIAN_POINT('Ctrl Pts',(0.819406539946794,1.72435198426247,3.35));
#14818=CARTESIAN_POINT('Ctrl Pts',(0.819406539946794,1.72435198426247,3.305));
#14819=CARTESIAN_POINT('',(0.893178717046976,1.69508872628212,3.35));
#14820=CARTESIAN_POINT('',(0.819406539946794,1.72435198426247,3.35));
#14821=CARTESIAN_POINT('Ctrl Pts',(0.893178717046976,1.69508872628212,3.35));
#14822=CARTESIAN_POINT('Ctrl Pts',(0.847544328123331,1.69508872628212,3.35));
#14823=CARTESIAN_POINT('Ctrl Pts',(0.819406539946794,1.72435198426247,3.35));
#14824=CARTESIAN_POINT('',(0.893178717046976,1.69508872628212,3.305));
#14825=CARTESIAN_POINT('',(0.893178717046976,1.69508872628212,3.35));
#14826=CARTESIAN_POINT('',(0.819406539946794,1.72435198426247,3.305));
#14827=CARTESIAN_POINT('Ctrl Pts',(0.893178717046976,1.69508872628212,3.305));
#14828=CARTESIAN_POINT('Ctrl Pts',(0.847544328123331,1.69508872628212,3.305));
#14829=CARTESIAN_POINT('Ctrl Pts',(0.819406539946794,1.72435198426247,3.305));
#14830=CARTESIAN_POINT('',(0.819406539946794,1.72435198426247,3.35));
#14831=CARTESIAN_POINT('Ctrl Pts',(0.945668474584818,1.70839021801949,3.35));
#14832=CARTESIAN_POINT('Ctrl Pts',(0.945668474584818,1.70839021801949,3.305));
#14833=CARTESIAN_POINT('Ctrl Pts',(0.921623454242945,1.69508872628212,3.35));
#14834=CARTESIAN_POINT('Ctrl Pts',(0.921623454242945,1.69508872628212,3.305));
#14835=CARTESIAN_POINT('Ctrl Pts',(0.893178717046976,1.69508872628212,3.35));
#14836=CARTESIAN_POINT('Ctrl Pts',(0.893178717046976,1.69508872628212,3.305));
#14837=CARTESIAN_POINT('',(0.945668474584818,1.70839021801949,3.35));
#14838=CARTESIAN_POINT('Ctrl Pts',(0.945668474584818,1.70839021801949,3.35));
#14839=CARTESIAN_POINT('Ctrl Pts',(0.921623454242945,1.69508872628212,3.35));
#14840=CARTESIAN_POINT('Ctrl Pts',(0.893178717046976,1.69508872628212,3.35));
#14841=CARTESIAN_POINT('',(0.945668474584818,1.70839021801949,3.305));
#14842=CARTESIAN_POINT('',(0.945668474584818,1.70839021801949,3.35));
#14843=CARTESIAN_POINT('Ctrl Pts',(0.945668474584818,1.70839021801949,3.305));
#14844=CARTESIAN_POINT('Ctrl Pts',(0.921623454242945,1.69508872628212,3.305));
#14845=CARTESIAN_POINT('Ctrl Pts',(0.893178717046976,1.69508872628212,3.305));
#14846=CARTESIAN_POINT('Ctrl Pts',(0.982298777252436,1.7457367002964,3.35));
#14847=CARTESIAN_POINT('Ctrl Pts',(0.982298777252436,1.7457367002964,3.305));
#14848=CARTESIAN_POINT('Ctrl Pts',(0.969713494926691,1.72169170975685,3.35));
#14849=CARTESIAN_POINT('Ctrl Pts',(0.969713494926691,1.72169170975685,3.305));
#14850=CARTESIAN_POINT('Ctrl Pts',(0.945668474584818,1.70839021801949,3.35));
#14851=CARTESIAN_POINT('Ctrl Pts',(0.945668474584818,1.70839021801949,3.305));
#14852=CARTESIAN_POINT('',(0.982298777252436,1.7457367002964,3.35));
#14853=CARTESIAN_POINT('Ctrl Pts',(0.982298777252436,1.7457367002964,3.35));
#14854=CARTESIAN_POINT('Ctrl Pts',(0.969713494926691,1.72169170975685,3.35));
#14855=CARTESIAN_POINT('Ctrl Pts',(0.945668474584818,1.70839021801949,3.35));
#14856=CARTESIAN_POINT('',(0.982298777252436,1.7457367002964,3.305));
#14857=CARTESIAN_POINT('',(0.982298777252436,1.7457367002964,3.35));
#14858=CARTESIAN_POINT('Ctrl Pts',(0.982298777252436,1.7457367002964,3.305));
#14859=CARTESIAN_POINT('Ctrl Pts',(0.969713494926691,1.72169170975685,3.305));
#14860=CARTESIAN_POINT('Ctrl Pts',(0.945668474584818,1.70839021801949,3.305));
#14861=CARTESIAN_POINT('Ctrl Pts',(0.994884029775858,1.81173263192177,3.35));
#14862=CARTESIAN_POINT('Ctrl Pts',(0.994884029775858,1.81173263192177,3.305));
#14863=CARTESIAN_POINT('Ctrl Pts',(0.994884029775858,1.7697817504406,3.35));
#14864=CARTESIAN_POINT('Ctrl Pts',(0.994884029775858,1.7697817504406,3.305));
#14865=CARTESIAN_POINT('Ctrl Pts',(0.982298777252436,1.7457367002964,3.35));
#14866=CARTESIAN_POINT('Ctrl Pts',(0.982298777252436,1.7457367002964,3.305));
#14867=CARTESIAN_POINT('',(0.994884029775858,1.81173263192177,3.35));
#14868=CARTESIAN_POINT('Ctrl Pts',(0.994884029775858,1.81173263192177,3.35));
#14869=CARTESIAN_POINT('Ctrl Pts',(0.994884029775858,1.7697817504406,3.35));
#14870=CARTESIAN_POINT('Ctrl Pts',(0.982298777252436,1.7457367002964,3.35));
#14871=CARTESIAN_POINT('',(0.994884029775858,1.81173263192177,3.305));
#14872=CARTESIAN_POINT('',(0.994884029775858,1.81173263192177,3.35));
#14873=CARTESIAN_POINT('Ctrl Pts',(0.994884029775858,1.81173263192177,3.305));
#14874=CARTESIAN_POINT('Ctrl Pts',(0.994884029775858,1.7697817504406,3.305));
#14875=CARTESIAN_POINT('Ctrl Pts',(0.982298777252436,1.7457367002964,3.305));
#14876=CARTESIAN_POINT('Ctrl Pts',(0.966439292579889,1.89287177920342,3.35));
#14877=CARTESIAN_POINT('Ctrl Pts',(0.966439292579889,1.89287177920342,3.305));
#14878=CARTESIAN_POINT('Ctrl Pts',(0.994884029775858,1.86350618004799,3.35));
#14879=CARTESIAN_POINT('Ctrl Pts',(0.994884029775858,1.86350618004799,3.305));
#14880=CARTESIAN_POINT('Ctrl Pts',(0.994884029775858,1.81173263192177,3.35));
#14881=CARTESIAN_POINT('Ctrl Pts',(0.994884029775858,1.81173263192177,3.305));
#14882=CARTESIAN_POINT('',(0.966439292579889,1.89287177920342,3.35));
#14883=CARTESIAN_POINT('Ctrl Pts',(0.966439292579889,1.89287177920342,3.35));
#14884=CARTESIAN_POINT('Ctrl Pts',(0.994884029775858,1.86350618004799,3.35));
#14885=CARTESIAN_POINT('Ctrl Pts',(0.994884029775858,1.81173263192177,3.35));
#14886=CARTESIAN_POINT('',(0.966439292579889,1.89287177920342,3.305));
#14887=CARTESIAN_POINT('',(0.966439292579889,1.89287177920342,3.35));
#14888=CARTESIAN_POINT('Ctrl Pts',(0.966439292579889,1.89287177920342,3.305));
#14889=CARTESIAN_POINT('Ctrl Pts',(0.994884029775858,1.86350618004799,3.305));
#14890=CARTESIAN_POINT('Ctrl Pts',(0.994884029775858,1.81173263192177,3.305));
#14891=CARTESIAN_POINT('Ctrl Pts',(0.893178717046976,1.92223743796349,3.35));
#14892=CARTESIAN_POINT('Ctrl Pts',(0.893178717046976,1.92223743796349,3.305));
#14893=CARTESIAN_POINT('Ctrl Pts',(0.937994525581598,1.92223743796349,3.35));
#14894=CARTESIAN_POINT('Ctrl Pts',(0.937994525581598,1.92223743796349,3.305));
#14895=CARTESIAN_POINT('Ctrl Pts',(0.966439292579889,1.89287177920342,3.35));
#14896=CARTESIAN_POINT('Ctrl Pts',(0.966439292579889,1.89287177920342,3.305));
#14897=CARTESIAN_POINT('',(0.893178717046976,1.92223743796349,3.35));
#14898=CARTESIAN_POINT('Ctrl Pts',(0.893178717046976,1.92223743796349,3.35));
#14899=CARTESIAN_POINT('Ctrl Pts',(0.937994525581598,1.92223743796349,3.35));
#14900=CARTESIAN_POINT('Ctrl Pts',(0.966439292579889,1.89287177920342,3.35));
#14901=CARTESIAN_POINT('',(0.893178717046976,1.92223743796349,3.305));
#14902=CARTESIAN_POINT('',(0.893178717046976,1.92223743796349,3.35));
#14903=CARTESIAN_POINT('Ctrl Pts',(0.893178717046976,1.92223743796349,3.305));
#14904=CARTESIAN_POINT('Ctrl Pts',(0.937994525581598,1.92223743796349,3.305));
#14905=CARTESIAN_POINT('Ctrl Pts',(0.966439292579889,1.89287177920342,3.305));
#14906=CARTESIAN_POINT('Ctrl Pts',(0.824829459935427,1.89809007644653,3.35));
#14907=CARTESIAN_POINT('Ctrl Pts',(0.824829459935427,1.89809007644653,3.305));
#14908=CARTESIAN_POINT('Ctrl Pts',(0.852864936739206,1.92223743796349,3.35));
#14909=CARTESIAN_POINT('Ctrl Pts',(0.852864936739206,1.92223743796349,3.305));
#14910=CARTESIAN_POINT('Ctrl Pts',(0.893178717046976,1.92223743796349,3.35));
#14911=CARTESIAN_POINT('Ctrl Pts',(0.893178717046976,1.92223743796349,3.305));
#14912=CARTESIAN_POINT('',(0.824829459935427,1.89809007644653,3.35));
#14913=CARTESIAN_POINT('Ctrl Pts',(0.824829459935427,1.89809007644653,3.35));
#14914=CARTESIAN_POINT('Ctrl Pts',(0.852864936739206,1.92223743796349,3.35));
#14915=CARTESIAN_POINT('Ctrl Pts',(0.893178717046976,1.92223743796349,3.35));
#14916=CARTESIAN_POINT('',(0.824829459935427,1.89809007644653,3.305));
#14917=CARTESIAN_POINT('',(0.824829459935427,1.89809007644653,3.35));
#14918=CARTESIAN_POINT('Ctrl Pts',(0.824829459935427,1.89809007644653,3.305));
#14919=CARTESIAN_POINT('Ctrl Pts',(0.852864936739206,1.92223743796349,3.305));
#14920=CARTESIAN_POINT('Ctrl Pts',(0.893178717046976,1.92223743796349,3.305));
#14921=CARTESIAN_POINT('Ctrl Pts',(0.791268751770258,1.80866305232048,3.35));
#14922=CARTESIAN_POINT('Ctrl Pts',(0.791268751770258,1.80866305232048,3.305));
#14923=CARTESIAN_POINT('Ctrl Pts',(0.791268751770258,1.86903141140938,3.35));
#14924=CARTESIAN_POINT('Ctrl Pts',(0.791268751770258,1.86903141140938,3.305));
#14925=CARTESIAN_POINT('Ctrl Pts',(0.824829459935427,1.89809007644653,3.35));
#14926=CARTESIAN_POINT('Ctrl Pts',(0.824829459935427,1.89809007644653,3.305));
#14927=CARTESIAN_POINT('',(0.791268751770258,1.80866305232048,3.35));
#14928=CARTESIAN_POINT('Ctrl Pts',(0.791268751770258,1.80866305232048,3.35));
#14929=CARTESIAN_POINT('Ctrl Pts',(0.791268751770258,1.86903141140938,3.35));
#14930=CARTESIAN_POINT('Ctrl Pts',(0.824829459935427,1.89809007644653,3.35));
#14931=CARTESIAN_POINT('',(0.791268751770258,1.80866305232048,3.305));
#14932=CARTESIAN_POINT('',(0.791268751770258,1.80866305232048,3.35));
#14933=CARTESIAN_POINT('Ctrl Pts',(0.791268751770258,1.80866305232048,3.305));
#14934=CARTESIAN_POINT('Ctrl Pts',(0.791268751770258,1.86903141140938,3.305));
#14935=CARTESIAN_POINT('Ctrl Pts',(0.824829459935427,1.89809007644653,3.305));
#14936=CARTESIAN_POINT('Ctrl Pts',(0.819406539946794,1.72435198426247,3.35));
#14937=CARTESIAN_POINT('Ctrl Pts',(0.819406539946794,1.72435198426247,3.305));
#14938=CARTESIAN_POINT('Ctrl Pts',(0.791268751770258,1.75361530184746,3.35));
#14939=CARTESIAN_POINT('Ctrl Pts',(0.791268751770258,1.75361530184746,3.305));
#14940=CARTESIAN_POINT('Ctrl Pts',(0.791268751770258,1.80866305232048,3.35));
#14941=CARTESIAN_POINT('Ctrl Pts',(0.791268751770258,1.80866305232048,3.305));
#14942=CARTESIAN_POINT('Ctrl Pts',(0.819406539946794,1.72435198426247,3.35));
#14943=CARTESIAN_POINT('Ctrl Pts',(0.791268751770258,1.75361530184746,3.35));
#14944=CARTESIAN_POINT('Ctrl Pts',(0.791268751770258,1.80866305232048,3.35));
#14945=CARTESIAN_POINT('Ctrl Pts',(0.819406539946794,1.72435198426247,3.305));
#14946=CARTESIAN_POINT('Ctrl Pts',(0.791268751770258,1.75361530184746,3.305));
#14947=CARTESIAN_POINT('Ctrl Pts',(0.791268751770258,1.80866305232048,3.305));
#14948=CARTESIAN_POINT('Origin',(2.14761248119175,1.80590043663979,3.305));
#14949=CARTESIAN_POINT('Origin',(1.50566171184182,1.96459756493568,3.35));
#14950=CARTESIAN_POINT('',(1.50566171184182,1.96459756493568,3.35));
#14951=CARTESIAN_POINT('',(1.44570259824395,1.96459756493568,3.35));
#14952=CARTESIAN_POINT('',(2.75283085592091,1.96459756493568,3.35));
#14953=CARTESIAN_POINT('',(1.50566171184182,1.96459756493568,3.305));
#14954=CARTESIAN_POINT('',(1.50566171184182,1.96459756493568,3.35));
#14955=CARTESIAN_POINT('',(1.44570259824395,1.96459756493568,3.305));
#14956=CARTESIAN_POINT('',(1.50566171184182,1.96459756493568,3.305));
#14957=CARTESIAN_POINT('',(1.44570259824395,1.96459756493568,3.35));
#14958=CARTESIAN_POINT('Ctrl Pts',(1.55129610076547,1.96040250062943,3.35));
#14959=CARTESIAN_POINT('Ctrl Pts',(1.55129610076547,1.96040250062943,3.305));
#14960=CARTESIAN_POINT('Ctrl Pts',(1.53799454942346,1.96459756493568,3.35));
#14961=CARTESIAN_POINT('Ctrl Pts',(1.53799454942346,1.96459756493568,3.305));
#14962=CARTESIAN_POINT('Ctrl Pts',(1.50566171184182,1.96459756493568,3.35));
#14963=CARTESIAN_POINT('Ctrl Pts',(1.50566171184182,1.96459756493568,3.305));
#14964=CARTESIAN_POINT('',(1.55129610076547,1.96040250062943,3.35));
#14965=CARTESIAN_POINT('Ctrl Pts',(1.55129610076547,1.96040250062943,3.35));
#14966=CARTESIAN_POINT('Ctrl Pts',(1.53799454942346,1.96459756493568,3.35));
#14967=CARTESIAN_POINT('Ctrl Pts',(1.50566171184182,1.96459756493568,3.35));
#14968=CARTESIAN_POINT('',(1.55129610076547,1.96040250062943,3.305));
#14969=CARTESIAN_POINT('',(1.55129610076547,1.96040250062943,3.35));
#14970=CARTESIAN_POINT('Ctrl Pts',(1.55129610076547,1.96040250062943,3.305));
#14971=CARTESIAN_POINT('Ctrl Pts',(1.53799454942346,1.96459756493568,3.305));
#14972=CARTESIAN_POINT('Ctrl Pts',(1.50566171184182,1.96459756493568,3.305));
#14973=CARTESIAN_POINT('Ctrl Pts',(1.57175992503762,1.94484995007515,3.35));
#14974=CARTESIAN_POINT('Ctrl Pts',(1.57175992503762,1.94484995007515,3.305));
#14975=CARTESIAN_POINT('Ctrl Pts',(1.56459759250283,1.95620740652084,3.35));
#14976=CARTESIAN_POINT('Ctrl Pts',(1.56459759250283,1.95620740652084,3.305));
#14977=CARTESIAN_POINT('Ctrl Pts',(1.55129610076547,1.96040250062943,3.35));
#14978=CARTESIAN_POINT('Ctrl Pts',(1.55129610076547,1.96040250062943,3.305));
#14979=CARTESIAN_POINT('',(1.57175992503762,1.94484995007515,3.35));
#14980=CARTESIAN_POINT('Ctrl Pts',(1.57175992503762,1.94484995007515,3.35));
#14981=CARTESIAN_POINT('Ctrl Pts',(1.56459759250283,1.95620740652084,3.35));
#14982=CARTESIAN_POINT('Ctrl Pts',(1.55129610076547,1.96040250062943,3.35));
#14983=CARTESIAN_POINT('',(1.57175992503762,1.94484995007515,3.305));
#14984=CARTESIAN_POINT('',(1.57175992503762,1.94484995007515,3.35));
#14985=CARTESIAN_POINT('Ctrl Pts',(1.57175992503762,1.94484995007515,3.305));
#14986=CARTESIAN_POINT('Ctrl Pts',(1.56459759250283,1.95620740652084,3.305));
#14987=CARTESIAN_POINT('Ctrl Pts',(1.55129610076547,1.96040250062943,3.305));
#14988=CARTESIAN_POINT('Ctrl Pts',(1.57892225757241,1.91855393052101,3.35));
#14989=CARTESIAN_POINT('Ctrl Pts',(1.57892225757241,1.91855393052101,3.305));
#14990=CARTESIAN_POINT('Ctrl Pts',(1.57892225757241,1.93349252343178,3.35));
#14991=CARTESIAN_POINT('Ctrl Pts',(1.57892225757241,1.93349252343178,3.305));
#14992=CARTESIAN_POINT('Ctrl Pts',(1.57175992503762,1.94484995007515,3.35));
#14993=CARTESIAN_POINT('Ctrl Pts',(1.57175992503762,1.94484995007515,3.305));
#14994=CARTESIAN_POINT('',(1.57892225757241,1.91855393052101,3.35));
#14995=CARTESIAN_POINT('Ctrl Pts',(1.57892225757241,1.91855393052101,3.35));
#14996=CARTESIAN_POINT('Ctrl Pts',(1.57892225757241,1.93349252343178,3.35));
#14997=CARTESIAN_POINT('Ctrl Pts',(1.57175992503762,1.94484995007515,3.35));
#14998=CARTESIAN_POINT('',(1.57892225757241,1.91855393052101,3.305));
#14999=CARTESIAN_POINT('',(1.57892225757241,1.91855393052101,3.35));
#15000=CARTESIAN_POINT('Ctrl Pts',(1.57892225757241,1.91855393052101,3.305));
#15001=CARTESIAN_POINT('Ctrl Pts',(1.57892225757241,1.93349252343178,3.305));
#15002=CARTESIAN_POINT('Ctrl Pts',(1.57175992503762,1.94484995007515,3.305));
#15003=CARTESIAN_POINT('Ctrl Pts',(1.57124827876687,1.89236019253731,3.35));
#15004=CARTESIAN_POINT('Ctrl Pts',(1.57124827876687,1.89236019253731,3.305));
#15005=CARTESIAN_POINT('Ctrl Pts',(1.57892225757241,1.90279675722122,3.35));
#15006=CARTESIAN_POINT('Ctrl Pts',(1.57892225757241,1.90279675722122,3.305));
#15007=CARTESIAN_POINT('Ctrl Pts',(1.57892225757241,1.91855393052101,3.35));
#15008=CARTESIAN_POINT('Ctrl Pts',(1.57892225757241,1.91855393052101,3.305));
#15009=CARTESIAN_POINT('',(1.57124827876687,1.89236019253731,3.35));
#15010=CARTESIAN_POINT('Ctrl Pts',(1.57124827876687,1.89236019253731,3.35));
#15011=CARTESIAN_POINT('Ctrl Pts',(1.57892225757241,1.90279675722122,3.35));
#15012=CARTESIAN_POINT('Ctrl Pts',(1.57892225757241,1.91855393052101,3.35));
#15013=CARTESIAN_POINT('',(1.57124827876687,1.89236019253731,3.305));
#15014=CARTESIAN_POINT('',(1.57124827876687,1.89236019253731,3.35));
#15015=CARTESIAN_POINT('Ctrl Pts',(1.57124827876687,1.89236019253731,3.305));
#15016=CARTESIAN_POINT('Ctrl Pts',(1.57892225757241,1.90279675722122,3.305));
#15017=CARTESIAN_POINT('Ctrl Pts',(1.57892225757241,1.91855393052101,3.305));
#15018=CARTESIAN_POINT('Ctrl Pts',(1.54843114390969,1.87742159962654,3.35));
#15019=CARTESIAN_POINT('Ctrl Pts',(1.54843114390969,1.87742159962654,3.305));
#15020=CARTESIAN_POINT('Ctrl Pts',(1.56357435956597,1.88192362785339,3.35));
#15021=CARTESIAN_POINT('Ctrl Pts',(1.56357435956597,1.88192362785339,3.305));
#15022=CARTESIAN_POINT('Ctrl Pts',(1.57124827876687,1.89236019253731,3.35));
#15023=CARTESIAN_POINT('Ctrl Pts',(1.57124827876687,1.89236019253731,3.305));
#15024=CARTESIAN_POINT('',(1.54843114390969,1.87742159962654,3.35));
#15025=CARTESIAN_POINT('Ctrl Pts',(1.54843114390969,1.87742159962654,3.35));
#15026=CARTESIAN_POINT('Ctrl Pts',(1.56357435956597,1.88192362785339,3.35));
#15027=CARTESIAN_POINT('Ctrl Pts',(1.57124827876687,1.89236019253731,3.35));
#15028=CARTESIAN_POINT('',(1.54843114390969,1.87742159962654,3.305));
#15029=CARTESIAN_POINT('',(1.54843114390969,1.87742159962654,3.35));
#15030=CARTESIAN_POINT('Ctrl Pts',(1.54843114390969,1.87742159962654,3.305));
#15031=CARTESIAN_POINT('Ctrl Pts',(1.56357435956597,1.88192362785339,3.305));
#15032=CARTESIAN_POINT('Ctrl Pts',(1.57124827876687,1.89236019253731,3.305));
#15033=CARTESIAN_POINT('Ctrl Pts',(1.51057301536202,1.87394271492958,3.35));
#15034=CARTESIAN_POINT('Ctrl Pts',(1.51057301536202,1.87394271492958,3.305));
#15035=CARTESIAN_POINT('Ctrl Pts',(1.53697137609124,1.87394271492958,3.35));
#15036=CARTESIAN_POINT('Ctrl Pts',(1.53697137609124,1.87394271492958,3.305));
#15037=CARTESIAN_POINT('Ctrl Pts',(1.54843114390969,1.87742159962654,3.35));
#15038=CARTESIAN_POINT('Ctrl Pts',(1.54843114390969,1.87742159962654,3.305));
#15039=CARTESIAN_POINT('',(1.51057301536202,1.87394271492958,3.35));
#15040=CARTESIAN_POINT('Ctrl Pts',(1.51057301536202,1.87394271492958,3.35));
#15041=CARTESIAN_POINT('Ctrl Pts',(1.53697137609124,1.87394271492958,3.35));
#15042=CARTESIAN_POINT('Ctrl Pts',(1.54843114390969,1.87742159962654,3.35));
#15043=CARTESIAN_POINT('',(1.51057301536202,1.87394271492958,3.305));
#15044=CARTESIAN_POINT('',(1.51057301536202,1.87394271492958,3.35));
#15045=CARTESIAN_POINT('Ctrl Pts',(1.51057301536202,1.87394271492958,3.305));
#15046=CARTESIAN_POINT('Ctrl Pts',(1.53697137609124,1.87394271492958,3.305));
#15047=CARTESIAN_POINT('Ctrl Pts',(1.54843114390969,1.87742159962654,3.305));
#15048=CARTESIAN_POINT('Origin',(1.44570259824395,1.87394271492958,3.35));
#15049=CARTESIAN_POINT('',(1.44570259824395,1.87394271492958,3.35));
#15050=CARTESIAN_POINT('',(2.72285129912198,1.87394271492958,3.35));
#15051=CARTESIAN_POINT('',(1.44570259824395,1.87394271492958,3.305));
#15052=CARTESIAN_POINT('',(1.44570259824395,1.87394271492958,3.35));
#15053=CARTESIAN_POINT('',(1.44570259824395,1.87394271492958,3.305));
#15054=CARTESIAN_POINT('Origin',(1.44570259824395,1.96459756493568,3.35));
#15055=CARTESIAN_POINT('',(1.44570259824395,1.98229878246784,3.35));
#15056=CARTESIAN_POINT('',(1.44570259824395,1.96459756493568,3.305));
#15057=CARTESIAN_POINT('Origin',(1.5150750733912,1.83854029774666,3.35));
#15058=CARTESIAN_POINT('',(1.5150750733912,1.83854029774666,3.35));
#15059=CARTESIAN_POINT('',(1.44570259824395,1.83854029774666,3.35));
#15060=CARTESIAN_POINT('',(2.7575375366956,1.83854029774666,3.35));
#15061=CARTESIAN_POINT('',(1.5150750733912,1.83854029774666,3.305));
#15062=CARTESIAN_POINT('',(1.5150750733912,1.83854029774666,3.35));
#15063=CARTESIAN_POINT('',(1.44570259824395,1.83854029774666,3.305));
#15064=CARTESIAN_POINT('',(1.5150750733912,1.83854029774666,3.305));
#15065=CARTESIAN_POINT('',(1.44570259824395,1.83854029774666,3.35));
#15066=CARTESIAN_POINT('Ctrl Pts',(1.55897001996636,1.83352665305138,3.35));
#15067=CARTESIAN_POINT('Ctrl Pts',(1.55897001996636,1.83352665305138,3.305));
#15068=CARTESIAN_POINT('Ctrl Pts',(1.54372440353036,1.83854029774666,3.35));
#15069=CARTESIAN_POINT('Ctrl Pts',(1.54372440353036,1.83854029774666,3.305));
#15070=CARTESIAN_POINT('Ctrl Pts',(1.5150750733912,1.83854029774666,3.35));
#15071=CARTESIAN_POINT('Ctrl Pts',(1.5150750733912,1.83854029774666,3.305));
#15072=CARTESIAN_POINT('',(1.55897001996636,1.83352665305138,3.35));
#15073=CARTESIAN_POINT('Ctrl Pts',(1.55897001996636,1.83352665305138,3.35));
#15074=CARTESIAN_POINT('Ctrl Pts',(1.54372440353036,1.83854029774666,3.35));
#15075=CARTESIAN_POINT('Ctrl Pts',(1.5150750733912,1.83854029774666,3.35));
#15076=CARTESIAN_POINT('',(1.55897001996636,1.83352665305138,3.305));
#15077=CARTESIAN_POINT('',(1.55897001996636,1.83352665305138,3.35));
#15078=CARTESIAN_POINT('Ctrl Pts',(1.55897001996636,1.83352665305138,3.305));
#15079=CARTESIAN_POINT('Ctrl Pts',(1.54372440353036,1.83854029774666,3.305));
#15080=CARTESIAN_POINT('Ctrl Pts',(1.5150750733912,1.83854029774666,3.305));
#15081=CARTESIAN_POINT('Ctrl Pts',(1.5828103877604,1.81613234877586,3.35));
#15082=CARTESIAN_POINT('Ctrl Pts',(1.5828103877604,1.81613234877586,3.305));
#15083=CARTESIAN_POINT('Ctrl Pts',(1.57421557679772,1.82851300835609,3.35));
#15084=CARTESIAN_POINT('Ctrl Pts',(1.57421557679772,1.82851300835609,3.305));
#15085=CARTESIAN_POINT('Ctrl Pts',(1.55897001996636,1.83352665305138,3.35));
#15086=CARTESIAN_POINT('Ctrl Pts',(1.55897001996636,1.83352665305138,3.305));
#15087=CARTESIAN_POINT('',(1.5828103877604,1.81613234877586,3.35));
#15088=CARTESIAN_POINT('Ctrl Pts',(1.5828103877604,1.81613234877586,3.35));
#15089=CARTESIAN_POINT('Ctrl Pts',(1.57421557679772,1.82851300835609,3.35));
#15090=CARTESIAN_POINT('Ctrl Pts',(1.55897001996636,1.83352665305138,3.35));
#15091=CARTESIAN_POINT('',(1.5828103877604,1.81613234877586,3.305));
#15092=CARTESIAN_POINT('',(1.5828103877604,1.81613234877586,3.35));
#15093=CARTESIAN_POINT('Ctrl Pts',(1.5828103877604,1.81613234877586,3.305));
#15094=CARTESIAN_POINT('Ctrl Pts',(1.57421557679772,1.82851300835609,3.305));
#15095=CARTESIAN_POINT('Ctrl Pts',(1.55897001996636,1.83352665305138,3.305));
#15096=CARTESIAN_POINT('Ctrl Pts',(1.59140519872308,1.78697137236595,3.35));
#15097=CARTESIAN_POINT('Ctrl Pts',(1.59140519872308,1.78697137236595,3.305));
#15098=CARTESIAN_POINT('Ctrl Pts',(1.59140519872308,1.80375174880028,3.35));
#15099=CARTESIAN_POINT('Ctrl Pts',(1.59140519872308,1.80375174880028,3.305));
#15100=CARTESIAN_POINT('Ctrl Pts',(1.5828103877604,1.81613234877586,3.35));
#15101=CARTESIAN_POINT('Ctrl Pts',(1.5828103877604,1.81613234877586,3.305));
#15102=CARTESIAN_POINT('',(1.59140519872308,1.78697137236595,3.35));
#15103=CARTESIAN_POINT('Ctrl Pts',(1.59140519872308,1.78697137236595,3.35));
#15104=CARTESIAN_POINT('Ctrl Pts',(1.59140519872308,1.80375174880028,3.35));
#15105=CARTESIAN_POINT('Ctrl Pts',(1.5828103877604,1.81613234877586,3.35));
#15106=CARTESIAN_POINT('',(1.59140519872308,1.78697137236595,3.305));
#15107=CARTESIAN_POINT('',(1.59140519872308,1.78697137236595,3.35));
#15108=CARTESIAN_POINT('Ctrl Pts',(1.59140519872308,1.78697137236595,3.305));
#15109=CARTESIAN_POINT('Ctrl Pts',(1.59140519872308,1.80375174880028,3.305));
#15110=CARTESIAN_POINT('Ctrl Pts',(1.5828103877604,1.81613234877586,3.305));
#15111=CARTESIAN_POINT('Ctrl Pts',(1.58547066226602,1.76169852614403,3.35));
#15112=CARTESIAN_POINT('Ctrl Pts',(1.58547066226602,1.76169852614403,3.305));
#15113=CARTESIAN_POINT('Ctrl Pts',(1.59140519872308,1.77264670729637,3.35));
#15114=CARTESIAN_POINT('Ctrl Pts',(1.59140519872308,1.77264670729637,3.305));
#15115=CARTESIAN_POINT('Ctrl Pts',(1.59140519872308,1.78697137236595,3.35));
#15116=CARTESIAN_POINT('Ctrl Pts',(1.59140519872308,1.78697137236595,3.305));
#15117=CARTESIAN_POINT('',(1.58547066226602,1.76169852614403,3.35));
#15118=CARTESIAN_POINT('Ctrl Pts',(1.58547066226602,1.76169852614403,3.35));
#15119=CARTESIAN_POINT('Ctrl Pts',(1.59140519872308,1.77264670729637,3.35));
#15120=CARTESIAN_POINT('Ctrl Pts',(1.59140519872308,1.78697137236595,3.35));
#15121=CARTESIAN_POINT('',(1.58547066226602,1.76169852614403,3.305));
#15122=CARTESIAN_POINT('',(1.58547066226602,1.76169852614403,3.35));
#15123=CARTESIAN_POINT('Ctrl Pts',(1.58547066226602,1.76169852614403,3.305));
#15124=CARTESIAN_POINT('Ctrl Pts',(1.59140519872308,1.77264670729637,3.305));
#15125=CARTESIAN_POINT('Ctrl Pts',(1.59140519872308,1.78697137236595,3.305));
#15126=CARTESIAN_POINT('Ctrl Pts',(1.57032744660974,1.74502049088478,3.35));
#15127=CARTESIAN_POINT('Ctrl Pts',(1.57032744660974,1.74502049088478,3.305));
#15128=CARTESIAN_POINT('Ctrl Pts',(1.5795361854136,1.75075034499168,3.35));
#15129=CARTESIAN_POINT('Ctrl Pts',(1.5795361854136,1.75075034499168,3.305));
#15130=CARTESIAN_POINT('Ctrl Pts',(1.58547066226602,1.76169852614403,3.35));
#15131=CARTESIAN_POINT('Ctrl Pts',(1.58547066226602,1.76169852614403,3.305));
#15132=CARTESIAN_POINT('',(1.57032744660974,1.74502049088478,3.35));
#15133=CARTESIAN_POINT('Ctrl Pts',(1.57032744660974,1.74502049088478,3.35));
#15134=CARTESIAN_POINT('Ctrl Pts',(1.5795361854136,1.75075034499168,3.35));
#15135=CARTESIAN_POINT('Ctrl Pts',(1.58547066226602,1.76169852614403,3.35));
#15136=CARTESIAN_POINT('',(1.57032744660974,1.74502049088478,3.305));
#15137=CARTESIAN_POINT('',(1.57032744660974,1.74502049088478,3.35));
#15138=CARTESIAN_POINT('Ctrl Pts',(1.57032744660974,1.74502049088478,3.305));
#15139=CARTESIAN_POINT('Ctrl Pts',(1.5795361854136,1.75075034499168,3.305));
#15140=CARTESIAN_POINT('Ctrl Pts',(1.58547066226602,1.76169852614403,3.305));
#15141=CARTESIAN_POINT('Ctrl Pts',(1.54740791097283,1.73683498501778,3.35));
#15142=CARTESIAN_POINT('Ctrl Pts',(1.54740791097283,1.73683498501778,3.305));
#15143=CARTESIAN_POINT('Ctrl Pts',(1.56111870780587,1.73929063677788,3.35));
#15144=CARTESIAN_POINT('Ctrl Pts',(1.56111870780587,1.73929063677788,3.305));
#15145=CARTESIAN_POINT('Ctrl Pts',(1.57032744660974,1.74502049088478,3.35));
#15146=CARTESIAN_POINT('Ctrl Pts',(1.57032744660974,1.74502049088478,3.305));
#15147=CARTESIAN_POINT('',(1.54740791097283,1.73683498501778,3.35));
#15148=CARTESIAN_POINT('Ctrl Pts',(1.54740791097283,1.73683498501778,3.35));
#15149=CARTESIAN_POINT('Ctrl Pts',(1.56111870780587,1.73929063677788,3.35));
#15150=CARTESIAN_POINT('Ctrl Pts',(1.57032744660974,1.74502049088478,3.35));
#15151=CARTESIAN_POINT('',(1.54740791097283,1.73683498501778,3.305));
#15152=CARTESIAN_POINT('',(1.54740791097283,1.73683498501778,3.35));
#15153=CARTESIAN_POINT('Ctrl Pts',(1.54740791097283,1.73683498501778,3.305));
#15154=CARTESIAN_POINT('Ctrl Pts',(1.56111870780587,1.73929063677788,3.305));
#15155=CARTESIAN_POINT('Ctrl Pts',(1.57032744660974,1.74502049088478,3.305));
#15156=CARTESIAN_POINT('Ctrl Pts',(1.52039562240243,1.73540250658989,3.35));
#15157=CARTESIAN_POINT('Ctrl Pts',(1.52039562240243,1.73540250658989,3.305));
#15158=CARTESIAN_POINT('Ctrl Pts',(1.53963165059686,1.73540250658989,3.35));
#15159=CARTESIAN_POINT('Ctrl Pts',(1.53963165059686,1.73540250658989,3.305));
#15160=CARTESIAN_POINT('Ctrl Pts',(1.54740791097283,1.73683498501778,3.35));
#15161=CARTESIAN_POINT('Ctrl Pts',(1.54740791097283,1.73683498501778,3.305));
#15162=CARTESIAN_POINT('',(1.52039562240243,1.73540250658989,3.35));
#15163=CARTESIAN_POINT('Ctrl Pts',(1.52039562240243,1.73540250658989,3.35));
#15164=CARTESIAN_POINT('Ctrl Pts',(1.53963165059686,1.73540250658989,3.35));
#15165=CARTESIAN_POINT('Ctrl Pts',(1.54740791097283,1.73683498501778,3.35));
#15166=CARTESIAN_POINT('',(1.52039562240243,1.73540250658989,3.305));
#15167=CARTESIAN_POINT('',(1.52039562240243,1.73540250658989,3.35));
#15168=CARTESIAN_POINT('Ctrl Pts',(1.52039562240243,1.73540250658989,3.305));
#15169=CARTESIAN_POINT('Ctrl Pts',(1.53963165059686,1.73540250658989,3.305));
#15170=CARTESIAN_POINT('Ctrl Pts',(1.54740791097283,1.73683498501778,3.305));
#15171=CARTESIAN_POINT('Origin',(1.44570259824395,1.73540250658989,3.35));
#15172=CARTESIAN_POINT('',(1.44570259824395,1.73540250658989,3.35));
#15173=CARTESIAN_POINT('',(2.72285129912198,1.73540250658989,3.35));
#15174=CARTESIAN_POINT('',(1.44570259824395,1.73540250658989,3.305));
#15175=CARTESIAN_POINT('',(1.44570259824395,1.73540250658989,3.35));
#15176=CARTESIAN_POINT('',(1.44570259824395,1.73540250658989,3.305));
#15177=CARTESIAN_POINT('Origin',(1.44570259824395,1.83854029774666,3.35));
#15178=CARTESIAN_POINT('',(1.44570259824395,1.91927014887333,3.35));
#15179=CARTESIAN_POINT('',(1.44570259824395,1.83854029774666,3.305));
#15180=CARTESIAN_POINT('Ctrl Pts',(1.56879268661141,1.7050136744976,3.35));
#15181=CARTESIAN_POINT('Ctrl Pts',(1.56879268661141,1.7050136744976,3.305));
#15182=CARTESIAN_POINT('Ctrl Pts',(1.54904507175088,1.70000002980232,3.35));
#15183=CARTESIAN_POINT('Ctrl Pts',(1.54904507175088,1.70000002980232,3.305));
#15184=CARTESIAN_POINT('Ctrl Pts',(1.52039562240243,1.70000002980232,3.35));
#15185=CARTESIAN_POINT('Ctrl Pts',(1.52039562240243,1.70000002980232,3.305));
#15186=CARTESIAN_POINT('',(1.56879268661141,1.7050136744976,3.35));
#15187=CARTESIAN_POINT('',(1.52039562240243,1.70000002980232,3.35));
#15188=CARTESIAN_POINT('Ctrl Pts',(1.56879268661141,1.7050136744976,3.35));
#15189=CARTESIAN_POINT('Ctrl Pts',(1.54904507175088,1.70000002980232,3.35));
#15190=CARTESIAN_POINT('Ctrl Pts',(1.52039562240243,1.70000002980232,3.35));
#15191=CARTESIAN_POINT('',(1.56879268661141,1.7050136744976,3.305));
#15192=CARTESIAN_POINT('',(1.56879268661141,1.7050136744976,3.35));
#15193=CARTESIAN_POINT('',(1.52039562240243,1.70000002980232,3.305));
#15194=CARTESIAN_POINT('Ctrl Pts',(1.56879268661141,1.7050136744976,3.305));
#15195=CARTESIAN_POINT('Ctrl Pts',(1.54904507175088,1.70000002980232,3.305));
#15196=CARTESIAN_POINT('Ctrl Pts',(1.52039562240243,1.70000002980232,3.305));
#15197=CARTESIAN_POINT('',(1.52039562240243,1.70000002980232,3.35));
#15198=CARTESIAN_POINT('Ctrl Pts',(1.60163711085916,1.71984998583794,3.35));
#15199=CARTESIAN_POINT('Ctrl Pts',(1.60163711085916,1.71984998583794,3.305));
#15200=CARTESIAN_POINT('Ctrl Pts',(1.58854030147195,1.71002731919289,3.35));
#15201=CARTESIAN_POINT('Ctrl Pts',(1.58854030147195,1.71002731919289,3.305));
#15202=CARTESIAN_POINT('Ctrl Pts',(1.56879268661141,1.7050136744976,3.35));
#15203=CARTESIAN_POINT('Ctrl Pts',(1.56879268661141,1.7050136744976,3.305));
#15204=CARTESIAN_POINT('',(1.60163711085916,1.71984998583794,3.35));
#15205=CARTESIAN_POINT('Ctrl Pts',(1.60163711085916,1.71984998583794,3.35));
#15206=CARTESIAN_POINT('Ctrl Pts',(1.58854030147195,1.71002731919289,3.35));
#15207=CARTESIAN_POINT('Ctrl Pts',(1.56879268661141,1.7050136744976,3.35));
#15208=CARTESIAN_POINT('',(1.60163711085916,1.71984998583794,3.305));
#15209=CARTESIAN_POINT('',(1.60163711085916,1.71984998583794,3.35));
#15210=CARTESIAN_POINT('Ctrl Pts',(1.60163711085916,1.71984998583794,3.305));
#15211=CARTESIAN_POINT('Ctrl Pts',(1.58854030147195,1.71002731919289,3.305));
#15212=CARTESIAN_POINT('Ctrl Pts',(1.56879268661141,1.7050136744976,3.305));
#15213=CARTESIAN_POINT('Ctrl Pts',(1.62363575473428,1.74778310656548,3.35));
#15214=CARTESIAN_POINT('Ctrl Pts',(1.62363575473428,1.74778310656548,3.305));
#15215=CARTESIAN_POINT('Ctrl Pts',(1.61473397985101,1.72967259287834,3.35));
#15216=CARTESIAN_POINT('Ctrl Pts',(1.61473397985101,1.72967259287834,3.305));
#15217=CARTESIAN_POINT('Ctrl Pts',(1.60163711085916,1.71984998583794,3.35));
#15218=CARTESIAN_POINT('Ctrl Pts',(1.60163711085916,1.71984998583794,3.305));
#15219=CARTESIAN_POINT('',(1.62363575473428,1.74778310656548,3.35));
#15220=CARTESIAN_POINT('Ctrl Pts',(1.62363575473428,1.74778310656548,3.35));
#15221=CARTESIAN_POINT('Ctrl Pts',(1.61473397985101,1.72967259287834,3.35));
#15222=CARTESIAN_POINT('Ctrl Pts',(1.60163711085916,1.71984998583794,3.35));
#15223=CARTESIAN_POINT('',(1.62363575473428,1.74778310656548,3.305));
#15224=CARTESIAN_POINT('',(1.62363575473428,1.74778310656548,3.35));
#15225=CARTESIAN_POINT('Ctrl Pts',(1.62363575473428,1.74778310656548,3.305));
#15226=CARTESIAN_POINT('Ctrl Pts',(1.61473397985101,1.72967259287834,3.305));
#15227=CARTESIAN_POINT('Ctrl Pts',(1.60163711085916,1.71984998583794,3.305));
#15228=CARTESIAN_POINT('Ctrl Pts',(1.63253752961755,1.78697137236595,3.35));
#15229=CARTESIAN_POINT('Ctrl Pts',(1.63253752961755,1.78697137236595,3.305));
#15230=CARTESIAN_POINT('Ctrl Pts',(1.63253752961755,1.76589362025261,3.35));
#15231=CARTESIAN_POINT('Ctrl Pts',(1.63253752961755,1.76589362025261,3.305));
#15232=CARTESIAN_POINT('Ctrl Pts',(1.62363575473428,1.74778310656548,3.35));
#15233=CARTESIAN_POINT('Ctrl Pts',(1.62363575473428,1.74778310656548,3.305));
#15234=CARTESIAN_POINT('',(1.63253752961755,1.78697137236595,3.35));
#15235=CARTESIAN_POINT('Ctrl Pts',(1.63253752961755,1.78697137236595,3.35));
#15236=CARTESIAN_POINT('Ctrl Pts',(1.63253752961755,1.76589362025261,3.35));
#15237=CARTESIAN_POINT('Ctrl Pts',(1.62363575473428,1.74778310656548,3.35));
#15238=CARTESIAN_POINT('',(1.63253752961755,1.78697137236595,3.305));
#15239=CARTESIAN_POINT('',(1.63253752961755,1.78697137236595,3.35));
#15240=CARTESIAN_POINT('Ctrl Pts',(1.63253752961755,1.78697137236595,3.305));
#15241=CARTESIAN_POINT('Ctrl Pts',(1.63253752961755,1.76589362025261,3.305));
#15242=CARTESIAN_POINT('Ctrl Pts',(1.62363575473428,1.74778310656548,3.305));
#15243=CARTESIAN_POINT('Ctrl Pts',(1.61790590062737,1.83240113854408,3.35));
#15244=CARTESIAN_POINT('Ctrl Pts',(1.61790590062737,1.83240113854408,3.305));
#15245=CARTESIAN_POINT('Ctrl Pts',(1.63253752961755,1.81316511034966,3.35));
#15246=CARTESIAN_POINT('Ctrl Pts',(1.63253752961755,1.81316511034966,3.305));
#15247=CARTESIAN_POINT('Ctrl Pts',(1.63253752961755,1.78697137236595,3.35));
#15248=CARTESIAN_POINT('Ctrl Pts',(1.63253752961755,1.78697137236595,3.305));
#15249=CARTESIAN_POINT('',(1.61790590062737,1.83240113854408,3.35));
#15250=CARTESIAN_POINT('Ctrl Pts',(1.61790590062737,1.83240113854408,3.35));
#15251=CARTESIAN_POINT('Ctrl Pts',(1.63253752961755,1.81316511034966,3.35));
#15252=CARTESIAN_POINT('Ctrl Pts',(1.63253752961755,1.78697137236595,3.35));
#15253=CARTESIAN_POINT('',(1.61790590062737,1.83240113854408,3.305));
#15254=CARTESIAN_POINT('',(1.61790590062737,1.83240113854408,3.35));
#15255=CARTESIAN_POINT('Ctrl Pts',(1.61790590062737,1.83240113854408,3.305));
#15256=CARTESIAN_POINT('Ctrl Pts',(1.63253752961755,1.81316511034966,3.305));
#15257=CARTESIAN_POINT('Ctrl Pts',(1.63253752961755,1.78697137236595,3.305));
#15258=CARTESIAN_POINT('Ctrl Pts',(1.57605730071664,1.85961804986,3.35));
#15259=CARTESIAN_POINT('Ctrl Pts',(1.57605730071664,1.85961804986,3.305));
#15260=CARTESIAN_POINT('Ctrl Pts',(1.60327421203256,1.85163713693619,3.35));
#15261=CARTESIAN_POINT('Ctrl Pts',(1.60327421203256,1.85163713693619,3.305));
#15262=CARTESIAN_POINT('Ctrl Pts',(1.61790590062737,1.83240113854408,3.35));
#15263=CARTESIAN_POINT('Ctrl Pts',(1.61790590062737,1.83240113854408,3.305));
#15264=CARTESIAN_POINT('',(1.57605730071664,1.85961804986,3.35));
#15265=CARTESIAN_POINT('Ctrl Pts',(1.57605730071664,1.85961804986,3.35));
#15266=CARTESIAN_POINT('Ctrl Pts',(1.60327421203256,1.85163713693619,3.35));
#15267=CARTESIAN_POINT('Ctrl Pts',(1.61790590062737,1.83240113854408,3.35));
#15268=CARTESIAN_POINT('',(1.57605730071664,1.85961804986,3.305));
#15269=CARTESIAN_POINT('',(1.57605730071664,1.85961804986,3.35));
#15270=CARTESIAN_POINT('Ctrl Pts',(1.57605730071664,1.85961804986,3.305));
#15271=CARTESIAN_POINT('Ctrl Pts',(1.60327421203256,1.85163713693619,3.305));
#15272=CARTESIAN_POINT('Ctrl Pts',(1.61790590062737,1.83240113854408,3.305));
#15273=CARTESIAN_POINT('Ctrl Pts',(1.60757164731622,1.88703958392143,3.35));
#15274=CARTESIAN_POINT('Ctrl Pts',(1.60757164731622,1.88703958392143,3.305));
#15275=CARTESIAN_POINT('Ctrl Pts',(1.59713505282998,1.87005458474159,3.35));
#15276=CARTESIAN_POINT('Ctrl Pts',(1.59713505282998,1.87005458474159,3.305));
#15277=CARTESIAN_POINT('Ctrl Pts',(1.57605730071664,1.85961804986,3.35));
#15278=CARTESIAN_POINT('Ctrl Pts',(1.57605730071664,1.85961804986,3.305));
#15279=CARTESIAN_POINT('',(1.60757164731622,1.88703958392143,3.35));
#15280=CARTESIAN_POINT('Ctrl Pts',(1.60757164731622,1.88703958392143,3.35));
#15281=CARTESIAN_POINT('Ctrl Pts',(1.59713505282998,1.87005458474159,3.35));
#15282=CARTESIAN_POINT('Ctrl Pts',(1.57605730071664,1.85961804986,3.35));
#15283=CARTESIAN_POINT('',(1.60757164731622,1.88703958392143,3.305));
#15284=CARTESIAN_POINT('',(1.60757164731622,1.88703958392143,3.35));
#15285=CARTESIAN_POINT('Ctrl Pts',(1.60757164731622,1.88703958392143,3.305));
#15286=CARTESIAN_POINT('Ctrl Pts',(1.59713505282998,1.87005458474159,3.305));
#15287=CARTESIAN_POINT('Ctrl Pts',(1.57605730071664,1.85961804986,3.305));
#15288=CARTESIAN_POINT('Ctrl Pts',(1.61800824180245,1.9232606112957,3.35));
#15289=CARTESIAN_POINT('Ctrl Pts',(1.61800824180245,1.9232606112957,3.305));
#15290=CARTESIAN_POINT('Ctrl Pts',(1.61800824180245,1.90402458310127,3.35));
#15291=CARTESIAN_POINT('Ctrl Pts',(1.61800824180245,1.90402458310127,3.305));
#15292=CARTESIAN_POINT('Ctrl Pts',(1.60757164731622,1.88703958392143,3.35));
#15293=CARTESIAN_POINT('Ctrl Pts',(1.60757164731622,1.88703958392143,3.305));
#15294=CARTESIAN_POINT('',(1.61800824180245,1.9232606112957,3.35));
#15295=CARTESIAN_POINT('Ctrl Pts',(1.61800824180245,1.9232606112957,3.35));
#15296=CARTESIAN_POINT('Ctrl Pts',(1.61800824180245,1.90402458310127,3.35));
#15297=CARTESIAN_POINT('Ctrl Pts',(1.60757164731622,1.88703958392143,3.35));
#15298=CARTESIAN_POINT('',(1.61800824180245,1.9232606112957,3.305));
#15299=CARTESIAN_POINT('',(1.61800824180245,1.9232606112957,3.35));
#15300=CARTESIAN_POINT('Ctrl Pts',(1.61800824180245,1.9232606112957,3.305));
#15301=CARTESIAN_POINT('Ctrl Pts',(1.61800824180245,1.90402458310127,3.305));
#15302=CARTESIAN_POINT('Ctrl Pts',(1.60757164731622,1.88703958392143,3.305));
#15303=CARTESIAN_POINT('Ctrl Pts',(1.60624151006341,1.96285815238953,3.35));
#15304=CARTESIAN_POINT('Ctrl Pts',(1.60624151006341,1.96285815238953,3.305));
#15305=CARTESIAN_POINT('Ctrl Pts',(1.61800824180245,1.94392908811569,3.35));
#15306=CARTESIAN_POINT('Ctrl Pts',(1.61800824180245,1.94392908811569,3.305));
#15307=CARTESIAN_POINT('Ctrl Pts',(1.61800824180245,1.9232606112957,3.35));
#15308=CARTESIAN_POINT('Ctrl Pts',(1.61800824180245,1.9232606112957,3.305));
#15309=CARTESIAN_POINT('',(1.60624151006341,1.96285815238953,3.35));
#15310=CARTESIAN_POINT('Ctrl Pts',(1.60624151006341,1.96285815238953,3.35));
#15311=CARTESIAN_POINT('Ctrl Pts',(1.61800824180245,1.94392908811569,3.35));
#15312=CARTESIAN_POINT('Ctrl Pts',(1.61800824180245,1.9232606112957,3.35));
#15313=CARTESIAN_POINT('',(1.60624151006341,1.96285815238953,3.305));
#15314=CARTESIAN_POINT('',(1.60624151006341,1.96285815238953,3.35));
#15315=CARTESIAN_POINT('Ctrl Pts',(1.60624151006341,1.96285815238953,3.305));
#15316=CARTESIAN_POINT('Ctrl Pts',(1.61800824180245,1.94392908811569,3.305));
#15317=CARTESIAN_POINT('Ctrl Pts',(1.61800824180245,1.9232606112957,3.305));
#15318=CARTESIAN_POINT('Ctrl Pts',(1.57370399013162,1.99089361429214,3.35));
#15319=CARTESIAN_POINT('Ctrl Pts',(1.57370399013162,1.99089361429214,3.305));
#15320=CARTESIAN_POINT('Ctrl Pts',(1.59447477832437,1.98178721666336,3.35));
#15321=CARTESIAN_POINT('Ctrl Pts',(1.59447477832437,1.98178721666336,3.305));
#15322=CARTESIAN_POINT('Ctrl Pts',(1.60624151006341,1.96285815238953,3.35));
#15323=CARTESIAN_POINT('Ctrl Pts',(1.60624151006341,1.96285815238953,3.305));
#15324=CARTESIAN_POINT('',(1.57370399013162,1.99089361429214,3.35));
#15325=CARTESIAN_POINT('Ctrl Pts',(1.57370399013162,1.99089361429214,3.35));
#15326=CARTESIAN_POINT('Ctrl Pts',(1.59447477832437,1.98178721666336,3.35));
#15327=CARTESIAN_POINT('Ctrl Pts',(1.60624151006341,1.96285815238953,3.35));
#15328=CARTESIAN_POINT('',(1.57370399013162,1.99089361429214,3.305));
#15329=CARTESIAN_POINT('',(1.57370399013162,1.99089361429214,3.35));
#15330=CARTESIAN_POINT('Ctrl Pts',(1.57370399013162,1.99089361429214,3.305));
#15331=CARTESIAN_POINT('Ctrl Pts',(1.59447477832437,1.98178721666336,3.305));
#15332=CARTESIAN_POINT('Ctrl Pts',(1.60624151006341,1.96285815238953,3.305));
#15333=CARTESIAN_POINT('Ctrl Pts',(1.51855389848351,2.00000004172325,3.35));
#15334=CARTESIAN_POINT('Ctrl Pts',(1.51855389848351,2.00000004172325,3.305));
#15335=CARTESIAN_POINT('Ctrl Pts',(1.55293320193887,2.00000004172325,3.35));
#15336=CARTESIAN_POINT('Ctrl Pts',(1.55293320193887,2.00000004172325,3.305));
#15337=CARTESIAN_POINT('Ctrl Pts',(1.57370399013162,1.99089361429214,3.35));
#15338=CARTESIAN_POINT('Ctrl Pts',(1.57370399013162,1.99089361429214,3.305));
#15339=CARTESIAN_POINT('',(1.51855389848351,2.00000004172325,3.35));
#15340=CARTESIAN_POINT('Ctrl Pts',(1.51855389848351,2.00000004172325,3.35));
#15341=CARTESIAN_POINT('Ctrl Pts',(1.55293320193887,2.00000004172325,3.35));
#15342=CARTESIAN_POINT('Ctrl Pts',(1.57370399013162,1.99089361429214,3.35));
#15343=CARTESIAN_POINT('',(1.51855389848351,2.00000004172325,3.305));
#15344=CARTESIAN_POINT('',(1.51855389848351,2.00000004172325,3.35));
#15345=CARTESIAN_POINT('Ctrl Pts',(1.51855389848351,2.00000004172325,3.305));
#15346=CARTESIAN_POINT('Ctrl Pts',(1.55293320193887,2.00000004172325,3.305));
#15347=CARTESIAN_POINT('Ctrl Pts',(1.57370399013162,1.99089361429214,3.305));
#15348=CARTESIAN_POINT('Origin',(1.40600274577737,2.00000004172325,3.35));
#15349=CARTESIAN_POINT('',(1.40600274577737,2.00000004172325,3.35));
#15350=CARTESIAN_POINT('',(2.70300137288868,2.00000004172325,3.35));
#15351=CARTESIAN_POINT('',(1.40600274577737,2.00000004172325,3.305));
#15352=CARTESIAN_POINT('',(1.40600274577737,2.00000004172325,3.35));
#15353=CARTESIAN_POINT('',(1.40600274577737,2.00000004172325,3.305));
#15354=CARTESIAN_POINT('Origin',(1.40600274577737,1.70000002980232,3.35));
#15355=CARTESIAN_POINT('',(1.40600274577737,1.70000002980232,3.35));
#15356=CARTESIAN_POINT('',(1.40600274577737,1.85000001490116,3.35));
#15357=CARTESIAN_POINT('',(1.40600274577737,1.70000002980232,3.305));
#15358=CARTESIAN_POINT('',(1.40600274577737,1.70000002980232,3.35));
#15359=CARTESIAN_POINT('',(1.40600274577737,1.70000002980232,3.305));
#15360=CARTESIAN_POINT('Origin',(1.52039562240243,1.70000002980232,3.35));
#15361=CARTESIAN_POINT('',(2.76019781120121,1.70000002980232,3.35));
#15362=CARTESIAN_POINT('',(1.52039562240243,1.70000002980232,3.305));
#15363=CARTESIAN_POINT('Origin',(2.14761248119175,1.80590043663979,3.305));
#15364=CARTESIAN_POINT('Ctrl Pts',(1.9679399587214,1.62029336094856,3.35));
#15365=CARTESIAN_POINT('Ctrl Pts',(1.9679399587214,1.62029336094856,3.305));
#15366=CARTESIAN_POINT('Ctrl Pts',(1.95525239482522,1.61180083155632,3.35));
#15367=CARTESIAN_POINT('Ctrl Pts',(1.95525239482522,1.61180083155632,3.305));
#15368=CARTESIAN_POINT('Ctrl Pts',(1.93765352740884,1.61180083155632,3.35));
#15369=CARTESIAN_POINT('Ctrl Pts',(1.93765352740884,1.61180083155632,3.305));
#15370=CARTESIAN_POINT('',(1.9679399587214,1.62029336094856,3.35));
#15371=CARTESIAN_POINT('',(1.93765352740884,1.61180083155632,3.35));
#15372=CARTESIAN_POINT('Ctrl Pts',(1.9679399587214,1.62029336094856,3.35));
#15373=CARTESIAN_POINT('Ctrl Pts',(1.95525239482522,1.61180083155632,3.35));
#15374=CARTESIAN_POINT('Ctrl Pts',(1.93765352740884,1.61180083155632,3.35));
#15375=CARTESIAN_POINT('',(1.9679399587214,1.62029336094856,3.305));
#15376=CARTESIAN_POINT('',(1.9679399587214,1.62029336094856,3.35));
#15377=CARTESIAN_POINT('',(1.93765352740884,1.61180083155632,3.305));
#15378=CARTESIAN_POINT('Ctrl Pts',(1.9679399587214,1.62029336094856,3.305));
#15379=CARTESIAN_POINT('Ctrl Pts',(1.95525239482522,1.61180083155632,3.305));
#15380=CARTESIAN_POINT('Ctrl Pts',(1.93765352740884,1.61180083155632,3.305));
#15381=CARTESIAN_POINT('',(1.93765352740884,1.61180083155632,3.35));
#15382=CARTESIAN_POINT('Ctrl Pts',(1.99045024886727,1.64699868559837,3.35));
#15383=CARTESIAN_POINT('Ctrl Pts',(1.99045024886727,1.64699868559837,3.305));
#15384=CARTESIAN_POINT('Ctrl Pts',(1.98062752261758,1.62878583073616,3.35));
#15385=CARTESIAN_POINT('Ctrl Pts',(1.98062752261758,1.62878583073616,3.305));
#15386=CARTESIAN_POINT('Ctrl Pts',(1.9679399587214,1.62029336094856,3.35));
#15387=CARTESIAN_POINT('Ctrl Pts',(1.9679399587214,1.62029336094856,3.305));
#15388=CARTESIAN_POINT('',(1.99045024886727,1.64699868559837,3.35));
#15389=CARTESIAN_POINT('Ctrl Pts',(1.99045024886727,1.64699868559837,3.35));
#15390=CARTESIAN_POINT('Ctrl Pts',(1.98062752261758,1.62878583073616,3.35));
#15391=CARTESIAN_POINT('Ctrl Pts',(1.9679399587214,1.62029336094856,3.35));
#15392=CARTESIAN_POINT('',(1.99045024886727,1.64699868559837,3.305));
#15393=CARTESIAN_POINT('',(1.99045024886727,1.64699868559837,3.35));
#15394=CARTESIAN_POINT('Ctrl Pts',(1.99045024886727,1.64699868559837,3.305));
#15395=CARTESIAN_POINT('Ctrl Pts',(1.98062752261758,1.62878583073616,3.305));
#15396=CARTESIAN_POINT('Ctrl Pts',(1.9679399587214,1.62029336094856,3.305));
#15397=CARTESIAN_POINT('Ctrl Pts',(2.01111875548959,1.69631652235985,3.35));
#15398=CARTESIAN_POINT('Ctrl Pts',(2.01111875548959,1.69631652235985,3.305));
#15399=CARTESIAN_POINT('Ctrl Pts',(1.99781714454293,1.66050480008125,3.35));
#15400=CARTESIAN_POINT('Ctrl Pts',(1.99781714454293,1.66050480008125,3.305));
#15401=CARTESIAN_POINT('Ctrl Pts',(1.99045024886727,1.64699868559837,3.35));
#15402=CARTESIAN_POINT('Ctrl Pts',(1.99045024886727,1.64699868559837,3.305));
#15403=CARTESIAN_POINT('',(2.01111875548959,1.69631652235985,3.35));
#15404=CARTESIAN_POINT('Ctrl Pts',(2.01111875548959,1.69631652235985,3.35));
#15405=CARTESIAN_POINT('Ctrl Pts',(1.99781714454293,1.66050480008125,3.35));
#15406=CARTESIAN_POINT('Ctrl Pts',(1.99045024886727,1.64699868559837,3.35));
#15407=CARTESIAN_POINT('',(2.01111875548959,1.69631652235985,3.305));
#15408=CARTESIAN_POINT('',(2.01111875548959,1.69631652235985,3.35));
#15409=CARTESIAN_POINT('Ctrl Pts',(2.01111875548959,1.69631652235985,3.305));
#15410=CARTESIAN_POINT('Ctrl Pts',(1.99781714454293,1.66050480008125,3.305));
#15411=CARTESIAN_POINT('Ctrl Pts',(1.99045024886727,1.64699868559837,3.305));
#15412=CARTESIAN_POINT('Origin',(2.09379266276956,1.91732607483864,3.35));
#15413=CARTESIAN_POINT('',(2.09379266276956,1.91732607483864,3.35));
#15414=CARTESIAN_POINT('',(2.22435500982628,2.26635428510417,3.35));
#15415=CARTESIAN_POINT('',(2.09379266276956,1.91732607483864,3.305));
#15416=CARTESIAN_POINT('',(2.09379266276956,1.91732607483864,3.35));
#15417=CARTESIAN_POINT('',(2.09379266276956,1.91732607483864,3.305));
#15418=CARTESIAN_POINT('Origin',(2.0569577075541,1.91732607483864,3.35));
#15419=CARTESIAN_POINT('',(2.0569577075541,1.91732607483864,3.35));
#15420=CARTESIAN_POINT('',(3.02847885377705,1.91732607483864,3.35));
#15421=CARTESIAN_POINT('',(2.0569577075541,1.91732607483864,3.305));
#15422=CARTESIAN_POINT('',(2.0569577075541,1.91732607483864,3.35));
#15423=CARTESIAN_POINT('',(2.0569577075541,1.91732607483864,3.305));
#15424=CARTESIAN_POINT('Origin',(2.0105048276484,1.79065487980843,3.35));
#15425=CARTESIAN_POINT('',(2.0105048276484,1.79065487980843,3.35));
#15426=CARTESIAN_POINT('',(2.16225918760373,2.20447004402663,3.35));
#15427=CARTESIAN_POINT('',(2.0105048276484,1.79065487980843,3.305));
#15428=CARTESIAN_POINT('',(2.0105048276484,1.79065487980843,3.35));
#15429=CARTESIAN_POINT('',(2.0105048276484,1.79065487980843,3.305));
#15430=CARTESIAN_POINT('Ctrl Pts',(1.99536155238748,1.74113236069679,3.35));
#15431=CARTESIAN_POINT('Ctrl Pts',(1.99536155238748,1.74113236069679,3.305));
#15432=CARTESIAN_POINT('Ctrl Pts',(2.00170527473092,1.7665075480938,3.35));
#15433=CARTESIAN_POINT('Ctrl Pts',(2.00170527473092,1.7665075480938,3.305));
#15434=CARTESIAN_POINT('Ctrl Pts',(2.0105048276484,1.79065487980843,3.35));
#15435=CARTESIAN_POINT('Ctrl Pts',(2.0105048276484,1.79065487980843,3.305));
#15436=CARTESIAN_POINT('',(1.99536155238748,1.74113236069679,3.35));
#15437=CARTESIAN_POINT('Ctrl Pts',(1.99536155238748,1.74113236069679,3.35));
#15438=CARTESIAN_POINT('Ctrl Pts',(2.00170527473092,1.7665075480938,3.35));
#15439=CARTESIAN_POINT('Ctrl Pts',(2.0105048276484,1.79065487980843,3.35));
#15440=CARTESIAN_POINT('',(1.99536155238748,1.74113236069679,3.305));
#15441=CARTESIAN_POINT('',(1.99536155238748,1.74113236069679,3.35));
#15442=CARTESIAN_POINT('Ctrl Pts',(1.99536155238748,1.74113236069679,3.305));
#15443=CARTESIAN_POINT('Ctrl Pts',(2.00170527473092,1.7665075480938,3.305));
#15444=CARTESIAN_POINT('Ctrl Pts',(2.0105048276484,1.79065487980843,3.305));
#15445=CARTESIAN_POINT('Ctrl Pts',(1.97960434928536,1.79147343039513,3.35));
#15446=CARTESIAN_POINT('Ctrl Pts',(1.97960434928536,1.79147343039513,3.305));
#15447=CARTESIAN_POINT('Ctrl Pts',(1.98840378299356,1.76753072142601,3.35));
#15448=CARTESIAN_POINT('Ctrl Pts',(1.98840378299356,1.76753072142601,3.305));
#15449=CARTESIAN_POINT('Ctrl Pts',(1.99536155238748,1.74113236069679,3.35));
#15450=CARTESIAN_POINT('Ctrl Pts',(1.99536155238748,1.74113236069679,3.305));
#15451=CARTESIAN_POINT('',(1.97960434928536,1.79147343039513,3.35));
#15452=CARTESIAN_POINT('Ctrl Pts',(1.97960434928536,1.79147343039513,3.35));
#15453=CARTESIAN_POINT('Ctrl Pts',(1.98840378299356,1.76753072142601,3.35));
#15454=CARTESIAN_POINT('Ctrl Pts',(1.99536155238748,1.74113236069679,3.35));
#15455=CARTESIAN_POINT('',(1.97960434928536,1.79147343039513,3.305));
#15456=CARTESIAN_POINT('',(1.97960434928536,1.79147343039513,3.35));
#15457=CARTESIAN_POINT('Ctrl Pts',(1.97960434928536,1.79147343039513,3.305));
#15458=CARTESIAN_POINT('Ctrl Pts',(1.98840378299356,1.76753072142601,3.305));
#15459=CARTESIAN_POINT('Ctrl Pts',(1.99536155238748,1.74113236069679,3.305));
#15460=CARTESIAN_POINT('Origin',(1.93437932506204,1.91732607483864,3.35));
#15461=CARTESIAN_POINT('',(1.93437932506204,1.91732607483864,3.35));
#15462=CARTESIAN_POINT('',(2.03933977690549,1.62524109194832,3.35));
#15463=CARTESIAN_POINT('',(1.93437932506204,1.91732607483864,3.305));
#15464=CARTESIAN_POINT('',(1.93437932506204,1.91732607483864,3.35));
#15465=CARTESIAN_POINT('',(1.93437932506204,1.91732607483864,3.305));
#15466=CARTESIAN_POINT('Origin',(1.89467941299081,1.91732607483864,3.35));
#15467=CARTESIAN_POINT('',(1.89467941299081,1.91732607483864,3.35));
#15468=CARTESIAN_POINT('',(2.9473397064954,1.91732607483864,3.35));
#15469=CARTESIAN_POINT('',(1.89467941299081,1.91732607483864,3.305));
#15470=CARTESIAN_POINT('',(1.89467941299081,1.91732607483864,3.35));
#15471=CARTESIAN_POINT('',(1.89467941299081,1.91732607483864,3.305));
#15472=CARTESIAN_POINT('Origin',(1.97714875712991,1.69959078431129,3.35));
#15473=CARTESIAN_POINT('',(1.97714875712991,1.69959078431129,3.35));
#15474=CARTESIAN_POINT('',(2.05428886337591,1.49592573010091,3.35));
#15475=CARTESIAN_POINT('',(1.97714875712991,1.69959078431129,3.305));
#15476=CARTESIAN_POINT('',(1.97714875712991,1.69959078431129,3.35));
#15477=CARTESIAN_POINT('',(1.97714875712991,1.69959078431129,3.305));
#15478=CARTESIAN_POINT('Ctrl Pts',(1.97387455478311,1.69058666825295,3.35));
#15479=CARTESIAN_POINT('Ctrl Pts',(1.97387455478311,1.69058666825295,3.305));
#15480=CARTESIAN_POINT('Ctrl Pts',(1.97489772811532,1.69365624785423,3.35));
#15481=CARTESIAN_POINT('Ctrl Pts',(1.97489772811532,1.69365624785423,3.305));
#15482=CARTESIAN_POINT('Ctrl Pts',(1.97714875712991,1.69959078431129,3.35));
#15483=CARTESIAN_POINT('Ctrl Pts',(1.97714875712991,1.69959078431129,3.305));
#15484=CARTESIAN_POINT('',(1.97387455478311,1.69058666825295,3.35));
#15485=CARTESIAN_POINT('Ctrl Pts',(1.97387455478311,1.69058666825295,3.35));
#15486=CARTESIAN_POINT('Ctrl Pts',(1.97489772811532,1.69365624785423,3.35));
#15487=CARTESIAN_POINT('Ctrl Pts',(1.97714875712991,1.69959078431129,3.35));
#15488=CARTESIAN_POINT('',(1.97387455478311,1.69058666825295,3.305));
#15489=CARTESIAN_POINT('',(1.97387455478311,1.69058666825295,3.35));
#15490=CARTESIAN_POINT('Ctrl Pts',(1.97387455478311,1.69058666825295,3.305));
#15491=CARTESIAN_POINT('Ctrl Pts',(1.97489772811532,1.69365624785423,3.305));
#15492=CARTESIAN_POINT('Ctrl Pts',(1.97714875712991,1.69959078431129,3.305));
#15493=CARTESIAN_POINT('Ctrl Pts',(1.96261940971017,1.66316507458687,3.35));
#15494=CARTESIAN_POINT('Ctrl Pts',(1.96261940971017,1.66316507458687,3.305));
#15495=CARTESIAN_POINT('Ctrl Pts',(1.96609829440713,1.6686903655529,3.35));
#15496=CARTESIAN_POINT('Ctrl Pts',(1.96609829440713,1.6686903655529,3.305));
#15497=CARTESIAN_POINT('Ctrl Pts',(1.97387455478311,1.69058666825295,3.35));
#15498=CARTESIAN_POINT('Ctrl Pts',(1.97387455478311,1.69058666825295,3.305));
#15499=CARTESIAN_POINT('',(1.96261940971017,1.66316507458687,3.35));
#15500=CARTESIAN_POINT('Ctrl Pts',(1.96261940971017,1.66316507458687,3.35));
#15501=CARTESIAN_POINT('Ctrl Pts',(1.96609829440713,1.6686903655529,3.35));
#15502=CARTESIAN_POINT('Ctrl Pts',(1.97387455478311,1.69058666825295,3.35));
#15503=CARTESIAN_POINT('',(1.96261940971017,1.66316507458687,3.305));
#15504=CARTESIAN_POINT('',(1.96261940971017,1.66316507458687,3.35));
#15505=CARTESIAN_POINT('Ctrl Pts',(1.96261940971017,1.66316507458687,3.305));
#15506=CARTESIAN_POINT('Ctrl Pts',(1.96609829440713,1.6686903655529,3.305));
#15507=CARTESIAN_POINT('Ctrl Pts',(1.97387455478311,1.69058666825295,3.305));
#15508=CARTESIAN_POINT('Ctrl Pts',(1.95054577365518,1.65170536637306,3.35));
#15509=CARTESIAN_POINT('Ctrl Pts',(1.95054577365518,1.65170536637306,3.305));
#15510=CARTESIAN_POINT('Ctrl Pts',(1.95791266933084,1.65579811930656,3.35));
#15511=CARTESIAN_POINT('Ctrl Pts',(1.95791266933084,1.65579811930656,3.305));
#15512=CARTESIAN_POINT('Ctrl Pts',(1.96261940971017,1.66316507458687,3.35));
#15513=CARTESIAN_POINT('Ctrl Pts',(1.96261940971017,1.66316507458687,3.305));
#15514=CARTESIAN_POINT('',(1.95054577365518,1.65170536637306,3.35));
#15515=CARTESIAN_POINT('Ctrl Pts',(1.95054577365518,1.65170536637306,3.35));
#15516=CARTESIAN_POINT('Ctrl Pts',(1.95791266933084,1.65579811930656,3.35));
#15517=CARTESIAN_POINT('Ctrl Pts',(1.96261940971017,1.66316507458687,3.35));
#15518=CARTESIAN_POINT('',(1.95054577365518,1.65170536637306,3.305));
#15519=CARTESIAN_POINT('',(1.95054577365518,1.65170536637306,3.35));
#15520=CARTESIAN_POINT('Ctrl Pts',(1.95054577365518,1.65170536637306,3.305));
#15521=CARTESIAN_POINT('Ctrl Pts',(1.95791266933084,1.65579811930656,3.305));
#15522=CARTESIAN_POINT('Ctrl Pts',(1.96261940971017,1.66316507458687,3.305));
#15523=CARTESIAN_POINT('Ctrl Pts',(1.93090044036508,1.64761255383492,3.35));
#15524=CARTESIAN_POINT('Ctrl Pts',(1.93090044036508,1.64761255383492,3.305));
#15525=CARTESIAN_POINT('Ctrl Pts',(1.94317875877023,1.64761255383492,3.35));
#15526=CARTESIAN_POINT('Ctrl Pts',(1.94317875877023,1.64761255383492,3.305));
#15527=CARTESIAN_POINT('Ctrl Pts',(1.95054577365518,1.65170536637306,3.35));
#15528=CARTESIAN_POINT('Ctrl Pts',(1.95054577365518,1.65170536637306,3.305));
#15529=CARTESIAN_POINT('',(1.93090044036508,1.64761255383492,3.35));
#15530=CARTESIAN_POINT('Ctrl Pts',(1.93090044036508,1.64761255383492,3.35));
#15531=CARTESIAN_POINT('Ctrl Pts',(1.94317875877023,1.64761255383492,3.35));
#15532=CARTESIAN_POINT('Ctrl Pts',(1.95054577365518,1.65170536637306,3.35));
#15533=CARTESIAN_POINT('',(1.93090044036508,1.64761255383492,3.305));
#15534=CARTESIAN_POINT('',(1.93090044036508,1.64761255383492,3.35));
#15535=CARTESIAN_POINT('Ctrl Pts',(1.93090044036508,1.64761255383492,3.305));
#15536=CARTESIAN_POINT('Ctrl Pts',(1.94317875877023,1.64761255383492,3.305));
#15537=CARTESIAN_POINT('Ctrl Pts',(1.95054577365518,1.65170536637306,3.305));
#15538=CARTESIAN_POINT('Ctrl Pts',(1.90982268825173,1.65088681578636,3.35));
#15539=CARTESIAN_POINT('Ctrl Pts',(1.90982268825173,1.65088681578636,3.305));
#15540=CARTESIAN_POINT('Ctrl Pts',(1.92189632430673,1.64761255383492,3.35));
#15541=CARTESIAN_POINT('Ctrl Pts',(1.92189632430673,1.64761255383492,3.305));
#15542=CARTESIAN_POINT('Ctrl Pts',(1.93090044036508,1.64761255383492,3.35));
#15543=CARTESIAN_POINT('Ctrl Pts',(1.93090044036508,1.64761255383492,3.305));
#15544=CARTESIAN_POINT('',(1.90982268825173,1.65088681578636,3.35));
#15545=CARTESIAN_POINT('Ctrl Pts',(1.90982268825173,1.65088681578636,3.35));
#15546=CARTESIAN_POINT('Ctrl Pts',(1.92189632430673,1.64761255383492,3.35));
#15547=CARTESIAN_POINT('Ctrl Pts',(1.93090044036508,1.64761255383492,3.35));
#15548=CARTESIAN_POINT('',(1.90982268825173,1.65088681578636,3.305));
#15549=CARTESIAN_POINT('',(1.90982268825173,1.65088681578636,3.35));
#15550=CARTESIAN_POINT('Ctrl Pts',(1.90982268825173,1.65088681578636,3.305));
#15551=CARTESIAN_POINT('Ctrl Pts',(1.92189632430673,1.64761255383492,3.305));
#15552=CARTESIAN_POINT('Ctrl Pts',(1.93090044036508,1.64761255383492,3.305));
#15553=CARTESIAN_POINT('Origin',(1.91391538158059,1.6163028895855,3.35));
#15554=CARTESIAN_POINT('',(1.91391538158059,1.6163028895855,3.35));
#15555=CARTESIAN_POINT('',(1.90593102654686,1.68377199197364,3.35));
#15556=CARTESIAN_POINT('',(1.91391538158059,1.6163028895855,3.305));
#15557=CARTESIAN_POINT('',(1.91391538158059,1.6163028895855,3.35));
#15558=CARTESIAN_POINT('',(1.91391538158059,1.6163028895855,3.305));
#15559=CARTESIAN_POINT('Ctrl Pts',(1.93765352740884,1.61180083155632,3.35));
#15560=CARTESIAN_POINT('Ctrl Pts',(1.93765352740884,1.61180083155632,3.305));
#15561=CARTESIAN_POINT('Ctrl Pts',(1.92701231017709,1.61180083155632,3.35));
#15562=CARTESIAN_POINT('Ctrl Pts',(1.92701231017709,1.61180083155632,3.305));
#15563=CARTESIAN_POINT('Ctrl Pts',(1.91391538158059,1.6163028895855,3.35));
#15564=CARTESIAN_POINT('Ctrl Pts',(1.91391538158059,1.6163028895855,3.305));
#15565=CARTESIAN_POINT('Ctrl Pts',(1.93765352740884,1.61180083155632,3.35));
#15566=CARTESIAN_POINT('Ctrl Pts',(1.92701231017709,1.61180083155632,3.35));
#15567=CARTESIAN_POINT('Ctrl Pts',(1.91391538158059,1.6163028895855,3.35));
#15568=CARTESIAN_POINT('Ctrl Pts',(1.93765352740884,1.61180083155632,3.305));
#15569=CARTESIAN_POINT('Ctrl Pts',(1.92701231017709,1.61180083155632,3.305));
#15570=CARTESIAN_POINT('Ctrl Pts',(1.91391538158059,1.6163028895855,3.305));
#15571=CARTESIAN_POINT('Origin',(2.14761248119175,1.80590043663979,3.305));
#15572=CARTESIAN_POINT('Ctrl Pts',(2.21330152526498,1.89174626469612,3.35));
#15573=CARTESIAN_POINT('Ctrl Pts',(2.21330152526498,1.89174626469612,3.305));
#15574=CARTESIAN_POINT('Ctrl Pts',(2.18567524924874,1.89174626469612,3.35));
#15575=CARTESIAN_POINT('Ctrl Pts',(2.18567524924874,1.89174626469612,3.305));
#15576=CARTESIAN_POINT('Ctrl Pts',(2.16746245399117,1.87107781767845,3.35));
#15577=CARTESIAN_POINT('Ctrl Pts',(2.16746245399117,1.87107781767845,3.305));
#15578=CARTESIAN_POINT('',(2.21330152526498,1.89174626469612,3.35));
#15579=CARTESIAN_POINT('',(2.16746245399117,1.87107781767845,3.35));
#15580=CARTESIAN_POINT('Ctrl Pts',(2.21330152526498,1.89174626469612,3.35));
#15581=CARTESIAN_POINT('Ctrl Pts',(2.18567524924874,1.89174626469612,3.35));
#15582=CARTESIAN_POINT('Ctrl Pts',(2.16746245399117,1.87107781767845,3.35));
#15583=CARTESIAN_POINT('',(2.21330152526498,1.89174626469612,3.305));
#15584=CARTESIAN_POINT('',(2.21330152526498,1.89174626469612,3.35));
#15585=CARTESIAN_POINT('',(2.16746245399117,1.87107781767845,3.305));
#15586=CARTESIAN_POINT('Ctrl Pts',(2.21330152526498,1.89174626469612,3.305));
#15587=CARTESIAN_POINT('Ctrl Pts',(2.18567524924874,1.89174626469612,3.305));
#15588=CARTESIAN_POINT('Ctrl Pts',(2.16746245399117,1.87107781767845,3.305));
#15589=CARTESIAN_POINT('',(2.16746245399117,1.87107781767845,3.35));
#15590=CARTESIAN_POINT('Ctrl Pts',(2.2588335134089,1.87097547650337,3.35));
#15591=CARTESIAN_POINT('Ctrl Pts',(2.2588335134089,1.87097547650337,3.305));
#15592=CARTESIAN_POINT('Ctrl Pts',(2.2405184365809,1.89174626469612,3.35));
#15593=CARTESIAN_POINT('Ctrl Pts',(2.2405184365809,1.89174626469612,3.305));
#15594=CARTESIAN_POINT('Ctrl Pts',(2.21330152526498,1.89174626469612,3.35));
#15595=CARTESIAN_POINT('Ctrl Pts',(2.21330152526498,1.89174626469612,3.305));
#15596=CARTESIAN_POINT('',(2.2588335134089,1.87097547650337,3.35));
#15597=CARTESIAN_POINT('Ctrl Pts',(2.2588335134089,1.87097547650337,3.35));
#15598=CARTESIAN_POINT('Ctrl Pts',(2.2405184365809,1.89174626469612,3.35));
#15599=CARTESIAN_POINT('Ctrl Pts',(2.21330152526498,1.89174626469612,3.35));
#15600=CARTESIAN_POINT('',(2.2588335134089,1.87097547650337,3.305));
#15601=CARTESIAN_POINT('',(2.2588335134089,1.87097547650337,3.35));
#15602=CARTESIAN_POINT('Ctrl Pts',(2.2588335134089,1.87097547650337,3.305));
#15603=CARTESIAN_POINT('Ctrl Pts',(2.2405184365809,1.89174626469612,3.305));
#15604=CARTESIAN_POINT('Ctrl Pts',(2.21330152526498,1.89174626469612,3.305));
#15605=CARTESIAN_POINT('Ctrl Pts',(2.27714870944619,1.80989087820053,3.35));
#15606=CARTESIAN_POINT('Ctrl Pts',(2.27714870944619,1.80989087820053,3.305));
#15607=CARTESIAN_POINT('Ctrl Pts',(2.27714870944619,1.85020468831062,3.35));
#15608=CARTESIAN_POINT('Ctrl Pts',(2.27714870944619,1.85020468831062,3.305));
#15609=CARTESIAN_POINT('Ctrl Pts',(2.2588335134089,1.87097547650337,3.35));
#15610=CARTESIAN_POINT('Ctrl Pts',(2.2588335134089,1.87097547650337,3.305));
#15611=CARTESIAN_POINT('',(2.27714870944619,1.80989087820053,3.35));
#15612=CARTESIAN_POINT('Ctrl Pts',(2.27714870944619,1.80989087820053,3.35));
#15613=CARTESIAN_POINT('Ctrl Pts',(2.27714870944619,1.85020468831062,3.35));
#15614=CARTESIAN_POINT('Ctrl Pts',(2.2588335134089,1.87097547650337,3.35));
#15615=CARTESIAN_POINT('',(2.27714870944619,1.80989087820053,3.305));
#15616=CARTESIAN_POINT('',(2.27714870944619,1.80989087820053,3.35));
#15617=CARTESIAN_POINT('Ctrl Pts',(2.27714870944619,1.80989087820053,3.305));
#15618=CARTESIAN_POINT('Ctrl Pts',(2.27714870944619,1.85020468831062,3.305));
#15619=CARTESIAN_POINT('Ctrl Pts',(2.2588335134089,1.87097547650337,3.305));
#15620=CARTESIAN_POINT('Ctrl Pts',(2.25893591418862,1.74624834656715,3.35));
#15621=CARTESIAN_POINT('Ctrl Pts',(2.25893591418862,1.74624834656715,3.305));
#15622=CARTESIAN_POINT('Ctrl Pts',(2.27714870944619,1.76712141633034,3.35));
#15623=CARTESIAN_POINT('Ctrl Pts',(2.27714870944619,1.76712141633034,3.305));
#15624=CARTESIAN_POINT('Ctrl Pts',(2.27714870944619,1.80989087820053,3.35));
#15625=CARTESIAN_POINT('Ctrl Pts',(2.27714870944619,1.80989087820053,3.305));
#15626=CARTESIAN_POINT('',(2.25893591418862,1.74624834656715,3.35));
#15627=CARTESIAN_POINT('Ctrl Pts',(2.25893591418862,1.74624834656715,3.35));
#15628=CARTESIAN_POINT('Ctrl Pts',(2.27714870944619,1.76712141633034,3.35));
#15629=CARTESIAN_POINT('Ctrl Pts',(2.27714870944619,1.80989087820053,3.35));
#15630=CARTESIAN_POINT('',(2.25893591418862,1.74624834656715,3.305));
#15631=CARTESIAN_POINT('',(2.25893591418862,1.74624834656715,3.35));
#15632=CARTESIAN_POINT('Ctrl Pts',(2.25893591418862,1.74624834656715,3.305));
#15633=CARTESIAN_POINT('Ctrl Pts',(2.27714870944619,1.76712141633034,3.305));
#15634=CARTESIAN_POINT('Ctrl Pts',(2.27714870944619,1.80989087820053,3.305));
#15635=CARTESIAN_POINT('Ctrl Pts',(2.21330152526498,1.72537521719933,3.35));
#15636=CARTESIAN_POINT('Ctrl Pts',(2.21330152526498,1.72537521719933,3.305));
#15637=CARTESIAN_POINT('Ctrl Pts',(2.24072299972177,1.72537521719933,3.35));
#15638=CARTESIAN_POINT('Ctrl Pts',(2.24072299972177,1.72537521719933,3.305));
#15639=CARTESIAN_POINT('Ctrl Pts',(2.25893591418862,1.74624834656715,3.35));
#15640=CARTESIAN_POINT('Ctrl Pts',(2.25893591418862,1.74624834656715,3.305));
#15641=CARTESIAN_POINT('',(2.21330152526498,1.72537521719933,3.35));
#15642=CARTESIAN_POINT('Ctrl Pts',(2.21330152526498,1.72537521719933,3.35));
#15643=CARTESIAN_POINT('Ctrl Pts',(2.24072299972177,1.72537521719933,3.35));
#15644=CARTESIAN_POINT('Ctrl Pts',(2.25893591418862,1.74624834656715,3.35));
#15645=CARTESIAN_POINT('',(2.21330152526498,1.72537521719933,3.305));
#15646=CARTESIAN_POINT('',(2.21330152526498,1.72537521719933,3.35));
#15647=CARTESIAN_POINT('Ctrl Pts',(2.21330152526498,1.72537521719933,3.305));
#15648=CARTESIAN_POINT('Ctrl Pts',(2.24072299972177,1.72537521719933,3.305));
#15649=CARTESIAN_POINT('Ctrl Pts',(2.25893591418862,1.74624834656715,3.305));
#15650=CARTESIAN_POINT('Ctrl Pts',(2.16746245399117,1.74614600539207,3.35));
#15651=CARTESIAN_POINT('Ctrl Pts',(2.16746245399117,1.74614600539207,3.305));
#15652=CARTESIAN_POINT('Ctrl Pts',(2.18567524924874,1.72537521719933,3.35));
#15653=CARTESIAN_POINT('Ctrl Pts',(2.18567524924874,1.72537521719933,3.305));
#15654=CARTESIAN_POINT('Ctrl Pts',(2.21330152526498,1.72537521719933,3.35));
#15655=CARTESIAN_POINT('Ctrl Pts',(2.21330152526498,1.72537521719933,3.305));
#15656=CARTESIAN_POINT('',(2.16746245399117,1.74614600539207,3.35));
#15657=CARTESIAN_POINT('Ctrl Pts',(2.16746245399117,1.74614600539207,3.35));
#15658=CARTESIAN_POINT('Ctrl Pts',(2.18567524924874,1.72537521719933,3.35));
#15659=CARTESIAN_POINT('Ctrl Pts',(2.21330152526498,1.72537521719933,3.35));
#15660=CARTESIAN_POINT('',(2.16746245399117,1.74614600539207,3.305));
#15661=CARTESIAN_POINT('',(2.16746245399117,1.74614600539207,3.35));
#15662=CARTESIAN_POINT('Ctrl Pts',(2.16746245399117,1.74614600539207,3.305));
#15663=CARTESIAN_POINT('Ctrl Pts',(2.18567524924874,1.72537521719933,3.305));
#15664=CARTESIAN_POINT('Ctrl Pts',(2.21330152526498,1.72537521719933,3.305));
#15665=CARTESIAN_POINT('Ctrl Pts',(2.14924965873361,1.80866305232048,3.35));
#15666=CARTESIAN_POINT('Ctrl Pts',(2.14924965873361,1.80866305232048,3.305));
#15667=CARTESIAN_POINT('Ctrl Pts',(2.14924965873361,1.76691679358482,3.35));
#15668=CARTESIAN_POINT('Ctrl Pts',(2.14924965873361,1.76691679358482,3.305));
#15669=CARTESIAN_POINT('Ctrl Pts',(2.16746245399117,1.74614600539207,3.35));
#15670=CARTESIAN_POINT('Ctrl Pts',(2.16746245399117,1.74614600539207,3.305));
#15671=CARTESIAN_POINT('',(2.14924965873361,1.80866305232048,3.35));
#15672=CARTESIAN_POINT('Ctrl Pts',(2.14924965873361,1.80866305232048,3.35));
#15673=CARTESIAN_POINT('Ctrl Pts',(2.14924965873361,1.76691679358482,3.35));
#15674=CARTESIAN_POINT('Ctrl Pts',(2.16746245399117,1.74614600539207,3.35));
#15675=CARTESIAN_POINT('',(2.14924965873361,1.80866305232048,3.305));
#15676=CARTESIAN_POINT('',(2.14924965873361,1.80866305232048,3.35));
#15677=CARTESIAN_POINT('Ctrl Pts',(2.14924965873361,1.80866305232048,3.305));
#15678=CARTESIAN_POINT('Ctrl Pts',(2.14924965873361,1.76691679358482,3.305));
#15679=CARTESIAN_POINT('Ctrl Pts',(2.16746245399117,1.74614600539207,3.305));
#15680=CARTESIAN_POINT('Ctrl Pts',(2.16746245399117,1.87107781767845,3.35));
#15681=CARTESIAN_POINT('Ctrl Pts',(2.16746245399117,1.87107781767845,3.305));
#15682=CARTESIAN_POINT('Ctrl Pts',(2.14924965873361,1.85040931105614,3.35));
#15683=CARTESIAN_POINT('Ctrl Pts',(2.14924965873361,1.85040931105614,3.305));
#15684=CARTESIAN_POINT('Ctrl Pts',(2.14924965873361,1.80866305232048,3.35));
#15685=CARTESIAN_POINT('Ctrl Pts',(2.14924965873361,1.80866305232048,3.305));
#15686=CARTESIAN_POINT('Ctrl Pts',(2.16746245399117,1.87107781767845,3.35));
#15687=CARTESIAN_POINT('Ctrl Pts',(2.14924965873361,1.85040931105614,3.35));
#15688=CARTESIAN_POINT('Ctrl Pts',(2.14924965873361,1.80866305232048,3.35));
#15689=CARTESIAN_POINT('Ctrl Pts',(2.16746245399117,1.87107781767845,3.305));
#15690=CARTESIAN_POINT('Ctrl Pts',(2.14924965873361,1.85040931105614,3.305));
#15691=CARTESIAN_POINT('Ctrl Pts',(2.14924965873361,1.80866305232048,3.305));
#15692=CARTESIAN_POINT('Ctrl Pts',(2.21330152526498,1.69508872628212,3.35));
#15693=CARTESIAN_POINT('Ctrl Pts',(2.21330152526498,1.69508872628212,3.305));
#15694=CARTESIAN_POINT('Ctrl Pts',(2.16766713634133,1.69508872628212,3.35));
#15695=CARTESIAN_POINT('Ctrl Pts',(2.16766713634133,1.69508872628212,3.305));
#15696=CARTESIAN_POINT('Ctrl Pts',(2.13952933326364,1.72435198426247,3.35));
#15697=CARTESIAN_POINT('Ctrl Pts',(2.13952933326364,1.72435198426247,3.305));
#15698=CARTESIAN_POINT('',(2.21330152526498,1.69508872628212,3.35));
#15699=CARTESIAN_POINT('',(2.13952933326364,1.72435198426247,3.35));
#15700=CARTESIAN_POINT('Ctrl Pts',(2.21330152526498,1.69508872628212,3.35));
#15701=CARTESIAN_POINT('Ctrl Pts',(2.16766713634133,1.69508872628212,3.35));
#15702=CARTESIAN_POINT('Ctrl Pts',(2.13952933326364,1.72435198426247,3.35));
#15703=CARTESIAN_POINT('',(2.21330152526498,1.69508872628212,3.305));
#15704=CARTESIAN_POINT('',(2.21330152526498,1.69508872628212,3.35));
#15705=CARTESIAN_POINT('',(2.13952933326364,1.72435198426247,3.305));
#15706=CARTESIAN_POINT('Ctrl Pts',(2.21330152526498,1.69508872628212,3.305));
#15707=CARTESIAN_POINT('Ctrl Pts',(2.16766713634133,1.69508872628212,3.305));
#15708=CARTESIAN_POINT('Ctrl Pts',(2.13952933326364,1.72435198426247,3.305));
#15709=CARTESIAN_POINT('',(2.13952933326364,1.72435198426247,3.35));
#15710=CARTESIAN_POINT('Ctrl Pts',(2.26579128280282,1.70839021801949,3.35));
#15711=CARTESIAN_POINT('Ctrl Pts',(2.26579128280282,1.70839021801949,3.305));
#15712=CARTESIAN_POINT('Ctrl Pts',(2.24174629226327,1.69508872628212,3.35));
#15713=CARTESIAN_POINT('Ctrl Pts',(2.24174629226327,1.69508872628212,3.305));
#15714=CARTESIAN_POINT('Ctrl Pts',(2.21330152526498,1.69508872628212,3.35));
#15715=CARTESIAN_POINT('Ctrl Pts',(2.21330152526498,1.69508872628212,3.305));
#15716=CARTESIAN_POINT('',(2.26579128280282,1.70839021801949,3.35));
#15717=CARTESIAN_POINT('Ctrl Pts',(2.26579128280282,1.70839021801949,3.35));
#15718=CARTESIAN_POINT('Ctrl Pts',(2.24174629226327,1.69508872628212,3.35));
#15719=CARTESIAN_POINT('Ctrl Pts',(2.21330152526498,1.69508872628212,3.35));
#15720=CARTESIAN_POINT('',(2.26579128280282,1.70839021801949,3.305));
#15721=CARTESIAN_POINT('',(2.26579128280282,1.70839021801949,3.35));
#15722=CARTESIAN_POINT('Ctrl Pts',(2.26579128280282,1.70839021801949,3.305));
#15723=CARTESIAN_POINT('Ctrl Pts',(2.24174629226327,1.69508872628212,3.305));
#15724=CARTESIAN_POINT('Ctrl Pts',(2.21330152526498,1.69508872628212,3.305));
#15725=CARTESIAN_POINT('Ctrl Pts',(2.30242155566812,1.7457367002964,3.35));
#15726=CARTESIAN_POINT('Ctrl Pts',(2.30242155566812,1.7457367002964,3.305));
#15727=CARTESIAN_POINT('Ctrl Pts',(2.28983627334237,1.72169170975685,3.35));
#15728=CARTESIAN_POINT('Ctrl Pts',(2.28983627334237,1.72169170975685,3.305));
#15729=CARTESIAN_POINT('Ctrl Pts',(2.26579128280282,1.70839021801949,3.35));
#15730=CARTESIAN_POINT('Ctrl Pts',(2.26579128280282,1.70839021801949,3.305));
#15731=CARTESIAN_POINT('',(2.30242155566812,1.7457367002964,3.35));
#15732=CARTESIAN_POINT('Ctrl Pts',(2.30242155566812,1.7457367002964,3.35));
#15733=CARTESIAN_POINT('Ctrl Pts',(2.28983627334237,1.72169170975685,3.35));
#15734=CARTESIAN_POINT('Ctrl Pts',(2.26579128280282,1.70839021801949,3.35));
#15735=CARTESIAN_POINT('',(2.30242155566812,1.7457367002964,3.305));
#15736=CARTESIAN_POINT('',(2.30242155566812,1.7457367002964,3.35));
#15737=CARTESIAN_POINT('Ctrl Pts',(2.30242155566812,1.7457367002964,3.305));
#15738=CARTESIAN_POINT('Ctrl Pts',(2.28983627334237,1.72169170975685,3.305));
#15739=CARTESIAN_POINT('Ctrl Pts',(2.26579128280282,1.70839021801949,3.305));
#15740=CARTESIAN_POINT('Ctrl Pts',(2.31500683799386,1.81173263192177,3.35));
#15741=CARTESIAN_POINT('Ctrl Pts',(2.31500683799386,1.81173263192177,3.305));
#15742=CARTESIAN_POINT('Ctrl Pts',(2.31500683799386,1.7697817504406,3.35));
#15743=CARTESIAN_POINT('Ctrl Pts',(2.31500683799386,1.7697817504406,3.305));
#15744=CARTESIAN_POINT('Ctrl Pts',(2.30242155566812,1.7457367002964,3.35));
#15745=CARTESIAN_POINT('Ctrl Pts',(2.30242155566812,1.7457367002964,3.305));
#15746=CARTESIAN_POINT('',(2.31500683799386,1.81173263192177,3.35));
#15747=CARTESIAN_POINT('Ctrl Pts',(2.31500683799386,1.81173263192177,3.35));
#15748=CARTESIAN_POINT('Ctrl Pts',(2.31500683799386,1.7697817504406,3.35));
#15749=CARTESIAN_POINT('Ctrl Pts',(2.30242155566812,1.7457367002964,3.35));
#15750=CARTESIAN_POINT('',(2.31500683799386,1.81173263192177,3.305));
#15751=CARTESIAN_POINT('',(2.31500683799386,1.81173263192177,3.35));
#15752=CARTESIAN_POINT('Ctrl Pts',(2.31500683799386,1.81173263192177,3.305));
#15753=CARTESIAN_POINT('Ctrl Pts',(2.31500683799386,1.7697817504406,3.305));
#15754=CARTESIAN_POINT('Ctrl Pts',(2.30242155566812,1.7457367002964,3.305));
#15755=CARTESIAN_POINT('Ctrl Pts',(2.28656207099557,1.89287177920342,3.35));
#15756=CARTESIAN_POINT('Ctrl Pts',(2.28656207099557,1.89287177920342,3.305));
#15757=CARTESIAN_POINT('Ctrl Pts',(2.31500683799386,1.86350618004799,3.35));
#15758=CARTESIAN_POINT('Ctrl Pts',(2.31500683799386,1.86350618004799,3.305));
#15759=CARTESIAN_POINT('Ctrl Pts',(2.31500683799386,1.81173263192177,3.35));
#15760=CARTESIAN_POINT('Ctrl Pts',(2.31500683799386,1.81173263192177,3.305));
#15761=CARTESIAN_POINT('',(2.28656207099557,1.89287177920342,3.35));
#15762=CARTESIAN_POINT('Ctrl Pts',(2.28656207099557,1.89287177920342,3.35));
#15763=CARTESIAN_POINT('Ctrl Pts',(2.31500683799386,1.86350618004799,3.35));
#15764=CARTESIAN_POINT('Ctrl Pts',(2.31500683799386,1.81173263192177,3.35));
#15765=CARTESIAN_POINT('',(2.28656207099557,1.89287177920342,3.305));
#15766=CARTESIAN_POINT('',(2.28656207099557,1.89287177920342,3.35));
#15767=CARTESIAN_POINT('Ctrl Pts',(2.28656207099557,1.89287177920342,3.305));
#15768=CARTESIAN_POINT('Ctrl Pts',(2.31500683799386,1.86350618004799,3.305));
#15769=CARTESIAN_POINT('Ctrl Pts',(2.31500683799386,1.81173263192177,3.305));
#15770=CARTESIAN_POINT('Ctrl Pts',(2.21330152526498,1.92223743796349,3.35));
#15771=CARTESIAN_POINT('Ctrl Pts',(2.21330152526498,1.92223743796349,3.305));
#15772=CARTESIAN_POINT('Ctrl Pts',(2.25811730399728,1.92223743796349,3.35));
#15773=CARTESIAN_POINT('Ctrl Pts',(2.25811730399728,1.92223743796349,3.305));
#15774=CARTESIAN_POINT('Ctrl Pts',(2.28656207099557,1.89287177920342,3.35));
#15775=CARTESIAN_POINT('Ctrl Pts',(2.28656207099557,1.89287177920342,3.305));
#15776=CARTESIAN_POINT('',(2.21330152526498,1.92223743796349,3.35));
#15777=CARTESIAN_POINT('Ctrl Pts',(2.21330152526498,1.92223743796349,3.35));
#15778=CARTESIAN_POINT('Ctrl Pts',(2.25811730399728,1.92223743796349,3.35));
#15779=CARTESIAN_POINT('Ctrl Pts',(2.28656207099557,1.89287177920342,3.35));
#15780=CARTESIAN_POINT('',(2.21330152526498,1.92223743796349,3.305));
#15781=CARTESIAN_POINT('',(2.21330152526498,1.92223743796349,3.35));
#15782=CARTESIAN_POINT('Ctrl Pts',(2.21330152526498,1.92223743796349,3.305));
#15783=CARTESIAN_POINT('Ctrl Pts',(2.25811730399728,1.92223743796349,3.305));
#15784=CARTESIAN_POINT('Ctrl Pts',(2.28656207099557,1.89287177920342,3.305));
#15785=CARTESIAN_POINT('Ctrl Pts',(2.14495228305459,1.89809007644653,3.35));
#15786=CARTESIAN_POINT('Ctrl Pts',(2.14495228305459,1.89809007644653,3.305));
#15787=CARTESIAN_POINT('Ctrl Pts',(2.17298768535256,1.92223743796349,3.35));
#15788=CARTESIAN_POINT('Ctrl Pts',(2.17298768535256,1.92223743796349,3.305));
#15789=CARTESIAN_POINT('Ctrl Pts',(2.21330152526498,1.92223743796349,3.35));
#15790=CARTESIAN_POINT('Ctrl Pts',(2.21330152526498,1.92223743796349,3.305));
#15791=CARTESIAN_POINT('',(2.14495228305459,1.89809007644653,3.35));
#15792=CARTESIAN_POINT('Ctrl Pts',(2.14495228305459,1.89809007644653,3.35));
#15793=CARTESIAN_POINT('Ctrl Pts',(2.17298768535256,1.92223743796349,3.35));
#15794=CARTESIAN_POINT('Ctrl Pts',(2.21330152526498,1.92223743796349,3.35));
#15795=CARTESIAN_POINT('',(2.14495228305459,1.89809007644653,3.305));
#15796=CARTESIAN_POINT('',(2.14495228305459,1.89809007644653,3.35));
#15797=CARTESIAN_POINT('Ctrl Pts',(2.14495228305459,1.89809007644653,3.305));
#15798=CARTESIAN_POINT('Ctrl Pts',(2.17298768535256,1.92223743796349,3.305));
#15799=CARTESIAN_POINT('Ctrl Pts',(2.21330152526498,1.92223743796349,3.305));
#15800=CARTESIAN_POINT('Ctrl Pts',(2.11139153018594,1.80866305232048,3.35));
#15801=CARTESIAN_POINT('Ctrl Pts',(2.11139153018594,1.80866305232048,3.305));
#15802=CARTESIAN_POINT('Ctrl Pts',(2.11139153018594,1.86903141140938,3.35));
#15803=CARTESIAN_POINT('Ctrl Pts',(2.11139153018594,1.86903141140938,3.305));
#15804=CARTESIAN_POINT('Ctrl Pts',(2.14495228305459,1.89809007644653,3.35));
#15805=CARTESIAN_POINT('Ctrl Pts',(2.14495228305459,1.89809007644653,3.305));
#15806=CARTESIAN_POINT('',(2.11139153018594,1.80866305232048,3.35));
#15807=CARTESIAN_POINT('Ctrl Pts',(2.11139153018594,1.80866305232048,3.35));
#15808=CARTESIAN_POINT('Ctrl Pts',(2.11139153018594,1.86903141140938,3.35));
#15809=CARTESIAN_POINT('Ctrl Pts',(2.14495228305459,1.89809007644653,3.35));
#15810=CARTESIAN_POINT('',(2.11139153018594,1.80866305232048,3.305));
#15811=CARTESIAN_POINT('',(2.11139153018594,1.80866305232048,3.35));
#15812=CARTESIAN_POINT('Ctrl Pts',(2.11139153018594,1.80866305232048,3.305));
#15813=CARTESIAN_POINT('Ctrl Pts',(2.11139153018594,1.86903141140938,3.305));
#15814=CARTESIAN_POINT('Ctrl Pts',(2.14495228305459,1.89809007644653,3.305));
#15815=CARTESIAN_POINT('Ctrl Pts',(2.13952933326364,1.72435198426247,3.35));
#15816=CARTESIAN_POINT('Ctrl Pts',(2.13952933326364,1.72435198426247,3.305));
#15817=CARTESIAN_POINT('Ctrl Pts',(2.11139153018594,1.75361530184746,3.35));
#15818=CARTESIAN_POINT('Ctrl Pts',(2.11139153018594,1.75361530184746,3.305));
#15819=CARTESIAN_POINT('Ctrl Pts',(2.11139153018594,1.80866305232048,3.35));
#15820=CARTESIAN_POINT('Ctrl Pts',(2.11139153018594,1.80866305232048,3.305));
#15821=CARTESIAN_POINT('Ctrl Pts',(2.13952933326364,1.72435198426247,3.35));
#15822=CARTESIAN_POINT('Ctrl Pts',(2.11139153018594,1.75361530184746,3.35));
#15823=CARTESIAN_POINT('Ctrl Pts',(2.11139153018594,1.80866305232048,3.35));
#15824=CARTESIAN_POINT('Ctrl Pts',(2.13952933326364,1.72435198426247,3.305));
#15825=CARTESIAN_POINT('Ctrl Pts',(2.11139153018594,1.75361530184746,3.305));
#15826=CARTESIAN_POINT('Ctrl Pts',(2.11139153018594,1.80866305232048,3.305));
#15827=CARTESIAN_POINT('Origin',(2.14761248119175,1.80590043663979,3.305));
#15828=CARTESIAN_POINT('Ctrl Pts',(2.67332874312997,1.89174626469612,3.35));
#15829=CARTESIAN_POINT('Ctrl Pts',(2.67332874312997,1.89174626469612,3.305));
#15830=CARTESIAN_POINT('Ctrl Pts',(2.64877222552896,1.89174626469612,3.35));
#15831=CARTESIAN_POINT('Ctrl Pts',(2.64877222552896,1.89174626469612,3.305));
#15832=CARTESIAN_POINT('Ctrl Pts',(2.63229881301522,1.87169168591499,3.35));
#15833=CARTESIAN_POINT('Ctrl Pts',(2.63229881301522,1.87169168591499,3.305));
#15834=CARTESIAN_POINT('',(2.67332874312997,1.89174626469612,3.35));
#15835=CARTESIAN_POINT('',(2.63229881301522,1.87169168591499,3.35));
#15836=CARTESIAN_POINT('Ctrl Pts',(2.67332874312997,1.89174626469612,3.35));
#15837=CARTESIAN_POINT('Ctrl Pts',(2.64877222552896,1.89174626469612,3.35));
#15838=CARTESIAN_POINT('Ctrl Pts',(2.63229881301522,1.87169168591499,3.35));
#15839=CARTESIAN_POINT('',(2.67332874312997,1.89174626469612,3.305));
#15840=CARTESIAN_POINT('',(2.67332874312997,1.89174626469612,3.35));
#15841=CARTESIAN_POINT('',(2.63229881301522,1.87169168591499,3.305));
#15842=CARTESIAN_POINT('Ctrl Pts',(2.67332874312997,1.89174626469612,3.305));
#15843=CARTESIAN_POINT('Ctrl Pts',(2.64877222552896,1.89174626469612,3.305));
#15844=CARTESIAN_POINT('Ctrl Pts',(2.63229881301522,1.87169168591499,3.305));
#15845=CARTESIAN_POINT('',(2.63229881301522,1.87169168591499,3.35));
#15846=CARTESIAN_POINT('Ctrl Pts',(2.7156890489161,1.87087313532829,3.35));
#15847=CARTESIAN_POINT('Ctrl Pts',(2.7156890489161,1.87087313532829,3.305));
#15848=CARTESIAN_POINT('Ctrl Pts',(2.69849930778146,1.89174626469612,3.35));
#15849=CARTESIAN_POINT('Ctrl Pts',(2.69849930778146,1.89174626469612,3.305));
#15850=CARTESIAN_POINT('Ctrl Pts',(2.67332874312997,1.89174626469612,3.35));
#15851=CARTESIAN_POINT('Ctrl Pts',(2.67332874312997,1.89174626469612,3.305));
#15852=CARTESIAN_POINT('',(2.7156890489161,1.87087313532829,3.35));
#15853=CARTESIAN_POINT('Ctrl Pts',(2.7156890489161,1.87087313532829,3.35));
#15854=CARTESIAN_POINT('Ctrl Pts',(2.69849930778146,1.89174626469612,3.35));
#15855=CARTESIAN_POINT('Ctrl Pts',(2.67332874312997,1.89174626469612,3.35));
#15856=CARTESIAN_POINT('',(2.7156890489161,1.87087313532829,3.305));
#15857=CARTESIAN_POINT('',(2.7156890489161,1.87087313532829,3.35));
#15858=CARTESIAN_POINT('Ctrl Pts',(2.7156890489161,1.87087313532829,3.305));
#15859=CARTESIAN_POINT('Ctrl Pts',(2.69849930778146,1.89174626469612,3.305));
#15860=CARTESIAN_POINT('Ctrl Pts',(2.67332874312997,1.89174626469612,3.305));
#15861=CARTESIAN_POINT('Ctrl Pts',(2.73287855163217,1.80538884997368,3.35));
#15862=CARTESIAN_POINT('Ctrl Pts',(2.73287855163217,1.80538884997368,3.305));
#15863=CARTESIAN_POINT('Ctrl Pts',(2.73287855163217,1.85000000596046,3.35));
#15864=CARTESIAN_POINT('Ctrl Pts',(2.73287855163217,1.85000000596046,3.305));
#15865=CARTESIAN_POINT('Ctrl Pts',(2.7156890489161,1.87087313532829,3.35));
#15866=CARTESIAN_POINT('Ctrl Pts',(2.7156890489161,1.87087313532829,3.305));
#15867=CARTESIAN_POINT('',(2.73287855163217,1.80538884997368,3.35));
#15868=CARTESIAN_POINT('Ctrl Pts',(2.73287855163217,1.80538884997368,3.35));
#15869=CARTESIAN_POINT('Ctrl Pts',(2.73287855163217,1.85000000596046,3.35));
#15870=CARTESIAN_POINT('Ctrl Pts',(2.7156890489161,1.87087313532829,3.35));
#15871=CARTESIAN_POINT('',(2.73287855163217,1.80538884997368,3.305));
#15872=CARTESIAN_POINT('',(2.73287855163217,1.80538884997368,3.35));
#15873=CARTESIAN_POINT('Ctrl Pts',(2.73287855163217,1.80538884997368,3.305));
#15874=CARTESIAN_POINT('Ctrl Pts',(2.73287855163217,1.85000000596046,3.305));
#15875=CARTESIAN_POINT('Ctrl Pts',(2.7156890489161,1.87087313532829,3.305));
#15876=CARTESIAN_POINT('Ctrl Pts',(2.71599589362741,1.74512283205986,3.35));
#15877=CARTESIAN_POINT('Ctrl Pts',(2.71599589362741,1.74512283205986,3.305));
#15878=CARTESIAN_POINT('Ctrl Pts',(2.73287855163217,1.76487038731575,3.35));
#15879=CARTESIAN_POINT('Ctrl Pts',(2.73287855163217,1.76487038731575,3.305));
#15880=CARTESIAN_POINT('Ctrl Pts',(2.73287855163217,1.80538884997368,3.35));
#15881=CARTESIAN_POINT('Ctrl Pts',(2.73287855163217,1.80538884997368,3.305));
#15882=CARTESIAN_POINT('',(2.71599589362741,1.74512283205986,3.35));
#15883=CARTESIAN_POINT('Ctrl Pts',(2.71599589362741,1.74512283205986,3.35));
#15884=CARTESIAN_POINT('Ctrl Pts',(2.73287855163217,1.76487038731575,3.35));
#15885=CARTESIAN_POINT('Ctrl Pts',(2.73287855163217,1.80538884997368,3.35));
#15886=CARTESIAN_POINT('',(2.71599589362741,1.74512283205986,3.305));
#15887=CARTESIAN_POINT('',(2.71599589362741,1.74512283205986,3.35));
#15888=CARTESIAN_POINT('Ctrl Pts',(2.71599589362741,1.74512283205986,3.305));
#15889=CARTESIAN_POINT('Ctrl Pts',(2.73287855163217,1.76487038731575,3.305));
#15890=CARTESIAN_POINT('Ctrl Pts',(2.73287855163217,1.80538884997368,3.305));
#15891=CARTESIAN_POINT('Ctrl Pts',(2.67496596351266,1.72537521719933,3.35));
#15892=CARTESIAN_POINT('Ctrl Pts',(2.67496596351266,1.72537521719933,3.305));
#15893=CARTESIAN_POINT('Ctrl Pts',(2.69911323562264,1.72537521719933,3.35));
#15894=CARTESIAN_POINT('Ctrl Pts',(2.69911323562264,1.72537521719933,3.305));
#15895=CARTESIAN_POINT('Ctrl Pts',(2.71599589362741,1.74512283205986,3.35));
#15896=CARTESIAN_POINT('Ctrl Pts',(2.71599589362741,1.74512283205986,3.305));
#15897=CARTESIAN_POINT('',(2.67496596351266,1.72537521719933,3.35));
#15898=CARTESIAN_POINT('Ctrl Pts',(2.67496596351266,1.72537521719933,3.35));
#15899=CARTESIAN_POINT('Ctrl Pts',(2.69911323562264,1.72537521719933,3.35));
#15900=CARTESIAN_POINT('Ctrl Pts',(2.71599589362741,1.74512283205986,3.35));
#15901=CARTESIAN_POINT('',(2.67496596351266,1.72537521719933,3.305));
#15902=CARTESIAN_POINT('',(2.67496596351266,1.72537521719933,3.35));
#15903=CARTESIAN_POINT('Ctrl Pts',(2.67496596351266,1.72537521719933,3.305));
#15904=CARTESIAN_POINT('Ctrl Pts',(2.69911323562264,1.72537521719933,3.305));
#15905=CARTESIAN_POINT('Ctrl Pts',(2.71599589362741,1.74512283205986,3.305));
#15906=CARTESIAN_POINT('Ctrl Pts',(2.63342426791787,1.746043664217,3.35));
#15907=CARTESIAN_POINT('Ctrl Pts',(2.63342426791787,1.746043664217,3.305));
#15908=CARTESIAN_POINT('Ctrl Pts',(2.65102325454354,1.72537521719933,3.35));
#15909=CARTESIAN_POINT('Ctrl Pts',(2.65102325454354,1.72537521719933,3.305));
#15910=CARTESIAN_POINT('Ctrl Pts',(2.67496596351266,1.72537521719933,3.35));
#15911=CARTESIAN_POINT('Ctrl Pts',(2.67496596351266,1.72537521719933,3.305));
#15912=CARTESIAN_POINT('',(2.63342426791787,1.746043664217,3.35));
#15913=CARTESIAN_POINT('Ctrl Pts',(2.63342426791787,1.746043664217,3.35));
#15914=CARTESIAN_POINT('Ctrl Pts',(2.65102325454354,1.72537521719933,3.35));
#15915=CARTESIAN_POINT('Ctrl Pts',(2.67496596351266,1.72537521719933,3.35));
#15916=CARTESIAN_POINT('',(2.63342426791787,1.746043664217,3.305));
#15917=CARTESIAN_POINT('',(2.63342426791787,1.746043664217,3.35));
#15918=CARTESIAN_POINT('Ctrl Pts',(2.63342426791787,1.746043664217,3.305));
#15919=CARTESIAN_POINT('Ctrl Pts',(2.65102325454354,1.72537521719933,3.305));
#15920=CARTESIAN_POINT('Ctrl Pts',(2.67496596351266,1.72537521719933,3.305));
#15921=CARTESIAN_POINT('Ctrl Pts',(2.61582540050149,1.80845842957497,3.35));
#15922=CARTESIAN_POINT('Ctrl Pts',(2.61582540050149,1.80845842957497,3.305));
#15923=CARTESIAN_POINT('Ctrl Pts',(2.61582540050149,1.76671217083931,3.35));
#15924=CARTESIAN_POINT('Ctrl Pts',(2.61582540050149,1.76671217083931,3.305));
#15925=CARTESIAN_POINT('Ctrl Pts',(2.63342426791787,1.746043664217,3.35));
#15926=CARTESIAN_POINT('Ctrl Pts',(2.63342426791787,1.746043664217,3.305));
#15927=CARTESIAN_POINT('',(2.61582540050149,1.80845842957497,3.35));
#15928=CARTESIAN_POINT('Ctrl Pts',(2.61582540050149,1.80845842957497,3.35));
#15929=CARTESIAN_POINT('Ctrl Pts',(2.61582540050149,1.76671217083931,3.35));
#15930=CARTESIAN_POINT('Ctrl Pts',(2.63342426791787,1.746043664217,3.35));
#15931=CARTESIAN_POINT('',(2.61582540050149,1.80845842957497,3.305));
#15932=CARTESIAN_POINT('',(2.61582540050149,1.80845842957497,3.35));
#15933=CARTESIAN_POINT('Ctrl Pts',(2.61582540050149,1.80845842957497,3.305));
#15934=CARTESIAN_POINT('Ctrl Pts',(2.61582540050149,1.76671217083931,3.305));
#15935=CARTESIAN_POINT('Ctrl Pts',(2.63342426791787,1.746043664217,3.305));
#15936=CARTESIAN_POINT('Ctrl Pts',(2.63229881301522,1.87169168591499,3.35));
#15937=CARTESIAN_POINT('Ctrl Pts',(2.63229881301522,1.87169168591499,3.305));
#15938=CARTESIAN_POINT('Ctrl Pts',(2.61582540050149,1.85163713693619,3.35));
#15939=CARTESIAN_POINT('Ctrl Pts',(2.61582540050149,1.85163713693619,3.305));
#15940=CARTESIAN_POINT('Ctrl Pts',(2.61582540050149,1.80845842957497,3.35));
#15941=CARTESIAN_POINT('Ctrl Pts',(2.61582540050149,1.80845842957497,3.305));
#15942=CARTESIAN_POINT('Ctrl Pts',(2.63229881301522,1.87169168591499,3.35));
#15943=CARTESIAN_POINT('Ctrl Pts',(2.61582540050149,1.85163713693619,3.35));
#15944=CARTESIAN_POINT('Ctrl Pts',(2.61582540050149,1.80845842957497,3.35));
#15945=CARTESIAN_POINT('Ctrl Pts',(2.63229881301522,1.87169168591499,3.305));
#15946=CARTESIAN_POINT('Ctrl Pts',(2.61582540050149,1.85163713693619,3.305));
#15947=CARTESIAN_POINT('Ctrl Pts',(2.61582540050149,1.80845842957497,3.305));
#15948=CARTESIAN_POINT('Origin',(2.76643930450082,2.00000001192093,3.35));
#15949=CARTESIAN_POINT('',(2.76643930450082,2.00000001192093,3.35));
#15950=CARTESIAN_POINT('',(2.76643930450082,1.70000002980232,3.35));
#15951=CARTESIAN_POINT('',(2.76643930450082,2.00000000596046,3.35));
#15952=CARTESIAN_POINT('',(2.76643930450082,2.00000001192093,3.305));
#15953=CARTESIAN_POINT('',(2.76643930450082,2.00000001192093,3.35));
#15954=CARTESIAN_POINT('',(2.76643930450082,1.70000002980232,3.305));
#15955=CARTESIAN_POINT('',(2.76643930450082,2.00000001192093,3.305));
#15956=CARTESIAN_POINT('',(2.76643930450082,1.70000002980232,3.35));
#15957=CARTESIAN_POINT('Origin',(2.72980891242623,2.00000001192093,3.35));
#15958=CARTESIAN_POINT('',(2.72980891242623,2.00000001192093,3.35));
#15959=CARTESIAN_POINT('',(3.36490445621312,2.00000001192093,3.35));
#15960=CARTESIAN_POINT('',(2.72980891242623,2.00000001192093,3.305));
#15961=CARTESIAN_POINT('',(2.72980891242623,2.00000001192093,3.35));
#15962=CARTESIAN_POINT('',(2.72980891242623,2.00000001192093,3.305));
#15963=CARTESIAN_POINT('Origin',(2.72980891242623,1.89236019253731,3.35));
#15964=CARTESIAN_POINT('',(2.72980891242623,1.89236019253731,3.35));
#15965=CARTESIAN_POINT('',(2.72980891242623,1.94618009626865,3.35));
#15966=CARTESIAN_POINT('',(2.72980891242623,1.89236019253731,3.305));
#15967=CARTESIAN_POINT('',(2.72980891242623,1.89236019253731,3.35));
#15968=CARTESIAN_POINT('',(2.72980891242623,1.89236019253731,3.305));
#15969=CARTESIAN_POINT('Ctrl Pts',(2.70484314933419,1.91394953131676,3.35));
#15970=CARTESIAN_POINT('Ctrl Pts',(2.70484314933419,1.91394953131676,3.305));
#15971=CARTESIAN_POINT('Ctrl Pts',(2.72019110694528,1.90566168427467,3.35));
#15972=CARTESIAN_POINT('Ctrl Pts',(2.72019110694528,1.90566168427467,3.305));
#15973=CARTESIAN_POINT('Ctrl Pts',(2.72980891242623,1.89236019253731,3.35));
#15974=CARTESIAN_POINT('Ctrl Pts',(2.72980891242623,1.89236019253731,3.305));
#15975=CARTESIAN_POINT('',(2.70484314933419,1.91394953131676,3.35));
#15976=CARTESIAN_POINT('Ctrl Pts',(2.70484314933419,1.91394953131676,3.35));
#15977=CARTESIAN_POINT('Ctrl Pts',(2.72019110694528,1.90566168427467,3.35));
#15978=CARTESIAN_POINT('Ctrl Pts',(2.72980891242623,1.89236019253731,3.35));
#15979=CARTESIAN_POINT('',(2.70484314933419,1.91394953131676,3.305));
#15980=CARTESIAN_POINT('',(2.70484314933419,1.91394953131676,3.35));
#15981=CARTESIAN_POINT('Ctrl Pts',(2.70484314933419,1.91394953131676,3.305));
#15982=CARTESIAN_POINT('Ctrl Pts',(2.72019110694528,1.90566168427467,3.305));
#15983=CARTESIAN_POINT('Ctrl Pts',(2.72980891242623,1.89236019253731,3.305));
#15984=CARTESIAN_POINT('Ctrl Pts',(2.6698499776423,1.92223740816116,3.35));
#15985=CARTESIAN_POINT('Ctrl Pts',(2.6698499776423,1.92223740816116,3.305));
#15986=CARTESIAN_POINT('Ctrl Pts',(2.68949519172311,1.92223740816116,3.35));
#15987=CARTESIAN_POINT('Ctrl Pts',(2.68949519172311,1.92223740816116,3.305));
#15988=CARTESIAN_POINT('Ctrl Pts',(2.70484314933419,1.91394953131676,3.35));
#15989=CARTESIAN_POINT('Ctrl Pts',(2.70484314933419,1.91394953131676,3.305));
#15990=CARTESIAN_POINT('',(2.6698499776423,1.92223740816116,3.35));
#15991=CARTESIAN_POINT('Ctrl Pts',(2.6698499776423,1.92223740816116,3.35));
#15992=CARTESIAN_POINT('Ctrl Pts',(2.68949519172311,1.92223740816116,3.35));
#15993=CARTESIAN_POINT('Ctrl Pts',(2.70484314933419,1.91394953131676,3.35));
#15994=CARTESIAN_POINT('',(2.6698499776423,1.92223740816116,3.305));
#15995=CARTESIAN_POINT('',(2.6698499776423,1.92223740816116,3.35));
#15996=CARTESIAN_POINT('Ctrl Pts',(2.6698499776423,1.92223740816116,3.305));
#15997=CARTESIAN_POINT('Ctrl Pts',(2.68949519172311,1.92223740816116,3.305));
#15998=CARTESIAN_POINT('Ctrl Pts',(2.70484314933419,1.91394953131676,3.305));
#15999=CARTESIAN_POINT('Ctrl Pts',(2.62135063186288,1.90811733603477,3.35));
#16000=CARTESIAN_POINT('Ctrl Pts',(2.62135063186288,1.90811733603477,3.305));
#16001=CARTESIAN_POINT('Ctrl Pts',(2.64304231181741,1.92223740816116,3.35));
#16002=CARTESIAN_POINT('Ctrl Pts',(2.64304231181741,1.92223740816116,3.305));
#16003=CARTESIAN_POINT('Ctrl Pts',(2.6698499776423,1.92223740816116,3.35));
#16004=CARTESIAN_POINT('Ctrl Pts',(2.6698499776423,1.92223740816116,3.305));
#16005=CARTESIAN_POINT('',(2.62135063186288,1.90811733603477,3.35));
#16006=CARTESIAN_POINT('Ctrl Pts',(2.62135063186288,1.90811733603477,3.35));
#16007=CARTESIAN_POINT('Ctrl Pts',(2.64304231181741,1.92223740816116,3.35));
#16008=CARTESIAN_POINT('Ctrl Pts',(2.6698499776423,1.92223740816116,3.35));
#16009=CARTESIAN_POINT('',(2.62135063186288,1.90811733603477,3.305));
#16010=CARTESIAN_POINT('',(2.62135063186288,1.90811733603477,3.35));
#16011=CARTESIAN_POINT('Ctrl Pts',(2.62135063186288,1.90811733603477,3.305));
#16012=CARTESIAN_POINT('Ctrl Pts',(2.64304231181741,1.92223740816116,3.305));
#16013=CARTESIAN_POINT('Ctrl Pts',(2.6698499776423,1.92223740816116,3.305));
#16014=CARTESIAN_POINT('Ctrl Pts',(2.58881305232644,1.86749662160873,3.35));
#16015=CARTESIAN_POINT('Ctrl Pts',(2.58881305232644,1.86749662160873,3.305));
#16016=CARTESIAN_POINT('Ctrl Pts',(2.59965895190835,1.89399729371071,3.35));
#16017=CARTESIAN_POINT('Ctrl Pts',(2.59965895190835,1.89399729371071,3.305));
#16018=CARTESIAN_POINT('Ctrl Pts',(2.62135063186288,1.90811733603477,3.35));
#16019=CARTESIAN_POINT('Ctrl Pts',(2.62135063186288,1.90811733603477,3.305));
#16020=CARTESIAN_POINT('',(2.58881305232644,1.86749662160873,3.35));
#16021=CARTESIAN_POINT('Ctrl Pts',(2.58881305232644,1.86749662160873,3.35));
#16022=CARTESIAN_POINT('Ctrl Pts',(2.59965895190835,1.89399729371071,3.35));
#16023=CARTESIAN_POINT('Ctrl Pts',(2.62135063186288,1.90811733603477,3.35));
#16024=CARTESIAN_POINT('',(2.58881305232644,1.86749662160873,3.305));
#16025=CARTESIAN_POINT('',(2.58881305232644,1.86749662160873,3.35));
#16026=CARTESIAN_POINT('Ctrl Pts',(2.58881305232644,1.86749662160873,3.305));
#16027=CARTESIAN_POINT('Ctrl Pts',(2.59965895190835,1.89399729371071,3.305));
#16028=CARTESIAN_POINT('Ctrl Pts',(2.62135063186288,1.90811733603477,3.305));
#16029=CARTESIAN_POINT('Ctrl Pts',(2.57796727195382,1.80845842957497,3.35));
#16030=CARTESIAN_POINT('Ctrl Pts',(2.57796727195382,1.80845842957497,3.305));
#16031=CARTESIAN_POINT('Ctrl Pts',(2.57796727195382,1.84099594950676,3.35));
#16032=CARTESIAN_POINT('Ctrl Pts',(2.57796727195382,1.84099594950676,3.305));
#16033=CARTESIAN_POINT('Ctrl Pts',(2.58881305232644,1.86749662160873,3.35));
#16034=CARTESIAN_POINT('Ctrl Pts',(2.58881305232644,1.86749662160873,3.305));
#16035=CARTESIAN_POINT('',(2.57796727195382,1.80845842957497,3.35));
#16036=CARTESIAN_POINT('Ctrl Pts',(2.57796727195382,1.80845842957497,3.35));
#16037=CARTESIAN_POINT('Ctrl Pts',(2.57796727195382,1.84099594950676,3.35));
#16038=CARTESIAN_POINT('Ctrl Pts',(2.58881305232644,1.86749662160873,3.35));
#16039=CARTESIAN_POINT('',(2.57796727195382,1.80845842957497,3.305));
#16040=CARTESIAN_POINT('',(2.57796727195382,1.80845842957497,3.35));
#16041=CARTESIAN_POINT('Ctrl Pts',(2.57796727195382,1.80845842957497,3.305));
#16042=CARTESIAN_POINT('Ctrl Pts',(2.57796727195382,1.84099594950676,3.305));
#16043=CARTESIAN_POINT('Ctrl Pts',(2.58881305232644,1.86749662160873,3.305));
#16044=CARTESIAN_POINT('Ctrl Pts',(2.58993862643838,1.74942020773888,3.35));
#16045=CARTESIAN_POINT('Ctrl Pts',(2.58993862643838,1.74942020773888,3.305));
#16046=CARTESIAN_POINT('Ctrl Pts',(2.57796727195382,1.77510235905647,3.35));
#16047=CARTESIAN_POINT('Ctrl Pts',(2.57796727195382,1.77510235905647,3.305));
#16048=CARTESIAN_POINT('Ctrl Pts',(2.57796727195382,1.80845842957497,3.35));
#16049=CARTESIAN_POINT('Ctrl Pts',(2.57796727195382,1.80845842957497,3.305));
#16050=CARTESIAN_POINT('',(2.58993862643838,1.74942020773888,3.35));
#16051=CARTESIAN_POINT('Ctrl Pts',(2.58993862643838,1.74942020773888,3.35));
#16052=CARTESIAN_POINT('Ctrl Pts',(2.57796727195382,1.77510235905647,3.35));
#16053=CARTESIAN_POINT('Ctrl Pts',(2.57796727195382,1.80845842957497,3.35));
#16054=CARTESIAN_POINT('',(2.58993862643838,1.74942020773888,3.305));
#16055=CARTESIAN_POINT('',(2.58993862643838,1.74942020773888,3.35));
#16056=CARTESIAN_POINT('Ctrl Pts',(2.58993862643838,1.74942020773888,3.305));
#16057=CARTESIAN_POINT('Ctrl Pts',(2.57796727195382,1.77510235905647,3.305));
#16058=CARTESIAN_POINT('Ctrl Pts',(2.57796727195382,1.80845842957497,3.305));
#16059=CARTESIAN_POINT('Ctrl Pts',(2.6237039424479,1.7094133913517,3.35));
#16060=CARTESIAN_POINT('Ctrl Pts',(2.6237039424479,1.7094133913517,3.305));
#16061=CARTESIAN_POINT('Ctrl Pts',(2.60190998092294,1.72373811602592,3.35));
#16062=CARTESIAN_POINT('Ctrl Pts',(2.60190998092294,1.72373811602592,3.305));
#16063=CARTESIAN_POINT('Ctrl Pts',(2.58993862643838,1.74942020773888,3.35));
#16064=CARTESIAN_POINT('Ctrl Pts',(2.58993862643838,1.74942020773888,3.305));
#16065=CARTESIAN_POINT('',(2.6237039424479,1.7094133913517,3.35));
#16066=CARTESIAN_POINT('Ctrl Pts',(2.6237039424479,1.7094133913517,3.35));
#16067=CARTESIAN_POINT('Ctrl Pts',(2.60190998092294,1.72373811602592,3.35));
#16068=CARTESIAN_POINT('Ctrl Pts',(2.58993862643838,1.74942020773888,3.35));
#16069=CARTESIAN_POINT('',(2.6237039424479,1.7094133913517,3.305));
#16070=CARTESIAN_POINT('',(2.6237039424479,1.7094133913517,3.35));
#16071=CARTESIAN_POINT('Ctrl Pts',(2.6237039424479,1.7094133913517,3.305));
#16072=CARTESIAN_POINT('Ctrl Pts',(2.60190998092294,1.72373811602592,3.305));
#16073=CARTESIAN_POINT('Ctrl Pts',(2.58993862643838,1.74942020773888,3.305));
#16074=CARTESIAN_POINT('Ctrl Pts',(2.67148695960641,1.69508872628212,3.35));
#16075=CARTESIAN_POINT('Ctrl Pts',(2.67148695960641,1.69508872628212,3.305));
#16076=CARTESIAN_POINT('Ctrl Pts',(2.64549802318215,1.69508872628212,3.35));
#16077=CARTESIAN_POINT('Ctrl Pts',(2.64549802318215,1.69508872628212,3.305));
#16078=CARTESIAN_POINT('Ctrl Pts',(2.6237039424479,1.7094133913517,3.35));
#16079=CARTESIAN_POINT('Ctrl Pts',(2.6237039424479,1.7094133913517,3.305));
#16080=CARTESIAN_POINT('',(2.67148695960641,1.69508872628212,3.35));
#16081=CARTESIAN_POINT('Ctrl Pts',(2.67148695960641,1.69508872628212,3.35));
#16082=CARTESIAN_POINT('Ctrl Pts',(2.64549802318215,1.69508872628212,3.35));
#16083=CARTESIAN_POINT('Ctrl Pts',(2.6237039424479,1.7094133913517,3.35));
#16084=CARTESIAN_POINT('',(2.67148695960641,1.69508872628212,3.305));
#16085=CARTESIAN_POINT('',(2.67148695960641,1.69508872628212,3.35));
#16086=CARTESIAN_POINT('Ctrl Pts',(2.67148695960641,1.69508872628212,3.305));
#16087=CARTESIAN_POINT('Ctrl Pts',(2.64549802318215,1.69508872628212,3.305));
#16088=CARTESIAN_POINT('Ctrl Pts',(2.6237039424479,1.7094133913517,3.305));
#16089=CARTESIAN_POINT('Ctrl Pts',(2.73226462379098,1.72742156386375,3.35));
#16090=CARTESIAN_POINT('Ctrl Pts',(2.73226462379098,1.72742156386375,3.305));
#16091=CARTESIAN_POINT('Ctrl Pts',(2.71159611716867,1.69508872628212,3.35));
#16092=CARTESIAN_POINT('Ctrl Pts',(2.71159611716867,1.69508872628212,3.305));
#16093=CARTESIAN_POINT('Ctrl Pts',(2.67148695960641,1.69508872628212,3.35));
#16094=CARTESIAN_POINT('Ctrl Pts',(2.67148695960641,1.69508872628212,3.305));
#16095=CARTESIAN_POINT('',(2.73226462379098,1.72742156386375,3.35));
#16096=CARTESIAN_POINT('Ctrl Pts',(2.73226462379098,1.72742156386375,3.35));
#16097=CARTESIAN_POINT('Ctrl Pts',(2.71159611716867,1.69508872628212,3.35));
#16098=CARTESIAN_POINT('Ctrl Pts',(2.67148695960641,1.69508872628212,3.35));
#16099=CARTESIAN_POINT('',(2.73226462379098,1.72742156386375,3.305));
#16100=CARTESIAN_POINT('',(2.73226462379098,1.72742156386375,3.35));
#16101=CARTESIAN_POINT('Ctrl Pts',(2.73226462379098,1.72742156386375,3.305));
#16102=CARTESIAN_POINT('Ctrl Pts',(2.71159611716867,1.69508872628212,3.305));
#16103=CARTESIAN_POINT('Ctrl Pts',(2.67148695960641,1.69508872628212,3.305));
#16104=CARTESIAN_POINT('Origin',(2.73226462379098,1.70000002980232,3.35));
#16105=CARTESIAN_POINT('',(2.73226462379098,1.70000002980232,3.35));
#16106=CARTESIAN_POINT('',(2.73226462379098,1.85000001490116,3.35));
#16107=CARTESIAN_POINT('',(2.73226462379098,1.70000002980232,3.305));
#16108=CARTESIAN_POINT('',(2.73226462379098,1.70000002980232,3.35));
#16109=CARTESIAN_POINT('',(2.73226462379098,1.70000002980232,3.305));
#16110=CARTESIAN_POINT('Origin',(2.76643930450082,1.70000002980232,3.35));
#16111=CARTESIAN_POINT('',(3.38321965225041,1.70000002980232,3.35));
#16112=CARTESIAN_POINT('',(2.76643930450082,1.70000002980232,3.305));
#16113=CARTESIAN_POINT('Origin',(2.14761248119175,1.80590043663979,3.305));
#16114=CARTESIAN_POINT('Ctrl Pts',(3.30668483749032,1.75873128771782,3.35));
#16115=CARTESIAN_POINT('Ctrl Pts',(3.30668483749032,1.75873128771782,3.305));
#16116=CARTESIAN_POINT('Ctrl Pts',(3.31261931434274,1.77121422886848,3.35));
#16117=CARTESIAN_POINT('Ctrl Pts',(3.31261931434274,1.77121422886848,3.305));
#16118=CARTESIAN_POINT('Ctrl Pts',(3.31261931434274,1.79556618332863,3.35));
#16119=CARTESIAN_POINT('Ctrl Pts',(3.31261931434274,1.79556618332863,3.305));
#16120=CARTESIAN_POINT('',(3.30668483749032,1.75873128771782,3.35));
#16121=CARTESIAN_POINT('',(3.31261931434274,1.79556618332863,3.35));
#16122=CARTESIAN_POINT('Ctrl Pts',(3.30668483749032,1.75873128771782,3.35));
#16123=CARTESIAN_POINT('Ctrl Pts',(3.31261931434274,1.77121422886848,3.35));
#16124=CARTESIAN_POINT('Ctrl Pts',(3.31261931434274,1.79556618332863,3.35));
#16125=CARTESIAN_POINT('',(3.30668483749032,1.75873128771782,3.305));
#16126=CARTESIAN_POINT('',(3.30668483749032,1.75873128771782,3.35));
#16127=CARTESIAN_POINT('',(3.31261931434274,1.79556618332863,3.305));
#16128=CARTESIAN_POINT('Ctrl Pts',(3.30668483749032,1.75873128771782,3.305));
#16129=CARTESIAN_POINT('Ctrl Pts',(3.31261931434274,1.77121422886848,3.305));
#16130=CARTESIAN_POINT('Ctrl Pts',(3.31261931434274,1.79556618332863,3.305));
#16131=CARTESIAN_POINT('',(3.31261931434274,1.79556618332863,3.35));
#16132=CARTESIAN_POINT('Ctrl Pts',(3.28233300223947,1.73325375914574,3.35));
#16133=CARTESIAN_POINT('Ctrl Pts',(3.28233300223947,1.73325375914574,3.305));
#16134=CARTESIAN_POINT('Ctrl Pts',(3.29890857711434,1.74256483912468,3.35));
#16135=CARTESIAN_POINT('Ctrl Pts',(3.29890857711434,1.74256483912468,3.305));
#16136=CARTESIAN_POINT('Ctrl Pts',(3.30668483749032,1.75873128771782,3.35));
#16137=CARTESIAN_POINT('Ctrl Pts',(3.30668483749032,1.75873128771782,3.305));
#16138=CARTESIAN_POINT('',(3.28233300223947,1.73325375914574,3.35));
#16139=CARTESIAN_POINT('Ctrl Pts',(3.28233300223947,1.73325375914574,3.35));
#16140=CARTESIAN_POINT('Ctrl Pts',(3.29890857711434,1.74256483912468,3.35));
#16141=CARTESIAN_POINT('Ctrl Pts',(3.30668483749032,1.75873128771782,3.35));
#16142=CARTESIAN_POINT('',(3.28233300223947,1.73325375914574,3.305));
#16143=CARTESIAN_POINT('',(3.28233300223947,1.73325375914574,3.35));
#16144=CARTESIAN_POINT('Ctrl Pts',(3.28233300223947,1.73325375914574,3.305));
#16145=CARTESIAN_POINT('Ctrl Pts',(3.29890857711434,1.74256483912468,3.305));
#16146=CARTESIAN_POINT('Ctrl Pts',(3.30668483749032,1.75873128771782,3.305));
#16147=CARTESIAN_POINT('Ctrl Pts',(3.24447475448251,1.72394273877144,3.35));
#16148=CARTESIAN_POINT('Ctrl Pts',(3.24447475448251,1.72394273877144,3.305));
#16149=CARTESIAN_POINT('Ctrl Pts',(3.26575718894601,1.72394273877144,3.35));
#16150=CARTESIAN_POINT('Ctrl Pts',(3.26575718894601,1.72394273877144,3.305));
#16151=CARTESIAN_POINT('Ctrl Pts',(3.28233300223947,1.73325375914574,3.35));
#16152=CARTESIAN_POINT('Ctrl Pts',(3.28233300223947,1.73325375914574,3.305));
#16153=CARTESIAN_POINT('',(3.24447475448251,1.72394273877144,3.35));
#16154=CARTESIAN_POINT('Ctrl Pts',(3.24447475448251,1.72394273877144,3.35));
#16155=CARTESIAN_POINT('Ctrl Pts',(3.26575718894601,1.72394273877144,3.35));
#16156=CARTESIAN_POINT('Ctrl Pts',(3.28233300223947,1.73325375914574,3.35));
#16157=CARTESIAN_POINT('',(3.24447475448251,1.72394273877144,3.305));
#16158=CARTESIAN_POINT('',(3.24447475448251,1.72394273877144,3.35));
#16159=CARTESIAN_POINT('Ctrl Pts',(3.24447475448251,1.72394273877144,3.305));
#16160=CARTESIAN_POINT('Ctrl Pts',(3.26575718894601,1.72394273877144,3.305));
#16161=CARTESIAN_POINT('Ctrl Pts',(3.28233300223947,1.73325375914574,3.305));
#16162=CARTESIAN_POINT('Ctrl Pts',(3.21183501258492,1.73376540541649,3.35));
#16163=CARTESIAN_POINT('Ctrl Pts',(3.21183501258492,1.73376540541649,3.305));
#16164=CARTESIAN_POINT('Ctrl Pts',(3.22298775687814,1.72394273877144,3.35));
#16165=CARTESIAN_POINT('Ctrl Pts',(3.22298775687814,1.72394273877144,3.305));
#16166=CARTESIAN_POINT('Ctrl Pts',(3.24447475448251,1.72394273877144,3.35));
#16167=CARTESIAN_POINT('Ctrl Pts',(3.24447475448251,1.72394273877144,3.305));
#16168=CARTESIAN_POINT('',(3.21183501258492,1.73376540541649,3.35));
#16169=CARTESIAN_POINT('Ctrl Pts',(3.21183501258492,1.73376540541649,3.35));
#16170=CARTESIAN_POINT('Ctrl Pts',(3.22298775687814,1.72394273877144,3.35));
#16171=CARTESIAN_POINT('Ctrl Pts',(3.24447475448251,1.72394273877144,3.35));
#16172=CARTESIAN_POINT('',(3.21183501258492,1.73376540541649,3.305));
#16173=CARTESIAN_POINT('',(3.21183501258492,1.73376540541649,3.35));
#16174=CARTESIAN_POINT('Ctrl Pts',(3.21183501258492,1.73376540541649,3.305));
#16175=CARTESIAN_POINT('Ctrl Pts',(3.22298775687814,1.72394273877144,3.305));
#16176=CARTESIAN_POINT('Ctrl Pts',(3.24447475448251,1.72394273877144,3.305));
#16177=CARTESIAN_POINT('Ctrl Pts',(3.20068226829171,1.75832198262215,3.35));
#16178=CARTESIAN_POINT('Ctrl Pts',(3.20068226829171,1.75832198262215,3.305));
#16179=CARTESIAN_POINT('Ctrl Pts',(3.20068226829171,1.74358801245689,3.35));
#16180=CARTESIAN_POINT('Ctrl Pts',(3.20068226829171,1.74358801245689,3.305));
#16181=CARTESIAN_POINT('Ctrl Pts',(3.21183501258492,1.73376540541649,3.35));
#16182=CARTESIAN_POINT('Ctrl Pts',(3.21183501258492,1.73376540541649,3.305));
#16183=CARTESIAN_POINT('',(3.20068226829171,1.75832198262215,3.35));
#16184=CARTESIAN_POINT('Ctrl Pts',(3.20068226829171,1.75832198262215,3.35));
#16185=CARTESIAN_POINT('Ctrl Pts',(3.20068226829171,1.74358801245689,3.35));
#16186=CARTESIAN_POINT('Ctrl Pts',(3.21183501258492,1.73376540541649,3.35));
#16187=CARTESIAN_POINT('',(3.20068226829171,1.75832198262215,3.305));
#16188=CARTESIAN_POINT('',(3.20068226829171,1.75832198262215,3.35));
#16189=CARTESIAN_POINT('Ctrl Pts',(3.20068226829171,1.75832198262215,3.305));
#16190=CARTESIAN_POINT('Ctrl Pts',(3.20068226829171,1.74358801245689,3.305));
#16191=CARTESIAN_POINT('Ctrl Pts',(3.21183501258492,1.73376540541649,3.305));
#16192=CARTESIAN_POINT('Ctrl Pts',(3.20579825416207,1.77581856846809,3.35));
#16193=CARTESIAN_POINT('Ctrl Pts',(3.20579825416207,1.77581856846809,3.305));
#16194=CARTESIAN_POINT('Ctrl Pts',(3.20068226829171,1.76794002652168,3.35));
#16195=CARTESIAN_POINT('Ctrl Pts',(3.20068226829171,1.76794002652168,3.305));
#16196=CARTESIAN_POINT('Ctrl Pts',(3.20068226829171,1.75832198262215,3.35));
#16197=CARTESIAN_POINT('Ctrl Pts',(3.20068226829171,1.75832198262215,3.305));
#16198=CARTESIAN_POINT('',(3.20579825416207,1.77581856846809,3.35));
#16199=CARTESIAN_POINT('Ctrl Pts',(3.20579825416207,1.77581856846809,3.35));
#16200=CARTESIAN_POINT('Ctrl Pts',(3.20068226829171,1.76794002652168,3.35));
#16201=CARTESIAN_POINT('Ctrl Pts',(3.20068226829171,1.75832198262215,3.35));
#16202=CARTESIAN_POINT('',(3.20579825416207,1.77581856846809,3.305));
#16203=CARTESIAN_POINT('',(3.20579825416207,1.77581856846809,3.35));
#16204=CARTESIAN_POINT('Ctrl Pts',(3.20579825416207,1.77581856846809,3.305));
#16205=CARTESIAN_POINT('Ctrl Pts',(3.20068226829171,1.76794002652168,3.305));
#16206=CARTESIAN_POINT('Ctrl Pts',(3.20068226829171,1.75832198262215,3.305));
#16207=CARTESIAN_POINT('Ctrl Pts',(3.22032748237252,1.78778992295265,3.35));
#16208=CARTESIAN_POINT('Ctrl Pts',(3.22032748237252,1.78778992295265,3.305));
#16209=CARTESIAN_POINT('Ctrl Pts',(3.21091400161386,1.78369717001915,3.35));
#16210=CARTESIAN_POINT('Ctrl Pts',(3.21091400161386,1.78369717001915,3.305));
#16211=CARTESIAN_POINT('Ctrl Pts',(3.20579825416207,1.77581856846809,3.35));
#16212=CARTESIAN_POINT('Ctrl Pts',(3.20579825416207,1.77581856846809,3.305));
#16213=CARTESIAN_POINT('',(3.22032748237252,1.78778992295265,3.35));
#16214=CARTESIAN_POINT('Ctrl Pts',(3.22032748237252,1.78778992295265,3.35));
#16215=CARTESIAN_POINT('Ctrl Pts',(3.21091400161386,1.78369717001915,3.35));
#16216=CARTESIAN_POINT('Ctrl Pts',(3.20579825416207,1.77581856846809,3.35));
#16217=CARTESIAN_POINT('',(3.22032748237252,1.78778992295265,3.305));
#16218=CARTESIAN_POINT('',(3.22032748237252,1.78778992295265,3.35));
#16219=CARTESIAN_POINT('Ctrl Pts',(3.22032748237252,1.78778992295265,3.305));
#16220=CARTESIAN_POINT('Ctrl Pts',(3.21091400161386,1.78369717001915,3.305));
#16221=CARTESIAN_POINT('Ctrl Pts',(3.20579825416207,1.77581856846809,3.305));
#16222=CARTESIAN_POINT('Ctrl Pts',(3.25245581641793,1.79515690803528,3.35));
#16223=CARTESIAN_POINT('Ctrl Pts',(3.25245581641793,1.79515690803528,3.305));
#16224=CARTESIAN_POINT('Ctrl Pts',(3.22974096313119,1.79188270568848,3.35));
#16225=CARTESIAN_POINT('Ctrl Pts',(3.22974096313119,1.79188270568848,3.305));
#16226=CARTESIAN_POINT('Ctrl Pts',(3.22032748237252,1.78778992295265,3.35));
#16227=CARTESIAN_POINT('Ctrl Pts',(3.22032748237252,1.78778992295265,3.305));
#16228=CARTESIAN_POINT('',(3.25245581641793,1.79515690803528,3.35));
#16229=CARTESIAN_POINT('Ctrl Pts',(3.25245581641793,1.79515690803528,3.35));
#16230=CARTESIAN_POINT('Ctrl Pts',(3.22974096313119,1.79188270568848,3.35));
#16231=CARTESIAN_POINT('Ctrl Pts',(3.22032748237252,1.78778992295265,3.35));
#16232=CARTESIAN_POINT('',(3.25245581641793,1.79515690803528,3.305));
#16233=CARTESIAN_POINT('',(3.25245581641793,1.79515690803528,3.35));
#16234=CARTESIAN_POINT('Ctrl Pts',(3.25245581641793,1.79515690803528,3.305));
#16235=CARTESIAN_POINT('Ctrl Pts',(3.22974096313119,1.79188270568848,3.305));
#16236=CARTESIAN_POINT('Ctrl Pts',(3.22032748237252,1.78778992295265,3.305));
#16237=CARTESIAN_POINT('Ctrl Pts',(3.31261931434274,1.80907232761383,3.35));
#16238=CARTESIAN_POINT('Ctrl Pts',(3.31261931434274,1.80907232761383,3.305));
#16239=CARTESIAN_POINT('Ctrl Pts',(3.29256497398019,1.8008867919445,3.35));
#16240=CARTESIAN_POINT('Ctrl Pts',(3.29256497398019,1.8008867919445,3.305));
#16241=CARTESIAN_POINT('Ctrl Pts',(3.25245581641793,1.79515690803528,3.35));
#16242=CARTESIAN_POINT('Ctrl Pts',(3.25245581641793,1.79515690803528,3.305));
#16243=CARTESIAN_POINT('',(3.31261931434274,1.80907232761383,3.35));
#16244=CARTESIAN_POINT('Ctrl Pts',(3.31261931434274,1.80907232761383,3.35));
#16245=CARTESIAN_POINT('Ctrl Pts',(3.29256497398019,1.8008867919445,3.35));
#16246=CARTESIAN_POINT('Ctrl Pts',(3.25245581641793,1.79515690803528,3.35));
#16247=CARTESIAN_POINT('',(3.31261931434274,1.80907232761383,3.305));
#16248=CARTESIAN_POINT('',(3.31261931434274,1.80907232761383,3.35));
#16249=CARTESIAN_POINT('Ctrl Pts',(3.31261931434274,1.80907232761383,3.305));
#16250=CARTESIAN_POINT('Ctrl Pts',(3.29256497398019,1.8008867919445,3.305));
#16251=CARTESIAN_POINT('Ctrl Pts',(3.25245581641793,1.79515690803528,3.305));
#16252=CARTESIAN_POINT('Origin',(3.31261931434274,1.79556618332863,3.35));
#16253=CARTESIAN_POINT('',(3.31261931434274,1.89778309166431,3.35));
#16254=CARTESIAN_POINT('',(3.31261931434274,1.79556618332863,3.305));
#16255=CARTESIAN_POINT('Origin',(3.36152802482247,1.70000002980232,3.35));
#16256=CARTESIAN_POINT('',(3.36152802482247,1.70000002980232,3.35));
#16257=CARTESIAN_POINT('',(3.32305608764291,1.70000002980232,3.35));
#16258=CARTESIAN_POINT('',(3.68076401241124,1.70000002980232,3.35));
#16259=CARTESIAN_POINT('',(3.36152802482247,1.70000002980232,3.305));
#16260=CARTESIAN_POINT('',(3.36152802482247,1.70000002980232,3.35));
#16261=CARTESIAN_POINT('',(3.32305608764291,1.70000002980232,3.305));
#16262=CARTESIAN_POINT('',(3.36152802482247,1.70000002980232,3.305));
#16263=CARTESIAN_POINT('',(3.32305608764291,1.70000002980232,3.35));
#16264=CARTESIAN_POINT('Ctrl Pts',(3.35221706405282,1.72609142661095,3.35));
#16265=CARTESIAN_POINT('Ctrl Pts',(3.35221706405282,1.72609142661095,3.305));
#16266=CARTESIAN_POINT('Ctrl Pts',(3.35457025542855,1.71248297095299,3.35));
#16267=CARTESIAN_POINT('Ctrl Pts',(3.35457025542855,1.71248297095299,3.305));
#16268=CARTESIAN_POINT('Ctrl Pts',(3.36152802482247,1.70000002980232,3.35));
#16269=CARTESIAN_POINT('Ctrl Pts',(3.36152802482247,1.70000002980232,3.305));
#16270=CARTESIAN_POINT('',(3.35221706405282,1.72609142661095,3.35));
#16271=CARTESIAN_POINT('Ctrl Pts',(3.35221706405282,1.72609142661095,3.35));
#16272=CARTESIAN_POINT('Ctrl Pts',(3.35457025542855,1.71248297095299,3.35));
#16273=CARTESIAN_POINT('Ctrl Pts',(3.36152802482247,1.70000002980232,3.35));
#16274=CARTESIAN_POINT('',(3.35221706405282,1.72609142661095,3.305));
#16275=CARTESIAN_POINT('',(3.35221706405282,1.72609142661095,3.35));
#16276=CARTESIAN_POINT('Ctrl Pts',(3.35221706405282,1.72609142661095,3.305));
#16277=CARTESIAN_POINT('Ctrl Pts',(3.35457025542855,1.71248297095299,3.305));
#16278=CARTESIAN_POINT('Ctrl Pts',(3.36152802482247,1.70000002980232,3.305));
#16279=CARTESIAN_POINT('Ctrl Pts',(3.34986363425851,1.79106415510178,3.35));
#16280=CARTESIAN_POINT('Ctrl Pts',(3.34986363425851,1.79106415510178,3.305));
#16281=CARTESIAN_POINT('Ctrl Pts',(3.34986363425851,1.73969988226891,3.35));
#16282=CARTESIAN_POINT('Ctrl Pts',(3.34986363425851,1.73969988226891,3.305));
#16283=CARTESIAN_POINT('Ctrl Pts',(3.35221706405282,1.72609142661095,3.35));
#16284=CARTESIAN_POINT('Ctrl Pts',(3.35221706405282,1.72609142661095,3.305));
#16285=CARTESIAN_POINT('',(3.34986363425851,1.79106415510178,3.35));
#16286=CARTESIAN_POINT('Ctrl Pts',(3.34986363425851,1.79106415510178,3.35));
#16287=CARTESIAN_POINT('Ctrl Pts',(3.34986363425851,1.73969988226891,3.35));
#16288=CARTESIAN_POINT('Ctrl Pts',(3.35221706405282,1.72609142661095,3.35));
#16289=CARTESIAN_POINT('',(3.34986363425851,1.79106415510178,3.305));
#16290=CARTESIAN_POINT('',(3.34986363425851,1.79106415510178,3.35));
#16291=CARTESIAN_POINT('Ctrl Pts',(3.34986363425851,1.79106415510178,3.305));
#16292=CARTESIAN_POINT('Ctrl Pts',(3.34986363425851,1.73969988226891,3.305));
#16293=CARTESIAN_POINT('Ctrl Pts',(3.35221706405282,1.72609142661095,3.305));
#16294=CARTESIAN_POINT('Origin',(3.34986363425851,1.84017739892006,3.35));
#16295=CARTESIAN_POINT('',(3.34986363425851,1.84017739892006,3.35));
#16296=CARTESIAN_POINT('',(3.34986363425851,1.92008869946003,3.35));
#16297=CARTESIAN_POINT('',(3.34986363425851,1.84017739892006,3.305));
#16298=CARTESIAN_POINT('',(3.34986363425851,1.84017739892006,3.35));
#16299=CARTESIAN_POINT('',(3.34986363425851,1.84017739892006,3.305));
#16300=CARTESIAN_POINT('Ctrl Pts',(3.34802185073495,1.87414739727974,3.35));
#16301=CARTESIAN_POINT('Ctrl Pts',(3.34802185073495,1.87414739727974,3.305));
#16302=CARTESIAN_POINT('Ctrl Pts',(3.34986363425851,1.86473400592804,3.35));
#16303=CARTESIAN_POINT('Ctrl Pts',(3.34986363425851,1.86473400592804,3.305));
#16304=CARTESIAN_POINT('Ctrl Pts',(3.34986363425851,1.84017739892006,3.35));
#16305=CARTESIAN_POINT('Ctrl Pts',(3.34986363425851,1.84017739892006,3.305));
#16306=CARTESIAN_POINT('',(3.34802185073495,1.87414739727974,3.35));
#16307=CARTESIAN_POINT('Ctrl Pts',(3.34802185073495,1.87414739727974,3.35));
#16308=CARTESIAN_POINT('Ctrl Pts',(3.34986363425851,1.86473400592804,3.35));
#16309=CARTESIAN_POINT('Ctrl Pts',(3.34986363425851,1.84017739892006,3.35));
#16310=CARTESIAN_POINT('',(3.34802185073495,1.87414739727974,3.305));
#16311=CARTESIAN_POINT('',(3.34802185073495,1.87414739727974,3.35));
#16312=CARTESIAN_POINT('Ctrl Pts',(3.34802185073495,1.87414739727974,3.305));
#16313=CARTESIAN_POINT('Ctrl Pts',(3.34986363425851,1.86473400592804,3.305));
#16314=CARTESIAN_POINT('Ctrl Pts',(3.34986363425851,1.84017739892006,3.305));
#16315=CARTESIAN_POINT('Ctrl Pts',(3.33656226173043,1.89921559095383,3.35));
#16316=CARTESIAN_POINT('Ctrl Pts',(3.33656226173043,1.89921559095383,3.305));
#16317=CARTESIAN_POINT('Ctrl Pts',(3.34474764838815,1.88929061293602,3.35));
#16318=CARTESIAN_POINT('Ctrl Pts',(3.34474764838815,1.88929061293602,3.305));
#16319=CARTESIAN_POINT('Ctrl Pts',(3.34802185073495,1.87414739727974,3.35));
#16320=CARTESIAN_POINT('Ctrl Pts',(3.34802185073495,1.87414739727974,3.305));
#16321=CARTESIAN_POINT('',(3.33656226173043,1.89921559095383,3.35));
#16322=CARTESIAN_POINT('Ctrl Pts',(3.33656226173043,1.89921559095383,3.35));
#16323=CARTESIAN_POINT('Ctrl Pts',(3.34474764838815,1.88929061293602,3.35));
#16324=CARTESIAN_POINT('Ctrl Pts',(3.34802185073495,1.87414739727974,3.35));
#16325=CARTESIAN_POINT('',(3.33656226173043,1.89921559095383,3.305));
#16326=CARTESIAN_POINT('',(3.33656226173043,1.89921559095383,3.35));
#16327=CARTESIAN_POINT('Ctrl Pts',(3.33656226173043,1.89921559095383,3.305));
#16328=CARTESIAN_POINT('Ctrl Pts',(3.34474764838815,1.88929061293602,3.305));
#16329=CARTESIAN_POINT('Ctrl Pts',(3.34802185073495,1.87414739727974,3.305));
#16330=CARTESIAN_POINT('Ctrl Pts',(3.31098233237863,1.91568897366524,3.35));
#16331=CARTESIAN_POINT('Ctrl Pts',(3.31098233237863,1.91568897366524,3.305));
#16332=CARTESIAN_POINT('Ctrl Pts',(3.32837663665414,1.90914056897163,3.35));
#16333=CARTESIAN_POINT('Ctrl Pts',(3.32837663665414,1.90914056897163,3.305));
#16334=CARTESIAN_POINT('Ctrl Pts',(3.33656226173043,1.89921559095383,3.35));
#16335=CARTESIAN_POINT('Ctrl Pts',(3.33656226173043,1.89921559095383,3.305));
#16336=CARTESIAN_POINT('',(3.31098233237863,1.91568897366524,3.35));
#16337=CARTESIAN_POINT('Ctrl Pts',(3.31098233237863,1.91568897366524,3.35));
#16338=CARTESIAN_POINT('Ctrl Pts',(3.32837663665414,1.90914056897163,3.35));
#16339=CARTESIAN_POINT('Ctrl Pts',(3.33656226173043,1.89921559095383,3.35));
#16340=CARTESIAN_POINT('',(3.31098233237863,1.91568897366524,3.305));
#16341=CARTESIAN_POINT('',(3.31098233237863,1.91568897366524,3.35));
#16342=CARTESIAN_POINT('Ctrl Pts',(3.31098233237863,1.91568897366524,3.305));
#16343=CARTESIAN_POINT('Ctrl Pts',(3.32837663665414,1.90914056897163,3.305));
#16344=CARTESIAN_POINT('Ctrl Pts',(3.33656226173043,1.89921559095383,3.305));
#16345=CARTESIAN_POINT('Ctrl Pts',(3.26575718894601,1.92223743796349,3.35));
#16346=CARTESIAN_POINT('Ctrl Pts',(3.26575718894601,1.92223743796349,3.305));
#16347=CARTESIAN_POINT('Ctrl Pts',(3.29358802810311,1.92223743796349,3.35));
#16348=CARTESIAN_POINT('Ctrl Pts',(3.29358802810311,1.92223743796349,3.305));
#16349=CARTESIAN_POINT('Ctrl Pts',(3.31098233237863,1.91568897366524,3.35));
#16350=CARTESIAN_POINT('Ctrl Pts',(3.31098233237863,1.91568897366524,3.305));
#16351=CARTESIAN_POINT('',(3.26575718894601,1.92223743796349,3.35));
#16352=CARTESIAN_POINT('Ctrl Pts',(3.26575718894601,1.92223743796349,3.35));
#16353=CARTESIAN_POINT('Ctrl Pts',(3.29358802810311,1.92223743796349,3.35));
#16354=CARTESIAN_POINT('Ctrl Pts',(3.31098233237863,1.91568897366524,3.35));
#16355=CARTESIAN_POINT('',(3.26575718894601,1.92223743796349,3.305));
#16356=CARTESIAN_POINT('',(3.26575718894601,1.92223743796349,3.35));
#16357=CARTESIAN_POINT('Ctrl Pts',(3.26575718894601,1.92223743796349,3.305));
#16358=CARTESIAN_POINT('Ctrl Pts',(3.29358802810311,1.92223743796349,3.305));
#16359=CARTESIAN_POINT('Ctrl Pts',(3.31098233237863,1.91568897366524,3.305));
#16360=CARTESIAN_POINT('Ctrl Pts',(3.21643935218453,1.91456345915794,3.35));
#16361=CARTESIAN_POINT('Ctrl Pts',(3.21643935218453,1.91456345915794,3.305));
#16362=CARTESIAN_POINT('Ctrl Pts',(3.23772178664804,1.92223743796349,3.35));
#16363=CARTESIAN_POINT('Ctrl Pts',(3.23772178664804,1.92223743796349,3.305));
#16364=CARTESIAN_POINT('Ctrl Pts',(3.26575718894601,1.92223743796349,3.35));
#16365=CARTESIAN_POINT('Ctrl Pts',(3.26575718894601,1.92223743796349,3.305));
#16366=CARTESIAN_POINT('',(3.21643935218453,1.91456345915794,3.35));
#16367=CARTESIAN_POINT('Ctrl Pts',(3.21643935218453,1.91456345915794,3.35));
#16368=CARTESIAN_POINT('Ctrl Pts',(3.23772178664804,1.92223743796349,3.35));
#16369=CARTESIAN_POINT('Ctrl Pts',(3.26575718894601,1.92223743796349,3.35));
#16370=CARTESIAN_POINT('',(3.21643935218453,1.91456345915794,3.305));
#16371=CARTESIAN_POINT('',(3.21643935218453,1.91456345915794,3.35));
#16372=CARTESIAN_POINT('Ctrl Pts',(3.21643935218453,1.91456345915794,3.305));
#16373=CARTESIAN_POINT('Ctrl Pts',(3.23772178664804,1.92223743796349,3.305));
#16374=CARTESIAN_POINT('Ctrl Pts',(3.26575718894601,1.92223743796349,3.305));
#16375=CARTESIAN_POINT('Ctrl Pts',(3.18390189185739,1.8926671564579,3.35));
#16376=CARTESIAN_POINT('Ctrl Pts',(3.18390189185739,1.8926671564579,3.305));
#16377=CARTESIAN_POINT('Ctrl Pts',(3.19515691772103,1.90688953995705,3.35));
#16378=CARTESIAN_POINT('Ctrl Pts',(3.19515691772103,1.90688953995705,3.305));
#16379=CARTESIAN_POINT('Ctrl Pts',(3.21643935218453,1.91456345915794,3.35));
#16380=CARTESIAN_POINT('Ctrl Pts',(3.21643935218453,1.91456345915794,3.305));
#16381=CARTESIAN_POINT('',(3.18390189185739,1.8926671564579,3.35));
#16382=CARTESIAN_POINT('Ctrl Pts',(3.18390189185739,1.8926671564579,3.35));
#16383=CARTESIAN_POINT('Ctrl Pts',(3.19515691772103,1.90688953995705,3.35));
#16384=CARTESIAN_POINT('Ctrl Pts',(3.21643935218453,1.91456345915794,3.35));
#16385=CARTESIAN_POINT('',(3.18390189185739,1.8926671564579,3.305));
#16386=CARTESIAN_POINT('',(3.18390189185739,1.8926671564579,3.35));
#16387=CARTESIAN_POINT('Ctrl Pts',(3.18390189185739,1.8926671564579,3.305));
#16388=CARTESIAN_POINT('Ctrl Pts',(3.19515691772103,1.90688953995705,3.305));
#16389=CARTESIAN_POINT('Ctrl Pts',(3.21643935218453,1.91456345915794,3.305));
#16390=CARTESIAN_POINT('Ctrl Pts',(3.16773544326425,1.85532064437866,3.35));
#16391=CARTESIAN_POINT('Ctrl Pts',(3.16773544326425,1.85532064437866,3.305));
#16392=CARTESIAN_POINT('Ctrl Pts',(3.17264662757516,1.87844477295876,3.35));
#16393=CARTESIAN_POINT('Ctrl Pts',(3.17264662757516,1.87844477295876,3.305));
#16394=CARTESIAN_POINT('Ctrl Pts',(3.18390189185739,1.8926671564579,3.35));
#16395=CARTESIAN_POINT('Ctrl Pts',(3.18390189185739,1.8926671564579,3.305));
#16396=CARTESIAN_POINT('',(3.16773544326425,1.85532064437866,3.35));
#16397=CARTESIAN_POINT('Ctrl Pts',(3.16773544326425,1.85532064437866,3.35));
#16398=CARTESIAN_POINT('Ctrl Pts',(3.17264662757516,1.87844477295876,3.35));
#16399=CARTESIAN_POINT('Ctrl Pts',(3.18390189185739,1.8926671564579,3.35));
#16400=CARTESIAN_POINT('',(3.16773544326425,1.85532064437866,3.305));
#16401=CARTESIAN_POINT('',(3.16773544326425,1.85532064437866,3.35));
#16402=CARTESIAN_POINT('Ctrl Pts',(3.16773544326425,1.85532064437866,3.305));
#16403=CARTESIAN_POINT('Ctrl Pts',(3.17264662757516,1.87844477295876,3.305));
#16404=CARTESIAN_POINT('Ctrl Pts',(3.18390189185739,1.8926671564579,3.305));
#16405=CARTESIAN_POINT('Origin',(3.20375166907907,1.85040931105614,3.35));
#16406=CARTESIAN_POINT('',(3.20375166907907,1.85040931105614,3.35));
#16407=CARTESIAN_POINT('',(3.58459453275958,1.79847587814573,3.35));
#16408=CARTESIAN_POINT('',(3.20375166907907,1.85040931105614,3.305));
#16409=CARTESIAN_POINT('',(3.20375166907907,1.85040931105614,3.35));
#16410=CARTESIAN_POINT('',(3.20375166907907,1.85040931105614,3.305));
#16411=CARTESIAN_POINT('Ctrl Pts',(3.22206698432565,1.88263986706734,3.35));
#16412=CARTESIAN_POINT('Ctrl Pts',(3.22206698432565,1.88263986706734,3.305));
#16413=CARTESIAN_POINT('Ctrl Pts',(3.20968638435006,1.87353346943855,3.35));
#16414=CARTESIAN_POINT('Ctrl Pts',(3.20968638435006,1.87353346943855,3.305));
#16415=CARTESIAN_POINT('Ctrl Pts',(3.20375166907907,1.85040931105614,3.35));
#16416=CARTESIAN_POINT('Ctrl Pts',(3.20375166907907,1.85040931105614,3.305));
#16417=CARTESIAN_POINT('',(3.22206698432565,1.88263986706734,3.35));
#16418=CARTESIAN_POINT('Ctrl Pts',(3.22206698432565,1.88263986706734,3.35));
#16419=CARTESIAN_POINT('Ctrl Pts',(3.20968638435006,1.87353346943855,3.35));
#16420=CARTESIAN_POINT('Ctrl Pts',(3.20375166907907,1.85040931105614,3.35));
#16421=CARTESIAN_POINT('',(3.22206698432565,1.88263986706734,3.305));
#16422=CARTESIAN_POINT('',(3.22206698432565,1.88263986706734,3.35));
#16423=CARTESIAN_POINT('Ctrl Pts',(3.22206698432565,1.88263986706734,3.305));
#16424=CARTESIAN_POINT('Ctrl Pts',(3.20968638435006,1.87353346943855,3.305));
#16425=CARTESIAN_POINT('Ctrl Pts',(3.20375166907907,1.85040931105614,3.305));
#16426=CARTESIAN_POINT('Ctrl Pts',(3.26043663993478,1.89174626469612,3.35));
#16427=CARTESIAN_POINT('Ctrl Pts',(3.26043663993478,1.89174626469612,3.305));
#16428=CARTESIAN_POINT('Ctrl Pts',(3.23444758430123,1.89174626469612,3.35));
#16429=CARTESIAN_POINT('Ctrl Pts',(3.23444758430123,1.89174626469612,3.305));
#16430=CARTESIAN_POINT('Ctrl Pts',(3.22206698432565,1.88263986706734,3.35));
#16431=CARTESIAN_POINT('Ctrl Pts',(3.22206698432565,1.88263986706734,3.305));
#16432=CARTESIAN_POINT('',(3.26043663993478,1.89174626469612,3.35));
#16433=CARTESIAN_POINT('Ctrl Pts',(3.26043663993478,1.89174626469612,3.35));
#16434=CARTESIAN_POINT('Ctrl Pts',(3.23444758430123,1.89174626469612,3.35));
#16435=CARTESIAN_POINT('Ctrl Pts',(3.22206698432565,1.88263986706734,3.35));
#16436=CARTESIAN_POINT('',(3.26043663993478,1.89174626469612,3.305));
#16437=CARTESIAN_POINT('',(3.26043663993478,1.89174626469612,3.35));
#16438=CARTESIAN_POINT('Ctrl Pts',(3.26043663993478,1.89174626469612,3.305));
#16439=CARTESIAN_POINT('Ctrl Pts',(3.23444758430123,1.89174626469612,3.305));
#16440=CARTESIAN_POINT('Ctrl Pts',(3.22206698432565,1.88263986706734,3.305));
#16441=CARTESIAN_POINT('Ctrl Pts',(3.30238758102059,1.87926332354546,3.35));
#16442=CARTESIAN_POINT('Ctrl Pts',(3.30238758102059,1.87926332354546,3.305));
#16443=CARTESIAN_POINT('Ctrl Pts',(3.28826747909188,1.89174626469612,3.35));
#16444=CARTESIAN_POINT('Ctrl Pts',(3.28826747909188,1.89174626469612,3.305));
#16445=CARTESIAN_POINT('Ctrl Pts',(3.26043663993478,1.89174626469612,3.35));
#16446=CARTESIAN_POINT('Ctrl Pts',(3.26043663993478,1.89174626469612,3.305));
#16447=CARTESIAN_POINT('',(3.30238758102059,1.87926332354546,3.35));
#16448=CARTESIAN_POINT('Ctrl Pts',(3.30238758102059,1.87926332354546,3.35));
#16449=CARTESIAN_POINT('Ctrl Pts',(3.28826747909188,1.89174626469612,3.35));
#16450=CARTESIAN_POINT('Ctrl Pts',(3.26043663993478,1.89174626469612,3.35));
#16451=CARTESIAN_POINT('',(3.30238758102059,1.87926332354546,3.305));
#16452=CARTESIAN_POINT('',(3.30238758102059,1.87926332354546,3.35));
#16453=CARTESIAN_POINT('Ctrl Pts',(3.30238758102059,1.87926332354546,3.305));
#16454=CARTESIAN_POINT('Ctrl Pts',(3.28826747909188,1.89174626469612,3.305));
#16455=CARTESIAN_POINT('Ctrl Pts',(3.26043663993478,1.89174626469612,3.305));
#16456=CARTESIAN_POINT('Ctrl Pts',(3.31282411590219,1.84754435420036,3.35));
#16457=CARTESIAN_POINT('Ctrl Pts',(3.31282411590219,1.84754435420036,3.305));
#16458=CARTESIAN_POINT('Ctrl Pts',(3.31282411590219,1.87005461454391,3.35));
#16459=CARTESIAN_POINT('Ctrl Pts',(3.31282411590219,1.87005461454391,3.305));
#16460=CARTESIAN_POINT('Ctrl Pts',(3.30238758102059,1.87926332354546,3.35));
#16461=CARTESIAN_POINT('Ctrl Pts',(3.30238758102059,1.87926332354546,3.305));
#16462=CARTESIAN_POINT('',(3.31282411590219,1.84754435420036,3.35));
#16463=CARTESIAN_POINT('Ctrl Pts',(3.31282411590219,1.84754435420036,3.35));
#16464=CARTESIAN_POINT('Ctrl Pts',(3.31282411590219,1.87005461454391,3.35));
#16465=CARTESIAN_POINT('Ctrl Pts',(3.30238758102059,1.87926332354546,3.35));
#16466=CARTESIAN_POINT('',(3.31282411590219,1.84754435420036,3.305));
#16467=CARTESIAN_POINT('',(3.31282411590219,1.84754435420036,3.35));
#16468=CARTESIAN_POINT('Ctrl Pts',(3.31282411590219,1.84754435420036,3.305));
#16469=CARTESIAN_POINT('Ctrl Pts',(3.31282411590219,1.87005461454391,3.305));
#16470=CARTESIAN_POINT('Ctrl Pts',(3.30238758102059,1.87926332354546,3.305));
#16471=CARTESIAN_POINT('Ctrl Pts',(3.31261931434274,1.83792636990547,3.35));
#16472=CARTESIAN_POINT('Ctrl Pts',(3.31261931434274,1.83792636990547,3.305));
#16473=CARTESIAN_POINT('Ctrl Pts',(3.31282411590219,1.84549800753593,3.35));
#16474=CARTESIAN_POINT('Ctrl Pts',(3.31282411590219,1.84549800753593,3.305));
#16475=CARTESIAN_POINT('Ctrl Pts',(3.31282411590219,1.84754435420036,3.35));
#16476=CARTESIAN_POINT('Ctrl Pts',(3.31282411590219,1.84754435420036,3.305));
#16477=CARTESIAN_POINT('',(3.31261931434274,1.83792636990547,3.35));
#16478=CARTESIAN_POINT('Ctrl Pts',(3.31261931434274,1.83792636990547,3.35));
#16479=CARTESIAN_POINT('Ctrl Pts',(3.31282411590219,1.84549800753593,3.35));
#16480=CARTESIAN_POINT('Ctrl Pts',(3.31282411590219,1.84754435420036,3.35));
#16481=CARTESIAN_POINT('',(3.31261931434274,1.83792636990547,3.305));
#16482=CARTESIAN_POINT('',(3.31261931434274,1.83792636990547,3.35));
#16483=CARTESIAN_POINT('Ctrl Pts',(3.31261931434274,1.83792636990547,3.305));
#16484=CARTESIAN_POINT('Ctrl Pts',(3.31282411590219,1.84549800753593,3.305));
#16485=CARTESIAN_POINT('Ctrl Pts',(3.31282411590219,1.84754435420036,3.305));
#16486=CARTESIAN_POINT('Ctrl Pts',(3.24693046584725,1.82523877620697,3.35));
#16487=CARTESIAN_POINT('Ctrl Pts',(3.24693046584725,1.82523877620697,3.305));
#16488=CARTESIAN_POINT('Ctrl Pts',(3.29154168143868,1.83055938482285,3.35));
#16489=CARTESIAN_POINT('Ctrl Pts',(3.29154168143868,1.83055938482285,3.305));
#16490=CARTESIAN_POINT('Ctrl Pts',(3.31261931434274,1.83792636990547,3.35));
#16491=CARTESIAN_POINT('Ctrl Pts',(3.31261931434274,1.83792636990547,3.305));
#16492=CARTESIAN_POINT('',(3.24693046584725,1.82523877620697,3.35));
#16493=CARTESIAN_POINT('Ctrl Pts',(3.24693046584725,1.82523877620697,3.35));
#16494=CARTESIAN_POINT('Ctrl Pts',(3.29154168143868,1.83055938482285,3.35));
#16495=CARTESIAN_POINT('Ctrl Pts',(3.31261931434274,1.83792636990547,3.35));
#16496=CARTESIAN_POINT('',(3.24693046584725,1.82523877620697,3.305));
#16497=CARTESIAN_POINT('',(3.24693046584725,1.82523877620697,3.35));
#16498=CARTESIAN_POINT('Ctrl Pts',(3.24693046584725,1.82523877620697,3.305));
#16499=CARTESIAN_POINT('Ctrl Pts',(3.29154168143868,1.83055938482285,3.305));
#16500=CARTESIAN_POINT('Ctrl Pts',(3.31261931434274,1.83792636990547,3.305));
#16501=CARTESIAN_POINT('Ctrl Pts',(3.21418844237924,1.81971354484558,3.35));
#16502=CARTESIAN_POINT('Ctrl Pts',(3.21418844237924,1.81971354484558,3.305));
#16503=CARTESIAN_POINT('Ctrl Pts',(3.22503410354257,1.82257847189903,3.35));
#16504=CARTESIAN_POINT('Ctrl Pts',(3.22503410354257,1.82257847189903,3.305));
#16505=CARTESIAN_POINT('Ctrl Pts',(3.24693046584725,1.82523877620697,3.35));
#16506=CARTESIAN_POINT('Ctrl Pts',(3.24693046584725,1.82523877620697,3.305));
#16507=CARTESIAN_POINT('',(3.21418844237924,1.81971354484558,3.35));
#16508=CARTESIAN_POINT('Ctrl Pts',(3.21418844237924,1.81971354484558,3.35));
#16509=CARTESIAN_POINT('Ctrl Pts',(3.22503410354257,1.82257847189903,3.35));
#16510=CARTESIAN_POINT('Ctrl Pts',(3.24693046584725,1.82523877620697,3.35));
#16511=CARTESIAN_POINT('',(3.21418844237924,1.81971354484558,3.305));
#16512=CARTESIAN_POINT('',(3.21418844237924,1.81971354484558,3.35));
#16513=CARTESIAN_POINT('Ctrl Pts',(3.21418844237924,1.81971354484558,3.305));
#16514=CARTESIAN_POINT('Ctrl Pts',(3.22503410354257,1.82257847189903,3.305));
#16515=CARTESIAN_POINT('Ctrl Pts',(3.24693046584725,1.82523877620697,3.305));
#16516=CARTESIAN_POINT('Ctrl Pts',(3.18768774047494,1.80763987898827,3.35));
#16517=CARTESIAN_POINT('Ctrl Pts',(3.18768774047494,1.80763987898827,3.305));
#16518=CARTESIAN_POINT('Ctrl Pts',(3.19945441260934,1.81562076210976,3.35));
#16519=CARTESIAN_POINT('Ctrl Pts',(3.19945441260934,1.81562076210976,3.305));
#16520=CARTESIAN_POINT('Ctrl Pts',(3.21418844237924,1.81971354484558,3.35));
#16521=CARTESIAN_POINT('Ctrl Pts',(3.21418844237924,1.81971354484558,3.305));
#16522=CARTESIAN_POINT('',(3.18768774047494,1.80763987898827,3.35));
#16523=CARTESIAN_POINT('Ctrl Pts',(3.18768774047494,1.80763987898827,3.35));
#16524=CARTESIAN_POINT('Ctrl Pts',(3.19945441260934,1.81562076210976,3.35));
#16525=CARTESIAN_POINT('Ctrl Pts',(3.21418844237924,1.81971354484558,3.35));
#16526=CARTESIAN_POINT('',(3.18768774047494,1.80763987898827,3.305));
#16527=CARTESIAN_POINT('',(3.18768774047494,1.80763987898827,3.35));
#16528=CARTESIAN_POINT('Ctrl Pts',(3.18768774047494,1.80763987898827,3.305));
#16529=CARTESIAN_POINT('Ctrl Pts',(3.19945441260934,1.81562076210976,3.305));
#16530=CARTESIAN_POINT('Ctrl Pts',(3.21418844237924,1.81971354484558,3.305));
#16531=CARTESIAN_POINT('Ctrl Pts',(3.16865621581674,1.78645978569984,3.35));
#16532=CARTESIAN_POINT('Ctrl Pts',(3.16865621581674,1.78645978569984,3.305));
#16533=CARTESIAN_POINT('Ctrl Pts',(3.17592082992196,1.79965896606445,3.35));
#16534=CARTESIAN_POINT('Ctrl Pts',(3.17592082992196,1.79965896606445,3.305));
#16535=CARTESIAN_POINT('Ctrl Pts',(3.18768774047494,1.80763987898827,3.35));
#16536=CARTESIAN_POINT('Ctrl Pts',(3.18768774047494,1.80763987898827,3.305));
#16537=CARTESIAN_POINT('',(3.16865621581674,1.78645978569984,3.35));
#16538=CARTESIAN_POINT('Ctrl Pts',(3.16865621581674,1.78645978569984,3.35));
#16539=CARTESIAN_POINT('Ctrl Pts',(3.17592082992196,1.79965896606445,3.35));
#16540=CARTESIAN_POINT('Ctrl Pts',(3.18768774047494,1.80763987898827,3.35));
#16541=CARTESIAN_POINT('',(3.16865621581674,1.78645978569984,3.305));
#16542=CARTESIAN_POINT('',(3.16865621581674,1.78645978569984,3.35));
#16543=CARTESIAN_POINT('Ctrl Pts',(3.16865621581674,1.78645978569984,3.305));
#16544=CARTESIAN_POINT('Ctrl Pts',(3.17592082992196,1.79965896606445,3.305));
#16545=CARTESIAN_POINT('Ctrl Pts',(3.18768774047494,1.80763987898827,3.305));
#16546=CARTESIAN_POINT('Ctrl Pts',(3.16139160171151,1.75729880928993,3.35));
#16547=CARTESIAN_POINT('Ctrl Pts',(3.16139160171151,1.75729880928993,3.305));
#16548=CARTESIAN_POINT('Ctrl Pts',(3.16139160171151,1.77326057553291,3.35));
#16549=CARTESIAN_POINT('Ctrl Pts',(3.16139160171151,1.77326057553291,3.305));
#16550=CARTESIAN_POINT('Ctrl Pts',(3.16865621581674,1.78645978569984,3.35));
#16551=CARTESIAN_POINT('Ctrl Pts',(3.16865621581674,1.78645978569984,3.305));
#16552=CARTESIAN_POINT('',(3.16139160171151,1.75729880928993,3.35));
#16553=CARTESIAN_POINT('Ctrl Pts',(3.16139160171151,1.75729880928993,3.35));
#16554=CARTESIAN_POINT('Ctrl Pts',(3.16139160171151,1.77326057553291,3.35));
#16555=CARTESIAN_POINT('Ctrl Pts',(3.16865621581674,1.78645978569984,3.35));
#16556=CARTESIAN_POINT('',(3.16139160171151,1.75729880928993,3.305));
#16557=CARTESIAN_POINT('',(3.16139160171151,1.75729880928993,3.35));
#16558=CARTESIAN_POINT('Ctrl Pts',(3.16139160171151,1.75729880928993,3.305));
#16559=CARTESIAN_POINT('Ctrl Pts',(3.16139160171151,1.77326057553291,3.305));
#16560=CARTESIAN_POINT('Ctrl Pts',(3.16865621581674,1.78645978569984,3.305));
#16561=CARTESIAN_POINT('Ctrl Pts',(3.18062768951058,1.71258531212807,3.35));
#16562=CARTESIAN_POINT('Ctrl Pts',(3.18062768951058,1.71258531212807,3.305));
#16563=CARTESIAN_POINT('Ctrl Pts',(3.16139160171151,1.73008189797401,3.35));
#16564=CARTESIAN_POINT('Ctrl Pts',(3.16139160171151,1.73008189797401,3.305));
#16565=CARTESIAN_POINT('Ctrl Pts',(3.16139160171151,1.75729880928993,3.35));
#16566=CARTESIAN_POINT('Ctrl Pts',(3.16139160171151,1.75729880928993,3.305));
#16567=CARTESIAN_POINT('',(3.18062768951058,1.71258531212807,3.35));
#16568=CARTESIAN_POINT('Ctrl Pts',(3.18062768951058,1.71258531212807,3.35));
#16569=CARTESIAN_POINT('Ctrl Pts',(3.16139160171151,1.73008189797401,3.35));
#16570=CARTESIAN_POINT('Ctrl Pts',(3.16139160171151,1.75729880928993,3.35));
#16571=CARTESIAN_POINT('',(3.18062768951058,1.71258531212807,3.305));
#16572=CARTESIAN_POINT('',(3.18062768951058,1.71258531212807,3.35));
#16573=CARTESIAN_POINT('Ctrl Pts',(3.18062768951058,1.71258531212807,3.305));
#16574=CARTESIAN_POINT('Ctrl Pts',(3.16139160171151,1.73008189797401,3.305));
#16575=CARTESIAN_POINT('Ctrl Pts',(3.16139160171151,1.75729880928993,3.305));
#16576=CARTESIAN_POINT('Ctrl Pts',(3.23567543998361,1.69508872628212,3.35));
#16577=CARTESIAN_POINT('Ctrl Pts',(3.23567543998361,1.69508872628212,3.305));
#16578=CARTESIAN_POINT('Ctrl Pts',(3.19986353889108,1.69508872628212,3.35));
#16579=CARTESIAN_POINT('Ctrl Pts',(3.19986353889108,1.69508872628212,3.305));
#16580=CARTESIAN_POINT('Ctrl Pts',(3.18062768951058,1.71258531212807,3.35));
#16581=CARTESIAN_POINT('Ctrl Pts',(3.18062768951058,1.71258531212807,3.305));
#16582=CARTESIAN_POINT('',(3.23567543998361,1.69508872628212,3.35));
#16583=CARTESIAN_POINT('Ctrl Pts',(3.23567543998361,1.69508872628212,3.35));
#16584=CARTESIAN_POINT('Ctrl Pts',(3.19986353889108,1.69508872628212,3.35));
#16585=CARTESIAN_POINT('Ctrl Pts',(3.18062768951058,1.71258531212807,3.35));
#16586=CARTESIAN_POINT('',(3.23567543998361,1.69508872628212,3.305));
#16587=CARTESIAN_POINT('',(3.23567543998361,1.69508872628212,3.35));
#16588=CARTESIAN_POINT('Ctrl Pts',(3.23567543998361,1.69508872628212,3.305));
#16589=CARTESIAN_POINT('Ctrl Pts',(3.19986353889108,1.69508872628212,3.305));
#16590=CARTESIAN_POINT('Ctrl Pts',(3.18062768951058,1.71258531212807,3.305));
#16591=CARTESIAN_POINT('Ctrl Pts',(3.27629600539804,1.70225105881691,3.35));
#16592=CARTESIAN_POINT('Ctrl Pts',(3.27629600539804,1.70225105881691,3.305));
#16593=CARTESIAN_POINT('Ctrl Pts',(3.25736700072885,1.69508872628212,3.35));
#16594=CARTESIAN_POINT('Ctrl Pts',(3.25736700072885,1.69508872628212,3.305));
#16595=CARTESIAN_POINT('Ctrl Pts',(3.23567543998361,1.69508872628212,3.35));
#16596=CARTESIAN_POINT('Ctrl Pts',(3.23567543998361,1.69508872628212,3.305));
#16597=CARTESIAN_POINT('',(3.27629600539804,1.70225105881691,3.35));
#16598=CARTESIAN_POINT('Ctrl Pts',(3.27629600539804,1.70225105881691,3.35));
#16599=CARTESIAN_POINT('Ctrl Pts',(3.25736700072885,1.69508872628212,3.35));
#16600=CARTESIAN_POINT('Ctrl Pts',(3.23567543998361,1.69508872628212,3.35));
#16601=CARTESIAN_POINT('',(3.27629600539804,1.70225105881691,3.305));
#16602=CARTESIAN_POINT('',(3.27629600539804,1.70225105881691,3.35));
#16603=CARTESIAN_POINT('Ctrl Pts',(3.27629600539804,1.70225105881691,3.305));
#16604=CARTESIAN_POINT('Ctrl Pts',(3.25736700072885,1.69508872628212,3.305));
#16605=CARTESIAN_POINT('Ctrl Pts',(3.23567543998361,1.69508872628212,3.305));
#16606=CARTESIAN_POINT('Ctrl Pts',(3.31568895354867,1.72680769562721,3.35));
#16607=CARTESIAN_POINT('Ctrl Pts',(3.31568895354867,1.72680769562721,3.305));
#16608=CARTESIAN_POINT('Ctrl Pts',(3.2952252484858,1.7094133913517,3.35));
#16609=CARTESIAN_POINT('Ctrl Pts',(3.2952252484858,1.7094133913517,3.305));
#16610=CARTESIAN_POINT('Ctrl Pts',(3.27629600539804,1.70225105881691,3.35));
#16611=CARTESIAN_POINT('Ctrl Pts',(3.27629600539804,1.70225105881691,3.305));
#16612=CARTESIAN_POINT('',(3.31568895354867,1.72680769562721,3.35));
#16613=CARTESIAN_POINT('Ctrl Pts',(3.31568895354867,1.72680769562721,3.35));
#16614=CARTESIAN_POINT('Ctrl Pts',(3.2952252484858,1.7094133913517,3.35));
#16615=CARTESIAN_POINT('Ctrl Pts',(3.27629600539804,1.70225105881691,3.35));
#16616=CARTESIAN_POINT('',(3.31568895354867,1.72680769562721,3.305));
#16617=CARTESIAN_POINT('',(3.31568895354867,1.72680769562721,3.35));
#16618=CARTESIAN_POINT('Ctrl Pts',(3.31568895354867,1.72680769562721,3.305));
#16619=CARTESIAN_POINT('Ctrl Pts',(3.2952252484858,1.7094133913517,3.305));
#16620=CARTESIAN_POINT('Ctrl Pts',(3.27629600539804,1.70225105881691,3.305));
#16621=CARTESIAN_POINT('Ctrl Pts',(3.32305608764291,1.70000002980232,3.35));
#16622=CARTESIAN_POINT('Ctrl Pts',(3.32305608764291,1.70000002980232,3.305));
#16623=CARTESIAN_POINT('Ctrl Pts',(3.31732617393136,1.71145979762077,3.35));
#16624=CARTESIAN_POINT('Ctrl Pts',(3.31732617393136,1.71145979762077,3.305));
#16625=CARTESIAN_POINT('Ctrl Pts',(3.31568895354867,1.72680769562721,3.35));
#16626=CARTESIAN_POINT('Ctrl Pts',(3.31568895354867,1.72680769562721,3.305));
#16627=CARTESIAN_POINT('Ctrl Pts',(3.32305608764291,1.70000002980232,3.35));
#16628=CARTESIAN_POINT('Ctrl Pts',(3.31732617393136,1.71145979762077,3.35));
#16629=CARTESIAN_POINT('Ctrl Pts',(3.31568895354867,1.72680769562721,3.35));
#16630=CARTESIAN_POINT('Ctrl Pts',(3.32305608764291,1.70000002980232,3.305));
#16631=CARTESIAN_POINT('Ctrl Pts',(3.31732617393136,1.71145979762077,3.305));
#16632=CARTESIAN_POINT('Ctrl Pts',(3.31568895354867,1.72680769562721,3.305));
#16633=CARTESIAN_POINT('Origin',(2.14761248119175,1.80590043663979,3.305));
#16634=CARTESIAN_POINT('Origin',(3.13130961433053,1.73540250658989,3.35));
#16635=CARTESIAN_POINT('',(3.13130961433053,1.73540250658989,3.35));
#16636=CARTESIAN_POINT('',(3.13130961433053,1.70000002980232,3.35));
#16637=CARTESIAN_POINT('',(3.13130961433053,1.86770125329494,3.35));
#16638=CARTESIAN_POINT('',(3.13130961433053,1.73540250658989,3.305));
#16639=CARTESIAN_POINT('',(3.13130961433053,1.73540250658989,3.35));
#16640=CARTESIAN_POINT('',(3.13130961433053,1.70000002980232,3.305));
#16641=CARTESIAN_POINT('',(3.13130961433053,1.73540250658989,3.305));
#16642=CARTESIAN_POINT('',(3.13130961433053,1.70000002980232,3.35));
#16643=CARTESIAN_POINT('Origin',(2.98356066718698,1.73540250658989,3.35));
#16644=CARTESIAN_POINT('',(2.98356066718698,1.73540250658989,3.35));
#16645=CARTESIAN_POINT('',(3.49178033359349,1.73540250658989,3.35));
#16646=CARTESIAN_POINT('',(2.98356066718698,1.73540250658989,3.305));
#16647=CARTESIAN_POINT('',(2.98356066718698,1.73540250658989,3.35));
#16648=CARTESIAN_POINT('',(2.98356066718698,1.73540250658989,3.305));
#16649=CARTESIAN_POINT('Origin',(2.98356066718698,2.00000004172325,3.35));
#16650=CARTESIAN_POINT('',(2.98356066718698,2.00000004172325,3.35));
#16651=CARTESIAN_POINT('',(2.98356066718698,2.00000002086163,3.35));
#16652=CARTESIAN_POINT('',(2.98356066718698,2.00000004172325,3.305));
#16653=CARTESIAN_POINT('',(2.98356066718698,2.00000004172325,3.35));
#16654=CARTESIAN_POINT('',(2.98356066718698,2.00000004172325,3.305));
#16655=CARTESIAN_POINT('Origin',(2.94386087432504,2.00000004172325,3.35));
#16656=CARTESIAN_POINT('',(2.94386087432504,2.00000004172325,3.35));
#16657=CARTESIAN_POINT('',(3.47193043716252,2.00000004172325,3.35));
#16658=CARTESIAN_POINT('',(2.94386087432504,2.00000004172325,3.305));
#16659=CARTESIAN_POINT('',(2.94386087432504,2.00000004172325,3.35));
#16660=CARTESIAN_POINT('',(2.94386087432504,2.00000004172325,3.305));
#16661=CARTESIAN_POINT('Origin',(2.94386087432504,1.70000002980232,3.35));
#16662=CARTESIAN_POINT('',(2.94386087432504,1.70000002980232,3.35));
#16663=CARTESIAN_POINT('',(2.94386087432504,1.85000001490116,3.35));
#16664=CARTESIAN_POINT('',(2.94386087432504,1.70000002980232,3.305));
#16665=CARTESIAN_POINT('',(2.94386087432504,1.70000002980232,3.35));
#16666=CARTESIAN_POINT('',(2.94386087432504,1.70000002980232,3.305));
#16667=CARTESIAN_POINT('Origin',(3.13130961433053,1.70000002980232,3.35));
#16668=CARTESIAN_POINT('',(3.56565480716527,1.70000002980232,3.35));
#16669=CARTESIAN_POINT('',(3.13130961433053,1.70000002980232,3.305));
#16670=CARTESIAN_POINT('Origin',(2.14761248119175,1.80590043663979,3.305));
#16671=CARTESIAN_POINT('Origin',(2.39502047076821,1.81869034171104,3.35));
#16672=CARTESIAN_POINT('',(2.39502047076821,1.81869034171104,3.35));
#16673=CARTESIAN_POINT('',(2.39502047076821,1.70000002980232,3.35));
#16674=CARTESIAN_POINT('',(2.39502047076821,1.90934517085552,3.35));
#16675=CARTESIAN_POINT('',(2.39502047076821,1.81869034171104,3.305));
#16676=CARTESIAN_POINT('',(2.39502047076821,1.81869034171104,3.35));
#16677=CARTESIAN_POINT('',(2.39502047076821,1.70000002980232,3.305));
#16678=CARTESIAN_POINT('',(2.39502047076821,1.81869034171104,3.305));
#16679=CARTESIAN_POINT('',(2.39502047076821,1.70000002980232,3.35));
#16680=CARTESIAN_POINT('Ctrl Pts',(2.41210781112313,1.87537519335747,3.35));
#16681=CARTESIAN_POINT('Ctrl Pts',(2.41210781112313,1.87537519335747,3.305));
#16682=CARTESIAN_POINT('Ctrl Pts',(2.39502047076821,1.8604366004467,3.35));
#16683=CARTESIAN_POINT('Ctrl Pts',(2.39502047076821,1.8604366004467,3.305));
#16684=CARTESIAN_POINT('Ctrl Pts',(2.39502047076821,1.81869034171104,3.35));
#16685=CARTESIAN_POINT('Ctrl Pts',(2.39502047076821,1.81869034171104,3.305));
#16686=CARTESIAN_POINT('',(2.41210781112313,1.87537519335747,3.35));
#16687=CARTESIAN_POINT('Ctrl Pts',(2.41210781112313,1.87537519335747,3.35));
#16688=CARTESIAN_POINT('Ctrl Pts',(2.39502047076821,1.8604366004467,3.35));
#16689=CARTESIAN_POINT('Ctrl Pts',(2.39502047076821,1.81869034171104,3.35));
#16690=CARTESIAN_POINT('',(2.41210781112313,1.87537519335747,3.305));
#16691=CARTESIAN_POINT('',(2.41210781112313,1.87537519335747,3.35));
#16692=CARTESIAN_POINT('Ctrl Pts',(2.41210781112313,1.87537519335747,3.305));
#16693=CARTESIAN_POINT('Ctrl Pts',(2.39502047076821,1.8604366004467,3.305));
#16694=CARTESIAN_POINT('Ctrl Pts',(2.39502047076821,1.81869034171104,3.305));
#16695=CARTESIAN_POINT('Ctrl Pts',(2.45272849574685,1.89031381607056,3.35));
#16696=CARTESIAN_POINT('Ctrl Pts',(2.45272849574685,1.89031381607056,3.305));
#16697=CARTESIAN_POINT('Ctrl Pts',(2.42919503226876,1.89031381607056,3.35));
#16698=CARTESIAN_POINT('Ctrl Pts',(2.42919503226876,1.89031381607056,3.305));
#16699=CARTESIAN_POINT('Ctrl Pts',(2.41210781112313,1.87537519335747,3.35));
#16700=CARTESIAN_POINT('Ctrl Pts',(2.41210781112313,1.87537519335747,3.305));
#16701=CARTESIAN_POINT('',(2.45272849574685,1.89031381607056,3.35));
#16702=CARTESIAN_POINT('Ctrl Pts',(2.45272849574685,1.89031381607056,3.35));
#16703=CARTESIAN_POINT('Ctrl Pts',(2.42919503226876,1.89031381607056,3.35));
#16704=CARTESIAN_POINT('Ctrl Pts',(2.41210781112313,1.87537519335747,3.35));
#16705=CARTESIAN_POINT('',(2.45272849574685,1.89031381607056,3.305));
#16706=CARTESIAN_POINT('',(2.45272849574685,1.89031381607056,3.35));
#16707=CARTESIAN_POINT('Ctrl Pts',(2.45272849574685,1.89031381607056,3.305));
#16708=CARTESIAN_POINT('Ctrl Pts',(2.42919503226876,1.89031381607056,3.305));
#16709=CARTESIAN_POINT('Ctrl Pts',(2.41210781112313,1.87537519335747,3.305));
#16710=CARTESIAN_POINT('Ctrl Pts',(2.4784105874598,1.88366304039955,3.35));
#16711=CARTESIAN_POINT('Ctrl Pts',(2.4784105874598,1.88366304039955,3.305));
#16712=CARTESIAN_POINT('Ctrl Pts',(2.46746240630746,1.89031381607056,3.35));
#16713=CARTESIAN_POINT('Ctrl Pts',(2.46746240630746,1.89031381607056,3.305));
#16714=CARTESIAN_POINT('Ctrl Pts',(2.45272849574685,1.89031381607056,3.35));
#16715=CARTESIAN_POINT('Ctrl Pts',(2.45272849574685,1.89031381607056,3.305));
#16716=CARTESIAN_POINT('',(2.4784105874598,1.88366304039955,3.35));
#16717=CARTESIAN_POINT('Ctrl Pts',(2.4784105874598,1.88366304039955,3.35));
#16718=CARTESIAN_POINT('Ctrl Pts',(2.46746240630746,1.89031381607056,3.35));
#16719=CARTESIAN_POINT('Ctrl Pts',(2.45272849574685,1.89031381607056,3.35));
#16720=CARTESIAN_POINT('',(2.4784105874598,1.88366304039955,3.305));
#16721=CARTESIAN_POINT('',(2.4784105874598,1.88366304039955,3.35));
#16722=CARTESIAN_POINT('Ctrl Pts',(2.4784105874598,1.88366304039955,3.305));
#16723=CARTESIAN_POINT('Ctrl Pts',(2.46746240630746,1.89031381607056,3.305));
#16724=CARTESIAN_POINT('Ctrl Pts',(2.45272849574685,1.89031381607056,3.305));
#16725=CARTESIAN_POINT('Ctrl Pts',(2.49365614429116,1.86585952043533,3.35));
#16726=CARTESIAN_POINT('Ctrl Pts',(2.49365614429116,1.86585952043533,3.305));
#16727=CARTESIAN_POINT('Ctrl Pts',(2.48935876861215,1.87701229453087,3.35));
#16728=CARTESIAN_POINT('Ctrl Pts',(2.48935876861215,1.87701229453087,3.305));
#16729=CARTESIAN_POINT('Ctrl Pts',(2.4784105874598,1.88366304039955,3.35));
#16730=CARTESIAN_POINT('Ctrl Pts',(2.4784105874598,1.88366304039955,3.305));
#16731=CARTESIAN_POINT('',(2.49365614429116,1.86585952043533,3.35));
#16732=CARTESIAN_POINT('Ctrl Pts',(2.49365614429116,1.86585952043533,3.35));
#16733=CARTESIAN_POINT('Ctrl Pts',(2.48935876861215,1.87701229453087,3.35));
#16734=CARTESIAN_POINT('Ctrl Pts',(2.4784105874598,1.88366304039955,3.35));
#16735=CARTESIAN_POINT('',(2.49365614429116,1.86585952043533,3.305));
#16736=CARTESIAN_POINT('',(2.49365614429116,1.86585952043533,3.35));
#16737=CARTESIAN_POINT('Ctrl Pts',(2.49365614429116,1.86585952043533,3.305));
#16738=CARTESIAN_POINT('Ctrl Pts',(2.48935876861215,1.87701229453087,3.305));
#16739=CARTESIAN_POINT('Ctrl Pts',(2.4784105874598,1.88366304039955,3.305));
#16740=CARTESIAN_POINT('Ctrl Pts',(2.49795363917947,1.83219648599625,3.35));
#16741=CARTESIAN_POINT('Ctrl Pts',(2.49795363917947,1.83219648599625,3.305));
#16742=CARTESIAN_POINT('Ctrl Pts',(2.49795363917947,1.85470671653748,3.35));
#16743=CARTESIAN_POINT('Ctrl Pts',(2.49795363917947,1.85470671653748,3.305));
#16744=CARTESIAN_POINT('Ctrl Pts',(2.49365614429116,1.86585952043533,3.35));
#16745=CARTESIAN_POINT('Ctrl Pts',(2.49365614429116,1.86585952043533,3.305));
#16746=CARTESIAN_POINT('',(2.49795363917947,1.83219648599625,3.35));
#16747=CARTESIAN_POINT('Ctrl Pts',(2.49795363917947,1.83219648599625,3.35));
#16748=CARTESIAN_POINT('Ctrl Pts',(2.49795363917947,1.85470671653748,3.35));
#16749=CARTESIAN_POINT('Ctrl Pts',(2.49365614429116,1.86585952043533,3.35));
#16750=CARTESIAN_POINT('',(2.49795363917947,1.83219648599625,3.305));
#16751=CARTESIAN_POINT('',(2.49795363917947,1.83219648599625,3.35));
#16752=CARTESIAN_POINT('Ctrl Pts',(2.49795363917947,1.83219648599625,3.305));
#16753=CARTESIAN_POINT('Ctrl Pts',(2.49795363917947,1.85470671653748,3.305));
#16754=CARTESIAN_POINT('Ctrl Pts',(2.49365614429116,1.86585952043533,3.305));
#16755=CARTESIAN_POINT('Origin',(2.49795363917947,1.70000002980232,3.35));
#16756=CARTESIAN_POINT('',(2.49795363917947,1.70000002980232,3.35));
#16757=CARTESIAN_POINT('',(2.49795363917947,1.85000001490116,3.35));
#16758=CARTESIAN_POINT('',(2.49795363917947,1.70000002980232,3.305));
#16759=CARTESIAN_POINT('',(2.49795363917947,1.70000002980232,3.35));
#16760=CARTESIAN_POINT('',(2.49795363917947,1.70000002980232,3.305));
#16761=CARTESIAN_POINT('Origin',(2.53478847518563,1.70000002980232,3.35));
#16762=CARTESIAN_POINT('',(2.53478847518563,1.70000002980232,3.35));
#16763=CARTESIAN_POINT('',(3.26739423759282,1.70000002980232,3.35));
#16764=CARTESIAN_POINT('',(2.53478847518563,1.70000002980232,3.305));
#16765=CARTESIAN_POINT('',(2.53478847518563,1.70000002980232,3.35));
#16766=CARTESIAN_POINT('',(2.53478847518563,1.70000002980232,3.305));
#16767=CARTESIAN_POINT('Origin',(2.53478847518563,1.83362893462181,3.35));
#16768=CARTESIAN_POINT('',(2.53478847518563,1.83362893462181,3.35));
#16769=CARTESIAN_POINT('',(2.53478847518563,1.91681446731091,3.35));
#16770=CARTESIAN_POINT('',(2.53478847518563,1.83362893462181,3.305));
#16771=CARTESIAN_POINT('',(2.53478847518563,1.83362893462181,3.35));
#16772=CARTESIAN_POINT('',(2.53478847518563,1.83362893462181,3.305));
#16773=CARTESIAN_POINT('Ctrl Pts',(2.5327421285212,1.86944068670273,3.35));
#16774=CARTESIAN_POINT('Ctrl Pts',(2.5327421285212,1.86944068670273,3.305));
#16775=CARTESIAN_POINT('Ctrl Pts',(2.53478847518563,1.85920874476433,3.35));
#16776=CARTESIAN_POINT('Ctrl Pts',(2.53478847518563,1.85920874476433,3.305));
#16777=CARTESIAN_POINT('Ctrl Pts',(2.53478847518563,1.83362893462181,3.35));
#16778=CARTESIAN_POINT('Ctrl Pts',(2.53478847518563,1.83362893462181,3.305));
#16779=CARTESIAN_POINT('',(2.5327421285212,1.86944068670273,3.35));
#16780=CARTESIAN_POINT('Ctrl Pts',(2.5327421285212,1.86944068670273,3.35));
#16781=CARTESIAN_POINT('Ctrl Pts',(2.53478847518563,1.85920874476433,3.35));
#16782=CARTESIAN_POINT('Ctrl Pts',(2.53478847518563,1.83362893462181,3.35));
#16783=CARTESIAN_POINT('',(2.5327421285212,1.86944068670273,3.305));
#16784=CARTESIAN_POINT('',(2.5327421285212,1.86944068670273,3.35));
#16785=CARTESIAN_POINT('Ctrl Pts',(2.5327421285212,1.86944068670273,3.305));
#16786=CARTESIAN_POINT('Ctrl Pts',(2.53478847518563,1.85920874476433,3.305));
#16787=CARTESIAN_POINT('Ctrl Pts',(2.53478847518563,1.83362893462181,3.305));
#16788=CARTESIAN_POINT('Ctrl Pts',(2.5212824203074,1.89665759801865,3.35));
#16789=CARTESIAN_POINT('Ctrl Pts',(2.5212824203074,1.89665759801865,3.305));
#16790=CARTESIAN_POINT('Ctrl Pts',(2.5294679261744,1.88519786000252,3.35));
#16791=CARTESIAN_POINT('Ctrl Pts',(2.5294679261744,1.88519786000252,3.305));
#16792=CARTESIAN_POINT('Ctrl Pts',(2.5327421285212,1.86944068670273,3.35));
#16793=CARTESIAN_POINT('Ctrl Pts',(2.5327421285212,1.86944068670273,3.305));
#16794=CARTESIAN_POINT('',(2.5212824203074,1.89665759801865,3.35));
#16795=CARTESIAN_POINT('Ctrl Pts',(2.5212824203074,1.89665759801865,3.35));
#16796=CARTESIAN_POINT('Ctrl Pts',(2.5294679261744,1.88519786000252,3.35));
#16797=CARTESIAN_POINT('Ctrl Pts',(2.5327421285212,1.86944068670273,3.35));
#16798=CARTESIAN_POINT('',(2.5212824203074,1.89665759801865,3.305));
#16799=CARTESIAN_POINT('',(2.5212824203074,1.89665759801865,3.35));
#16800=CARTESIAN_POINT('Ctrl Pts',(2.5212824203074,1.89665759801865,3.305));
#16801=CARTESIAN_POINT('Ctrl Pts',(2.5294679261744,1.88519786000252,3.305));
#16802=CARTESIAN_POINT('Ctrl Pts',(2.5327421285212,1.86944068670273,3.305));
#16803=CARTESIAN_POINT('Ctrl Pts',(2.49662338271737,1.91517738699913,3.35));
#16804=CARTESIAN_POINT('Ctrl Pts',(2.49662338271737,1.91517738699913,3.305));
#16805=CARTESIAN_POINT('Ctrl Pts',(2.5130967952311,1.9081173658371,3.35));
#16806=CARTESIAN_POINT('Ctrl Pts',(2.5130967952311,1.9081173658371,3.305));
#16807=CARTESIAN_POINT('Ctrl Pts',(2.5212824203074,1.89665759801865,3.35));
#16808=CARTESIAN_POINT('Ctrl Pts',(2.5212824203074,1.89665759801865,3.305));
#16809=CARTESIAN_POINT('',(2.49662338271737,1.91517738699913,3.35));
#16810=CARTESIAN_POINT('Ctrl Pts',(2.49662338271737,1.91517738699913,3.35));
#16811=CARTESIAN_POINT('Ctrl Pts',(2.5130967952311,1.9081173658371,3.35));
#16812=CARTESIAN_POINT('Ctrl Pts',(2.5212824203074,1.89665759801865,3.35));
#16813=CARTESIAN_POINT('',(2.49662338271737,1.91517738699913,3.305));
#16814=CARTESIAN_POINT('',(2.49662338271737,1.91517738699913,3.35));
#16815=CARTESIAN_POINT('Ctrl Pts',(2.49662338271737,1.91517738699913,3.305));
#16816=CARTESIAN_POINT('Ctrl Pts',(2.5130967952311,1.9081173658371,3.305));
#16817=CARTESIAN_POINT('Ctrl Pts',(2.5212824203074,1.89665759801865,3.305));
#16818=CARTESIAN_POINT('Ctrl Pts',(2.46050475612283,1.92223740816116,3.35));
#16819=CARTESIAN_POINT('Ctrl Pts',(2.46050475612283,1.92223740816116,3.305));
#16820=CARTESIAN_POINT('Ctrl Pts',(2.48015008941293,1.92223740816116,3.35));
#16821=CARTESIAN_POINT('Ctrl Pts',(2.48015008941293,1.92223740816116,3.305));
#16822=CARTESIAN_POINT('Ctrl Pts',(2.49662338271737,1.91517738699913,3.35));
#16823=CARTESIAN_POINT('Ctrl Pts',(2.49662338271737,1.91517738699913,3.305));
#16824=CARTESIAN_POINT('',(2.46050475612283,1.92223740816116,3.35));
#16825=CARTESIAN_POINT('Ctrl Pts',(2.46050475612283,1.92223740816116,3.35));
#16826=CARTESIAN_POINT('Ctrl Pts',(2.48015008941293,1.92223740816116,3.35));
#16827=CARTESIAN_POINT('Ctrl Pts',(2.49662338271737,1.91517738699913,3.35));
#16828=CARTESIAN_POINT('',(2.46050475612283,1.92223740816116,3.305));
#16829=CARTESIAN_POINT('',(2.46050475612283,1.92223740816116,3.35));
#16830=CARTESIAN_POINT('Ctrl Pts',(2.46050475612283,1.92223740816116,3.305));
#16831=CARTESIAN_POINT('Ctrl Pts',(2.48015008941293,1.92223740816116,3.305));
#16832=CARTESIAN_POINT('Ctrl Pts',(2.49662338271737,1.91517738699913,3.305));
#16833=CARTESIAN_POINT('Ctrl Pts',(2.39133690372109,1.88642568588257,3.35));
#16834=CARTESIAN_POINT('Ctrl Pts',(2.39133690372109,1.88642568588257,3.305));
#16835=CARTESIAN_POINT('Ctrl Pts',(2.41527961269021,1.92223740816116,3.35));
#16836=CARTESIAN_POINT('Ctrl Pts',(2.41527961269021,1.92223740816116,3.305));
#16837=CARTESIAN_POINT('Ctrl Pts',(2.46050475612283,1.92223740816116,3.35));
#16838=CARTESIAN_POINT('Ctrl Pts',(2.46050475612283,1.92223740816116,3.305));
#16839=CARTESIAN_POINT('',(2.39133690372109,1.88642568588257,3.35));
#16840=CARTESIAN_POINT('Ctrl Pts',(2.39133690372109,1.88642568588257,3.35));
#16841=CARTESIAN_POINT('Ctrl Pts',(2.41527961269021,1.92223740816116,3.35));
#16842=CARTESIAN_POINT('Ctrl Pts',(2.46050475612283,1.92223740816116,3.35));
#16843=CARTESIAN_POINT('',(2.39133690372109,1.88642568588257,3.305));
#16844=CARTESIAN_POINT('',(2.39133690372109,1.88642568588257,3.35));
#16845=CARTESIAN_POINT('Ctrl Pts',(2.39133690372109,1.88642568588257,3.305));
#16846=CARTESIAN_POINT('Ctrl Pts',(2.41527961269021,1.92223740816116,3.305));
#16847=CARTESIAN_POINT('Ctrl Pts',(2.46050475612283,1.92223740816116,3.305));
#16848=CARTESIAN_POINT('Origin',(2.39133690372109,1.91732607483864,3.35));
#16849=CARTESIAN_POINT('',(2.39133690372109,1.91732607483864,3.35));
#16850=CARTESIAN_POINT('',(2.39133690372109,1.95866303741932,3.35));
#16851=CARTESIAN_POINT('',(2.39133690372109,1.91732607483864,3.305));
#16852=CARTESIAN_POINT('',(2.39133690372109,1.91732607483864,3.35));
#16853=CARTESIAN_POINT('',(2.39133690372109,1.91732607483864,3.305));
#16854=CARTESIAN_POINT('Origin',(2.35818551555276,1.91732607483864,3.35));
#16855=CARTESIAN_POINT('',(2.35818551555276,1.91732607483864,3.35));
#16856=CARTESIAN_POINT('',(3.17909275777638,1.91732607483864,3.35));
#16857=CARTESIAN_POINT('',(2.35818551555276,1.91732607483864,3.305));
#16858=CARTESIAN_POINT('',(2.35818551555276,1.91732607483864,3.35));
#16859=CARTESIAN_POINT('',(2.35818551555276,1.91732607483864,3.305));
#16860=CARTESIAN_POINT('Origin',(2.35818551555276,1.70000002980232,3.35));
#16861=CARTESIAN_POINT('',(2.35818551555276,1.70000002980232,3.35));
#16862=CARTESIAN_POINT('',(2.35818551555276,1.85000001490116,3.35));
#16863=CARTESIAN_POINT('',(2.35818551555276,1.70000002980232,3.305));
#16864=CARTESIAN_POINT('',(2.35818551555276,1.70000002980232,3.35));
#16865=CARTESIAN_POINT('',(2.35818551555276,1.70000002980232,3.305));
#16866=CARTESIAN_POINT('Origin',(2.39502047076821,1.70000002980232,3.35));
#16867=CARTESIAN_POINT('',(3.19751023538411,1.70000002980232,3.35));
#16868=CARTESIAN_POINT('',(2.39502047076821,1.70000002980232,3.305));
#16869=CARTESIAN_POINT('Origin',(2.14761248119175,1.80590043663979,3.305));
#16870=CARTESIAN_POINT('Ctrl Pts',(3.49986349120736,1.89195091724396,3.35));
#16871=CARTESIAN_POINT('Ctrl Pts',(3.49986349120736,1.89195091724396,3.305));
#16872=CARTESIAN_POINT('Ctrl Pts',(3.47571621909738,1.89195091724396,3.35));
#16873=CARTESIAN_POINT('Ctrl Pts',(3.47571621909738,1.89195091724396,3.305));
#16874=CARTESIAN_POINT('Ctrl Pts',(3.45811711326242,1.87097547650337,3.35));
#16875=CARTESIAN_POINT('Ctrl Pts',(3.45811711326242,1.87097547650337,3.305));
#16876=CARTESIAN_POINT('',(3.49986349120736,1.89195091724396,3.35));
#16877=CARTESIAN_POINT('',(3.45811711326242,1.87097547650337,3.35));
#16878=CARTESIAN_POINT('Ctrl Pts',(3.49986349120736,1.89195091724396,3.35));
#16879=CARTESIAN_POINT('Ctrl Pts',(3.47571621909738,1.89195091724396,3.35));
#16880=CARTESIAN_POINT('Ctrl Pts',(3.45811711326242,1.87097547650337,3.35));
#16881=CARTESIAN_POINT('',(3.49986349120736,1.89195091724396,3.305));
#16882=CARTESIAN_POINT('',(3.49986349120736,1.89195091724396,3.35));
#16883=CARTESIAN_POINT('',(3.45811711326242,1.87097547650337,3.305));
#16884=CARTESIAN_POINT('Ctrl Pts',(3.49986349120736,1.89195091724396,3.305));
#16885=CARTESIAN_POINT('Ctrl Pts',(3.47571621909738,1.89195091724396,3.305));
#16886=CARTESIAN_POINT('Ctrl Pts',(3.45811711326242,1.87097547650337,3.305));
#16887=CARTESIAN_POINT('',(3.45811711326242,1.87097547650337,3.35));
#16888=CARTESIAN_POINT('Ctrl Pts',(3.54068885818124,1.87169168591499,3.35));
#16889=CARTESIAN_POINT('Ctrl Pts',(3.54068885818124,1.87169168591499,3.305));
#16890=CARTESIAN_POINT('Ctrl Pts',(3.52380620017648,1.89195091724396,3.35));
#16891=CARTESIAN_POINT('Ctrl Pts',(3.52380620017648,1.89195091724396,3.305));
#16892=CARTESIAN_POINT('Ctrl Pts',(3.49986349120736,1.89195091724396,3.35));
#16893=CARTESIAN_POINT('Ctrl Pts',(3.49986349120736,1.89195091724396,3.305));
#16894=CARTESIAN_POINT('',(3.54068885818124,1.87169168591499,3.35));
#16895=CARTESIAN_POINT('Ctrl Pts',(3.54068885818124,1.87169168591499,3.35));
#16896=CARTESIAN_POINT('Ctrl Pts',(3.52380620017648,1.89195091724396,3.35));
#16897=CARTESIAN_POINT('Ctrl Pts',(3.49986349120736,1.89195091724396,3.35));
#16898=CARTESIAN_POINT('',(3.54068885818124,1.87169168591499,3.305));
#16899=CARTESIAN_POINT('',(3.54068885818124,1.87169168591499,3.35));
#16900=CARTESIAN_POINT('Ctrl Pts',(3.54068885818124,1.87169168591499,3.305));
#16901=CARTESIAN_POINT('Ctrl Pts',(3.52380620017648,1.89195091724396,3.305));
#16902=CARTESIAN_POINT('Ctrl Pts',(3.49986349120736,1.89195091724396,3.305));
#16903=CARTESIAN_POINT('Ctrl Pts',(3.557571516186,1.80886767506599,3.35));
#16904=CARTESIAN_POINT('Ctrl Pts',(3.557571516186,1.80886767506599,3.305));
#16905=CARTESIAN_POINT('Ctrl Pts',(3.557571516186,1.85143248438835,3.35));
#16906=CARTESIAN_POINT('Ctrl Pts',(3.557571516186,1.85143248438835,3.305));
#16907=CARTESIAN_POINT('Ctrl Pts',(3.54068885818124,1.87169168591499,3.35));
#16908=CARTESIAN_POINT('Ctrl Pts',(3.54068885818124,1.87169168591499,3.305));
#16909=CARTESIAN_POINT('',(3.557571516186,1.80886767506599,3.35));
#16910=CARTESIAN_POINT('Ctrl Pts',(3.557571516186,1.80886767506599,3.35));
#16911=CARTESIAN_POINT('Ctrl Pts',(3.557571516186,1.85143248438835,3.35));
#16912=CARTESIAN_POINT('Ctrl Pts',(3.54068885818124,1.87169168591499,3.35));
#16913=CARTESIAN_POINT('',(3.557571516186,1.80886767506599,3.305));
#16914=CARTESIAN_POINT('',(3.557571516186,1.80886767506599,3.35));
#16915=CARTESIAN_POINT('Ctrl Pts',(3.557571516186,1.80886767506599,3.305));
#16916=CARTESIAN_POINT('Ctrl Pts',(3.557571516186,1.85143248438835,3.305));
#16917=CARTESIAN_POINT('Ctrl Pts',(3.54068885818124,1.87169168591499,3.305));
#16918=CARTESIAN_POINT('Ctrl Pts',(3.53997264876962,1.74635062813759,3.35));
#16919=CARTESIAN_POINT('Ctrl Pts',(3.53997264876962,1.74635062813759,3.305));
#16920=CARTESIAN_POINT('Ctrl Pts',(3.557571516186,1.7673260986805,3.35));
#16921=CARTESIAN_POINT('Ctrl Pts',(3.557571516186,1.7673260986805,3.305));
#16922=CARTESIAN_POINT('Ctrl Pts',(3.557571516186,1.80886767506599,3.35));
#16923=CARTESIAN_POINT('Ctrl Pts',(3.557571516186,1.80886767506599,3.305));
#16924=CARTESIAN_POINT('',(3.53997264876962,1.74635062813759,3.35));
#16925=CARTESIAN_POINT('Ctrl Pts',(3.53997264876962,1.74635062813759,3.35));
#16926=CARTESIAN_POINT('Ctrl Pts',(3.557571516186,1.7673260986805,3.35));
#16927=CARTESIAN_POINT('Ctrl Pts',(3.557571516186,1.80886767506599,3.35));
#16928=CARTESIAN_POINT('',(3.53997264876962,1.74635062813759,3.305));
#16929=CARTESIAN_POINT('',(3.53997264876962,1.74635062813759,3.35));
#16930=CARTESIAN_POINT('Ctrl Pts',(3.53997264876962,1.74635062813759,3.305));
#16931=CARTESIAN_POINT('Ctrl Pts',(3.557571516186,1.7673260986805,3.305));
#16932=CARTESIAN_POINT('Ctrl Pts',(3.557571516186,1.80886767506599,3.305));
#16933=CARTESIAN_POINT('Ctrl Pts',(3.49822627082467,1.72537521719933,3.35));
#16934=CARTESIAN_POINT('Ctrl Pts',(3.49822627082467,1.72537521719933,3.305));
#16935=CARTESIAN_POINT('Ctrl Pts',(3.52237378135324,1.72537521719933,3.35));
#16936=CARTESIAN_POINT('Ctrl Pts',(3.52237378135324,1.72537521719933,3.305));
#16937=CARTESIAN_POINT('Ctrl Pts',(3.53997264876962,1.74635062813759,3.35));
#16938=CARTESIAN_POINT('Ctrl Pts',(3.53997264876962,1.74635062813759,3.305));
#16939=CARTESIAN_POINT('',(3.49822627082467,1.72537521719933,3.35));
#16940=CARTESIAN_POINT('Ctrl Pts',(3.49822627082467,1.72537521719933,3.35));
#16941=CARTESIAN_POINT('Ctrl Pts',(3.52237378135324,1.72537521719933,3.35));
#16942=CARTESIAN_POINT('Ctrl Pts',(3.53997264876962,1.74635062813759,3.35));
#16943=CARTESIAN_POINT('',(3.49822627082467,1.72537521719933,3.305));
#16944=CARTESIAN_POINT('',(3.49822627082467,1.72537521719933,3.35));
#16945=CARTESIAN_POINT('Ctrl Pts',(3.49822627082467,1.72537521719933,3.305));
#16946=CARTESIAN_POINT('Ctrl Pts',(3.52237378135324,1.72537521719933,3.305));
#16947=CARTESIAN_POINT('Ctrl Pts',(3.53997264876962,1.74635062813759,3.305));
#16948=CARTESIAN_POINT('Ctrl Pts',(3.45115958228707,1.75381992459297,3.35));
#16949=CARTESIAN_POINT('Ctrl Pts',(3.45115958228707,1.75381992459297,3.305));
#16950=CARTESIAN_POINT('Ctrl Pts',(3.46855364814401,1.72537521719933,3.35));
#16951=CARTESIAN_POINT('Ctrl Pts',(3.46855364814401,1.72537521719933,3.305));
#16952=CARTESIAN_POINT('Ctrl Pts',(3.49822627082467,1.72537521719933,3.35));
#16953=CARTESIAN_POINT('Ctrl Pts',(3.49822627082467,1.72537521719933,3.305));
#16954=CARTESIAN_POINT('',(3.45115958228707,1.75381992459297,3.35));
#16955=CARTESIAN_POINT('Ctrl Pts',(3.45115958228707,1.75381992459297,3.35));
#16956=CARTESIAN_POINT('Ctrl Pts',(3.46855364814401,1.72537521719933,3.35));
#16957=CARTESIAN_POINT('Ctrl Pts',(3.49822627082467,1.72537521719933,3.35));
#16958=CARTESIAN_POINT('',(3.45115958228707,1.75381992459297,3.305));
#16959=CARTESIAN_POINT('',(3.45115958228707,1.75381992459297,3.35));
#16960=CARTESIAN_POINT('Ctrl Pts',(3.45115958228707,1.75381992459297,3.305));
#16961=CARTESIAN_POINT('Ctrl Pts',(3.46855364814401,1.72537521719933,3.305));
#16962=CARTESIAN_POINT('Ctrl Pts',(3.49822627082467,1.72537521719933,3.305));
#16963=CARTESIAN_POINT('Ctrl Pts',(3.44051824584603,1.81030015349388,3.35));
#16964=CARTESIAN_POINT('Ctrl Pts',(3.44051824584603,1.81030015349388,3.305));
#16965=CARTESIAN_POINT('Ctrl Pts',(3.44051824584603,1.77121422886848,3.35));
#16966=CARTESIAN_POINT('Ctrl Pts',(3.44051824584603,1.77121422886848,3.305));
#16967=CARTESIAN_POINT('Ctrl Pts',(3.45115958228707,1.75381992459297,3.35));
#16968=CARTESIAN_POINT('Ctrl Pts',(3.45115958228707,1.75381992459297,3.305));
#16969=CARTESIAN_POINT('',(3.44051824584603,1.81030015349388,3.35));
#16970=CARTESIAN_POINT('Ctrl Pts',(3.44051824584603,1.81030015349388,3.35));
#16971=CARTESIAN_POINT('Ctrl Pts',(3.44051824584603,1.77121422886848,3.35));
#16972=CARTESIAN_POINT('Ctrl Pts',(3.45115958228707,1.75381992459297,3.35));
#16973=CARTESIAN_POINT('',(3.44051824584603,1.81030015349388,3.305));
#16974=CARTESIAN_POINT('',(3.44051824584603,1.81030015349388,3.35));
#16975=CARTESIAN_POINT('Ctrl Pts',(3.44051824584603,1.81030015349388,3.305));
#16976=CARTESIAN_POINT('Ctrl Pts',(3.44051824584603,1.77121422886848,3.305));
#16977=CARTESIAN_POINT('Ctrl Pts',(3.45115958228707,1.75381992459297,3.305));
#16978=CARTESIAN_POINT('Ctrl Pts',(3.45811711326242,1.87097547650337,3.35));
#16979=CARTESIAN_POINT('Ctrl Pts',(3.45811711326242,1.87097547650337,3.305));
#16980=CARTESIAN_POINT('Ctrl Pts',(3.44051824584603,1.85000000596046,3.35));
#16981=CARTESIAN_POINT('Ctrl Pts',(3.44051824584603,1.85000000596046,3.305));
#16982=CARTESIAN_POINT('Ctrl Pts',(3.44051824584603,1.81030015349388,3.35));
#16983=CARTESIAN_POINT('Ctrl Pts',(3.44051824584603,1.81030015349388,3.305));
#16984=CARTESIAN_POINT('Ctrl Pts',(3.45811711326242,1.87097547650337,3.35));
#16985=CARTESIAN_POINT('Ctrl Pts',(3.44051824584603,1.85000000596046,3.35));
#16986=CARTESIAN_POINT('Ctrl Pts',(3.44051824584603,1.81030015349388,3.35));
#16987=CARTESIAN_POINT('Ctrl Pts',(3.45811711326242,1.87097547650337,3.305));
#16988=CARTESIAN_POINT('Ctrl Pts',(3.44051824584603,1.85000000596046,3.305));
#16989=CARTESIAN_POINT('Ctrl Pts',(3.44051824584603,1.81030015349388,3.305));
#16990=CARTESIAN_POINT('Ctrl Pts',(3.5012959100306,1.69508872628212,3.35));
#16991=CARTESIAN_POINT('Ctrl Pts',(3.5012959100306,1.69508872628212,3.305));
#16992=CARTESIAN_POINT('Ctrl Pts',(3.46282397285104,1.69508872628212,3.35));
#16993=CARTESIAN_POINT('Ctrl Pts',(3.46282397285104,1.69508872628212,3.305));
#16994=CARTESIAN_POINT('Ctrl Pts',(3.44092761054635,1.72721694111824,3.35));
#16995=CARTESIAN_POINT('Ctrl Pts',(3.44092761054635,1.72721694111824,3.305));
#16996=CARTESIAN_POINT('',(3.5012959100306,1.69508872628212,3.35));
#16997=CARTESIAN_POINT('',(3.44092761054635,1.72721694111824,3.35));
#16998=CARTESIAN_POINT('Ctrl Pts',(3.5012959100306,1.69508872628212,3.35));
#16999=CARTESIAN_POINT('Ctrl Pts',(3.46282397285104,1.69508872628212,3.35));
#17000=CARTESIAN_POINT('Ctrl Pts',(3.44092761054635,1.72721694111824,3.35));
#17001=CARTESIAN_POINT('',(3.5012959100306,1.69508872628212,3.305));
#17002=CARTESIAN_POINT('',(3.5012959100306,1.69508872628212,3.35));
#17003=CARTESIAN_POINT('',(3.44092761054635,1.72721694111824,3.305));
#17004=CARTESIAN_POINT('Ctrl Pts',(3.5012959100306,1.69508872628212,3.305));
#17005=CARTESIAN_POINT('Ctrl Pts',(3.46282397285104,1.69508872628212,3.305));
#17006=CARTESIAN_POINT('Ctrl Pts',(3.44092761054635,1.72721694111824,3.305));
#17007=CARTESIAN_POINT('',(3.44092761054635,1.72721694111824,3.35));
#17008=CARTESIAN_POINT('Ctrl Pts',(3.56759868636727,1.72557983994484,3.35));
#17009=CARTESIAN_POINT('Ctrl Pts',(3.56759868636727,1.72557983994484,3.305));
#17010=CARTESIAN_POINT('Ctrl Pts',(3.53997264876962,1.69508872628212,3.35));
#17011=CARTESIAN_POINT('Ctrl Pts',(3.53997264876962,1.69508872628212,3.305));
#17012=CARTESIAN_POINT('Ctrl Pts',(3.5012959100306,1.69508872628212,3.35));
#17013=CARTESIAN_POINT('Ctrl Pts',(3.5012959100306,1.69508872628212,3.305));
#17014=CARTESIAN_POINT('',(3.56759868636727,1.72557983994484,3.35));
#17015=CARTESIAN_POINT('Ctrl Pts',(3.56759868636727,1.72557983994484,3.35));
#17016=CARTESIAN_POINT('Ctrl Pts',(3.53997264876962,1.69508872628212,3.35));
#17017=CARTESIAN_POINT('Ctrl Pts',(3.5012959100306,1.69508872628212,3.35));
#17018=CARTESIAN_POINT('',(3.56759868636727,1.72557983994484,3.305));
#17019=CARTESIAN_POINT('',(3.56759868636727,1.72557983994484,3.35));
#17020=CARTESIAN_POINT('Ctrl Pts',(3.56759868636727,1.72557983994484,3.305));
#17021=CARTESIAN_POINT('Ctrl Pts',(3.53997264876962,1.69508872628212,3.305));
#17022=CARTESIAN_POINT('Ctrl Pts',(3.5012959100306,1.69508872628212,3.305));
#17023=CARTESIAN_POINT('Ctrl Pts',(3.59522496238351,1.81193725466728,3.35));
#17024=CARTESIAN_POINT('Ctrl Pts',(3.59522496238351,1.81193725466728,3.305));
#17025=CARTESIAN_POINT('Ctrl Pts',(3.59522496238351,1.75607095360756,3.35));
#17026=CARTESIAN_POINT('Ctrl Pts',(3.59522496238351,1.75607095360756,3.305));
#17027=CARTESIAN_POINT('Ctrl Pts',(3.56759868636727,1.72557983994484,3.35));
#17028=CARTESIAN_POINT('Ctrl Pts',(3.56759868636727,1.72557983994484,3.305));
#17029=CARTESIAN_POINT('',(3.59522496238351,1.81193725466728,3.35));
#17030=CARTESIAN_POINT('Ctrl Pts',(3.59522496238351,1.81193725466728,3.35));
#17031=CARTESIAN_POINT('Ctrl Pts',(3.59522496238351,1.75607095360756,3.35));
#17032=CARTESIAN_POINT('Ctrl Pts',(3.56759868636727,1.72557983994484,3.35));
#17033=CARTESIAN_POINT('',(3.59522496238351,1.81193725466728,3.305));
#17034=CARTESIAN_POINT('',(3.59522496238351,1.81193725466728,3.35));
#17035=CARTESIAN_POINT('Ctrl Pts',(3.59522496238351,1.81193725466728,3.305));
#17036=CARTESIAN_POINT('Ctrl Pts',(3.59522496238351,1.75607095360756,3.305));
#17037=CARTESIAN_POINT('Ctrl Pts',(3.56759868636727,1.72557983994484,3.305));
#17038=CARTESIAN_POINT('Ctrl Pts',(3.58867655768991,1.85613916516304,3.35));
#17039=CARTESIAN_POINT('Ctrl Pts',(3.58867655768991,1.85613916516304,3.305));
#17040=CARTESIAN_POINT('Ctrl Pts',(3.59522496238351,1.83547071814537,3.35));
#17041=CARTESIAN_POINT('Ctrl Pts',(3.59522496238351,1.83547071814537,3.305));
#17042=CARTESIAN_POINT('Ctrl Pts',(3.59522496238351,1.81193725466728,3.35));
#17043=CARTESIAN_POINT('Ctrl Pts',(3.59522496238351,1.81193725466728,3.305));
#17044=CARTESIAN_POINT('',(3.58867655768991,1.85613916516304,3.35));
#17045=CARTESIAN_POINT('Ctrl Pts',(3.58867655768991,1.85613916516304,3.35));
#17046=CARTESIAN_POINT('Ctrl Pts',(3.59522496238351,1.83547071814537,3.35));
#17047=CARTESIAN_POINT('Ctrl Pts',(3.59522496238351,1.81193725466728,3.35));
#17048=CARTESIAN_POINT('',(3.58867655768991,1.85613916516304,3.305));
#17049=CARTESIAN_POINT('',(3.58867655768991,1.85613916516304,3.35));
#17050=CARTESIAN_POINT('Ctrl Pts',(3.58867655768991,1.85613916516304,3.305));
#17051=CARTESIAN_POINT('Ctrl Pts',(3.59522496238351,1.83547071814537,3.305));
#17052=CARTESIAN_POINT('Ctrl Pts',(3.59522496238351,1.81193725466728,3.305));
#17053=CARTESIAN_POINT('Ctrl Pts',(3.57056604400277,1.89143930077553,3.35));
#17054=CARTESIAN_POINT('Ctrl Pts',(3.57056604400277,1.89143930077553,3.305));
#17055=CARTESIAN_POINT('Ctrl Pts',(3.5821281529963,1.87680767178535,3.35));
#17056=CARTESIAN_POINT('Ctrl Pts',(3.5821281529963,1.87680767178535,3.305));
#17057=CARTESIAN_POINT('Ctrl Pts',(3.58867655768991,1.85613916516304,3.35));
#17058=CARTESIAN_POINT('Ctrl Pts',(3.58867655768991,1.85613916516304,3.305));
#17059=CARTESIAN_POINT('',(3.57056604400277,1.89143930077553,3.35));
#17060=CARTESIAN_POINT('Ctrl Pts',(3.57056604400277,1.89143930077553,3.35));
#17061=CARTESIAN_POINT('Ctrl Pts',(3.5821281529963,1.87680767178535,3.35));
#17062=CARTESIAN_POINT('Ctrl Pts',(3.58867655768991,1.85613916516304,3.35));
#17063=CARTESIAN_POINT('',(3.57056604400277,1.89143930077553,3.305));
#17064=CARTESIAN_POINT('',(3.57056604400277,1.89143930077553,3.35));
#17065=CARTESIAN_POINT('Ctrl Pts',(3.57056604400277,1.89143930077553,3.305));
#17066=CARTESIAN_POINT('Ctrl Pts',(3.5821281529963,1.87680767178535,3.305));
#17067=CARTESIAN_POINT('Ctrl Pts',(3.58867655768991,1.85613916516304,3.305));
#17068=CARTESIAN_POINT('Ctrl Pts',(3.54109798446298,1.91415418386459,3.35));
#17069=CARTESIAN_POINT('Ctrl Pts',(3.54109798446298,1.91415418386459,3.305));
#17070=CARTESIAN_POINT('Ctrl Pts',(3.55900393500924,1.90607095956802,3.35));
#17071=CARTESIAN_POINT('Ctrl Pts',(3.55900393500924,1.90607095956802,3.305));
#17072=CARTESIAN_POINT('Ctrl Pts',(3.57056604400277,1.89143930077553,3.35));
#17073=CARTESIAN_POINT('Ctrl Pts',(3.57056604400277,1.89143930077553,3.305));
#17074=CARTESIAN_POINT('',(3.54109798446298,1.91415418386459,3.35));
#17075=CARTESIAN_POINT('Ctrl Pts',(3.54109798446298,1.91415418386459,3.35));
#17076=CARTESIAN_POINT('Ctrl Pts',(3.55900393500924,1.90607095956802,3.35));
#17077=CARTESIAN_POINT('Ctrl Pts',(3.57056604400277,1.89143930077553,3.35));
#17078=CARTESIAN_POINT('',(3.54109798446298,1.91415418386459,3.305));
#17079=CARTESIAN_POINT('',(3.54109798446298,1.91415418386459,3.35));
#17080=CARTESIAN_POINT('Ctrl Pts',(3.54109798446298,1.91415418386459,3.305));
#17081=CARTESIAN_POINT('Ctrl Pts',(3.55900393500924,1.90607095956802,3.305));
#17082=CARTESIAN_POINT('Ctrl Pts',(3.57056604400277,1.89143930077553,3.305));
#17083=CARTESIAN_POINT('Ctrl Pts',(3.50313769355416,1.92223740816116,3.35));
#17084=CARTESIAN_POINT('Ctrl Pts',(3.50313769355416,1.92223740816116,3.305));
#17085=CARTESIAN_POINT('Ctrl Pts',(3.52319227233529,1.92223740816116,3.35));
#17086=CARTESIAN_POINT('Ctrl Pts',(3.52319227233529,1.92223740816116,3.305));
#17087=CARTESIAN_POINT('Ctrl Pts',(3.54109798446298,1.91415418386459,3.35));
#17088=CARTESIAN_POINT('Ctrl Pts',(3.54109798446298,1.91415418386459,3.305));
#17089=CARTESIAN_POINT('',(3.50313769355416,1.92223740816116,3.35));
#17090=CARTESIAN_POINT('Ctrl Pts',(3.50313769355416,1.92223740816116,3.35));
#17091=CARTESIAN_POINT('Ctrl Pts',(3.52319227233529,1.92223740816116,3.35));
#17092=CARTESIAN_POINT('Ctrl Pts',(3.54109798446298,1.91415418386459,3.35));
#17093=CARTESIAN_POINT('',(3.50313769355416,1.92223740816116,3.305));
#17094=CARTESIAN_POINT('',(3.50313769355416,1.92223740816116,3.35));
#17095=CARTESIAN_POINT('Ctrl Pts',(3.50313769355416,1.92223740816116,3.305));
#17096=CARTESIAN_POINT('Ctrl Pts',(3.52319227233529,1.92223740816116,3.305));
#17097=CARTESIAN_POINT('Ctrl Pts',(3.54109798446298,1.91415418386459,3.305));
#17098=CARTESIAN_POINT('Ctrl Pts',(3.44358788505197,1.89297412037849,3.35));
#17099=CARTESIAN_POINT('Ctrl Pts',(3.44358788505197,1.89297412037849,3.305));
#17100=CARTESIAN_POINT('Ctrl Pts',(3.4669166661799,1.92223740816116,3.35));
#17101=CARTESIAN_POINT('Ctrl Pts',(3.4669166661799,1.92223740816116,3.305));
#17102=CARTESIAN_POINT('Ctrl Pts',(3.50313769355416,1.92223740816116,3.35));
#17103=CARTESIAN_POINT('Ctrl Pts',(3.50313769355416,1.92223740816116,3.305));
#17104=CARTESIAN_POINT('',(3.44358788505197,1.89297412037849,3.35));
#17105=CARTESIAN_POINT('Ctrl Pts',(3.44358788505197,1.89297412037849,3.35));
#17106=CARTESIAN_POINT('Ctrl Pts',(3.4669166661799,1.92223740816116,3.35));
#17107=CARTESIAN_POINT('Ctrl Pts',(3.50313769355416,1.92223740816116,3.35));
#17108=CARTESIAN_POINT('',(3.44358788505197,1.89297412037849,3.305));
#17109=CARTESIAN_POINT('',(3.44358788505197,1.89297412037849,3.35));
#17110=CARTESIAN_POINT('Ctrl Pts',(3.44358788505197,1.89297412037849,3.305));
#17111=CARTESIAN_POINT('Ctrl Pts',(3.4669166661799,1.92223740816116,3.305));
#17112=CARTESIAN_POINT('Ctrl Pts',(3.50313769355416,1.92223740816116,3.305));
#17113=CARTESIAN_POINT('Origin',(3.44358788505197,2.00000001192093,3.35));
#17114=CARTESIAN_POINT('',(3.44358788505197,2.00000001192093,3.35));
#17115=CARTESIAN_POINT('',(3.44358788505197,2.00000000596046,3.35));
#17116=CARTESIAN_POINT('',(3.44358788505197,2.00000001192093,3.305));
#17117=CARTESIAN_POINT('',(3.44358788505197,2.00000001192093,3.35));
#17118=CARTESIAN_POINT('',(3.44358788505197,2.00000001192093,3.305));
#17119=CARTESIAN_POINT('Origin',(3.40675292983651,2.00000001192093,3.35));
#17120=CARTESIAN_POINT('',(3.40675292983651,2.00000001192093,3.35));
#17121=CARTESIAN_POINT('',(3.70337646491826,2.00000001192093,3.35));
#17122=CARTESIAN_POINT('',(3.40675292983651,2.00000001192093,3.305));
#17123=CARTESIAN_POINT('',(3.40675292983651,2.00000001192093,3.35));
#17124=CARTESIAN_POINT('',(3.40675292983651,2.00000001192093,3.305));
#17125=CARTESIAN_POINT('Origin',(3.40675292983651,1.70000002980232,3.35));
#17126=CARTESIAN_POINT('',(3.40675292983651,1.70000002980232,3.35));
#17127=CARTESIAN_POINT('',(3.40675292983651,1.85000001490116,3.35));
#17128=CARTESIAN_POINT('',(3.40675292983651,1.70000002980232,3.305));
#17129=CARTESIAN_POINT('',(3.40675292983651,1.70000002980232,3.35));
#17130=CARTESIAN_POINT('',(3.40675292983651,1.70000002980232,3.305));
#17131=CARTESIAN_POINT('Origin',(3.44092761054635,1.70000002980232,3.35));
#17132=CARTESIAN_POINT('',(3.44092761054635,1.70000002980232,3.35));
#17133=CARTESIAN_POINT('',(3.72046380527318,1.70000002980232,3.35));
#17134=CARTESIAN_POINT('',(3.44092761054635,1.70000002980232,3.305));
#17135=CARTESIAN_POINT('',(3.44092761054635,1.70000002980232,3.35));
#17136=CARTESIAN_POINT('',(3.44092761054635,1.70000002980232,3.305));
#17137=CARTESIAN_POINT('Origin',(3.44092761054635,1.72721694111824,3.35));
#17138=CARTESIAN_POINT('',(3.44092761054635,1.86360847055912,3.35));
#17139=CARTESIAN_POINT('',(3.44092761054635,1.72721694111824,3.305));
#17140=CARTESIAN_POINT('Origin',(2.14761248119175,1.80590043663979,3.305));
#17141=CARTESIAN_POINT('Ctrl Pts',(1.77210103049874,1.89195094704628,3.35));
#17142=CARTESIAN_POINT('Ctrl Pts',(1.77210103049874,1.89195094704628,3.305));
#17143=CARTESIAN_POINT('Ctrl Pts',(1.7467257834971,1.89195094704628,3.35));
#17144=CARTESIAN_POINT('Ctrl Pts',(1.7467257834971,1.89195094704628,3.305));
#17145=CARTESIAN_POINT('Ctrl Pts',(1.72943388000131,1.87496594786644,3.35));
#17146=CARTESIAN_POINT('Ctrl Pts',(1.72943388000131,1.87496594786644,3.305));
#17147=CARTESIAN_POINT('',(1.77210103049874,1.89195094704628,3.35));
#17148=CARTESIAN_POINT('',(1.72943388000131,1.87496594786644,3.35));
#17149=CARTESIAN_POINT('Ctrl Pts',(1.77210103049874,1.89195094704628,3.35));
#17150=CARTESIAN_POINT('Ctrl Pts',(1.7467257834971,1.89195094704628,3.35));
#17151=CARTESIAN_POINT('Ctrl Pts',(1.72943388000131,1.87496594786644,3.35));
#17152=CARTESIAN_POINT('',(1.77210103049874,1.89195094704628,3.305));
#17153=CARTESIAN_POINT('',(1.77210103049874,1.89195094704628,3.35));
#17154=CARTESIAN_POINT('',(1.72943388000131,1.87496594786644,3.305));
#17155=CARTESIAN_POINT('Ctrl Pts',(1.77210103049874,1.89195094704628,3.305));
#17156=CARTESIAN_POINT('Ctrl Pts',(1.7467257834971,1.89195094704628,3.305));
#17157=CARTESIAN_POINT('Ctrl Pts',(1.72943388000131,1.87496594786644,3.305));
#17158=CARTESIAN_POINT('',(1.72943388000131,1.87496594786644,3.35));
#17159=CARTESIAN_POINT('Ctrl Pts',(1.8177353002131,1.87066851258278,3.35));
#17160=CARTESIAN_POINT('Ctrl Pts',(1.8177353002131,1.87066851258278,3.305));
#17161=CARTESIAN_POINT('Ctrl Pts',(1.80013643279672,1.89195094704628,3.35));
#17162=CARTESIAN_POINT('Ctrl Pts',(1.80013643279672,1.89195094704628,3.305));
#17163=CARTESIAN_POINT('Ctrl Pts',(1.77210103049874,1.89195094704628,3.35));
#17164=CARTESIAN_POINT('Ctrl Pts',(1.77210103049874,1.89195094704628,3.305));
#17165=CARTESIAN_POINT('',(1.8177353002131,1.87066851258278,3.35));
#17166=CARTESIAN_POINT('Ctrl Pts',(1.8177353002131,1.87066851258278,3.35));
#17167=CARTESIAN_POINT('Ctrl Pts',(1.80013643279672,1.89195094704628,3.35));
#17168=CARTESIAN_POINT('Ctrl Pts',(1.77210103049874,1.89195094704628,3.35));
#17169=CARTESIAN_POINT('',(1.8177353002131,1.87066851258278,3.305));
#17170=CARTESIAN_POINT('',(1.8177353002131,1.87066851258278,3.35));
#17171=CARTESIAN_POINT('Ctrl Pts',(1.8177353002131,1.87066851258278,3.305));
#17172=CARTESIAN_POINT('Ctrl Pts',(1.80013643279672,1.89195094704628,3.305));
#17173=CARTESIAN_POINT('Ctrl Pts',(1.77210103049874,1.89195094704628,3.305));
#17174=CARTESIAN_POINT('Ctrl Pts',(1.83165083900094,1.82953618168831,3.35));
#17175=CARTESIAN_POINT('Ctrl Pts',(1.83165083900094,1.82953618168831,3.305));
#17176=CARTESIAN_POINT('Ctrl Pts',(1.82919512763619,1.85695774555206,3.35));
#17177=CARTESIAN_POINT('Ctrl Pts',(1.82919512763619,1.85695774555206,3.305));
#17178=CARTESIAN_POINT('Ctrl Pts',(1.8177353002131,1.87066851258278,3.35));
#17179=CARTESIAN_POINT('Ctrl Pts',(1.8177353002131,1.87066851258278,3.305));
#17180=CARTESIAN_POINT('',(1.83165083900094,1.82953618168831,3.35));
#17181=CARTESIAN_POINT('Ctrl Pts',(1.83165083900094,1.82953618168831,3.35));
#17182=CARTESIAN_POINT('Ctrl Pts',(1.82919512763619,1.85695774555206,3.35));
#17183=CARTESIAN_POINT('Ctrl Pts',(1.8177353002131,1.87066851258278,3.35));
#17184=CARTESIAN_POINT('',(1.83165083900094,1.82953618168831,3.305));
#17185=CARTESIAN_POINT('',(1.83165083900094,1.82953618168831,3.35));
#17186=CARTESIAN_POINT('Ctrl Pts',(1.83165083900094,1.82953618168831,3.305));
#17187=CARTESIAN_POINT('Ctrl Pts',(1.82919512763619,1.85695774555206,3.305));
#17188=CARTESIAN_POINT('Ctrl Pts',(1.8177353002131,1.87066851258278,3.305));
#17189=CARTESIAN_POINT('Origin',(1.71030019298196,1.82953618168831,3.35));
#17190=CARTESIAN_POINT('',(1.71030019298196,1.82953618168831,3.35));
#17191=CARTESIAN_POINT('',(2.85515009649098,1.82953618168831,3.35));
#17192=CARTESIAN_POINT('',(1.71030019298196,1.82953618168831,3.305));
#17193=CARTESIAN_POINT('',(1.71030019298196,1.82953618168831,3.35));
#17194=CARTESIAN_POINT('',(1.71030019298196,1.82953618168831,3.305));
#17195=CARTESIAN_POINT('Ctrl Pts',(1.72943388000131,1.87496594786644,3.35));
#17196=CARTESIAN_POINT('Ctrl Pts',(1.72943388000131,1.87496594786644,3.305));
#17197=CARTESIAN_POINT('Ctrl Pts',(1.71214197650552,1.8579809486866,3.35));
#17198=CARTESIAN_POINT('Ctrl Pts',(1.71214197650552,1.8579809486866,3.305));
#17199=CARTESIAN_POINT('Ctrl Pts',(1.71030019298196,1.82953618168831,3.35));
#17200=CARTESIAN_POINT('Ctrl Pts',(1.71030019298196,1.82953618168831,3.305));
#17201=CARTESIAN_POINT('Ctrl Pts',(1.72943388000131,1.87496594786644,3.35));
#17202=CARTESIAN_POINT('Ctrl Pts',(1.71214197650552,1.8579809486866,3.35));
#17203=CARTESIAN_POINT('Ctrl Pts',(1.71030019298196,1.82953618168831,3.35));
#17204=CARTESIAN_POINT('Ctrl Pts',(1.72943388000131,1.87496594786644,3.305));
#17205=CARTESIAN_POINT('Ctrl Pts',(1.71214197650552,1.8579809486866,3.305));
#17206=CARTESIAN_POINT('Ctrl Pts',(1.71030019298196,1.82953618168831,3.305));
#17207=CARTESIAN_POINT('Ctrl Pts',(1.77394269481301,1.72537521719933,3.35));
#17208=CARTESIAN_POINT('Ctrl Pts',(1.77394269481301,1.72537521719933,3.305));
#17209=CARTESIAN_POINT('Ctrl Pts',(1.7942019559443,1.72537521719933,3.35));
#17210=CARTESIAN_POINT('Ctrl Pts',(1.7942019559443,1.72537521719933,3.305));
#17211=CARTESIAN_POINT('Ctrl Pts',(1.80852662101388,1.73601637482643,3.35));
#17212=CARTESIAN_POINT('Ctrl Pts',(1.80852662101388,1.73601637482643,3.305));
#17213=CARTESIAN_POINT('',(1.77394269481301,1.72537521719933,3.35));
#17214=CARTESIAN_POINT('',(1.80852662101388,1.73601637482643,3.35));
#17215=CARTESIAN_POINT('Ctrl Pts',(1.77394269481301,1.72537521719933,3.35));
#17216=CARTESIAN_POINT('Ctrl Pts',(1.7942019559443,1.72537521719933,3.35));
#17217=CARTESIAN_POINT('Ctrl Pts',(1.80852662101388,1.73601637482643,3.35));
#17218=CARTESIAN_POINT('',(1.77394269481301,1.72537521719933,3.305));
#17219=CARTESIAN_POINT('',(1.77394269481301,1.72537521719933,3.35));
#17220=CARTESIAN_POINT('',(1.80852662101388,1.73601637482643,3.305));
#17221=CARTESIAN_POINT('Ctrl Pts',(1.77394269481301,1.72537521719933,3.305));
#17222=CARTESIAN_POINT('Ctrl Pts',(1.7942019559443,1.72537521719933,3.305));
#17223=CARTESIAN_POINT('Ctrl Pts',(1.80852662101388,1.73601637482643,3.305));
#17224=CARTESIAN_POINT('',(1.80852662101388,1.73601637482643,3.35));
#17225=CARTESIAN_POINT('Ctrl Pts',(1.72851298823953,1.74440656304359,3.35));
#17226=CARTESIAN_POINT('Ctrl Pts',(1.72851298823953,1.74440656304359,3.305));
#17227=CARTESIAN_POINT('Ctrl Pts',(1.7467257834971,1.72537521719933,3.35));
#17228=CARTESIAN_POINT('Ctrl Pts',(1.7467257834971,1.72537521719933,3.305));
#17229=CARTESIAN_POINT('Ctrl Pts',(1.77394269481301,1.72537521719933,3.35));
#17230=CARTESIAN_POINT('Ctrl Pts',(1.77394269481301,1.72537521719933,3.305));
#17231=CARTESIAN_POINT('',(1.72851298823953,1.74440656304359,3.35));
#17232=CARTESIAN_POINT('Ctrl Pts',(1.72851298823953,1.74440656304359,3.35));
#17233=CARTESIAN_POINT('Ctrl Pts',(1.7467257834971,1.72537521719933,3.35));
#17234=CARTESIAN_POINT('Ctrl Pts',(1.77394269481301,1.72537521719933,3.35));
#17235=CARTESIAN_POINT('',(1.72851298823953,1.74440656304359,3.305));
#17236=CARTESIAN_POINT('',(1.72851298823953,1.74440656304359,3.35));
#17237=CARTESIAN_POINT('Ctrl Pts',(1.72851298823953,1.74440656304359,3.305));
#17238=CARTESIAN_POINT('Ctrl Pts',(1.7467257834971,1.72537521719933,3.305));
#17239=CARTESIAN_POINT('Ctrl Pts',(1.77394269481301,1.72537521719933,3.305));
#17240=CARTESIAN_POINT('Ctrl Pts',(1.70825384631753,1.7992496907711,3.35));
#17241=CARTESIAN_POINT('Ctrl Pts',(1.70825384631753,1.7992496907711,3.305));
#17242=CARTESIAN_POINT('Ctrl Pts',(1.71030019298196,1.76343796849251,3.35));
#17243=CARTESIAN_POINT('Ctrl Pts',(1.71030019298196,1.76343796849251,3.305));
#17244=CARTESIAN_POINT('Ctrl Pts',(1.72851298823953,1.74440656304359,3.35));
#17245=CARTESIAN_POINT('Ctrl Pts',(1.72851298823953,1.74440656304359,3.305));
#17246=CARTESIAN_POINT('',(1.70825384631753,1.7992496907711,3.35));
#17247=CARTESIAN_POINT('Ctrl Pts',(1.70825384631753,1.7992496907711,3.35));
#17248=CARTESIAN_POINT('Ctrl Pts',(1.71030019298196,1.76343796849251,3.35));
#17249=CARTESIAN_POINT('Ctrl Pts',(1.72851298823953,1.74440656304359,3.35));
#17250=CARTESIAN_POINT('',(1.70825384631753,1.7992496907711,3.305));
#17251=CARTESIAN_POINT('',(1.70825384631753,1.7992496907711,3.35));
#17252=CARTESIAN_POINT('Ctrl Pts',(1.70825384631753,1.7992496907711,3.305));
#17253=CARTESIAN_POINT('Ctrl Pts',(1.71030019298196,1.76343796849251,3.305));
#17254=CARTESIAN_POINT('Ctrl Pts',(1.72851298823953,1.74440656304359,3.305));
#17255=CARTESIAN_POINT('Origin',(1.87032745853066,1.7992496907711,3.35));
#17256=CARTESIAN_POINT('',(1.87032745853066,1.7992496907711,3.35));
#17257=CARTESIAN_POINT('',(2.93516372926533,1.7992496907711,3.35));
#17258=CARTESIAN_POINT('',(1.87032745853066,1.7992496907711,3.305));
#17259=CARTESIAN_POINT('',(1.87032745853066,1.7992496907711,3.35));
#17260=CARTESIAN_POINT('',(1.87032745853066,1.7992496907711,3.305));
#17261=CARTESIAN_POINT('Ctrl Pts',(1.87053214088082,1.80907232761383,3.35));
#17262=CARTESIAN_POINT('Ctrl Pts',(1.87053214088082,1.80907232761383,3.305));
#17263=CARTESIAN_POINT('Ctrl Pts',(1.87053214088082,1.80579812526703,3.35));
#17264=CARTESIAN_POINT('Ctrl Pts',(1.87053214088082,1.80579812526703,3.305));
#17265=CARTESIAN_POINT('Ctrl Pts',(1.87032745853066,1.7992496907711,3.35));
#17266=CARTESIAN_POINT('Ctrl Pts',(1.87032745853066,1.7992496907711,3.305));
#17267=CARTESIAN_POINT('',(1.87053214088082,1.80907232761383,3.35));
#17268=CARTESIAN_POINT('Ctrl Pts',(1.87053214088082,1.80907232761383,3.35));
#17269=CARTESIAN_POINT('Ctrl Pts',(1.87053214088082,1.80579812526703,3.35));
#17270=CARTESIAN_POINT('Ctrl Pts',(1.87032745853066,1.7992496907711,3.35));
#17271=CARTESIAN_POINT('',(1.87053214088082,1.80907232761383,3.305));
#17272=CARTESIAN_POINT('',(1.87053214088082,1.80907232761383,3.35));
#17273=CARTESIAN_POINT('Ctrl Pts',(1.87053214088082,1.80907232761383,3.305));
#17274=CARTESIAN_POINT('Ctrl Pts',(1.87053214088082,1.80579812526703,3.305));
#17275=CARTESIAN_POINT('Ctrl Pts',(1.87032745853066,1.7992496907711,3.305));
#17276=CARTESIAN_POINT('Ctrl Pts',(1.84290586486459,1.89256484508514,3.35));
#17277=CARTESIAN_POINT('Ctrl Pts',(1.84290586486459,1.89256484508514,3.305));
#17278=CARTESIAN_POINT('Ctrl Pts',(1.87053214088082,1.8628922522068,3.35));
#17279=CARTESIAN_POINT('Ctrl Pts',(1.87053214088082,1.8628922522068,3.305));
#17280=CARTESIAN_POINT('Ctrl Pts',(1.87053214088082,1.80907232761383,3.35));
#17281=CARTESIAN_POINT('Ctrl Pts',(1.87053214088082,1.80907232761383,3.305));
#17282=CARTESIAN_POINT('',(1.84290586486459,1.89256484508514,3.35));
#17283=CARTESIAN_POINT('Ctrl Pts',(1.84290586486459,1.89256484508514,3.35));
#17284=CARTESIAN_POINT('Ctrl Pts',(1.87053214088082,1.8628922522068,3.35));
#17285=CARTESIAN_POINT('Ctrl Pts',(1.87053214088082,1.80907232761383,3.35));
#17286=CARTESIAN_POINT('',(1.84290586486459,1.89256484508514,3.305));
#17287=CARTESIAN_POINT('',(1.84290586486459,1.89256484508514,3.35));
#17288=CARTESIAN_POINT('Ctrl Pts',(1.84290586486459,1.89256484508514,3.305));
#17289=CARTESIAN_POINT('Ctrl Pts',(1.87053214088082,1.8628922522068,3.305));
#17290=CARTESIAN_POINT('Ctrl Pts',(1.87053214088082,1.80907232761383,3.305));
#17291=CARTESIAN_POINT('Ctrl Pts',(1.77169166579843,1.92223743796349,3.35));
#17292=CARTESIAN_POINT('Ctrl Pts',(1.77169166579843,1.92223743796349,3.305));
#17293=CARTESIAN_POINT('Ctrl Pts',(1.81527970805764,1.92223743796349,3.35));
#17294=CARTESIAN_POINT('Ctrl Pts',(1.81527970805764,1.92223743796349,3.305));
#17295=CARTESIAN_POINT('Ctrl Pts',(1.84290586486459,1.89256484508514,3.35));
#17296=CARTESIAN_POINT('Ctrl Pts',(1.84290586486459,1.89256484508514,3.305));
#17297=CARTESIAN_POINT('',(1.77169166579843,1.92223743796349,3.35));
#17298=CARTESIAN_POINT('Ctrl Pts',(1.77169166579843,1.92223743796349,3.35));
#17299=CARTESIAN_POINT('Ctrl Pts',(1.81527970805764,1.92223743796349,3.35));
#17300=CARTESIAN_POINT('Ctrl Pts',(1.84290586486459,1.89256484508514,3.35));
#17301=CARTESIAN_POINT('',(1.77169166579843,1.92223743796349,3.305));
#17302=CARTESIAN_POINT('',(1.77169166579843,1.92223743796349,3.35));
#17303=CARTESIAN_POINT('Ctrl Pts',(1.77169166579843,1.92223743796349,3.305));
#17304=CARTESIAN_POINT('Ctrl Pts',(1.81527970805764,1.92223743796349,3.305));
#17305=CARTESIAN_POINT('Ctrl Pts',(1.84290586486459,1.89256484508514,3.305));
#17306=CARTESIAN_POINT('Ctrl Pts',(1.69843112006783,1.89195094704628,3.35));
#17307=CARTESIAN_POINT('Ctrl Pts',(1.69843112006783,1.89195094704628,3.305));
#17308=CARTESIAN_POINT('Ctrl Pts',(1.72667120471597,1.92223743796349,3.35));
#17309=CARTESIAN_POINT('Ctrl Pts',(1.72667120471597,1.92223743796349,3.305));
#17310=CARTESIAN_POINT('Ctrl Pts',(1.77169166579843,1.92223743796349,3.35));
#17311=CARTESIAN_POINT('Ctrl Pts',(1.77169166579843,1.92223743796349,3.305));
#17312=CARTESIAN_POINT('',(1.69843112006783,1.89195094704628,3.35));
#17313=CARTESIAN_POINT('Ctrl Pts',(1.69843112006783,1.89195094704628,3.35));
#17314=CARTESIAN_POINT('Ctrl Pts',(1.72667120471597,1.92223743796349,3.35));
#17315=CARTESIAN_POINT('Ctrl Pts',(1.77169166579843,1.92223743796349,3.35));
#17316=CARTESIAN_POINT('',(1.69843112006783,1.89195094704628,3.305));
#17317=CARTESIAN_POINT('',(1.69843112006783,1.89195094704628,3.35));
#17318=CARTESIAN_POINT('Ctrl Pts',(1.69843112006783,1.89195094704628,3.305));
#17319=CARTESIAN_POINT('Ctrl Pts',(1.72667120471597,1.92223743796349,3.305));
#17320=CARTESIAN_POINT('Ctrl Pts',(1.77169166579843,1.92223743796349,3.305));
#17321=CARTESIAN_POINT('Ctrl Pts',(1.6701910354197,1.80682132840157,3.35));
#17322=CARTESIAN_POINT('Ctrl Pts',(1.6701910354197,1.80682132840157,3.305));
#17323=CARTESIAN_POINT('Ctrl Pts',(1.6701910354197,1.86166442632675,3.35));
#17324=CARTESIAN_POINT('Ctrl Pts',(1.6701910354197,1.86166442632675,3.305));
#17325=CARTESIAN_POINT('Ctrl Pts',(1.69843112006783,1.89195094704628,3.35));
#17326=CARTESIAN_POINT('Ctrl Pts',(1.69843112006783,1.89195094704628,3.305));
#17327=CARTESIAN_POINT('',(1.6701910354197,1.80682132840157,3.35));
#17328=CARTESIAN_POINT('Ctrl Pts',(1.6701910354197,1.80682132840157,3.35));
#17329=CARTESIAN_POINT('Ctrl Pts',(1.6701910354197,1.86166442632675,3.35));
#17330=CARTESIAN_POINT('Ctrl Pts',(1.69843112006783,1.89195094704628,3.35));
#17331=CARTESIAN_POINT('',(1.6701910354197,1.80682132840157,3.305));
#17332=CARTESIAN_POINT('',(1.6701910354197,1.80682132840157,3.35));
#17333=CARTESIAN_POINT('Ctrl Pts',(1.6701910354197,1.80682132840157,3.305));
#17334=CARTESIAN_POINT('Ctrl Pts',(1.6701910354197,1.86166442632675,3.305));
#17335=CARTESIAN_POINT('Ctrl Pts',(1.69843112006783,1.89195094704628,3.305));
#17336=CARTESIAN_POINT('Ctrl Pts',(1.69812415614724,1.72445432543755,3.35));
#17337=CARTESIAN_POINT('Ctrl Pts',(1.69812415614724,1.72445432543755,3.305));
#17338=CARTESIAN_POINT('Ctrl Pts',(1.6701910354197,1.75381992459297,3.35));
#17339=CARTESIAN_POINT('Ctrl Pts',(1.6701910354197,1.75381992459297,3.305));
#17340=CARTESIAN_POINT('Ctrl Pts',(1.6701910354197,1.80682132840157,3.35));
#17341=CARTESIAN_POINT('Ctrl Pts',(1.6701910354197,1.80682132840157,3.305));
#17342=CARTESIAN_POINT('',(1.69812415614724,1.72445432543755,3.35));
#17343=CARTESIAN_POINT('Ctrl Pts',(1.69812415614724,1.72445432543755,3.35));
#17344=CARTESIAN_POINT('Ctrl Pts',(1.6701910354197,1.75381992459297,3.35));
#17345=CARTESIAN_POINT('Ctrl Pts',(1.6701910354197,1.80682132840157,3.35));
#17346=CARTESIAN_POINT('',(1.69812415614724,1.72445432543755,3.305));
#17347=CARTESIAN_POINT('',(1.69812415614724,1.72445432543755,3.35));
#17348=CARTESIAN_POINT('Ctrl Pts',(1.69812415614724,1.72445432543755,3.305));
#17349=CARTESIAN_POINT('Ctrl Pts',(1.6701910354197,1.75381992459297,3.305));
#17350=CARTESIAN_POINT('Ctrl Pts',(1.6701910354197,1.80682132840157,3.305));
#17351=CARTESIAN_POINT('Ctrl Pts',(1.77373813167214,1.69508872628212,3.35));
#17352=CARTESIAN_POINT('Ctrl Pts',(1.77373813167214,1.69508872628212,3.305));
#17353=CARTESIAN_POINT('Ctrl Pts',(1.72605739608407,1.69508872628212,3.35));
#17354=CARTESIAN_POINT('Ctrl Pts',(1.72605739608407,1.69508872628212,3.305));
#17355=CARTESIAN_POINT('Ctrl Pts',(1.69812415614724,1.72445432543755,3.35));
#17356=CARTESIAN_POINT('Ctrl Pts',(1.69812415614724,1.72445432543755,3.305));
#17357=CARTESIAN_POINT('',(1.77373813167214,1.69508872628212,3.35));
#17358=CARTESIAN_POINT('Ctrl Pts',(1.77373813167214,1.69508872628212,3.35));
#17359=CARTESIAN_POINT('Ctrl Pts',(1.72605739608407,1.69508872628212,3.35));
#17360=CARTESIAN_POINT('Ctrl Pts',(1.69812415614724,1.72445432543755,3.35));
#17361=CARTESIAN_POINT('',(1.77373813167214,1.69508872628212,3.305));
#17362=CARTESIAN_POINT('',(1.77373813167214,1.69508872628212,3.35));
#17363=CARTESIAN_POINT('Ctrl Pts',(1.77373813167214,1.69508872628212,3.305));
#17364=CARTESIAN_POINT('Ctrl Pts',(1.72605739608407,1.69508872628212,3.305));
#17365=CARTESIAN_POINT('Ctrl Pts',(1.69812415614724,1.72445432543755,3.305));
#17366=CARTESIAN_POINT('Ctrl Pts',(1.83594821467996,1.7135061442852,3.35));
#17367=CARTESIAN_POINT('Ctrl Pts',(1.83594821467996,1.7135061442852,3.305));
#17368=CARTESIAN_POINT('Ctrl Pts',(1.81159626021981,1.69508872628212,3.35));
#17369=CARTESIAN_POINT('Ctrl Pts',(1.81159626021981,1.69508872628212,3.305));
#17370=CARTESIAN_POINT('Ctrl Pts',(1.77373813167214,1.69508872628212,3.35));
#17371=CARTESIAN_POINT('Ctrl Pts',(1.77373813167214,1.69508872628212,3.305));
#17372=CARTESIAN_POINT('',(1.83594821467996,1.7135061442852,3.35));
#17373=CARTESIAN_POINT('Ctrl Pts',(1.83594821467996,1.7135061442852,3.35));
#17374=CARTESIAN_POINT('Ctrl Pts',(1.81159626021981,1.69508872628212,3.35));
#17375=CARTESIAN_POINT('Ctrl Pts',(1.77373813167214,1.69508872628212,3.35));
#17376=CARTESIAN_POINT('',(1.83594821467996,1.7135061442852,3.305));
#17377=CARTESIAN_POINT('',(1.83594821467996,1.7135061442852,3.35));
#17378=CARTESIAN_POINT('Ctrl Pts',(1.83594821467996,1.7135061442852,3.305));
#17379=CARTESIAN_POINT('Ctrl Pts',(1.81159626021981,1.69508872628212,3.305));
#17380=CARTESIAN_POINT('Ctrl Pts',(1.77373813167214,1.69508872628212,3.305));
#17381=CARTESIAN_POINT('Ctrl Pts',(1.86930428519845,1.76527969241142,3.35));
#17382=CARTESIAN_POINT('Ctrl Pts',(1.86930428519845,1.76527969241142,3.305));
#17383=CARTESIAN_POINT('Ctrl Pts',(1.8603001691401,1.73192362189293,3.35));
#17384=CARTESIAN_POINT('Ctrl Pts',(1.8603001691401,1.73192362189293,3.305));
#17385=CARTESIAN_POINT('Ctrl Pts',(1.83594821467996,1.7135061442852,3.35));
#17386=CARTESIAN_POINT('Ctrl Pts',(1.83594821467996,1.7135061442852,3.305));
#17387=CARTESIAN_POINT('',(1.86930428519845,1.76527969241142,3.35));
#17388=CARTESIAN_POINT('Ctrl Pts',(1.86930428519845,1.76527969241142,3.35));
#17389=CARTESIAN_POINT('Ctrl Pts',(1.8603001691401,1.73192362189293,3.35));
#17390=CARTESIAN_POINT('Ctrl Pts',(1.83594821467996,1.7135061442852,3.35));
#17391=CARTESIAN_POINT('',(1.86930428519845,1.76527969241142,3.305));
#17392=CARTESIAN_POINT('',(1.86930428519845,1.76527969241142,3.35));
#17393=CARTESIAN_POINT('Ctrl Pts',(1.86930428519845,1.76527969241142,3.305));
#17394=CARTESIAN_POINT('Ctrl Pts',(1.8603001691401,1.73192362189293,3.305));
#17395=CARTESIAN_POINT('Ctrl Pts',(1.83594821467996,1.7135061442852,3.305));
#17396=CARTESIAN_POINT('Origin',(1.83124147430062,1.76998637318611,3.35));
#17397=CARTESIAN_POINT('',(1.83124147430062,1.76998637318611,3.35));
#17398=CARTESIAN_POINT('',(2.88528245793683,1.63964827370282,3.35));
#17399=CARTESIAN_POINT('',(1.83124147430062,1.76998637318611,3.305));
#17400=CARTESIAN_POINT('',(1.83124147430062,1.76998637318611,3.35));
#17401=CARTESIAN_POINT('',(1.83124147430062,1.76998637318611,3.305));
#17402=CARTESIAN_POINT('Ctrl Pts',(1.80852662101388,1.73601637482643,3.35));
#17403=CARTESIAN_POINT('Ctrl Pts',(1.80852662101388,1.73601637482643,3.305));
#17404=CARTESIAN_POINT('Ctrl Pts',(1.82285128608346,1.74665759205818,3.35));
#17405=CARTESIAN_POINT('Ctrl Pts',(1.82285128608346,1.74665759205818,3.305));
#17406=CARTESIAN_POINT('Ctrl Pts',(1.83124147430062,1.76998637318611,3.35));
#17407=CARTESIAN_POINT('Ctrl Pts',(1.83124147430062,1.76998637318611,3.305));
#17408=CARTESIAN_POINT('Ctrl Pts',(1.80852662101388,1.73601637482643,3.35));
#17409=CARTESIAN_POINT('Ctrl Pts',(1.82285128608346,1.74665759205818,3.35));
#17410=CARTESIAN_POINT('Ctrl Pts',(1.83124147430062,1.76998637318611,3.35));
#17411=CARTESIAN_POINT('Ctrl Pts',(1.80852662101388,1.73601637482643,3.305));
#17412=CARTESIAN_POINT('Ctrl Pts',(1.82285128608346,1.74665759205818,3.305));
#17413=CARTESIAN_POINT('Ctrl Pts',(1.83124147430062,1.76998637318611,3.305));
#17414=CARTESIAN_POINT('Origin',(2.14761248119175,1.80590043663979,3.305));
#17415=CARTESIAN_POINT('Origin',(1.15879945531487,1.96459756493568,3.35));
#17416=CARTESIAN_POINT('',(1.15879945531487,1.96459756493568,3.35));
#17417=CARTESIAN_POINT('',(1.15879945531487,1.70000002980232,3.35));
#17418=CARTESIAN_POINT('',(1.15879945531487,1.98229878246784,3.35));
#17419=CARTESIAN_POINT('',(1.15879945531487,1.96459756493568,3.305));
#17420=CARTESIAN_POINT('',(1.15879945531487,1.96459756493568,3.35));
#17421=CARTESIAN_POINT('',(1.15879945531487,1.70000002980232,3.305));
#17422=CARTESIAN_POINT('',(1.15879945531487,1.96459756493568,3.305));
#17423=CARTESIAN_POINT('',(1.15879945531487,1.70000002980232,3.35));
#17424=CARTESIAN_POINT('Origin',(1.25804911628366,1.96459756493568,3.35));
#17425=CARTESIAN_POINT('',(1.25804911628366,1.96459756493568,3.35));
#17426=CARTESIAN_POINT('',(2.62902455814183,1.96459756493568,3.35));
#17427=CARTESIAN_POINT('',(1.25804911628366,1.96459756493568,3.305));
#17428=CARTESIAN_POINT('',(1.25804911628366,1.96459756493568,3.35));
#17429=CARTESIAN_POINT('',(1.25804911628366,1.96459756493568,3.305));
#17430=CARTESIAN_POINT('Origin',(1.25804911628366,2.00000004172325,3.35));
#17431=CARTESIAN_POINT('',(1.25804911628366,2.00000004172325,3.35));
#17432=CARTESIAN_POINT('',(1.25804911628366,2.00000002086163,3.35));
#17433=CARTESIAN_POINT('',(1.25804911628366,2.00000004172325,3.305));
#17434=CARTESIAN_POINT('',(1.25804911628366,2.00000004172325,3.35));
#17435=CARTESIAN_POINT('',(1.25804911628366,2.00000004172325,3.305));
#17436=CARTESIAN_POINT('Origin',(1.02025921717286,2.00000004172325,3.35));
#17437=CARTESIAN_POINT('',(1.02025921717286,2.00000004172325,3.35));
#17438=CARTESIAN_POINT('',(2.51012960858643,2.00000004172325,3.35));
#17439=CARTESIAN_POINT('',(1.02025921717286,2.00000004172325,3.305));
#17440=CARTESIAN_POINT('',(1.02025921717286,2.00000004172325,3.35));
#17441=CARTESIAN_POINT('',(1.02025921717286,2.00000004172325,3.305));
#17442=CARTESIAN_POINT('Origin',(1.02025921717286,1.96459756493568,3.35));
#17443=CARTESIAN_POINT('',(1.02025921717286,1.96459756493568,3.35));
#17444=CARTESIAN_POINT('',(1.02025921717286,1.98229878246784,3.35));
#17445=CARTESIAN_POINT('',(1.02025921717286,1.96459756493568,3.305));
#17446=CARTESIAN_POINT('',(1.02025921717286,1.96459756493568,3.35));
#17447=CARTESIAN_POINT('',(1.02025921717286,1.96459756493568,3.305));
#17448=CARTESIAN_POINT('Origin',(1.11909960284829,1.96459756493568,3.35));
#17449=CARTESIAN_POINT('',(1.11909960284829,1.96459756493568,3.35));
#17450=CARTESIAN_POINT('',(2.55954980142415,1.96459756493568,3.35));
#17451=CARTESIAN_POINT('',(1.11909960284829,1.96459756493568,3.305));
#17452=CARTESIAN_POINT('',(1.11909960284829,1.96459756493568,3.35));
#17453=CARTESIAN_POINT('',(1.11909960284829,1.96459756493568,3.305));
#17454=CARTESIAN_POINT('Origin',(1.11909960284829,1.70000002980232,3.35));
#17455=CARTESIAN_POINT('',(1.11909960284829,1.70000002980232,3.35));
#17456=CARTESIAN_POINT('',(1.11909960284829,1.85000001490116,3.35));
#17457=CARTESIAN_POINT('',(1.11909960284829,1.70000002980232,3.305));
#17458=CARTESIAN_POINT('',(1.11909960284829,1.70000002980232,3.35));
#17459=CARTESIAN_POINT('',(1.11909960284829,1.70000002980232,3.305));
#17460=CARTESIAN_POINT('Origin',(1.15879945531487,1.70000002980232,3.35));
#17461=CARTESIAN_POINT('',(2.57939972765744,1.70000002980232,3.35));
#17462=CARTESIAN_POINT('',(1.15879945531487,1.70000002980232,3.305));
#17463=CARTESIAN_POINT('Origin',(2.14761248119175,1.80590043663979,3.305));
#17464=CARTESIAN_POINT('Origin',(0.739699863642454,2.00000004172325,3.35));
#17465=CARTESIAN_POINT('',(0.739699863642454,2.00000004172325,3.35));
#17466=CARTESIAN_POINT('',(0.739699863642454,1.70000002980232,3.35));
#17467=CARTESIAN_POINT('',(0.739699863642454,2.00000002086163,3.35));
#17468=CARTESIAN_POINT('',(0.739699863642454,2.00000004172325,3.305));
#17469=CARTESIAN_POINT('',(0.739699863642454,2.00000004172325,3.35));
#17470=CARTESIAN_POINT('',(0.739699863642454,1.70000002980232,3.305));
#17471=CARTESIAN_POINT('',(0.739699863642454,2.00000004172325,3.305));
#17472=CARTESIAN_POINT('',(0.739699863642454,1.70000002980232,3.35));
#17473=CARTESIAN_POINT('Origin',(0.7,2.00000004172325,3.35));
#17474=CARTESIAN_POINT('',(0.7,2.00000004172325,3.35));
#17475=CARTESIAN_POINT('',(2.35,2.00000004172325,3.35));
#17476=CARTESIAN_POINT('',(0.7,2.00000004172325,3.305));
#17477=CARTESIAN_POINT('',(0.7,2.00000004172325,3.35));
#17478=CARTESIAN_POINT('',(0.7,2.00000004172325,3.305));
#17479=CARTESIAN_POINT('Origin',(0.7,1.70000002980232,3.35));
#17480=CARTESIAN_POINT('',(0.7,1.70000002980232,3.35));
#17481=CARTESIAN_POINT('',(0.7,1.85000001490116,3.35));
#17482=CARTESIAN_POINT('',(0.7,1.70000002980232,3.305));
#17483=CARTESIAN_POINT('',(0.7,1.70000002980232,3.35));
#17484=CARTESIAN_POINT('',(0.7,1.70000002980232,3.305));
#17485=CARTESIAN_POINT('Origin',(0.739699863642454,1.70000002980232,3.35));
#17486=CARTESIAN_POINT('',(2.36984993182123,1.70000002980232,3.35));
#17487=CARTESIAN_POINT('',(0.739699863642454,1.70000002980232,3.305));
#17488=CARTESIAN_POINT('Origin',(2.14761248119175,1.80590043663979,3.305));
#17489=CARTESIAN_POINT('Origin',(4.,2.,3.35));
#17490=CARTESIAN_POINT('Origin',(4.,2.,3.35));
#17491=CARTESIAN_POINT('Origin',(4.,2.,3.35));
#17492=CARTESIAN_POINT('Origin',(4.,2.,3.35));
#17493=CARTESIAN_POINT('Origin',(4.,2.,3.35));
#17494=CARTESIAN_POINT('Origin',(4.,2.,3.35));
#17495=CARTESIAN_POINT('Origin',(4.,2.,3.35));
#17496=CARTESIAN_POINT('Origin',(4.,2.,3.35));
#17497=CARTESIAN_POINT('Ctrl Pts',(1.96534787192941,2.48424285650253,3.35));
#17498=CARTESIAN_POINT('Ctrl Pts',(1.96534787192941,2.48424285650253,3.305));
#17499=CARTESIAN_POINT('Ctrl Pts',(1.99638472571969,2.51732611656189,3.35));
#17500=CARTESIAN_POINT('Ctrl Pts',(1.99638472571969,2.51732611656189,3.305));
#17501=CARTESIAN_POINT('Ctrl Pts',(1.99638472571969,2.61145979166031,3.35));
#17502=CARTESIAN_POINT('Ctrl Pts',(1.99638472571969,2.61145979166031,3.305));
#17503=CARTESIAN_POINT('',(1.96534787192941,2.48424285650253,3.35));
#17504=CARTESIAN_POINT('',(1.99638472571969,2.61145979166031,3.35));
#17505=CARTESIAN_POINT('Ctrl Pts',(1.96534787192941,2.48424285650253,3.35));
#17506=CARTESIAN_POINT('Ctrl Pts',(1.99638472571969,2.51732611656189,3.35));
#17507=CARTESIAN_POINT('Ctrl Pts',(1.99638472571969,2.61145979166031,3.35));
#17508=CARTESIAN_POINT('',(1.96534787192941,2.48424285650253,3.305));
#17509=CARTESIAN_POINT('',(1.96534787192941,2.48424285650253,3.35));
#17510=CARTESIAN_POINT('',(1.99638472571969,2.61145979166031,3.305));
#17511=CARTESIAN_POINT('Ctrl Pts',(1.96534787192941,2.48424285650253,3.305));
#17512=CARTESIAN_POINT('Ctrl Pts',(1.99638472571969,2.51732611656189,3.305));
#17513=CARTESIAN_POINT('Ctrl Pts',(1.99638472571969,2.61145979166031,3.305));
#17514=CARTESIAN_POINT('',(1.99638472571969,2.61145979166031,3.35));
#17515=CARTESIAN_POINT('Ctrl Pts',(1.86132334247231,2.45115965604782,3.35));
#17516=CARTESIAN_POINT('Ctrl Pts',(1.86132334247231,2.45115965604782,3.305));
#17517=CARTESIAN_POINT('Ctrl Pts',(1.93431101813912,2.45115965604782,3.35));
#17518=CARTESIAN_POINT('Ctrl Pts',(1.93431101813912,2.45115965604782,3.305));
#17519=CARTESIAN_POINT('Ctrl Pts',(1.96534787192941,2.48424285650253,3.35));
#17520=CARTESIAN_POINT('Ctrl Pts',(1.96534787192941,2.48424285650253,3.305));
#17521=CARTESIAN_POINT('',(1.86132334247231,2.45115965604782,3.35));
#17522=CARTESIAN_POINT('Ctrl Pts',(1.86132334247231,2.45115965604782,3.35));
#17523=CARTESIAN_POINT('Ctrl Pts',(1.93431101813912,2.45115965604782,3.35));
#17524=CARTESIAN_POINT('Ctrl Pts',(1.96534787192941,2.48424285650253,3.35));
#17525=CARTESIAN_POINT('',(1.86132334247231,2.45115965604782,3.305));
#17526=CARTESIAN_POINT('',(1.86132334247231,2.45115965604782,3.35));
#17527=CARTESIAN_POINT('Ctrl Pts',(1.86132334247231,2.45115965604782,3.305));
#17528=CARTESIAN_POINT('Ctrl Pts',(1.93431101813912,2.45115965604782,3.305));
#17529=CARTESIAN_POINT('Ctrl Pts',(1.96534787192941,2.48424285650253,3.305));
#17530=CARTESIAN_POINT('Ctrl Pts',(1.78918825164437,2.46787178516388,3.35));
#17531=CARTESIAN_POINT('Ctrl Pts',(1.78918825164437,2.46787178516388,3.305));
#17532=CARTESIAN_POINT('Ctrl Pts',(1.81869028583169,2.45115965604782,3.35));
#17533=CARTESIAN_POINT('Ctrl Pts',(1.81869028583169,2.45115965604782,3.305));
#17534=CARTESIAN_POINT('Ctrl Pts',(1.86132334247231,2.45115965604782,3.35));
#17535=CARTESIAN_POINT('Ctrl Pts',(1.86132334247231,2.45115965604782,3.305));
#17536=CARTESIAN_POINT('',(1.78918825164437,2.46787178516388,3.35));
#17537=CARTESIAN_POINT('Ctrl Pts',(1.78918825164437,2.46787178516388,3.35));
#17538=CARTESIAN_POINT('Ctrl Pts',(1.81869028583169,2.45115965604782,3.35));
#17539=CARTESIAN_POINT('Ctrl Pts',(1.86132334247231,2.45115965604782,3.35));
#17540=CARTESIAN_POINT('',(1.78918825164437,2.46787178516388,3.305));
#17541=CARTESIAN_POINT('',(1.78918825164437,2.46787178516388,3.35));
#17542=CARTESIAN_POINT('Ctrl Pts',(1.78918825164437,2.46787178516388,3.305));
#17543=CARTESIAN_POINT('Ctrl Pts',(1.81869028583169,2.45115965604782,3.305));
#17544=CARTESIAN_POINT('Ctrl Pts',(1.86132334247231,2.45115965604782,3.305));
#17545=CARTESIAN_POINT('Ctrl Pts',(1.74757848754525,2.51545023918152,3.35));
#17546=CARTESIAN_POINT('Ctrl Pts',(1.74757848754525,2.51545023918152,3.305));
#17547=CARTESIAN_POINT('Ctrl Pts',(1.75968621745706,2.48458391427994,3.35));
#17548=CARTESIAN_POINT('Ctrl Pts',(1.75968621745706,2.48458391427994,3.305));
#17549=CARTESIAN_POINT('Ctrl Pts',(1.78918825164437,2.46787178516388,3.35));
#17550=CARTESIAN_POINT('Ctrl Pts',(1.78918825164437,2.46787178516388,3.305));
#17551=CARTESIAN_POINT('',(1.74757848754525,2.51545023918152,3.35));
#17552=CARTESIAN_POINT('Ctrl Pts',(1.74757848754525,2.51545023918152,3.35));
#17553=CARTESIAN_POINT('Ctrl Pts',(1.75968621745706,2.48458391427994,3.35));
#17554=CARTESIAN_POINT('Ctrl Pts',(1.78918825164437,2.46787178516388,3.35));
#17555=CARTESIAN_POINT('',(1.74757848754525,2.51545023918152,3.305));
#17556=CARTESIAN_POINT('',(1.74757848754525,2.51545023918152,3.35));
#17557=CARTESIAN_POINT('Ctrl Pts',(1.74757848754525,2.51545023918152,3.305));
#17558=CARTESIAN_POINT('Ctrl Pts',(1.75968621745706,2.48458391427994,3.305));
#17559=CARTESIAN_POINT('Ctrl Pts',(1.78918825164437,2.46787178516388,3.305));
#17560=CARTESIAN_POINT('Ctrl Pts',(1.73547063842416,2.61145979166031,3.35));
#17561=CARTESIAN_POINT('Ctrl Pts',(1.73547063842416,2.61145979166031,3.305));
#17562=CARTESIAN_POINT('Ctrl Pts',(1.73547063842416,2.5463165640831,3.35));
#17563=CARTESIAN_POINT('Ctrl Pts',(1.73547063842416,2.5463165640831,3.305));
#17564=CARTESIAN_POINT('Ctrl Pts',(1.74757848754525,2.51545023918152,3.35));
#17565=CARTESIAN_POINT('Ctrl Pts',(1.74757848754525,2.51545023918152,3.305));
#17566=CARTESIAN_POINT('',(1.73547063842416,2.61145979166031,3.35));
#17567=CARTESIAN_POINT('Ctrl Pts',(1.73547063842416,2.61145979166031,3.35));
#17568=CARTESIAN_POINT('Ctrl Pts',(1.73547063842416,2.5463165640831,3.35));
#17569=CARTESIAN_POINT('Ctrl Pts',(1.74757848754525,2.51545023918152,3.35));
#17570=CARTESIAN_POINT('',(1.73547063842416,2.61145979166031,3.305));
#17571=CARTESIAN_POINT('',(1.73547063842416,2.61145979166031,3.35));
#17572=CARTESIAN_POINT('Ctrl Pts',(1.73547063842416,2.61145979166031,3.305));
#17573=CARTESIAN_POINT('Ctrl Pts',(1.73547063842416,2.5463165640831,3.305));
#17574=CARTESIAN_POINT('Ctrl Pts',(1.74757848754525,2.51545023918152,3.305));
#17575=CARTESIAN_POINT('Origin',(1.73547063842416,2.90000003576279,3.35));
#17576=CARTESIAN_POINT('',(1.73547063842416,2.90000003576279,3.35));
#17577=CARTESIAN_POINT('',(1.73547063842416,2.45000001788139,3.35));
#17578=CARTESIAN_POINT('',(1.73547063842416,2.90000003576279,3.305));
#17579=CARTESIAN_POINT('',(1.73547063842416,2.90000003576279,3.35));
#17580=CARTESIAN_POINT('',(1.73547063842416,2.90000003576279,3.305));
#17581=CARTESIAN_POINT('Origin',(1.66930423751473,2.90000003576279,3.35));
#17582=CARTESIAN_POINT('',(1.66930423751473,2.90000003576279,3.35));
#17583=CARTESIAN_POINT('',(2.83465211875737,2.90000003576279,3.35));
#17584=CARTESIAN_POINT('',(1.66930423751473,2.90000003576279,3.305));
#17585=CARTESIAN_POINT('',(1.66930423751473,2.90000003576279,3.35));
#17586=CARTESIAN_POINT('',(1.66930423751473,2.90000003576279,3.305));
#17587=CARTESIAN_POINT('Origin',(1.66930423751473,2.6111187338829,3.35));
#17588=CARTESIAN_POINT('',(1.66930423751473,2.6111187338829,3.35));
#17589=CARTESIAN_POINT('',(1.66930423751473,2.30555936694145,3.35));
#17590=CARTESIAN_POINT('',(1.66930423751473,2.6111187338829,3.305));
#17591=CARTESIAN_POINT('',(1.66930423751473,2.6111187338829,3.35));
#17592=CARTESIAN_POINT('',(1.66930423751473,2.6111187338829,3.305));
#17593=CARTESIAN_POINT('Ctrl Pts',(1.68840383067727,2.4857776761055,3.35));
#17594=CARTESIAN_POINT('Ctrl Pts',(1.68840383067727,2.4857776761055,3.305));
#17595=CARTESIAN_POINT('Ctrl Pts',(1.66930423751473,2.53165078163147,3.35));
#17596=CARTESIAN_POINT('Ctrl Pts',(1.66930423751473,2.53165078163147,3.305));
#17597=CARTESIAN_POINT('Ctrl Pts',(1.66930423751473,2.6111187338829,3.35));
#17598=CARTESIAN_POINT('Ctrl Pts',(1.66930423751473,2.6111187338829,3.305));
#17599=CARTESIAN_POINT('',(1.68840383067727,2.4857776761055,3.35));
#17600=CARTESIAN_POINT('Ctrl Pts',(1.68840383067727,2.4857776761055,3.35));
#17601=CARTESIAN_POINT('Ctrl Pts',(1.66930423751473,2.53165078163147,3.35));
#17602=CARTESIAN_POINT('Ctrl Pts',(1.66930423751473,2.6111187338829,3.35));
#17603=CARTESIAN_POINT('',(1.68840383067727,2.4857776761055,3.305));
#17604=CARTESIAN_POINT('',(1.68840383067727,2.4857776761055,3.35));
#17605=CARTESIAN_POINT('Ctrl Pts',(1.68840383067727,2.4857776761055,3.305));
#17606=CARTESIAN_POINT('Ctrl Pts',(1.66930423751473,2.53165078163147,3.305));
#17607=CARTESIAN_POINT('Ctrl Pts',(1.66930423751473,2.6111187338829,3.305));
#17608=CARTESIAN_POINT('Ctrl Pts',(1.75218282714486,2.41568899154663,3.35));
#17609=CARTESIAN_POINT('Ctrl Pts',(1.75218282714486,2.41568899154663,3.305));
#17610=CARTESIAN_POINT('Ctrl Pts',(1.70750342383981,2.43990451097488,3.35));
#17611=CARTESIAN_POINT('Ctrl Pts',(1.70750342383981,2.43990451097488,3.305));
#17612=CARTESIAN_POINT('Ctrl Pts',(1.68840383067727,2.4857776761055,3.35));
#17613=CARTESIAN_POINT('Ctrl Pts',(1.68840383067727,2.4857776761055,3.305));
#17614=CARTESIAN_POINT('',(1.75218282714486,2.41568899154663,3.35));
#17615=CARTESIAN_POINT('Ctrl Pts',(1.75218282714486,2.41568899154663,3.35));
#17616=CARTESIAN_POINT('Ctrl Pts',(1.70750342383981,2.43990451097488,3.35));
#17617=CARTESIAN_POINT('Ctrl Pts',(1.68840383067727,2.4857776761055,3.35));
#17618=CARTESIAN_POINT('',(1.75218282714486,2.41568899154663,3.305));
#17619=CARTESIAN_POINT('',(1.75218282714486,2.41568899154663,3.35));
#17620=CARTESIAN_POINT('Ctrl Pts',(1.75218282714486,2.41568899154663,3.305));
#17621=CARTESIAN_POINT('Ctrl Pts',(1.70750342383981,2.43990451097488,3.305));
#17622=CARTESIAN_POINT('Ctrl Pts',(1.68840383067727,2.4857776761055,3.305));
#17623=CARTESIAN_POINT('Ctrl Pts',(1.86712144389749,2.39147341251373,3.35));
#17624=CARTESIAN_POINT('Ctrl Pts',(1.86712144389749,2.39147341251373,3.305));
#17625=CARTESIAN_POINT('Ctrl Pts',(1.79686223044991,2.39147341251373,3.35));
#17626=CARTESIAN_POINT('Ctrl Pts',(1.79686223044991,2.39147341251373,3.305));
#17627=CARTESIAN_POINT('Ctrl Pts',(1.75218282714486,2.41568899154663,3.35));
#17628=CARTESIAN_POINT('Ctrl Pts',(1.75218282714486,2.41568899154663,3.305));
#17629=CARTESIAN_POINT('',(1.86712144389749,2.39147341251373,3.35));
#17630=CARTESIAN_POINT('Ctrl Pts',(1.86712144389749,2.39147341251373,3.35));
#17631=CARTESIAN_POINT('Ctrl Pts',(1.79686223044991,2.39147341251373,3.35));
#17632=CARTESIAN_POINT('Ctrl Pts',(1.75218282714486,2.41568899154663,3.35));
#17633=CARTESIAN_POINT('',(1.86712144389749,2.39147341251373,3.305));
#17634=CARTESIAN_POINT('',(1.86712144389749,2.39147341251373,3.35));
#17635=CARTESIAN_POINT('Ctrl Pts',(1.86712144389749,2.39147341251373,3.305));
#17636=CARTESIAN_POINT('Ctrl Pts',(1.79686223044991,2.39147341251373,3.305));
#17637=CARTESIAN_POINT('Ctrl Pts',(1.75218282714486,2.41568899154663,3.305));
#17638=CARTESIAN_POINT('Ctrl Pts',(1.98393593803048,2.41927015781403,3.35));
#17639=CARTESIAN_POINT('Ctrl Pts',(1.98393593803048,2.41927015781403,3.305));
#17640=CARTESIAN_POINT('Ctrl Pts',(1.93942700400949,2.39147341251373,3.35));
#17641=CARTESIAN_POINT('Ctrl Pts',(1.93942700400949,2.39147341251373,3.305));
#17642=CARTESIAN_POINT('Ctrl Pts',(1.86712144389749,2.39147341251373,3.35));
#17643=CARTESIAN_POINT('Ctrl Pts',(1.86712144389749,2.39147341251373,3.305));
#17644=CARTESIAN_POINT('',(1.98393593803048,2.41927015781403,3.35));
#17645=CARTESIAN_POINT('Ctrl Pts',(1.98393593803048,2.41927015781403,3.35));
#17646=CARTESIAN_POINT('Ctrl Pts',(1.93942700400949,2.39147341251373,3.35));
#17647=CARTESIAN_POINT('Ctrl Pts',(1.86712144389749,2.39147341251373,3.35));
#17648=CARTESIAN_POINT('',(1.98393593803048,2.41927015781403,3.305));
#17649=CARTESIAN_POINT('',(1.98393593803048,2.41927015781403,3.35));
#17650=CARTESIAN_POINT('Ctrl Pts',(1.98393593803048,2.41927015781403,3.305));
#17651=CARTESIAN_POINT('Ctrl Pts',(1.93942700400949,2.39147341251373,3.305));
#17652=CARTESIAN_POINT('Ctrl Pts',(1.86712144389749,2.39147341251373,3.305));
#17653=CARTESIAN_POINT('Ctrl Pts',(2.0454979993403,2.49140524864197,3.35));
#17654=CARTESIAN_POINT('Ctrl Pts',(2.0454979993403,2.49140524864197,3.305));
#17655=CARTESIAN_POINT('Ctrl Pts',(2.02844475284219,2.44706690311432,3.35));
#17656=CARTESIAN_POINT('Ctrl Pts',(2.02844475284219,2.44706690311432,3.305));
#17657=CARTESIAN_POINT('Ctrl Pts',(1.98393593803048,2.41927015781403,3.35));
#17658=CARTESIAN_POINT('Ctrl Pts',(1.98393593803048,2.41927015781403,3.305));
#17659=CARTESIAN_POINT('',(2.0454979993403,2.49140524864197,3.35));
#17660=CARTESIAN_POINT('Ctrl Pts',(2.0454979993403,2.49140524864197,3.35));
#17661=CARTESIAN_POINT('Ctrl Pts',(2.02844475284219,2.44706690311432,3.35));
#17662=CARTESIAN_POINT('Ctrl Pts',(1.98393593803048,2.41927015781403,3.35));
#17663=CARTESIAN_POINT('',(2.0454979993403,2.49140524864197,3.305));
#17664=CARTESIAN_POINT('',(2.0454979993403,2.49140524864197,3.35));
#17665=CARTESIAN_POINT('Ctrl Pts',(2.0454979993403,2.49140524864197,3.305));
#17666=CARTESIAN_POINT('Ctrl Pts',(2.02844475284219,2.44706690311432,3.305));
#17667=CARTESIAN_POINT('Ctrl Pts',(1.98393593803048,2.41927015781403,3.305));
#17668=CARTESIAN_POINT('Ctrl Pts',(2.06255112662911,2.6111187338829,3.35));
#17669=CARTESIAN_POINT('Ctrl Pts',(2.06255112662911,2.6111187338829,3.305));
#17670=CARTESIAN_POINT('Ctrl Pts',(2.06255112662911,2.53574353456497,3.35));
#17671=CARTESIAN_POINT('Ctrl Pts',(2.06255112662911,2.53574353456497,3.305));
#17672=CARTESIAN_POINT('Ctrl Pts',(2.0454979993403,2.49140524864197,3.35));
#17673=CARTESIAN_POINT('Ctrl Pts',(2.0454979993403,2.49140524864197,3.305));
#17674=CARTESIAN_POINT('',(2.06255112662911,2.6111187338829,3.35));
#17675=CARTESIAN_POINT('Ctrl Pts',(2.06255112662911,2.6111187338829,3.35));
#17676=CARTESIAN_POINT('Ctrl Pts',(2.06255112662911,2.53574353456497,3.35));
#17677=CARTESIAN_POINT('Ctrl Pts',(2.0454979993403,2.49140524864197,3.35));
#17678=CARTESIAN_POINT('',(2.06255112662911,2.6111187338829,3.305));
#17679=CARTESIAN_POINT('',(2.06255112662911,2.6111187338829,3.35));
#17680=CARTESIAN_POINT('Ctrl Pts',(2.06255112662911,2.6111187338829,3.305));
#17681=CARTESIAN_POINT('Ctrl Pts',(2.06255112662911,2.53574353456497,3.305));
#17682=CARTESIAN_POINT('Ctrl Pts',(2.0454979993403,2.49140524864197,3.305));
#17683=CARTESIAN_POINT('Origin',(2.06255112662911,2.90000003576279,3.35));
#17684=CARTESIAN_POINT('',(2.06255112662911,2.90000003576279,3.35));
#17685=CARTESIAN_POINT('',(2.06255112662911,2.45000001788139,3.35));
#17686=CARTESIAN_POINT('',(2.06255112662911,2.90000003576279,3.305));
#17687=CARTESIAN_POINT('',(2.06255112662911,2.90000003576279,3.35));
#17688=CARTESIAN_POINT('',(2.06255112662911,2.90000003576279,3.305));
#17689=CARTESIAN_POINT('Origin',(1.99638472571969,2.90000003576279,3.35));
#17690=CARTESIAN_POINT('',(1.99638472571969,2.90000003576279,3.35));
#17691=CARTESIAN_POINT('',(2.99819236285985,2.90000003576279,3.35));
#17692=CARTESIAN_POINT('',(1.99638472571969,2.90000003576279,3.305));
#17693=CARTESIAN_POINT('',(1.99638472571969,2.90000003576279,3.35));
#17694=CARTESIAN_POINT('',(1.99638472571969,2.90000003576279,3.305));
#17695=CARTESIAN_POINT('Origin',(1.99638472571969,2.61145979166031,3.35));
#17696=CARTESIAN_POINT('',(1.99638472571969,2.30572989583015,3.35));
#17697=CARTESIAN_POINT('',(1.99638472571969,2.61145979166031,3.305));
#17698=CARTESIAN_POINT('Origin',(1.38127556331456,2.64573672413826,3.305));
#17699=CARTESIAN_POINT('Origin',(1.26582537665963,2.57326060533524,3.35));
#17700=CARTESIAN_POINT('',(1.26582537665963,2.57326060533524,3.35));
#17701=CARTESIAN_POINT('',(1.26582537665963,2.40000003576279,3.35));
#17702=CARTESIAN_POINT('',(1.26582537665963,2.28663030266762,3.35));
#17703=CARTESIAN_POINT('',(1.26582537665963,2.57326060533524,3.305));
#17704=CARTESIAN_POINT('',(1.26582537665963,2.57326060533524,3.35));
#17705=CARTESIAN_POINT('',(1.26582537665963,2.40000003576279,3.305));
#17706=CARTESIAN_POINT('',(1.26582537665963,2.57326060533524,3.305));
#17707=CARTESIAN_POINT('',(1.26582537665963,2.40000003576279,3.35));
#17708=CARTESIAN_POINT('Origin',(1.3476807333529,2.65306961536407,3.35));
#17709=CARTESIAN_POINT('',(1.3476807333529,2.65306961536407,3.35));
#17710=CARTESIAN_POINT('',(1.86432928892952,3.15680219218139,3.35));
#17711=CARTESIAN_POINT('',(1.3476807333529,2.65306961536407,3.305));
#17712=CARTESIAN_POINT('',(1.3476807333529,2.65306961536407,3.35));
#17713=CARTESIAN_POINT('',(1.3476807333529,2.65306961536407,3.305));
#17714=CARTESIAN_POINT('Origin',(1.5257162310183,2.40000003576279,3.35));
#17715=CARTESIAN_POINT('',(1.5257162310183,2.40000003576279,3.35));
#17716=CARTESIAN_POINT('',(2.02941254494336,1.68401802047224,3.35));
#17717=CARTESIAN_POINT('',(1.5257162310183,2.40000003576279,3.305));
#17718=CARTESIAN_POINT('',(1.5257162310183,2.40000003576279,3.35));
#17719=CARTESIAN_POINT('',(1.5257162310183,2.40000003576279,3.305));
#17720=CARTESIAN_POINT('Origin',(1.61302863135934,2.40000003576279,3.35));
#17721=CARTESIAN_POINT('',(1.61302863135934,2.40000003576279,3.35));
#17722=CARTESIAN_POINT('',(2.80651431567967,2.40000003576279,3.35));
#17723=CARTESIAN_POINT('',(1.61302863135934,2.40000003576279,3.305));
#17724=CARTESIAN_POINT('',(1.61302863135934,2.40000003576279,3.35));
#17725=CARTESIAN_POINT('',(1.61302863135934,2.40000003576279,3.305));
#17726=CARTESIAN_POINT('Origin',(1.39406548514962,2.69740796089172,3.35));
#17727=CARTESIAN_POINT('',(1.39406548514962,2.69740796089172,3.35));
#17728=CARTESIAN_POINT('',(2.01855928606038,1.84918574267942,3.35));
#17729=CARTESIAN_POINT('',(1.39406548514962,2.69740796089172,3.305));
#17730=CARTESIAN_POINT('',(1.39406548514962,2.69740796089172,3.35));
#17731=CARTESIAN_POINT('',(1.39406548514962,2.69740796089172,3.305));
#17732=CARTESIAN_POINT('Origin',(1.60381989255548,2.90000003576279,3.35));
#17733=CARTESIAN_POINT('',(1.60381989255548,2.90000003576279,3.35));
#17734=CARTESIAN_POINT('',(1.9988048191471,3.28149769681627,3.35));
#17735=CARTESIAN_POINT('',(1.60381989255548,2.90000003576279,3.305));
#17736=CARTESIAN_POINT('',(1.60381989255548,2.90000003576279,3.35));
#17737=CARTESIAN_POINT('',(1.60381989255548,2.90000003576279,3.305));
#17738=CARTESIAN_POINT('Origin',(1.51412002816796,2.90000003576279,3.35));
#17739=CARTESIAN_POINT('',(1.51412002816796,2.90000003576279,3.35));
#17740=CARTESIAN_POINT('',(2.75706001408398,2.90000003576279,3.35));
#17741=CARTESIAN_POINT('',(1.51412002816796,2.90000003576279,3.305));
#17742=CARTESIAN_POINT('',(1.51412002816796,2.90000003576279,3.35));
#17743=CARTESIAN_POINT('',(1.51412002816796,2.90000003576279,3.305));
#17744=CARTESIAN_POINT('Origin',(1.26582537665963,2.65204641222954,3.35));
#17745=CARTESIAN_POINT('',(1.26582537665963,2.65204641222954,3.35));
#17746=CARTESIAN_POINT('',(1.78729706233333,3.17280186647438,3.35));
#17747=CARTESIAN_POINT('',(1.26582537665963,2.65204641222954,3.305));
#17748=CARTESIAN_POINT('',(1.26582537665963,2.65204641222954,3.35));
#17749=CARTESIAN_POINT('',(1.26582537665963,2.65204641222954,3.305));
#17750=CARTESIAN_POINT('Origin',(1.26582537665963,2.90000003576279,3.35));
#17751=CARTESIAN_POINT('',(1.26582537665963,2.90000003576279,3.35));
#17752=CARTESIAN_POINT('',(1.26582537665963,2.45000001788139,3.35));
#17753=CARTESIAN_POINT('',(1.26582537665963,2.90000003576279,3.305));
#17754=CARTESIAN_POINT('',(1.26582537665963,2.90000003576279,3.35));
#17755=CARTESIAN_POINT('',(1.26582537665963,2.90000003576279,3.305));
#17756=CARTESIAN_POINT('Origin',(1.19965891614556,2.90000003576279,3.35));
#17757=CARTESIAN_POINT('',(1.19965891614556,2.90000003576279,3.35));
#17758=CARTESIAN_POINT('',(2.59982945807278,2.90000003576279,3.35));
#17759=CARTESIAN_POINT('',(1.19965891614556,2.90000003576279,3.305));
#17760=CARTESIAN_POINT('',(1.19965891614556,2.90000003576279,3.35));
#17761=CARTESIAN_POINT('',(1.19965891614556,2.90000003576279,3.305));
#17762=CARTESIAN_POINT('Origin',(1.19965891614556,2.40000003576279,3.35));
#17763=CARTESIAN_POINT('',(1.19965891614556,2.40000003576279,3.35));
#17764=CARTESIAN_POINT('',(1.19965891614556,2.20000001788139,3.35));
#17765=CARTESIAN_POINT('',(1.19965891614556,2.40000003576279,3.305));
#17766=CARTESIAN_POINT('',(1.19965891614556,2.40000003576279,3.35));
#17767=CARTESIAN_POINT('',(1.19965891614556,2.40000003576279,3.305));
#17768=CARTESIAN_POINT('Origin',(1.26582537665963,2.40000003576279,3.35));
#17769=CARTESIAN_POINT('',(2.63291268832982,2.40000003576279,3.35));
#17770=CARTESIAN_POINT('',(1.26582537665963,2.40000003576279,3.305));
#17771=CARTESIAN_POINT('Origin',(1.38127556331456,2.64573672413826,3.305));
#17772=CARTESIAN_POINT('Origin',(0.766166434437036,2.63567534089088,3.35));
#17773=CARTESIAN_POINT('',(0.766166434437036,2.63567534089088,3.35));
#17774=CARTESIAN_POINT('',(0.766166434437036,2.40000003576279,3.35));
#17775=CARTESIAN_POINT('',(0.766166434437037,2.31783767044544,3.35));
#17776=CARTESIAN_POINT('',(0.766166434437036,2.63567534089088,3.305));
#17777=CARTESIAN_POINT('',(0.766166434437036,2.63567534089088,3.35));
#17778=CARTESIAN_POINT('',(0.766166434437036,2.40000003576279,3.305));
#17779=CARTESIAN_POINT('',(0.766166434437036,2.63567534089088,3.305));
#17780=CARTESIAN_POINT('',(0.766166434437036,2.40000003576279,3.35));
#17781=CARTESIAN_POINT('Origin',(1.02605731859803,2.63567534089088,3.35));
#17782=CARTESIAN_POINT('',(1.02605731859803,2.63567534089088,3.35));
#17783=CARTESIAN_POINT('',(2.51302865929902,2.63567534089088,3.35));
#17784=CARTESIAN_POINT('',(1.02605731859803,2.63567534089088,3.305));
#17785=CARTESIAN_POINT('',(1.02605731859803,2.63567534089088,3.35));
#17786=CARTESIAN_POINT('',(1.02605731859803,2.63567534089088,3.305));
#17787=CARTESIAN_POINT('Origin',(1.02605731859803,2.40000003576279,3.35));
#17788=CARTESIAN_POINT('',(1.02605731859803,2.40000003576279,3.35));
#17789=CARTESIAN_POINT('',(1.02605731859803,2.20000001788139,3.35));
#17790=CARTESIAN_POINT('',(1.02605731859803,2.40000003576279,3.305));
#17791=CARTESIAN_POINT('',(1.02605731859803,2.40000003576279,3.35));
#17792=CARTESIAN_POINT('',(1.02605731859803,2.40000003576279,3.305));
#17793=CARTESIAN_POINT('Origin',(1.09222374930978,2.40000003576279,3.35));
#17794=CARTESIAN_POINT('',(1.09222374930978,2.40000003576279,3.35));
#17795=CARTESIAN_POINT('',(2.54611187465489,2.40000003576279,3.35));
#17796=CARTESIAN_POINT('',(1.09222374930978,2.40000003576279,3.305));
#17797=CARTESIAN_POINT('',(1.09222374930978,2.40000003576279,3.35));
#17798=CARTESIAN_POINT('',(1.09222374930978,2.40000003576279,3.305));
#17799=CARTESIAN_POINT('Origin',(1.09222374930978,2.90000003576279,3.35));
#17800=CARTESIAN_POINT('',(1.09222374930978,2.90000003576279,3.35));
#17801=CARTESIAN_POINT('',(1.09222374930978,2.45000001788139,3.35));
#17802=CARTESIAN_POINT('',(1.09222374930978,2.90000003576279,3.305));
#17803=CARTESIAN_POINT('',(1.09222374930978,2.90000003576279,3.35));
#17804=CARTESIAN_POINT('',(1.09222374930978,2.90000003576279,3.305));
#17805=CARTESIAN_POINT('Origin',(1.02605731859803,2.90000003576279,3.35));
#17806=CARTESIAN_POINT('',(1.02605731859803,2.90000003576279,3.35));
#17807=CARTESIAN_POINT('',(2.51302865929902,2.90000003576279,3.35));
#17808=CARTESIAN_POINT('',(1.02605731859803,2.90000003576279,3.305));
#17809=CARTESIAN_POINT('',(1.02605731859803,2.90000003576279,3.35));
#17810=CARTESIAN_POINT('',(1.02605731859803,2.90000003576279,3.305));
#17811=CARTESIAN_POINT('Origin',(1.02605731859803,2.69467943906784,3.35));
#17812=CARTESIAN_POINT('',(1.02605731859803,2.69467943906784,3.35));
#17813=CARTESIAN_POINT('',(1.02605731859803,2.34733971953392,3.35));
#17814=CARTESIAN_POINT('',(1.02605731859803,2.69467943906784,3.305));
#17815=CARTESIAN_POINT('',(1.02605731859803,2.69467943906784,3.35));
#17816=CARTESIAN_POINT('',(1.02605731859803,2.69467943906784,3.305));
#17817=CARTESIAN_POINT('Origin',(0.766166434437036,2.69467943906784,3.35));
#17818=CARTESIAN_POINT('',(0.766166434437036,2.69467943906784,3.35));
#17819=CARTESIAN_POINT('',(2.38308321721852,2.69467943906784,3.35));
#17820=CARTESIAN_POINT('',(0.766166434437036,2.69467943906784,3.305));
#17821=CARTESIAN_POINT('',(0.766166434437036,2.69467943906784,3.35));
#17822=CARTESIAN_POINT('',(0.766166434437036,2.69467943906784,3.305));
#17823=CARTESIAN_POINT('Origin',(0.766166434437036,2.90000003576279,3.35));
#17824=CARTESIAN_POINT('',(0.766166434437036,2.90000003576279,3.35));
#17825=CARTESIAN_POINT('',(0.766166434437037,2.45000001788139,3.35));
#17826=CARTESIAN_POINT('',(0.766166434437036,2.90000003576279,3.305));
#17827=CARTESIAN_POINT('',(0.766166434437036,2.90000003576279,3.35));
#17828=CARTESIAN_POINT('',(0.766166434437036,2.90000003576279,3.305));
#17829=CARTESIAN_POINT('Origin',(0.7,2.90000003576279,3.35));
#17830=CARTESIAN_POINT('',(0.7,2.90000003576279,3.35));
#17831=CARTESIAN_POINT('',(2.35,2.90000003576279,3.35));
#17832=CARTESIAN_POINT('',(0.7,2.90000003576279,3.305));
#17833=CARTESIAN_POINT('',(0.7,2.90000003576279,3.35));
#17834=CARTESIAN_POINT('',(0.7,2.90000003576279,3.305));
#17835=CARTESIAN_POINT('Origin',(0.7,2.40000003576279,3.35));
#17836=CARTESIAN_POINT('',(0.7,2.40000003576279,3.35));
#17837=CARTESIAN_POINT('',(0.7,2.20000001788139,3.35));
#17838=CARTESIAN_POINT('',(0.7,2.40000003576279,3.305));
#17839=CARTESIAN_POINT('',(0.7,2.40000003576279,3.35));
#17840=CARTESIAN_POINT('',(0.7,2.40000003576279,3.305));
#17841=CARTESIAN_POINT('Origin',(0.766166434437036,2.40000003576279,3.35));
#17842=CARTESIAN_POINT('',(2.38308321721852,2.40000003576279,3.35));
#17843=CARTESIAN_POINT('',(0.766166434437036,2.40000003576279,3.305));
#17844=CARTESIAN_POINT('Origin',(1.38127556331456,2.64573672413826,3.305));
#17845=CARTESIAN_POINT('Origin',(4.7,3.62,2.785));
#17846=CARTESIAN_POINT('',(4.7,3.62,2.785));
#17847=CARTESIAN_POINT('',(4.5,3.62,2.785));
#17848=CARTESIAN_POINT('',(4.7,3.62,2.785));
#17849=CARTESIAN_POINT('',(4.5,3.62,3.17));
#17850=CARTESIAN_POINT('',(4.5,3.62,2.785));
#17851=CARTESIAN_POINT('',(4.7,3.62,3.17));
#17852=CARTESIAN_POINT('',(4.85,3.62,3.17));
#17853=CARTESIAN_POINT('',(4.7,3.62,2.785));
#17854=CARTESIAN_POINT('Origin',(4.7,3.48,2.785));
#17855=CARTESIAN_POINT('',(4.7,3.48,2.785));
#17856=CARTESIAN_POINT('',(4.7,3.48,2.785));
#17857=CARTESIAN_POINT('',(4.7,3.48,3.17));
#17858=CARTESIAN_POINT('',(4.7,3.775,3.17));
#17859=CARTESIAN_POINT('',(4.7,3.48,2.785));
#17860=CARTESIAN_POINT('Origin',(4.5,3.48,2.785));
#17861=CARTESIAN_POINT('',(4.5,3.48,2.785));
#17862=CARTESIAN_POINT('',(4.5,3.48,2.785));
#17863=CARTESIAN_POINT('',(4.5,3.48,3.17));
#17864=CARTESIAN_POINT('',(4.75,3.48,3.17));
#17865=CARTESIAN_POINT('',(4.5,3.48,2.785));
#17866=CARTESIAN_POINT('Origin',(4.5,3.62,2.785));
#17867=CARTESIAN_POINT('',(4.5,3.62,2.785));
#17868=CARTESIAN_POINT('',(4.5,3.845,3.17));
#17869=CARTESIAN_POINT('Origin',(4.6,3.55,2.785));
#17870=CARTESIAN_POINT('Origin',(4.7,0.52,2.785));
#17871=CARTESIAN_POINT('',(4.7,0.52,2.785));
#17872=CARTESIAN_POINT('',(4.5,0.52,2.785));
#17873=CARTESIAN_POINT('',(4.7,0.52,2.785));
#17874=CARTESIAN_POINT('',(4.5,0.52,3.17));
#17875=CARTESIAN_POINT('',(4.5,0.52,2.785));
#17876=CARTESIAN_POINT('',(4.7,0.52,3.17));
#17877=CARTESIAN_POINT('',(4.85,0.52,3.17));
#17878=CARTESIAN_POINT('',(4.7,0.52,2.785));
#17879=CARTESIAN_POINT('Origin',(4.7,0.38,2.785));
#17880=CARTESIAN_POINT('',(4.7,0.38,2.785));
#17881=CARTESIAN_POINT('',(4.7,0.38,2.785));
#17882=CARTESIAN_POINT('',(4.7,0.38,3.17));
#17883=CARTESIAN_POINT('',(4.7,2.225,3.17));
#17884=CARTESIAN_POINT('',(4.7,0.38,2.785));
#17885=CARTESIAN_POINT('Origin',(4.5,0.38,2.785));
#17886=CARTESIAN_POINT('',(4.5,0.38,2.785));
#17887=CARTESIAN_POINT('',(4.5,0.38,2.785));
#17888=CARTESIAN_POINT('',(4.5,0.38,3.17));
#17889=CARTESIAN_POINT('',(4.75,0.38,3.17));
#17890=CARTESIAN_POINT('',(4.5,0.38,2.785));
#17891=CARTESIAN_POINT('Origin',(4.5,0.52,2.785));
#17892=CARTESIAN_POINT('',(4.5,0.52,2.785));
#17893=CARTESIAN_POINT('',(4.5,2.295,3.17));
#17894=CARTESIAN_POINT('Origin',(4.6,0.45,2.785));
#17895=CARTESIAN_POINT('Origin',(1.2,3.62,2.785));
#17896=CARTESIAN_POINT('',(1.2,3.62,2.785));
#17897=CARTESIAN_POINT('',(1.,3.62,2.785));
#17898=CARTESIAN_POINT('',(1.2,3.62,2.785));
#17899=CARTESIAN_POINT('',(1.,3.62,3.17));
#17900=CARTESIAN_POINT('',(1.,3.62,2.785));
#17901=CARTESIAN_POINT('',(1.2,3.62,3.17));
#17902=CARTESIAN_POINT('',(3.1,3.62,3.17));
#17903=CARTESIAN_POINT('',(1.2,3.62,2.785));
#17904=CARTESIAN_POINT('Origin',(1.2,3.48,2.785));
#17905=CARTESIAN_POINT('',(1.2,3.48,2.785));
#17906=CARTESIAN_POINT('',(1.2,3.48,2.785));
#17907=CARTESIAN_POINT('',(1.2,3.48,3.17));
#17908=CARTESIAN_POINT('',(1.2,3.775,3.17));
#17909=CARTESIAN_POINT('',(1.2,3.48,2.785));
#17910=CARTESIAN_POINT('Origin',(1.,3.48,2.785));
#17911=CARTESIAN_POINT('',(1.,3.48,2.785));
#17912=CARTESIAN_POINT('',(1.,3.48,2.785));
#17913=CARTESIAN_POINT('',(1.,3.48,3.17));
#17914=CARTESIAN_POINT('',(3.,3.48,3.17));
#17915=CARTESIAN_POINT('',(1.,3.48,2.785));
#17916=CARTESIAN_POINT('Origin',(1.,3.62,2.785));
#17917=CARTESIAN_POINT('',(1.,3.62,2.785));
#17918=CARTESIAN_POINT('',(1.,3.845,3.17));
#17919=CARTESIAN_POINT('Origin',(1.1,3.55,2.785));
#17920=CARTESIAN_POINT('Origin',(1.2,0.52,2.785));
#17921=CARTESIAN_POINT('',(1.2,0.52,2.785));
#17922=CARTESIAN_POINT('',(1.,0.52,2.785));
#17923=CARTESIAN_POINT('',(1.2,0.52,2.785));
#17924=CARTESIAN_POINT('',(1.,0.52,3.17));
#17925=CARTESIAN_POINT('',(1.,0.52,2.785));
#17926=CARTESIAN_POINT('',(1.2,0.52,3.17));
#17927=CARTESIAN_POINT('',(3.1,0.52,3.17));
#17928=CARTESIAN_POINT('',(1.2,0.52,2.785));
#17929=CARTESIAN_POINT('Origin',(1.2,0.38,2.785));
#17930=CARTESIAN_POINT('',(1.2,0.38,2.785));
#17931=CARTESIAN_POINT('',(1.2,0.38,2.785));
#17932=CARTESIAN_POINT('',(1.2,0.38,3.17));
#17933=CARTESIAN_POINT('',(1.2,2.225,3.17));
#17934=CARTESIAN_POINT('',(1.2,0.38,2.785));
#17935=CARTESIAN_POINT('Origin',(1.,0.38,2.785));
#17936=CARTESIAN_POINT('',(1.,0.38,2.785));
#17937=CARTESIAN_POINT('',(1.,0.38,2.785));
#17938=CARTESIAN_POINT('',(1.,0.38,3.17));
#17939=CARTESIAN_POINT('',(3.,0.38,3.17));
#17940=CARTESIAN_POINT('',(1.,0.38,2.785));
#17941=CARTESIAN_POINT('Origin',(1.,0.52,2.785));
#17942=CARTESIAN_POINT('',(1.,0.52,2.785));
#17943=CARTESIAN_POINT('',(1.,2.295,3.17));
#17944=CARTESIAN_POINT('Origin',(1.1,0.45,2.785));
#17945=CARTESIAN_POINT('Origin',(4.63,3.88,2.32));
#17946=CARTESIAN_POINT('',(4.63,3.915,2.495));
#17947=CARTESIAN_POINT('',(4.63,3.915,2.33));
#17948=CARTESIAN_POINT('',(4.63,3.915,2.325));
#17949=CARTESIAN_POINT('',(4.63,4.035,2.495));
#17950=CARTESIAN_POINT('',(4.63,3.88,2.495));
#17951=CARTESIAN_POINT('',(4.63,4.035,2.33));
#17952=CARTESIAN_POINT('',(4.63,4.035,2.325));
#17953=CARTESIAN_POINT('',(4.63,2.94,2.33));
#17954=CARTESIAN_POINT('Origin',(3.87,4.05,2.32));
#17955=CARTESIAN_POINT('',(3.87,3.915,2.33));
#17956=CARTESIAN_POINT('',(3.87,3.915,2.495));
#17957=CARTESIAN_POINT('',(3.87,3.915,2.325));
#17958=CARTESIAN_POINT('',(3.87,4.035,2.33));
#17959=CARTESIAN_POINT('',(3.87,3.025,2.33));
#17960=CARTESIAN_POINT('',(3.87,4.035,2.495));
#17961=CARTESIAN_POINT('',(3.87,4.035,2.325));
#17962=CARTESIAN_POINT('',(3.87,4.05,2.495));
#17963=CARTESIAN_POINT('Origin',(4.25,3.965,2.495));
#17964=CARTESIAN_POINT('',(2.195,3.915,2.495));
#17965=CARTESIAN_POINT('',(6.1,4.035,2.495));
#17966=CARTESIAN_POINT('Origin',(7.95,4.035,2.33));
#17967=CARTESIAN_POINT('',(1.93,4.035,2.33));
#17968=CARTESIAN_POINT('',(7.95,4.035,2.33));
#17969=CARTESIAN_POINT('',(1.93,4.035,2.495));
#17970=CARTESIAN_POINT('',(1.93,4.035,2.325));
#17971=CARTESIAN_POINT('',(1.17,4.035,2.495));
#17972=CARTESIAN_POINT('',(4.75,4.035,2.495));
#17973=CARTESIAN_POINT('',(1.17,4.035,2.33));
#17974=CARTESIAN_POINT('',(1.17,4.035,2.325));
#17975=CARTESIAN_POINT('',(0.05,4.035,2.33));
#17976=CARTESIAN_POINT('',(7.95,4.035,2.33));
#17977=CARTESIAN_POINT('',(0.05,4.035,2.5));
#17978=CARTESIAN_POINT('',(0.05,4.035,2.33));
#17979=CARTESIAN_POINT('',(7.95,4.035,2.5));
#17980=CARTESIAN_POINT('',(7.95,4.035,2.5));
#17981=CARTESIAN_POINT('',(7.95,4.035,2.33));
#17982=CARTESIAN_POINT('',(7.95,4.035,2.33));
#17983=CARTESIAN_POINT('',(7.95,4.035,2.33));
#17984=CARTESIAN_POINT('Origin',(4.,2.,2.33));
#17985=CARTESIAN_POINT('',(1.93,3.915,2.33));
#17986=CARTESIAN_POINT('',(7.86,3.915,2.33));
#17987=CARTESIAN_POINT('',(1.93,2.94,2.33));
#17988=CARTESIAN_POINT('Origin',(4.,2.,2.33));
#17989=CARTESIAN_POINT('',(8.035,3.95,2.33));
#17990=CARTESIAN_POINT('Origin',(7.95,3.95,2.33));
#17991=CARTESIAN_POINT('',(8.035,0.05,2.33));
#17992=CARTESIAN_POINT('',(8.035,0.05,2.33));
#17993=CARTESIAN_POINT('',(7.95,-0.035,2.33));
#17994=CARTESIAN_POINT('Origin',(7.95,0.05,2.33));
#17995=CARTESIAN_POINT('',(4.63,-0.035,2.33));
#17996=CARTESIAN_POINT('',(0.05,-0.035,2.33));
#17997=CARTESIAN_POINT('',(4.63,0.085,2.33));
#17998=CARTESIAN_POINT('',(4.63,0.975,2.33));
#17999=CARTESIAN_POINT('',(7.54365286165207,0.085,2.33));
#18000=CARTESIAN_POINT('',(0.14,0.085,2.33));
#18001=CARTESIAN_POINT('',(7.65634713834792,0.085,2.33));
#18002=CARTESIAN_POINT('Origin',(7.6,0.4,2.33));
#18003=CARTESIAN_POINT('',(7.86,0.085,2.33));
#18004=CARTESIAN_POINT('',(0.14,0.085,2.33));
#18005=CARTESIAN_POINT('',(7.915,0.14,2.33));
#18006=CARTESIAN_POINT('Origin',(7.86,0.14,2.33));
#18007=CARTESIAN_POINT('',(7.915,0.343652861652082,2.33));
#18008=CARTESIAN_POINT('',(7.915,0.14,2.33));
#18009=CARTESIAN_POINT('',(7.915,0.456347138347918,2.33));
#18010=CARTESIAN_POINT('Origin',(7.6,0.4,2.33));
#18011=CARTESIAN_POINT('',(7.915,3.54365286165208,2.33));
#18012=CARTESIAN_POINT('',(7.915,0.14,2.33));
#18013=CARTESIAN_POINT('',(7.915,3.65634713834792,2.33));
#18014=CARTESIAN_POINT('Origin',(7.6,3.6,2.33));
#18015=CARTESIAN_POINT('',(7.915,3.86,2.33));
#18016=CARTESIAN_POINT('',(7.915,0.14,2.33));
#18017=CARTESIAN_POINT('',(7.86,3.915,2.33));
#18018=CARTESIAN_POINT('Origin',(7.86,3.86,2.33));
#18019=CARTESIAN_POINT('',(7.65634713834792,3.915,2.33));
#18020=CARTESIAN_POINT('',(7.86,3.915,2.33));
#18021=CARTESIAN_POINT('',(7.54365286165207,3.915,2.33));
#18022=CARTESIAN_POINT('Origin',(7.6,3.6,2.33));
#18023=CARTESIAN_POINT('',(7.86,3.915,2.33));
#18024=CARTESIAN_POINT('Origin',(4.63,-0.05,2.32));
#18025=CARTESIAN_POINT('',(4.63,-0.035,2.495));
#18026=CARTESIAN_POINT('',(4.63,-0.035,2.325));
#18027=CARTESIAN_POINT('',(4.63,0.085,2.495));
#18028=CARTESIAN_POINT('',(4.63,-0.05,2.495));
#18029=CARTESIAN_POINT('',(4.63,0.085,2.325));
#18030=CARTESIAN_POINT('Origin',(3.87,0.12,2.32));
#18031=CARTESIAN_POINT('',(3.87,-0.035,2.33));
#18032=CARTESIAN_POINT('',(3.87,-0.035,2.495));
#18033=CARTESIAN_POINT('',(3.87,-0.035,2.325));
#18034=CARTESIAN_POINT('',(3.87,0.085,2.33));
#18035=CARTESIAN_POINT('',(3.87,1.06,2.33));
#18036=CARTESIAN_POINT('',(3.87,0.085,2.495));
#18037=CARTESIAN_POINT('',(3.87,0.085,2.325));
#18038=CARTESIAN_POINT('',(3.87,0.12,2.495));
#18039=CARTESIAN_POINT('Origin',(4.25,0.035,2.495));
#18040=CARTESIAN_POINT('',(2.15,-0.035,2.495));
#18041=CARTESIAN_POINT('',(6.055,0.085,2.495));
#18042=CARTESIAN_POINT('Origin',(7.86,0.085,2.33));
#18043=CARTESIAN_POINT('',(1.93,0.085,2.33));
#18044=CARTESIAN_POINT('',(0.14,0.085,2.33));
#18045=CARTESIAN_POINT('',(1.93,0.085,2.495));
#18046=CARTESIAN_POINT('',(1.93,0.085,2.325));
#18047=CARTESIAN_POINT('',(1.17,0.085,2.495));
#18048=CARTESIAN_POINT('',(4.705,0.085,2.495));
#18049=CARTESIAN_POINT('',(1.17,0.085,2.33));
#18050=CARTESIAN_POINT('',(1.17,0.085,2.325));
#18051=CARTESIAN_POINT('',(0.456347138347923,0.085,2.33));
#18052=CARTESIAN_POINT('',(0.14,0.085,2.33));
#18053=CARTESIAN_POINT('',(0.456347138347923,0.085,2.5));
#18054=CARTESIAN_POINT('',(0.456347138347923,0.085,2.265));
#18055=CARTESIAN_POINT('',(7.54365286165207,0.085,2.5));
#18056=CARTESIAN_POINT('',(0.14,0.085,2.5));
#18057=CARTESIAN_POINT('',(7.54365286165207,0.085,2.265));
#18058=CARTESIAN_POINT('Origin',(4.,2.,2.33));
#18059=CARTESIAN_POINT('',(1.93,-0.035,2.33));
#18060=CARTESIAN_POINT('',(0.05,-0.035,2.33));
#18061=CARTESIAN_POINT('',(1.93,0.975,2.33));
#18062=CARTESIAN_POINT('Origin',(1.93,3.88,2.32));
#18063=CARTESIAN_POINT('',(1.93,3.915,2.495));
#18064=CARTESIAN_POINT('',(1.93,3.915,2.325));
#18065=CARTESIAN_POINT('',(1.93,3.88,2.495));
#18066=CARTESIAN_POINT('Origin',(1.17,4.05,2.32));
#18067=CARTESIAN_POINT('',(1.17,3.915,2.33));
#18068=CARTESIAN_POINT('',(1.17,3.915,2.495));
#18069=CARTESIAN_POINT('',(1.17,3.915,2.325));
#18070=CARTESIAN_POINT('',(1.17,3.025,2.33));
#18071=CARTESIAN_POINT('',(1.17,4.05,2.495));
#18072=CARTESIAN_POINT('Origin',(1.55,3.965,2.495));
#18073=CARTESIAN_POINT('',(0.845,3.915,2.495));
#18074=CARTESIAN_POINT('Origin',(4.,2.,2.33));
#18075=CARTESIAN_POINT('',(0.456347138347923,3.915,2.33));
#18076=CARTESIAN_POINT('',(7.86,3.915,2.33));
#18077=CARTESIAN_POINT('',(0.343652861652077,3.915,2.33));
#18078=CARTESIAN_POINT('Origin',(0.4,3.6,2.33));
#18079=CARTESIAN_POINT('',(0.14,3.915,2.33));
#18080=CARTESIAN_POINT('',(7.86,3.915,2.33));
#18081=CARTESIAN_POINT('',(0.085,3.86,2.33));
#18082=CARTESIAN_POINT('Origin',(0.14,3.86,2.33));
#18083=CARTESIAN_POINT('',(0.085,3.65634713834792,2.33));
#18084=CARTESIAN_POINT('',(0.085,3.86,2.33));
#18085=CARTESIAN_POINT('',(0.0800000000000001,3.6,2.33));
#18086=CARTESIAN_POINT('Origin',(0.4,3.6,2.33));
#18087=CARTESIAN_POINT('',(0.085,3.54365286165208,2.33));
#18088=CARTESIAN_POINT('Origin',(0.4,3.6,2.33));
#18089=CARTESIAN_POINT('',(0.085,2.5,2.33));
#18090=CARTESIAN_POINT('',(0.085,3.86,2.33));
#18091=CARTESIAN_POINT('',(-0.035,2.5,2.33));
#18092=CARTESIAN_POINT('',(2.1,2.5,2.33));
#18093=CARTESIAN_POINT('',(-0.035,3.95,2.33));
#18094=CARTESIAN_POINT('',(-0.035,3.95,2.33));
#18095=CARTESIAN_POINT('Origin',(0.05,3.95,2.33));
#18096=CARTESIAN_POINT('Origin',(1.93,-0.05,2.32));
#18097=CARTESIAN_POINT('',(1.93,-0.035,2.495));
#18098=CARTESIAN_POINT('',(1.93,-0.035,2.325));
#18099=CARTESIAN_POINT('',(1.93,-0.05,2.495));
#18100=CARTESIAN_POINT('Origin',(1.17,0.12,2.32));
#18101=CARTESIAN_POINT('',(1.17,-0.035,2.33));
#18102=CARTESIAN_POINT('',(1.17,-0.035,2.495));
#18103=CARTESIAN_POINT('',(1.17,-0.035,2.325));
#18104=CARTESIAN_POINT('',(1.17,1.06,2.33));
#18105=CARTESIAN_POINT('',(1.17,0.12,2.495));
#18106=CARTESIAN_POINT('Origin',(1.55,0.035,2.495));
#18107=CARTESIAN_POINT('',(0.8,-0.035,2.495));
#18108=CARTESIAN_POINT('Origin',(4.,2.,2.33));
#18109=CARTESIAN_POINT('',(0.05,-0.035,2.33));
#18110=CARTESIAN_POINT('',(0.05,-0.035,2.33));
#18111=CARTESIAN_POINT('',(-0.035,0.05,2.33));
#18112=CARTESIAN_POINT('Origin',(0.05,0.05,2.33));
#18113=CARTESIAN_POINT('',(-0.035,1.5,2.33));
#18114=CARTESIAN_POINT('',(-0.035,3.95,2.33));
#18115=CARTESIAN_POINT('',(0.085,1.5,2.33));
#18116=CARTESIAN_POINT('',(1.95,1.5,2.33));
#18117=CARTESIAN_POINT('',(0.085,0.456347138347923,2.33));
#18118=CARTESIAN_POINT('',(0.085,3.86,2.33));
#18119=CARTESIAN_POINT('',(0.0800000000000001,0.4,2.33));
#18120=CARTESIAN_POINT('Origin',(0.4,0.4,2.33));
#18121=CARTESIAN_POINT('',(0.085,0.343652861652077,2.33));
#18122=CARTESIAN_POINT('Origin',(0.4,0.4,2.33));
#18123=CARTESIAN_POINT('',(0.085,0.14,2.33));
#18124=CARTESIAN_POINT('',(0.085,3.86,2.33));
#18125=CARTESIAN_POINT('',(0.14,0.085,2.33));
#18126=CARTESIAN_POINT('Origin',(0.14,0.14,2.33));
#18127=CARTESIAN_POINT('',(0.343652861652077,0.085,2.33));
#18128=CARTESIAN_POINT('',(0.14,0.085,2.33));
#18129=CARTESIAN_POINT('Origin',(0.4,0.4,2.33));
#18130=CARTESIAN_POINT('Origin',(-0.1,2.5,2.31));
#18131=CARTESIAN_POINT('',(-0.1,2.5,2.5));
#18132=CARTESIAN_POINT('',(-0.1,1.5,2.5));
#18133=CARTESIAN_POINT('',(-0.0999999999999999,2.25,2.5));
#18134=CARTESIAN_POINT('',(-0.1,2.5,2.52));
#18135=CARTESIAN_POINT('',(-0.1,2.5,2.31));
#18136=CARTESIAN_POINT('',(-0.1,1.5,2.52));
#18137=CARTESIAN_POINT('',(-0.1,2.5,2.52));
#18138=CARTESIAN_POINT('',(-0.1,1.5,2.31));
#18139=CARTESIAN_POINT('Origin',(0.2,2.5,2.31));
#18140=CARTESIAN_POINT('',(0.085,2.5,2.5));
#18141=CARTESIAN_POINT('',(0.085,2.5,2.32));
#18142=CARTESIAN_POINT('',(-0.035,2.5,2.5));
#18143=CARTESIAN_POINT('',(2.1,2.5,2.5));
#18144=CARTESIAN_POINT('',(-0.035,2.5,2.32));
#18145=CARTESIAN_POINT('Origin',(-0.1,1.5,2.31));
#18146=CARTESIAN_POINT('',(-0.0700000000000001,1.5,2.5));
#18147=CARTESIAN_POINT('',(1.95,1.5,2.5));
#18148=CARTESIAN_POINT('',(-0.07,1.5,2.52));
#18149=CARTESIAN_POINT('',(-0.1,1.5,2.52));
#18150=CARTESIAN_POINT('',(-0.07,1.5,2.4));
#18151=CARTESIAN_POINT('Origin',(0.2,2.5,2.31));
#18152=CARTESIAN_POINT('',(-0.0700000000000001,2.5,2.5));
#18153=CARTESIAN_POINT('',(2.1,2.5,2.5));
#18154=CARTESIAN_POINT('',(-0.07,2.5,2.52));
#18155=CARTESIAN_POINT('',(-0.07,2.5,2.4));
#18156=CARTESIAN_POINT('',(0.2,2.5,2.52));
#18157=CARTESIAN_POINT('Origin',(-0.1,1.5,2.31));
#18158=CARTESIAN_POINT('',(-0.035,1.5,2.5));
#18159=CARTESIAN_POINT('',(-0.035,1.5,2.32));
#18160=CARTESIAN_POINT('',(0.085,1.5,2.5));
#18161=CARTESIAN_POINT('',(1.95,1.5,2.5));
#18162=CARTESIAN_POINT('',(0.085,1.5,2.32));
#18163=CARTESIAN_POINT('Origin',(0.05,2.,2.52));
#18164=CARTESIAN_POINT('',(-0.07,2.975,2.52));
#18165=CARTESIAN_POINT('Origin',(0.085,0.14,2.33));
#18166=CARTESIAN_POINT('',(0.085,0.456347138347923,2.5));
#18167=CARTESIAN_POINT('',(0.085,3.86,2.5));
#18168=CARTESIAN_POINT('',(0.085,0.456347138347923,2.265));
#18169=CARTESIAN_POINT('Origin',(0.085,0.14,2.33));
#18170=CARTESIAN_POINT('',(0.085,3.54365286165208,2.5));
#18171=CARTESIAN_POINT('',(0.085,3.54365286165208,2.265));
#18172=CARTESIAN_POINT('',(0.085,3.86,2.5));
#18173=CARTESIAN_POINT('Origin',(4.,2.,2.5));
#18174=CARTESIAN_POINT('',(0.0800000000000001,3.6,2.5));
#18175=CARTESIAN_POINT('Origin',(0.4,3.6,2.5));
#18176=CARTESIAN_POINT('',(0.085,3.65634713834792,2.5));
#18177=CARTESIAN_POINT('Origin',(0.4,3.6,2.5));
#18178=CARTESIAN_POINT('',(0.085,3.86,2.5));
#18179=CARTESIAN_POINT('',(0.085,3.86,2.5));
#18180=CARTESIAN_POINT('',(0.14,3.915,2.5));
#18181=CARTESIAN_POINT('Origin',(0.14,3.86,2.5));
#18182=CARTESIAN_POINT('',(0.343652861652077,3.915,2.5));
#18183=CARTESIAN_POINT('',(7.86,3.915,2.5));
#18184=CARTESIAN_POINT('',(0.456347138347923,3.915,2.5));
#18185=CARTESIAN_POINT('Origin',(0.4,3.6,2.5));
#18186=CARTESIAN_POINT('',(7.54365286165207,3.915,2.5));
#18187=CARTESIAN_POINT('',(7.86,3.915,2.5));
#18188=CARTESIAN_POINT('',(7.65634713834792,3.915,2.5));
#18189=CARTESIAN_POINT('Origin',(7.6,3.6,2.5));
#18190=CARTESIAN_POINT('',(7.86,3.915,2.5));
#18191=CARTESIAN_POINT('',(7.86,3.915,2.5));
#18192=CARTESIAN_POINT('',(7.915,3.86,2.5));
#18193=CARTESIAN_POINT('Origin',(7.86,3.86,2.5));
#18194=CARTESIAN_POINT('',(7.915,3.65634713834792,2.5));
#18195=CARTESIAN_POINT('',(7.915,0.14,2.5));
#18196=CARTESIAN_POINT('',(7.915,3.54365286165208,2.5));
#18197=CARTESIAN_POINT('Origin',(7.6,3.6,2.5));
#18198=CARTESIAN_POINT('',(7.915,0.456347138347918,2.5));
#18199=CARTESIAN_POINT('',(7.915,0.14,2.5));
#18200=CARTESIAN_POINT('',(7.915,0.343652861652082,2.5));
#18201=CARTESIAN_POINT('Origin',(7.6,0.4,2.5));
#18202=CARTESIAN_POINT('',(7.915,0.14,2.5));
#18203=CARTESIAN_POINT('',(7.915,0.14,2.5));
#18204=CARTESIAN_POINT('',(7.86,0.085,2.5));
#18205=CARTESIAN_POINT('Origin',(7.86,0.14,2.5));
#18206=CARTESIAN_POINT('',(7.65634713834792,0.085,2.5));
#18207=CARTESIAN_POINT('',(0.14,0.085,2.5));
#18208=CARTESIAN_POINT('Origin',(7.6,0.4,2.5));
#18209=CARTESIAN_POINT('',(0.343652861652077,0.085,2.5));
#18210=CARTESIAN_POINT('Origin',(0.4,0.4,2.5));
#18211=CARTESIAN_POINT('',(0.14,0.085,2.5));
#18212=CARTESIAN_POINT('',(0.14,0.085,2.5));
#18213=CARTESIAN_POINT('',(0.085,0.14,2.5));
#18214=CARTESIAN_POINT('Origin',(0.14,0.14,2.5));
#18215=CARTESIAN_POINT('',(0.085,0.343652861652077,2.5));
#18216=CARTESIAN_POINT('',(0.085,3.86,2.5));
#18217=CARTESIAN_POINT('',(0.0800000000000001,0.4,2.5));
#18218=CARTESIAN_POINT('Origin',(0.4,0.4,2.5));
#18219=CARTESIAN_POINT('Origin',(0.4,0.4,2.5));
#18220=CARTESIAN_POINT('',(-0.035,0.05,2.5));
#18221=CARTESIAN_POINT('',(-0.035,3.95,2.5));
#18222=CARTESIAN_POINT('',(0.05,-0.035,2.5));
#18223=CARTESIAN_POINT('Origin',(0.05,0.05,2.5));
#18224=CARTESIAN_POINT('',(7.95,-0.035,2.5));
#18225=CARTESIAN_POINT('',(0.05,-0.035,2.5));
#18226=CARTESIAN_POINT('',(8.035,0.05,2.5));
#18227=CARTESIAN_POINT('Origin',(7.95,0.05,2.5));
#18228=CARTESIAN_POINT('',(8.035,3.95,2.5));
#18229=CARTESIAN_POINT('',(8.035,0.05,2.5));
#18230=CARTESIAN_POINT('Origin',(7.95,3.95,2.5));
#18231=CARTESIAN_POINT('',(-0.035,3.95,2.5));
#18232=CARTESIAN_POINT('Origin',(0.05,3.95,2.5));
#18233=CARTESIAN_POINT('',(-0.035,3.95,2.5));
#18234=CARTESIAN_POINT('Origin',(-0.035,3.95,2.33));
#18235=CARTESIAN_POINT('',(-0.035,0.05,2.33));
#18236=CARTESIAN_POINT('Origin',(4.,2.,2.5));
#18237=CARTESIAN_POINT('',(-0.25,0.05,2.5));
#18238=CARTESIAN_POINT('',(0.05,-0.25,2.5));
#18239=CARTESIAN_POINT('Origin',(0.05,0.05,2.5));
#18240=CARTESIAN_POINT('',(-0.25,3.95,2.5));
#18241=CARTESIAN_POINT('',(-0.25,3.95,2.5));
#18242=CARTESIAN_POINT('',(0.05,4.25,2.5));
#18243=CARTESIAN_POINT('Origin',(0.05,3.95,2.5));
#18244=CARTESIAN_POINT('',(7.95,4.25,2.5));
#18245=CARTESIAN_POINT('',(7.95,4.25,2.5));
#18246=CARTESIAN_POINT('',(8.25,3.95,2.5));
#18247=CARTESIAN_POINT('Origin',(7.95,3.95,2.5));
#18248=CARTESIAN_POINT('',(8.25,0.05,2.5));
#18249=CARTESIAN_POINT('',(8.25,0.05,2.5));
#18250=CARTESIAN_POINT('',(7.95,-0.25,2.5));
#18251=CARTESIAN_POINT('Origin',(7.95,0.05,2.5));
#18252=CARTESIAN_POINT('',(0.05,-0.25,2.5));
#18253=CARTESIAN_POINT('',(-0.07,0.05,2.5));
#18254=CARTESIAN_POINT('',(-0.0700000000000001,2.975,2.5));
#18255=CARTESIAN_POINT('',(0.05,-0.07,2.5));
#18256=CARTESIAN_POINT('Origin',(0.05,0.05,2.5));
#18257=CARTESIAN_POINT('',(7.95,-0.07,2.5));
#18258=CARTESIAN_POINT('',(2.025,-0.07,2.5));
#18259=CARTESIAN_POINT('',(8.07,0.05,2.5));
#18260=CARTESIAN_POINT('Origin',(7.95,0.05,2.5));
#18261=CARTESIAN_POINT('',(8.07,3.95,2.5));
#18262=CARTESIAN_POINT('',(8.07,1.025,2.5));
#18263=CARTESIAN_POINT('',(7.95,4.07,2.5));
#18264=CARTESIAN_POINT('Origin',(7.95,3.95,2.5));
#18265=CARTESIAN_POINT('',(0.05,4.07,2.5));
#18266=CARTESIAN_POINT('',(5.975,4.07,2.5));
#18267=CARTESIAN_POINT('',(-0.07,3.95,2.5));
#18268=CARTESIAN_POINT('Origin',(0.05,3.95,2.5));
#18269=CARTESIAN_POINT('',(-0.0700000000000001,2.975,2.5));
#18270=CARTESIAN_POINT('Origin',(6.9,2.,3.37));
#18271=CARTESIAN_POINT('',(6.14993453355156,2.,2.95));
#18272=CARTESIAN_POINT('Origin',(6.9,2.,2.95));
#18273=CARTESIAN_POINT('',(6.33847790507365,2.,2.77));
#18274=CARTESIAN_POINT('',(5.71,2.,3.37));
#18275=CARTESIAN_POINT('Origin',(6.9,2.,2.77));
#18276=CARTESIAN_POINT('Origin',(7.6,3.6,2.675));
#18277=CARTESIAN_POINT('',(7.43,3.6,2.685));
#18278=CARTESIAN_POINT('Origin',(7.6,3.6,2.685));
#18279=CARTESIAN_POINT('',(7.43,3.6,2.825));
#18280=CARTESIAN_POINT('',(7.43,3.6,2.675));
#18281=CARTESIAN_POINT('Origin',(7.6,3.6,2.825));
#18282=CARTESIAN_POINT('Origin',(7.6,3.6,2.825));
#18283=CARTESIAN_POINT('Origin',(7.6,3.6,2.255));
#18284=CARTESIAN_POINT('',(7.39,3.6,2.265));
#18285=CARTESIAN_POINT('Origin',(7.6,3.6,2.265));
#18286=CARTESIAN_POINT('',(7.39,3.6,2.685));
#18287=CARTESIAN_POINT('',(7.39,3.6,2.255));
#18288=CARTESIAN_POINT('Origin',(7.6,3.6,2.685));
#18289=CARTESIAN_POINT('Origin',(7.6,3.6,2.685));
#18290=CARTESIAN_POINT('Origin',(7.6,3.6,2.265));
#18291=CARTESIAN_POINT('',(7.28,3.6,2.77));
#18292=CARTESIAN_POINT('Origin',(7.6,3.6,2.77));
#18293=CARTESIAN_POINT('',(7.28,3.6,2.265));
#18294=CARTESIAN_POINT('',(7.28,3.6,2.265));
#18295=CARTESIAN_POINT('Origin',(7.6,3.6,2.265));
#18296=CARTESIAN_POINT('',(7.915,3.54365286165208,2.265));
#18297=CARTESIAN_POINT('',(7.915,3.65634713834792,2.265));
#18298=CARTESIAN_POINT('',(7.65634713834792,3.915,2.265));
#18299=CARTESIAN_POINT('',(7.54365286165207,3.915,2.265));
#18300=CARTESIAN_POINT('Origin',(7.6,3.6,2.265));
#18301=CARTESIAN_POINT('Origin',(7.915,3.86,2.33));
#18302=CARTESIAN_POINT('',(7.915,0.456347138347918,2.265));
#18303=CARTESIAN_POINT('Origin',(7.915,3.86,2.33));
#18304=CARTESIAN_POINT('',(7.915,3.86,2.33));
#18305=CARTESIAN_POINT('Origin',(0.14,3.915,2.33));
#18306=CARTESIAN_POINT('',(7.86,3.915,2.33));
#18307=CARTESIAN_POINT('Origin',(7.6,0.4,2.675));
#18308=CARTESIAN_POINT('',(7.43,0.4,2.685));
#18309=CARTESIAN_POINT('Origin',(7.6,0.4,2.685));
#18310=CARTESIAN_POINT('',(7.43,0.4,2.825));
#18311=CARTESIAN_POINT('',(7.43,0.4,2.675));
#18312=CARTESIAN_POINT('Origin',(7.6,0.4,2.825));
#18313=CARTESIAN_POINT('Origin',(7.6,0.4,2.825));
#18314=CARTESIAN_POINT('Origin',(7.6,0.4,2.255));
#18315=CARTESIAN_POINT('',(7.39,0.4,2.265));
#18316=CARTESIAN_POINT('Origin',(7.6,0.4,2.265));
#18317=CARTESIAN_POINT('',(7.39,0.4,2.685));
#18318=CARTESIAN_POINT('',(7.39,0.4,2.255));
#18319=CARTESIAN_POINT('Origin',(7.6,0.4,2.685));
#18320=CARTESIAN_POINT('Origin',(7.6,0.4,2.685));
#18321=CARTESIAN_POINT('Origin',(7.6,0.4,2.265));
#18322=CARTESIAN_POINT('',(7.28,0.4,2.77));
#18323=CARTESIAN_POINT('Origin',(7.6,0.4,2.77));
#18324=CARTESIAN_POINT('',(7.28,0.4,2.265));
#18325=CARTESIAN_POINT('',(7.28,0.4,2.265));
#18326=CARTESIAN_POINT('Origin',(7.6,0.4,2.265));
#18327=CARTESIAN_POINT('',(7.65634713834792,0.085,2.265));
#18328=CARTESIAN_POINT('',(7.915,0.343652861652082,2.265));
#18329=CARTESIAN_POINT('Origin',(7.6,0.4,2.265));
#18330=CARTESIAN_POINT('Origin',(0.4,3.6,2.675));
#18331=CARTESIAN_POINT('',(0.23,3.6,2.685));
#18332=CARTESIAN_POINT('Origin',(0.4,3.6,2.685));
#18333=CARTESIAN_POINT('',(0.23,3.6,2.825));
#18334=CARTESIAN_POINT('',(0.23,3.6,2.675));
#18335=CARTESIAN_POINT('Origin',(0.4,3.6,2.825));
#18336=CARTESIAN_POINT('Origin',(0.4,3.6,2.825));
#18337=CARTESIAN_POINT('Origin',(0.4,3.6,2.255));
#18338=CARTESIAN_POINT('',(0.19,3.6,2.265));
#18339=CARTESIAN_POINT('Origin',(0.4,3.6,2.265));
#18340=CARTESIAN_POINT('',(0.19,3.6,2.685));
#18341=CARTESIAN_POINT('',(0.19,3.6,2.255));
#18342=CARTESIAN_POINT('Origin',(0.4,3.6,2.685));
#18343=CARTESIAN_POINT('Origin',(0.4,3.6,2.685));
#18344=CARTESIAN_POINT('Origin',(0.4,3.6,2.265));
#18345=CARTESIAN_POINT('',(0.0800000000000001,3.6,3.17));
#18346=CARTESIAN_POINT('Origin',(0.4,3.6,3.17));
#18347=CARTESIAN_POINT('',(0.0800000000000001,3.6,2.265));
#18348=CARTESIAN_POINT('',(0.0800000000000001,3.6,2.265));
#18349=CARTESIAN_POINT('',(0.0800000000000001,3.6,2.265));
#18350=CARTESIAN_POINT('Origin',(0.4,3.6,2.265));
#18351=CARTESIAN_POINT('',(0.085,3.65634713834792,2.265));
#18352=CARTESIAN_POINT('',(0.343652861652077,3.915,2.265));
#18353=CARTESIAN_POINT('',(0.456347138347923,3.915,2.265));
#18354=CARTESIAN_POINT('Origin',(0.4,3.6,2.265));
#18355=CARTESIAN_POINT('Origin',(0.14,3.915,2.33));
#18356=CARTESIAN_POINT('',(0.14,3.915,2.33));
#18357=CARTESIAN_POINT('Origin',(0.4,0.4,2.675));
#18358=CARTESIAN_POINT('',(0.23,0.4,2.685));
#18359=CARTESIAN_POINT('Origin',(0.4,0.4,2.685));
#18360=CARTESIAN_POINT('',(0.23,0.4,2.825));
#18361=CARTESIAN_POINT('',(0.23,0.4,2.675));
#18362=CARTESIAN_POINT('Origin',(0.4,0.4,2.825));
#18363=CARTESIAN_POINT('Origin',(0.4,0.4,2.825));
#18364=CARTESIAN_POINT('Origin',(0.4,0.4,2.255));
#18365=CARTESIAN_POINT('',(0.19,0.4,2.265));
#18366=CARTESIAN_POINT('Origin',(0.4,0.4,2.265));
#18367=CARTESIAN_POINT('',(0.19,0.4,2.685));
#18368=CARTESIAN_POINT('',(0.19,0.4,2.255));
#18369=CARTESIAN_POINT('Origin',(0.4,0.4,2.685));
#18370=CARTESIAN_POINT('Origin',(0.4,0.4,2.685));
#18371=CARTESIAN_POINT('Origin',(0.4,0.4,2.265));
#18372=CARTESIAN_POINT('',(0.0800000000000001,0.4,3.17));
#18373=CARTESIAN_POINT('Origin',(0.4,0.4,3.17));
#18374=CARTESIAN_POINT('',(0.0800000000000001,0.4,2.265));
#18375=CARTESIAN_POINT('',(0.085,0.343652861652077,2.265));
#18376=CARTESIAN_POINT('',(0.0800000000000001,0.4,2.265));
#18377=CARTESIAN_POINT('',(0.0800000000000001,0.4,2.265));
#18378=CARTESIAN_POINT('Origin',(0.4,0.4,2.265));
#18379=CARTESIAN_POINT('',(0.343652861652077,0.085,2.265));
#18380=CARTESIAN_POINT('Origin',(0.4,0.4,2.265));
#18381=CARTESIAN_POINT('Origin',(7.86,0.085,2.33));
#18382=CARTESIAN_POINT('',(0.14,0.085,2.33));
#18383=CARTESIAN_POINT('Origin',(7.86,0.085,2.33));
#18384=CARTESIAN_POINT('',(7.86,0.085,2.33));
#18385=CARTESIAN_POINT('Origin',(0.085,0.14,2.33));
#18386=CARTESIAN_POINT('',(0.085,0.14,2.33));
#18387=CARTESIAN_POINT('Origin',(0.085,0.14,2.33));
#18388=CARTESIAN_POINT('',(0.085,3.86,2.33));
#18389=CARTESIAN_POINT('Origin',(7.86,0.14,2.33));
#18390=CARTESIAN_POINT('',(7.915,0.14,2.33));
#18391=CARTESIAN_POINT('Origin',(7.915,3.86,2.33));
#18392=CARTESIAN_POINT('Origin',(7.86,3.86,2.33));
#18393=CARTESIAN_POINT('Origin',(0.14,3.915,2.33));
#18394=CARTESIAN_POINT('Origin',(0.14,3.86,2.33));
#18395=CARTESIAN_POINT('Origin',(0.14,0.14,2.33));
#18396=CARTESIAN_POINT('Origin',(-0.035,3.95,2.33));
#18397=CARTESIAN_POINT('',(-0.035,3.95,2.33));
#18398=CARTESIAN_POINT('Origin',(0.05,3.95,2.33));
#18399=CARTESIAN_POINT('Origin',(7.95,3.95,2.33));
#18400=CARTESIAN_POINT('',(8.035,3.95,2.33));
#18401=CARTESIAN_POINT('Origin',(8.035,0.05,2.33));
#18402=CARTESIAN_POINT('',(8.035,0.05,2.33));
#18403=CARTESIAN_POINT('Origin',(7.95,0.05,2.33));
#18404=CARTESIAN_POINT('',(7.95,-0.035,2.33));
#18405=CARTESIAN_POINT('Origin',(0.05,-0.035,2.33));
#18406=CARTESIAN_POINT('',(0.05,-0.035,2.33));
#18407=CARTESIAN_POINT('Origin',(0.05,0.05,2.33));
#18408=CARTESIAN_POINT('Origin',(5.,4.3,3.35));
#18409=CARTESIAN_POINT('',(5.8,-0.25,2.95));
#18410=CARTESIAN_POINT('',(5.,-0.25,3.35));
#18411=CARTESIAN_POINT('',(3.19,-0.25,4.255));
#18412=CARTESIAN_POINT('',(5.8,4.25,2.95));
#18413=CARTESIAN_POINT('',(5.8,4.3,2.95));
#18414=CARTESIAN_POINT('',(5.,4.25,3.35));
#18415=CARTESIAN_POINT('',(6.35,4.25,2.675));
#18416=CARTESIAN_POINT('',(5.,3.15,3.35));
#18417=CARTESIAN_POINT('Origin',(5.8,4.3,2.95));
#18418=CARTESIAN_POINT('',(7.95,-0.25,2.95));
#18419=CARTESIAN_POINT('',(2.925,-0.25,2.95));
#18420=CARTESIAN_POINT('',(8.25,0.05,2.95));
#18421=CARTESIAN_POINT('Origin',(7.95,0.05,2.95));
#18422=CARTESIAN_POINT('',(8.25,3.95,2.95));
#18423=CARTESIAN_POINT('',(8.25,2.175,2.95));
#18424=CARTESIAN_POINT('',(7.95,4.25,2.95));
#18425=CARTESIAN_POINT('Origin',(7.95,3.95,2.95));
#18426=CARTESIAN_POINT('',(6.875,4.25,2.95));
#18427=CARTESIAN_POINT('Origin',(0.05,-0.25,2.5));
#18428=CARTESIAN_POINT('',(0.05,-0.25,3.35));
#18429=CARTESIAN_POINT('',(0.05,-0.25,3.35));
#18430=CARTESIAN_POINT('',(0.05,-0.25,2.5));
#18431=CARTESIAN_POINT('',(7.95,-0.25,2.5));
#18432=CARTESIAN_POINT('Origin',(4.,2.,3.35));
#18433=CARTESIAN_POINT('',(0.05,4.25,3.35));
#18434=CARTESIAN_POINT('',(7.95,4.25,3.35));
#18435=CARTESIAN_POINT('',(-0.25,3.95,3.35));
#18436=CARTESIAN_POINT('Origin',(0.05,3.95,3.35));
#18437=CARTESIAN_POINT('',(-0.25,0.05,3.35));
#18438=CARTESIAN_POINT('',(-0.25,3.95,3.35));
#18439=CARTESIAN_POINT('Origin',(0.05,0.05,3.35));
#18440=CARTESIAN_POINT('Origin',(7.95,4.25,2.5));
#18441=CARTESIAN_POINT('',(7.95,4.25,2.5));
#18442=CARTESIAN_POINT('',(0.05,4.25,2.5));
#18443=CARTESIAN_POINT('Origin',(-0.07,4.07,2.769));
#18444=CARTESIAN_POINT('',(-0.07,0.05,2.769));
#18445=CARTESIAN_POINT('',(0.05,-0.07,2.769));
#18446=CARTESIAN_POINT('Origin',(0.05,0.05,2.769));
#18447=CARTESIAN_POINT('',(-0.0700000000000003,-0.0699999999999994,2.769));
#18448=CARTESIAN_POINT('',(-0.07,4.07,2.769));
#18449=CARTESIAN_POINT('',(-0.07,-0.0699999999999994,2.769));
#18450=CARTESIAN_POINT('Origin',(-0.07,4.07,2.769));
#18451=CARTESIAN_POINT('',(0.05,4.07,2.769));
#18452=CARTESIAN_POINT('',(-0.07,3.95,2.769));
#18453=CARTESIAN_POINT('Origin',(0.05,3.95,2.769));
#18454=CARTESIAN_POINT('',(-0.07,4.07,2.769));
#18455=CARTESIAN_POINT('',(-0.07,4.07,2.769));
#18456=CARTESIAN_POINT('',(-0.07,4.07,2.769));
#18457=CARTESIAN_POINT('Origin',(5.8,4.07,2.769));
#18458=CARTESIAN_POINT('',(5.79800498753117,-0.07,2.77));
#18459=CARTESIAN_POINT('',(5.79800498753117,4.07,2.77));
#18460=CARTESIAN_POINT('',(5.79800498753117,3.035,2.77));
#18461=CARTESIAN_POINT('',(5.,-0.0699999999999994,3.17));
#18462=CARTESIAN_POINT('',(5.8,-0.0699999999999994,2.769));
#18463=CARTESIAN_POINT('',(5.,4.07,3.17));
#18464=CARTESIAN_POINT('',(5.,4.07,3.17));
#18465=CARTESIAN_POINT('',(5.8,4.07,2.769));
#18466=CARTESIAN_POINT('Origin',(5.,4.07,3.17));
#18467=CARTESIAN_POINT('',(-0.07,4.07,3.17));
#18468=CARTESIAN_POINT('',(5.,4.07,3.17));
#18469=CARTESIAN_POINT('',(-0.0700000000000003,-0.0699999999999994,3.17));
#18470=CARTESIAN_POINT('',(5.,-0.0699999999999994,3.17));
#18471=CARTESIAN_POINT('',(-0.07,4.07,3.17));
#18472=CARTESIAN_POINT('Origin',(0.05,3.95,2.49));
#18473=CARTESIAN_POINT('',(-0.07,3.95,2.49));
#18474=CARTESIAN_POINT('',(0.05,4.07,2.49));
#18475=CARTESIAN_POINT('Origin',(-0.07,3.95,2.49));
#18476=CARTESIAN_POINT('',(-0.07,4.07,3.17));
#18477=CARTESIAN_POINT('',(-0.07,-0.0699999999999994,3.17));
#18478=CARTESIAN_POINT('',(-0.07,0.05,2.49));
#18479=CARTESIAN_POINT('Origin',(0.05,0.05,2.49));
#18480=CARTESIAN_POINT('',(0.05,-0.07,2.49));
#18481=CARTESIAN_POINT('Origin',(0.05,-0.07,2.49));
#18482=CARTESIAN_POINT('',(7.95,-0.07,2.77));
#18483=CARTESIAN_POINT('',(0.05,-0.07,2.77));
#18484=CARTESIAN_POINT('',(7.95,-0.07,2.49));
#18485=CARTESIAN_POINT('Origin',(8.07,0.05,2.49));
#18486=CARTESIAN_POINT('',(8.07,0.05,2.77));
#18487=CARTESIAN_POINT('',(8.07,0.05,2.49));
#18488=CARTESIAN_POINT('',(8.07,3.95,2.77));
#18489=CARTESIAN_POINT('',(8.07,0.05,2.77));
#18490=CARTESIAN_POINT('',(8.07,3.95,2.49));
#18491=CARTESIAN_POINT('Origin',(7.95,3.95,2.49));
#18492=CARTESIAN_POINT('',(7.95,4.07,2.77));
#18493=CARTESIAN_POINT('Origin',(7.95,3.95,2.77));
#18494=CARTESIAN_POINT('',(7.95,4.07,2.49));
#18495=CARTESIAN_POINT('Origin',(7.95,4.07,2.49));
#18496=CARTESIAN_POINT('',(7.95,4.07,2.77));
#18497=CARTESIAN_POINT('Origin',(7.95,0.05,2.49));
#18498=CARTESIAN_POINT('Origin',(7.95,0.05,2.77));
#18499=CARTESIAN_POINT('Origin',(4.,2.,2.77));
#18500=CARTESIAN_POINT('Origin',(-0.25,3.95,2.5));
#18501=CARTESIAN_POINT('',(-0.25,0.05,2.5));
#18502=CARTESIAN_POINT('',(-0.25,3.95,2.5));
#18503=CARTESIAN_POINT('Origin',(0.05,3.95,2.5));
#18504=CARTESIAN_POINT('Origin',(7.95,3.95,2.5));
#18505=CARTESIAN_POINT('',(8.25,3.95,2.5));
#18506=CARTESIAN_POINT('Origin',(8.25,0.05,2.5));
#18507=CARTESIAN_POINT('',(8.25,0.05,2.5));
#18508=CARTESIAN_POINT('Origin',(7.95,0.05,2.5));
#18509=CARTESIAN_POINT('Origin',(0.05,0.05,2.5));
#18510=UNCERTAINTY_MEASURE_WITH_UNIT(LENGTH_MEASURE(0.001),#18514,
'DISTANCE_ACCURACY_VALUE',
'Maximum model space distance between geometric entities at asserted c
onnectivities');
#18511=UNCERTAINTY_MEASURE_WITH_UNIT(LENGTH_MEASURE(0.001),#18514,
'DISTANCE_ACCURACY_VALUE',
'Maximum model space distance between geometric entities at asserted c
onnectivities');
#18512=(
GEOMETRIC_REPRESENTATION_CONTEXT(3)
GLOBAL_UNCERTAINTY_ASSIGNED_CONTEXT((#18510))
GLOBAL_UNIT_ASSIGNED_CONTEXT((#18514,#18516,#18517))
REPRESENTATION_CONTEXT('','3D')
);
#18513=(
GEOMETRIC_REPRESENTATION_CONTEXT(3)
GLOBAL_UNCERTAINTY_ASSIGNED_CONTEXT((#18511))
GLOBAL_UNIT_ASSIGNED_CONTEXT((#18514,#18516,#18517))
REPRESENTATION_CONTEXT('','3D')
);
#18514=(
LENGTH_UNIT()
NAMED_UNIT(*)
SI_UNIT(.CENTI.,.METRE.)
);
#18515=(
LENGTH_UNIT()
NAMED_UNIT(*)
SI_UNIT($,.METRE.)
);
#18516=(
NAMED_UNIT(*)
PLANE_ANGLE_UNIT()
SI_UNIT($,.RADIAN.)
);
#18517=(
NAMED_UNIT(*)
SI_UNIT($,.STERADIAN.)
SOLID_ANGLE_UNIT()
);
#18518=SHAPE_DEFINITION_REPRESENTATION(#18519,#18520);
#18519=PRODUCT_DEFINITION_SHAPE('',$,#18522);
#18520=SHAPE_REPRESENTATION('',(#10902),#18512);
#18521=PRODUCT_DEFINITION_CONTEXT('part definition',#18526,'design');
#18522=PRODUCT_DEFINITION('2026-09-23-16-22-49-520',
'02 Front shell - engraved',#18523,#18521);
#18523=PRODUCT_DEFINITION_FORMATION('',$,#18528);
#18524=PRODUCT_RELATED_PRODUCT_CATEGORY('02 Front shell - engraved',
'02 Front shell - engraved',(#18528));
#18525=APPLICATION_PROTOCOL_DEFINITION('international standard',
'automotive_design',2009,#18526);
#18526=APPLICATION_CONTEXT(
'Core Data for Automotive Mechanical Design Process');
#18527=PRODUCT_CONTEXT('part definition',#18526,'mechanical');
#18528=PRODUCT('2026-09-23-16-22-49-520','02 Front shell - engraved',$,
(#18527));
#18529=PRESENTATION_STYLE_ASSIGNMENT((#18531));
#18530=PRESENTATION_STYLE_ASSIGNMENT((#18532));
#18531=SURFACE_STYLE_USAGE(.BOTH.,#18533);
#18532=SURFACE_STYLE_USAGE(.BOTH.,#18534);
#18533=SURFACE_SIDE_STYLE('',(#18535));
#18534=SURFACE_SIDE_STYLE('',(#18536));
#18535=SURFACE_STYLE_FILL_AREA(#18537);
#18536=SURFACE_STYLE_FILL_AREA(#18538);
#18537=FILL_AREA_STYLE('Steel - Satin',(#18539));
#18538=FILL_AREA_STYLE('Front porcelain',(#18540));
#18539=FILL_AREA_STYLE_COLOUR('Steel - Satin',#18541);
#18540=FILL_AREA_STYLE_COLOUR('Front porcelain',#18542);
#18541=COLOUR_RGB('Steel - Satin',0.627450980392157,0.627450980392157,0.627450980392157);
#18542=COLOUR_RGB('Front porcelain',0.87843137254902,0.886274509803922,
0.858823529411765);
ENDSEC;
END-ISO-10303-21;
