ISO-10303-21;
HEADER;
/* Generated by software containing ST-Developer
 * from STEP Tools, Inc. (www.steptools.com) 
 */

FILE_DESCRIPTION(
/* description */ (''),
/* implementation_level */ '2;1');

FILE_NAME(
/* name */ 'front-lid.step',
/* time_stamp */ '2026-09-24T21:10:20+08:00',
/* author */ (''),
/* organization */ (''),
/* preprocessor_version */ 'ST-DEVELOPER v20.2',
/* originating_system */ 'Autodesk Translation Framework v15.15.0.0',
/* authorisation */ '');

FILE_SCHEMA (('AUTOMOTIVE_DESIGN { 1 0 10303 214 3 1 1 }'));
ENDSEC;

DATA;
#10=MECHANICAL_DESIGN_GEOMETRIC_PRESENTATION_REPRESENTATION('',(#13),#16663);
#11=SHAPE_REPRESENTATION_RELATIONSHIP('SRR','None',#16670,#12);
#12=ADVANCED_BREP_SHAPE_REPRESENTATION('',(#14),#16662);
#13=STYLED_ITEM('',(#16680),#14);
#14=MANIFOLD_SOLID_BREP('Front flat plate',#9763);
#15=CIRCLE('',#10006,0.56);
#16=CIRCLE('',#10007,0.56);
#17=CIRCLE('',#10009,0.17);
#18=CIRCLE('',#10010,0.17);
#19=CIRCLE('',#10012,0.34);
#20=CIRCLE('',#10013,0.34);
#21=CIRCLE('',#10014,0.34);
#22=CIRCLE('',#10015,0.34);
#23=CIRCLE('',#10018,0.34);
#24=CIRCLE('',#10019,0.33);
#25=CIRCLE('',#10020,0.33);
#26=CIRCLE('',#10021,0.34);
#27=CIRCLE('',#10022,0.34);
#28=CIRCLE('',#10023,0.329999999999999);
#29=CIRCLE('',#10024,0.329999999999999);
#30=CIRCLE('',#10025,0.17);
#31=CIRCLE('',#10026,0.17);
#32=CIRCLE('',#10027,0.17);
#33=CIRCLE('',#10030,0.45);
#34=CIRCLE('',#10034,0.17);
#35=CIRCLE('',#10036,0.34);
#36=CIRCLE('',#10037,0.34);
#37=CIRCLE('',#10038,0.34);
#38=CIRCLE('',#10040,0.45);
#39=CIRCLE('',#10041,0.45);
#40=CIRCLE('',#10042,0.34);
#41=CIRCLE('',#10043,0.34);
#42=CIRCLE('',#10044,0.45);
#43=CIRCLE('',#10045,0.45);
#44=CIRCLE('',#10046,0.17);
#45=CIRCLE('',#10047,0.17);
#46=CIRCLE('',#10053,0.34);
#47=CIRCLE('',#10054,0.34);
#48=CIRCLE('',#10060,0.34);
#49=CIRCLE('',#10061,0.34);
#50=CIRCLE('',#10065,0.45);
#51=CIRCLE('',#10072,0.329999999999999);
#52=CIRCLE('',#10075,0.329999999999999);
#53=CIRCLE('',#10076,0.45);
#54=CIRCLE('',#10077,0.45);
#55=CIRCLE('',#10082,0.45);
#56=CIRCLE('',#10085,0.45);
#57=CIRCLE('',#10086,0.45);
#58=CIRCLE('',#10087,0.33);
#59=CIRCLE('',#10088,0.33);
#60=CIRCLE('',#10090,0.45);
#61=CYLINDRICAL_SURFACE('',#10005,0.56);
#62=CYLINDRICAL_SURFACE('',#10008,0.17);
#63=CYLINDRICAL_SURFACE('',#10011,0.34);
#64=CYLINDRICAL_SURFACE('',#10033,0.17);
#65=CYLINDRICAL_SURFACE('',#10035,0.34);
#66=CYLINDRICAL_SURFACE('',#10051,0.17);
#67=CYLINDRICAL_SURFACE('',#10052,0.34);
#68=CYLINDRICAL_SURFACE('',#10058,0.17);
#69=CYLINDRICAL_SURFACE('',#10059,0.34);
#70=CYLINDRICAL_SURFACE('',#10071,0.329999999999999);
#71=CYLINDRICAL_SURFACE('',#10094,0.45);
#72=CYLINDRICAL_SURFACE('',#10098,0.45);
#73=CYLINDRICAL_SURFACE('',#10100,0.33);
#74=CYLINDRICAL_SURFACE('',#10102,0.329999999999999);
#75=CYLINDRICAL_SURFACE('',#10104,0.33);
#76=CYLINDRICAL_SURFACE('',#10106,0.45);
#77=CYLINDRICAL_SURFACE('',#10108,0.45);
#78=FACE_BOUND('',#1370,.T.);
#79=FACE_BOUND('',#1412,.T.);
#80=FACE_BOUND('',#1436,.T.);
#81=FACE_BOUND('',#1462,.T.);
#82=FACE_BOUND('',#1523,.T.);
#83=FACE_BOUND('',#1558,.T.);
#84=FACE_BOUND('',#1559,.T.);
#85=FACE_BOUND('',#1597,.T.);
#86=FACE_BOUND('',#1621,.T.);
#87=FACE_BOUND('',#1660,.T.);
#88=FACE_BOUND('',#1709,.T.);
#89=FACE_BOUND('',#1731,.T.);
#90=FACE_BOUND('',#1803,.T.);
#91=FACE_BOUND('',#1804,.T.);
#92=FACE_BOUND('',#1805,.T.);
#93=FACE_BOUND('',#1806,.T.);
#94=FACE_BOUND('',#1807,.T.);
#95=FACE_BOUND('',#1815,.T.);
#96=FACE_BOUND('',#1816,.T.);
#97=FACE_BOUND('',#1817,.T.);
#98=FACE_BOUND('',#1818,.T.);
#99=FACE_BOUND('',#1819,.T.);
#100=FACE_BOUND('',#1820,.T.);
#101=FACE_BOUND('',#1821,.T.);
#102=FACE_BOUND('',#1822,.T.);
#103=FACE_BOUND('',#1823,.T.);
#104=FACE_BOUND('',#1824,.T.);
#105=FACE_BOUND('',#1825,.T.);
#106=FACE_BOUND('',#1826,.T.);
#107=FACE_BOUND('',#1827,.T.);
#108=FACE_BOUND('',#1828,.T.);
#109=FACE_BOUND('',#1829,.T.);
#110=FACE_BOUND('',#1830,.T.);
#111=FACE_BOUND('',#1831,.T.);
#112=FACE_BOUND('',#1832,.T.);
#113=FACE_BOUND('',#1833,.T.);
#114=FACE_BOUND('',#1834,.T.);
#115=FACE_BOUND('',#1835,.T.);
#116=FACE_BOUND('',#1836,.T.);
#117=FACE_BOUND('',#1837,.T.);
#118=FACE_BOUND('',#1838,.T.);
#119=FACE_BOUND('',#1839,.T.);
#120=FACE_BOUND('',#1840,.T.);
#121=FACE_BOUND('',#1841,.T.);
#122=FACE_BOUND('',#1842,.T.);
#123=FACE_BOUND('',#1843,.T.);
#124=FACE_BOUND('',#1844,.T.);
#125=FACE_BOUND('',#1845,.T.);
#126=B_SPLINE_CURVE_WITH_KNOTS('',2,(#11792,#11793,#11794),
 .UNSPECIFIED.,.F.,.F.,(3,3),(0.,1.),.UNSPECIFIED.);
#127=B_SPLINE_CURVE_WITH_KNOTS('',2,(#11797,#11798,#11799),
 .UNSPECIFIED.,.F.,.F.,(3,3),(0.,1.),.UNSPECIFIED.);
#128=B_SPLINE_CURVE_WITH_KNOTS('',2,(#11807,#11808,#11809),
 .UNSPECIFIED.,.F.,.F.,(3,3),(0.,1.),.UNSPECIFIED.);
#129=B_SPLINE_CURVE_WITH_KNOTS('',2,(#11812,#11813,#11814),
 .UNSPECIFIED.,.F.,.F.,(3,3),(0.,1.),.UNSPECIFIED.);
#130=B_SPLINE_CURVE_WITH_KNOTS('',2,(#11822,#11823,#11824),
 .UNSPECIFIED.,.F.,.F.,(3,3),(0.,1.),.UNSPECIFIED.);
#131=B_SPLINE_CURVE_WITH_KNOTS('',2,(#11827,#11828,#11829),
 .UNSPECIFIED.,.F.,.F.,(3,3),(0.,1.),.UNSPECIFIED.);
#132=B_SPLINE_CURVE_WITH_KNOTS('',2,(#11837,#11838,#11839),
 .UNSPECIFIED.,.F.,.F.,(3,3),(0.,1.),.UNSPECIFIED.);
#133=B_SPLINE_CURVE_WITH_KNOTS('',2,(#11842,#11843,#11844),
 .UNSPECIFIED.,.F.,.F.,(3,3),(0.,1.),.UNSPECIFIED.);
#134=B_SPLINE_CURVE_WITH_KNOTS('',2,(#11852,#11853,#11854),
 .UNSPECIFIED.,.F.,.F.,(3,3),(0.,1.),.UNSPECIFIED.);
#135=B_SPLINE_CURVE_WITH_KNOTS('',2,(#11857,#11858,#11859),
 .UNSPECIFIED.,.F.,.F.,(3,3),(0.,1.),.UNSPECIFIED.);
#136=B_SPLINE_CURVE_WITH_KNOTS('',2,(#11891,#11892,#11893),
 .UNSPECIFIED.,.F.,.F.,(3,3),(0.,1.),.UNSPECIFIED.);
#137=B_SPLINE_CURVE_WITH_KNOTS('',2,(#11896,#11897,#11898),
 .UNSPECIFIED.,.F.,.F.,(3,3),(0.,1.),.UNSPECIFIED.);
#138=B_SPLINE_CURVE_WITH_KNOTS('',2,(#11906,#11907,#11908),
 .UNSPECIFIED.,.F.,.F.,(3,3),(0.,1.),.UNSPECIFIED.);
#139=B_SPLINE_CURVE_WITH_KNOTS('',2,(#11911,#11912,#11913),
 .UNSPECIFIED.,.F.,.F.,(3,3),(0.,1.),.UNSPECIFIED.);
#140=B_SPLINE_CURVE_WITH_KNOTS('',2,(#11921,#11922,#11923),
 .UNSPECIFIED.,.F.,.F.,(3,3),(0.,1.),.UNSPECIFIED.);
#141=B_SPLINE_CURVE_WITH_KNOTS('',2,(#11926,#11927,#11928),
 .UNSPECIFIED.,.F.,.F.,(3,3),(0.,1.),.UNSPECIFIED.);
#142=B_SPLINE_CURVE_WITH_KNOTS('',2,(#11936,#11937,#11938),
 .UNSPECIFIED.,.F.,.F.,(3,3),(0.,1.),.UNSPECIFIED.);
#143=B_SPLINE_CURVE_WITH_KNOTS('',2,(#11941,#11942,#11943),
 .UNSPECIFIED.,.F.,.F.,(3,3),(0.,1.),.UNSPECIFIED.);
#144=B_SPLINE_CURVE_WITH_KNOTS('',2,(#11969,#11970,#11971),
 .UNSPECIFIED.,.F.,.F.,(3,3),(0.,1.),.UNSPECIFIED.);
#145=B_SPLINE_CURVE_WITH_KNOTS('',2,(#11974,#11975,#11976),
 .UNSPECIFIED.,.F.,.F.,(3,3),(0.,1.),.UNSPECIFIED.);
#146=B_SPLINE_CURVE_WITH_KNOTS('',2,(#11984,#11985,#11986),
 .UNSPECIFIED.,.F.,.F.,(3,3),(0.,1.),.UNSPECIFIED.);
#147=B_SPLINE_CURVE_WITH_KNOTS('',2,(#11989,#11990,#11991),
 .UNSPECIFIED.,.F.,.F.,(3,3),(0.,1.),.UNSPECIFIED.);
#148=B_SPLINE_CURVE_WITH_KNOTS('',2,(#11999,#12000,#12001),
 .UNSPECIFIED.,.F.,.F.,(3,3),(0.,1.),.UNSPECIFIED.);
#149=B_SPLINE_CURVE_WITH_KNOTS('',2,(#12004,#12005,#12006),
 .UNSPECIFIED.,.F.,.F.,(3,3),(0.,1.),.UNSPECIFIED.);
#150=B_SPLINE_CURVE_WITH_KNOTS('',2,(#12014,#12015,#12016),
 .UNSPECIFIED.,.F.,.F.,(3,3),(0.,1.),.UNSPECIFIED.);
#151=B_SPLINE_CURVE_WITH_KNOTS('',2,(#12019,#12020,#12021),
 .UNSPECIFIED.,.F.,.F.,(3,3),(0.,1.),.UNSPECIFIED.);
#152=B_SPLINE_CURVE_WITH_KNOTS('',2,(#12029,#12030,#12031),
 .UNSPECIFIED.,.F.,.F.,(3,3),(0.,1.),.UNSPECIFIED.);
#153=B_SPLINE_CURVE_WITH_KNOTS('',2,(#12034,#12035,#12036),
 .UNSPECIFIED.,.F.,.F.,(3,3),(0.,1.),.UNSPECIFIED.);
#154=B_SPLINE_CURVE_WITH_KNOTS('',2,(#12044,#12045,#12046),
 .UNSPECIFIED.,.F.,.F.,(3,3),(0.,1.),.UNSPECIFIED.);
#155=B_SPLINE_CURVE_WITH_KNOTS('',2,(#12049,#12050,#12051),
 .UNSPECIFIED.,.F.,.F.,(3,3),(0.,1.),.UNSPECIFIED.);
#156=B_SPLINE_CURVE_WITH_KNOTS('',2,(#12059,#12060,#12061),
 .UNSPECIFIED.,.F.,.F.,(3,3),(0.,1.),.UNSPECIFIED.);
#157=B_SPLINE_CURVE_WITH_KNOTS('',2,(#12064,#12065,#12066),
 .UNSPECIFIED.,.F.,.F.,(3,3),(0.,1.),.UNSPECIFIED.);
#158=B_SPLINE_CURVE_WITH_KNOTS('',2,(#12201,#12202,#12203),
 .UNSPECIFIED.,.F.,.F.,(3,3),(0.,1.),.UNSPECIFIED.);
#159=B_SPLINE_CURVE_WITH_KNOTS('',2,(#12207,#12208,#12209),
 .UNSPECIFIED.,.F.,.F.,(3,3),(0.,1.),.UNSPECIFIED.);
#160=B_SPLINE_CURVE_WITH_KNOTS('',2,(#12218,#12219,#12220),
 .UNSPECIFIED.,.F.,.F.,(3,3),(0.,1.),.UNSPECIFIED.);
#161=B_SPLINE_CURVE_WITH_KNOTS('',2,(#12223,#12224,#12225),
 .UNSPECIFIED.,.F.,.F.,(3,3),(0.,1.),.UNSPECIFIED.);
#162=B_SPLINE_CURVE_WITH_KNOTS('',2,(#12233,#12234,#12235),
 .UNSPECIFIED.,.F.,.F.,(3,3),(0.,1.),.UNSPECIFIED.);
#163=B_SPLINE_CURVE_WITH_KNOTS('',2,(#12238,#12239,#12240),
 .UNSPECIFIED.,.F.,.F.,(3,3),(0.,1.),.UNSPECIFIED.);
#164=B_SPLINE_CURVE_WITH_KNOTS('',2,(#12248,#12249,#12250),
 .UNSPECIFIED.,.F.,.F.,(3,3),(0.,1.),.UNSPECIFIED.);
#165=B_SPLINE_CURVE_WITH_KNOTS('',2,(#12253,#12254,#12255),
 .UNSPECIFIED.,.F.,.F.,(3,3),(0.,1.),.UNSPECIFIED.);
#166=B_SPLINE_CURVE_WITH_KNOTS('',2,(#12263,#12264,#12265),
 .UNSPECIFIED.,.F.,.F.,(3,3),(0.,1.),.UNSPECIFIED.);
#167=B_SPLINE_CURVE_WITH_KNOTS('',2,(#12268,#12269,#12270),
 .UNSPECIFIED.,.F.,.F.,(3,3),(0.,1.),.UNSPECIFIED.);
#168=B_SPLINE_CURVE_WITH_KNOTS('',2,(#12278,#12279,#12280),
 .UNSPECIFIED.,.F.,.F.,(3,3),(0.,1.),.UNSPECIFIED.);
#169=B_SPLINE_CURVE_WITH_KNOTS('',2,(#12283,#12284,#12285),
 .UNSPECIFIED.,.F.,.F.,(3,3),(0.,1.),.UNSPECIFIED.);
#170=B_SPLINE_CURVE_WITH_KNOTS('',2,(#12293,#12294,#12295),
 .UNSPECIFIED.,.F.,.F.,(3,3),(0.,1.),.UNSPECIFIED.);
#171=B_SPLINE_CURVE_WITH_KNOTS('',2,(#12298,#12299,#12300),
 .UNSPECIFIED.,.F.,.F.,(3,3),(0.,1.),.UNSPECIFIED.);
#172=B_SPLINE_CURVE_WITH_KNOTS('',2,(#12308,#12309,#12310),
 .UNSPECIFIED.,.F.,.F.,(3,3),(0.,1.),.UNSPECIFIED.);
#173=B_SPLINE_CURVE_WITH_KNOTS('',2,(#12313,#12314,#12315),
 .UNSPECIFIED.,.F.,.F.,(3,3),(0.,1.),.UNSPECIFIED.);
#174=B_SPLINE_CURVE_WITH_KNOTS('',2,(#12322,#12323,#12324),
 .UNSPECIFIED.,.F.,.F.,(3,3),(0.,1.),.UNSPECIFIED.);
#175=B_SPLINE_CURVE_WITH_KNOTS('',2,(#12325,#12326,#12327),
 .UNSPECIFIED.,.F.,.F.,(3,3),(0.,1.),.UNSPECIFIED.);
#176=B_SPLINE_CURVE_WITH_KNOTS('',2,(#12336,#12337,#12338),
 .UNSPECIFIED.,.F.,.F.,(3,3),(0.,1.),.UNSPECIFIED.);
#177=B_SPLINE_CURVE_WITH_KNOTS('',2,(#12342,#12343,#12344),
 .UNSPECIFIED.,.F.,.F.,(3,3),(0.,1.),.UNSPECIFIED.);
#178=B_SPLINE_CURVE_WITH_KNOTS('',2,(#12353,#12354,#12355),
 .UNSPECIFIED.,.F.,.F.,(3,3),(0.,1.),.UNSPECIFIED.);
#179=B_SPLINE_CURVE_WITH_KNOTS('',2,(#12358,#12359,#12360),
 .UNSPECIFIED.,.F.,.F.,(3,3),(0.,1.),.UNSPECIFIED.);
#180=B_SPLINE_CURVE_WITH_KNOTS('',2,(#12368,#12369,#12370),
 .UNSPECIFIED.,.F.,.F.,(3,3),(0.,1.),.UNSPECIFIED.);
#181=B_SPLINE_CURVE_WITH_KNOTS('',2,(#12373,#12374,#12375),
 .UNSPECIFIED.,.F.,.F.,(3,3),(0.,1.),.UNSPECIFIED.);
#182=B_SPLINE_CURVE_WITH_KNOTS('',2,(#12383,#12384,#12385),
 .UNSPECIFIED.,.F.,.F.,(3,3),(0.,1.),.UNSPECIFIED.);
#183=B_SPLINE_CURVE_WITH_KNOTS('',2,(#12388,#12389,#12390),
 .UNSPECIFIED.,.F.,.F.,(3,3),(0.,1.),.UNSPECIFIED.);
#184=B_SPLINE_CURVE_WITH_KNOTS('',2,(#12398,#12399,#12400),
 .UNSPECIFIED.,.F.,.F.,(3,3),(0.,1.),.UNSPECIFIED.);
#185=B_SPLINE_CURVE_WITH_KNOTS('',2,(#12403,#12404,#12405),
 .UNSPECIFIED.,.F.,.F.,(3,3),(0.,1.),.UNSPECIFIED.);
#186=B_SPLINE_CURVE_WITH_KNOTS('',2,(#12413,#12414,#12415),
 .UNSPECIFIED.,.F.,.F.,(3,3),(0.,1.),.UNSPECIFIED.);
#187=B_SPLINE_CURVE_WITH_KNOTS('',2,(#12418,#12419,#12420),
 .UNSPECIFIED.,.F.,.F.,(3,3),(0.,1.),.UNSPECIFIED.);
#188=B_SPLINE_CURVE_WITH_KNOTS('',2,(#12428,#12429,#12430),
 .UNSPECIFIED.,.F.,.F.,(3,3),(0.,1.),.UNSPECIFIED.);
#189=B_SPLINE_CURVE_WITH_KNOTS('',2,(#12433,#12434,#12435),
 .UNSPECIFIED.,.F.,.F.,(3,3),(0.,1.),.UNSPECIFIED.);
#190=B_SPLINE_CURVE_WITH_KNOTS('',2,(#12443,#12444,#12445),
 .UNSPECIFIED.,.F.,.F.,(3,3),(0.,1.),.UNSPECIFIED.);
#191=B_SPLINE_CURVE_WITH_KNOTS('',2,(#12448,#12449,#12450),
 .UNSPECIFIED.,.F.,.F.,(3,3),(0.,1.),.UNSPECIFIED.);
#192=B_SPLINE_CURVE_WITH_KNOTS('',2,(#12458,#12459,#12460),
 .UNSPECIFIED.,.F.,.F.,(3,3),(0.,1.),.UNSPECIFIED.);
#193=B_SPLINE_CURVE_WITH_KNOTS('',2,(#12463,#12464,#12465),
 .UNSPECIFIED.,.F.,.F.,(3,3),(0.,1.),.UNSPECIFIED.);
#194=B_SPLINE_CURVE_WITH_KNOTS('',2,(#12473,#12474,#12475),
 .UNSPECIFIED.,.F.,.F.,(3,3),(0.,1.),.UNSPECIFIED.);
#195=B_SPLINE_CURVE_WITH_KNOTS('',2,(#12478,#12479,#12480),
 .UNSPECIFIED.,.F.,.F.,(3,3),(0.,1.),.UNSPECIFIED.);
#196=B_SPLINE_CURVE_WITH_KNOTS('',2,(#12487,#12488,#12489),
 .UNSPECIFIED.,.F.,.F.,(3,3),(0.,1.),.UNSPECIFIED.);
#197=B_SPLINE_CURVE_WITH_KNOTS('',2,(#12490,#12491,#12492),
 .UNSPECIFIED.,.F.,.F.,(3,3),(0.,1.),.UNSPECIFIED.);
#198=B_SPLINE_CURVE_WITH_KNOTS('',2,(#12510,#12511,#12512),
 .UNSPECIFIED.,.F.,.F.,(3,3),(0.,1.),.UNSPECIFIED.);
#199=B_SPLINE_CURVE_WITH_KNOTS('',2,(#12515,#12516,#12517),
 .UNSPECIFIED.,.F.,.F.,(3,3),(0.,1.),.UNSPECIFIED.);
#200=B_SPLINE_CURVE_WITH_KNOTS('',2,(#12525,#12526,#12527),
 .UNSPECIFIED.,.F.,.F.,(3,3),(0.,1.),.UNSPECIFIED.);
#201=B_SPLINE_CURVE_WITH_KNOTS('',2,(#12530,#12531,#12532),
 .UNSPECIFIED.,.F.,.F.,(3,3),(0.,1.),.UNSPECIFIED.);
#202=B_SPLINE_CURVE_WITH_KNOTS('',2,(#12540,#12541,#12542),
 .UNSPECIFIED.,.F.,.F.,(3,3),(0.,1.),.UNSPECIFIED.);
#203=B_SPLINE_CURVE_WITH_KNOTS('',2,(#12545,#12546,#12547),
 .UNSPECIFIED.,.F.,.F.,(3,3),(0.,1.),.UNSPECIFIED.);
#204=B_SPLINE_CURVE_WITH_KNOTS('',2,(#12555,#12556,#12557),
 .UNSPECIFIED.,.F.,.F.,(3,3),(0.,1.),.UNSPECIFIED.);
#205=B_SPLINE_CURVE_WITH_KNOTS('',2,(#12560,#12561,#12562),
 .UNSPECIFIED.,.F.,.F.,(3,3),(0.,1.),.UNSPECIFIED.);
#206=B_SPLINE_CURVE_WITH_KNOTS('',2,(#12570,#12571,#12572),
 .UNSPECIFIED.,.F.,.F.,(3,3),(0.,1.),.UNSPECIFIED.);
#207=B_SPLINE_CURVE_WITH_KNOTS('',2,(#12575,#12576,#12577),
 .UNSPECIFIED.,.F.,.F.,(3,3),(0.,1.),.UNSPECIFIED.);
#208=B_SPLINE_CURVE_WITH_KNOTS('',2,(#12585,#12586,#12587),
 .UNSPECIFIED.,.F.,.F.,(3,3),(0.,1.),.UNSPECIFIED.);
#209=B_SPLINE_CURVE_WITH_KNOTS('',2,(#12590,#12591,#12592),
 .UNSPECIFIED.,.F.,.F.,(3,3),(0.,1.),.UNSPECIFIED.);
#210=B_SPLINE_CURVE_WITH_KNOTS('',2,(#12600,#12601,#12602),
 .UNSPECIFIED.,.F.,.F.,(3,3),(0.,1.),.UNSPECIFIED.);
#211=B_SPLINE_CURVE_WITH_KNOTS('',2,(#12605,#12606,#12607),
 .UNSPECIFIED.,.F.,.F.,(3,3),(0.,1.),.UNSPECIFIED.);
#212=B_SPLINE_CURVE_WITH_KNOTS('',2,(#12625,#12626,#12627),
 .UNSPECIFIED.,.F.,.F.,(3,3),(0.,1.),.UNSPECIFIED.);
#213=B_SPLINE_CURVE_WITH_KNOTS('',2,(#12631,#12632,#12633),
 .UNSPECIFIED.,.F.,.F.,(3,3),(0.,1.),.UNSPECIFIED.);
#214=B_SPLINE_CURVE_WITH_KNOTS('',2,(#12642,#12643,#12644),
 .UNSPECIFIED.,.F.,.F.,(3,3),(0.,1.),.UNSPECIFIED.);
#215=B_SPLINE_CURVE_WITH_KNOTS('',2,(#12647,#12648,#12649),
 .UNSPECIFIED.,.F.,.F.,(3,3),(0.,1.),.UNSPECIFIED.);
#216=B_SPLINE_CURVE_WITH_KNOTS('',2,(#12657,#12658,#12659),
 .UNSPECIFIED.,.F.,.F.,(3,3),(0.,1.),.UNSPECIFIED.);
#217=B_SPLINE_CURVE_WITH_KNOTS('',2,(#12662,#12663,#12664),
 .UNSPECIFIED.,.F.,.F.,(3,3),(0.,1.),.UNSPECIFIED.);
#218=B_SPLINE_CURVE_WITH_KNOTS('',2,(#12672,#12673,#12674),
 .UNSPECIFIED.,.F.,.F.,(3,3),(0.,1.),.UNSPECIFIED.);
#219=B_SPLINE_CURVE_WITH_KNOTS('',2,(#12677,#12678,#12679),
 .UNSPECIFIED.,.F.,.F.,(3,3),(0.,1.),.UNSPECIFIED.);
#220=B_SPLINE_CURVE_WITH_KNOTS('',2,(#12687,#12688,#12689),
 .UNSPECIFIED.,.F.,.F.,(3,3),(0.,1.),.UNSPECIFIED.);
#221=B_SPLINE_CURVE_WITH_KNOTS('',2,(#12692,#12693,#12694),
 .UNSPECIFIED.,.F.,.F.,(3,3),(0.,1.),.UNSPECIFIED.);
#222=B_SPLINE_CURVE_WITH_KNOTS('',2,(#12702,#12703,#12704),
 .UNSPECIFIED.,.F.,.F.,(3,3),(0.,1.),.UNSPECIFIED.);
#223=B_SPLINE_CURVE_WITH_KNOTS('',2,(#12707,#12708,#12709),
 .UNSPECIFIED.,.F.,.F.,(3,3),(0.,1.),.UNSPECIFIED.);
#224=B_SPLINE_CURVE_WITH_KNOTS('',2,(#12717,#12718,#12719),
 .UNSPECIFIED.,.F.,.F.,(3,3),(0.,1.),.UNSPECIFIED.);
#225=B_SPLINE_CURVE_WITH_KNOTS('',2,(#12722,#12723,#12724),
 .UNSPECIFIED.,.F.,.F.,(3,3),(0.,1.),.UNSPECIFIED.);
#226=B_SPLINE_CURVE_WITH_KNOTS('',2,(#12732,#12733,#12734),
 .UNSPECIFIED.,.F.,.F.,(3,3),(0.,1.),.UNSPECIFIED.);
#227=B_SPLINE_CURVE_WITH_KNOTS('',2,(#12737,#12738,#12739),
 .UNSPECIFIED.,.F.,.F.,(3,3),(0.,1.),.UNSPECIFIED.);
#228=B_SPLINE_CURVE_WITH_KNOTS('',2,(#12747,#12748,#12749),
 .UNSPECIFIED.,.F.,.F.,(3,3),(0.,1.),.UNSPECIFIED.);
#229=B_SPLINE_CURVE_WITH_KNOTS('',2,(#12752,#12753,#12754),
 .UNSPECIFIED.,.F.,.F.,(3,3),(0.,1.),.UNSPECIFIED.);
#230=B_SPLINE_CURVE_WITH_KNOTS('',2,(#12840,#12841,#12842),
 .UNSPECIFIED.,.F.,.F.,(3,3),(0.,1.),.UNSPECIFIED.);
#231=B_SPLINE_CURVE_WITH_KNOTS('',2,(#12846,#12847,#12848),
 .UNSPECIFIED.,.F.,.F.,(3,3),(0.,1.),.UNSPECIFIED.);
#232=B_SPLINE_CURVE_WITH_KNOTS('',2,(#12857,#12858,#12859),
 .UNSPECIFIED.,.F.,.F.,(3,3),(0.,1.),.UNSPECIFIED.);
#233=B_SPLINE_CURVE_WITH_KNOTS('',2,(#12862,#12863,#12864),
 .UNSPECIFIED.,.F.,.F.,(3,3),(0.,1.),.UNSPECIFIED.);
#234=B_SPLINE_CURVE_WITH_KNOTS('',2,(#12993,#12994,#12995),
 .UNSPECIFIED.,.F.,.F.,(3,3),(0.,1.),.UNSPECIFIED.);
#235=B_SPLINE_CURVE_WITH_KNOTS('',2,(#12998,#12999,#13000),
 .UNSPECIFIED.,.F.,.F.,(3,3),(0.,1.),.UNSPECIFIED.);
#236=B_SPLINE_CURVE_WITH_KNOTS('',2,(#13008,#13009,#13010),
 .UNSPECIFIED.,.F.,.F.,(3,3),(0.,1.),.UNSPECIFIED.);
#237=B_SPLINE_CURVE_WITH_KNOTS('',2,(#13013,#13014,#13015),
 .UNSPECIFIED.,.F.,.F.,(3,3),(0.,1.),.UNSPECIFIED.);
#238=B_SPLINE_CURVE_WITH_KNOTS('',2,(#13172,#13173,#13174),
 .UNSPECIFIED.,.F.,.F.,(3,3),(0.,1.),.UNSPECIFIED.);
#239=B_SPLINE_CURVE_WITH_KNOTS('',2,(#13178,#13179,#13180),
 .UNSPECIFIED.,.F.,.F.,(3,3),(0.,1.),.UNSPECIFIED.);
#240=B_SPLINE_CURVE_WITH_KNOTS('',2,(#13189,#13190,#13191),
 .UNSPECIFIED.,.F.,.F.,(3,3),(0.,1.),.UNSPECIFIED.);
#241=B_SPLINE_CURVE_WITH_KNOTS('',2,(#13194,#13195,#13196),
 .UNSPECIFIED.,.F.,.F.,(3,3),(0.,1.),.UNSPECIFIED.);
#242=B_SPLINE_CURVE_WITH_KNOTS('',2,(#13204,#13205,#13206),
 .UNSPECIFIED.,.F.,.F.,(3,3),(0.,1.),.UNSPECIFIED.);
#243=B_SPLINE_CURVE_WITH_KNOTS('',2,(#13209,#13210,#13211),
 .UNSPECIFIED.,.F.,.F.,(3,3),(0.,1.),.UNSPECIFIED.);
#244=B_SPLINE_CURVE_WITH_KNOTS('',2,(#13219,#13220,#13221),
 .UNSPECIFIED.,.F.,.F.,(3,3),(0.,1.),.UNSPECIFIED.);
#245=B_SPLINE_CURVE_WITH_KNOTS('',2,(#13224,#13225,#13226),
 .UNSPECIFIED.,.F.,.F.,(3,3),(0.,1.),.UNSPECIFIED.);
#246=B_SPLINE_CURVE_WITH_KNOTS('',2,(#13234,#13235,#13236),
 .UNSPECIFIED.,.F.,.F.,(3,3),(0.,1.),.UNSPECIFIED.);
#247=B_SPLINE_CURVE_WITH_KNOTS('',2,(#13239,#13240,#13241),
 .UNSPECIFIED.,.F.,.F.,(3,3),(0.,1.),.UNSPECIFIED.);
#248=B_SPLINE_CURVE_WITH_KNOTS('',2,(#13249,#13250,#13251),
 .UNSPECIFIED.,.F.,.F.,(3,3),(0.,1.),.UNSPECIFIED.);
#249=B_SPLINE_CURVE_WITH_KNOTS('',2,(#13254,#13255,#13256),
 .UNSPECIFIED.,.F.,.F.,(3,3),(0.,1.),.UNSPECIFIED.);
#250=B_SPLINE_CURVE_WITH_KNOTS('',2,(#13264,#13265,#13266),
 .UNSPECIFIED.,.F.,.F.,(3,3),(0.,1.),.UNSPECIFIED.);
#251=B_SPLINE_CURVE_WITH_KNOTS('',2,(#13269,#13270,#13271),
 .UNSPECIFIED.,.F.,.F.,(3,3),(0.,1.),.UNSPECIFIED.);
#252=B_SPLINE_CURVE_WITH_KNOTS('',2,(#13278,#13279,#13280),
 .UNSPECIFIED.,.F.,.F.,(3,3),(0.,1.),.UNSPECIFIED.);
#253=B_SPLINE_CURVE_WITH_KNOTS('',2,(#13281,#13282,#13283),
 .UNSPECIFIED.,.F.,.F.,(3,3),(0.,1.),.UNSPECIFIED.);
#254=B_SPLINE_CURVE_WITH_KNOTS('',2,(#13292,#13293,#13294),
 .UNSPECIFIED.,.F.,.F.,(3,3),(0.,1.),.UNSPECIFIED.);
#255=B_SPLINE_CURVE_WITH_KNOTS('',2,(#13298,#13299,#13300),
 .UNSPECIFIED.,.F.,.F.,(3,3),(0.,1.),.UNSPECIFIED.);
#256=B_SPLINE_CURVE_WITH_KNOTS('',2,(#13309,#13310,#13311),
 .UNSPECIFIED.,.F.,.F.,(3,3),(0.,1.),.UNSPECIFIED.);
#257=B_SPLINE_CURVE_WITH_KNOTS('',2,(#13314,#13315,#13316),
 .UNSPECIFIED.,.F.,.F.,(3,3),(0.,1.),.UNSPECIFIED.);
#258=B_SPLINE_CURVE_WITH_KNOTS('',2,(#13324,#13325,#13326),
 .UNSPECIFIED.,.F.,.F.,(3,3),(0.,1.),.UNSPECIFIED.);
#259=B_SPLINE_CURVE_WITH_KNOTS('',2,(#13329,#13330,#13331),
 .UNSPECIFIED.,.F.,.F.,(3,3),(0.,1.),.UNSPECIFIED.);
#260=B_SPLINE_CURVE_WITH_KNOTS('',2,(#13339,#13340,#13341),
 .UNSPECIFIED.,.F.,.F.,(3,3),(0.,1.),.UNSPECIFIED.);
#261=B_SPLINE_CURVE_WITH_KNOTS('',2,(#13344,#13345,#13346),
 .UNSPECIFIED.,.F.,.F.,(3,3),(0.,1.),.UNSPECIFIED.);
#262=B_SPLINE_CURVE_WITH_KNOTS('',2,(#13354,#13355,#13356),
 .UNSPECIFIED.,.F.,.F.,(3,3),(0.,1.),.UNSPECIFIED.);
#263=B_SPLINE_CURVE_WITH_KNOTS('',2,(#13359,#13360,#13361),
 .UNSPECIFIED.,.F.,.F.,(3,3),(0.,1.),.UNSPECIFIED.);
#264=B_SPLINE_CURVE_WITH_KNOTS('',2,(#13369,#13370,#13371),
 .UNSPECIFIED.,.F.,.F.,(3,3),(0.,1.),.UNSPECIFIED.);
#265=B_SPLINE_CURVE_WITH_KNOTS('',2,(#13374,#13375,#13376),
 .UNSPECIFIED.,.F.,.F.,(3,3),(0.,1.),.UNSPECIFIED.);
#266=B_SPLINE_CURVE_WITH_KNOTS('',2,(#13384,#13385,#13386),
 .UNSPECIFIED.,.F.,.F.,(3,3),(0.,1.),.UNSPECIFIED.);
#267=B_SPLINE_CURVE_WITH_KNOTS('',2,(#13389,#13390,#13391),
 .UNSPECIFIED.,.F.,.F.,(3,3),(0.,1.),.UNSPECIFIED.);
#268=B_SPLINE_CURVE_WITH_KNOTS('',2,(#13399,#13400,#13401),
 .UNSPECIFIED.,.F.,.F.,(3,3),(0.,1.),.UNSPECIFIED.);
#269=B_SPLINE_CURVE_WITH_KNOTS('',2,(#13404,#13405,#13406),
 .UNSPECIFIED.,.F.,.F.,(3,3),(0.,1.),.UNSPECIFIED.);
#270=B_SPLINE_CURVE_WITH_KNOTS('',2,(#13413,#13414,#13415),
 .UNSPECIFIED.,.F.,.F.,(3,3),(0.,1.),.UNSPECIFIED.);
#271=B_SPLINE_CURVE_WITH_KNOTS('',2,(#13416,#13417,#13418),
 .UNSPECIFIED.,.F.,.F.,(3,3),(0.,1.),.UNSPECIFIED.);
#272=B_SPLINE_CURVE_WITH_KNOTS('',2,(#13436,#13437,#13438),
 .UNSPECIFIED.,.F.,.F.,(3,3),(0.,1.),.UNSPECIFIED.);
#273=B_SPLINE_CURVE_WITH_KNOTS('',2,(#13441,#13442,#13443),
 .UNSPECIFIED.,.F.,.F.,(3,3),(0.,1.),.UNSPECIFIED.);
#274=B_SPLINE_CURVE_WITH_KNOTS('',2,(#13451,#13452,#13453),
 .UNSPECIFIED.,.F.,.F.,(3,3),(0.,1.),.UNSPECIFIED.);
#275=B_SPLINE_CURVE_WITH_KNOTS('',2,(#13456,#13457,#13458),
 .UNSPECIFIED.,.F.,.F.,(3,3),(0.,1.),.UNSPECIFIED.);
#276=B_SPLINE_CURVE_WITH_KNOTS('',2,(#13466,#13467,#13468),
 .UNSPECIFIED.,.F.,.F.,(3,3),(0.,1.),.UNSPECIFIED.);
#277=B_SPLINE_CURVE_WITH_KNOTS('',2,(#13471,#13472,#13473),
 .UNSPECIFIED.,.F.,.F.,(3,3),(0.,1.),.UNSPECIFIED.);
#278=B_SPLINE_CURVE_WITH_KNOTS('',2,(#13481,#13482,#13483),
 .UNSPECIFIED.,.F.,.F.,(3,3),(0.,1.),.UNSPECIFIED.);
#279=B_SPLINE_CURVE_WITH_KNOTS('',2,(#13486,#13487,#13488),
 .UNSPECIFIED.,.F.,.F.,(3,3),(0.,1.),.UNSPECIFIED.);
#280=B_SPLINE_CURVE_WITH_KNOTS('',2,(#13496,#13497,#13498),
 .UNSPECIFIED.,.F.,.F.,(3,3),(0.,1.),.UNSPECIFIED.);
#281=B_SPLINE_CURVE_WITH_KNOTS('',2,(#13501,#13502,#13503),
 .UNSPECIFIED.,.F.,.F.,(3,3),(0.,1.),.UNSPECIFIED.);
#282=B_SPLINE_CURVE_WITH_KNOTS('',2,(#13511,#13512,#13513),
 .UNSPECIFIED.,.F.,.F.,(3,3),(0.,1.),.UNSPECIFIED.);
#283=B_SPLINE_CURVE_WITH_KNOTS('',2,(#13516,#13517,#13518),
 .UNSPECIFIED.,.F.,.F.,(3,3),(0.,1.),.UNSPECIFIED.);
#284=B_SPLINE_CURVE_WITH_KNOTS('',2,(#13544,#13545,#13546),
 .UNSPECIFIED.,.F.,.F.,(3,3),(0.,1.),.UNSPECIFIED.);
#285=B_SPLINE_CURVE_WITH_KNOTS('',2,(#13549,#13550,#13551),
 .UNSPECIFIED.,.F.,.F.,(3,3),(0.,1.),.UNSPECIFIED.);
#286=B_SPLINE_CURVE_WITH_KNOTS('',2,(#13559,#13560,#13561),
 .UNSPECIFIED.,.F.,.F.,(3,3),(0.,1.),.UNSPECIFIED.);
#287=B_SPLINE_CURVE_WITH_KNOTS('',2,(#13564,#13565,#13566),
 .UNSPECIFIED.,.F.,.F.,(3,3),(0.,1.),.UNSPECIFIED.);
#288=B_SPLINE_CURVE_WITH_KNOTS('',2,(#13574,#13575,#13576),
 .UNSPECIFIED.,.F.,.F.,(3,3),(0.,1.),.UNSPECIFIED.);
#289=B_SPLINE_CURVE_WITH_KNOTS('',2,(#13579,#13580,#13581),
 .UNSPECIFIED.,.F.,.F.,(3,3),(0.,1.),.UNSPECIFIED.);
#290=B_SPLINE_CURVE_WITH_KNOTS('',2,(#13589,#13590,#13591),
 .UNSPECIFIED.,.F.,.F.,(3,3),(0.,1.),.UNSPECIFIED.);
#291=B_SPLINE_CURVE_WITH_KNOTS('',2,(#13594,#13595,#13596),
 .UNSPECIFIED.,.F.,.F.,(3,3),(0.,1.),.UNSPECIFIED.);
#292=B_SPLINE_CURVE_WITH_KNOTS('',2,(#13604,#13605,#13606),
 .UNSPECIFIED.,.F.,.F.,(3,3),(0.,1.),.UNSPECIFIED.);
#293=B_SPLINE_CURVE_WITH_KNOTS('',2,(#13609,#13610,#13611),
 .UNSPECIFIED.,.F.,.F.,(3,3),(0.,1.),.UNSPECIFIED.);
#294=B_SPLINE_CURVE_WITH_KNOTS('',2,(#13619,#13620,#13621),
 .UNSPECIFIED.,.F.,.F.,(3,3),(0.,1.),.UNSPECIFIED.);
#295=B_SPLINE_CURVE_WITH_KNOTS('',2,(#13624,#13625,#13626),
 .UNSPECIFIED.,.F.,.F.,(3,3),(0.,1.),.UNSPECIFIED.);
#296=B_SPLINE_CURVE_WITH_KNOTS('',2,(#13634,#13635,#13636),
 .UNSPECIFIED.,.F.,.F.,(3,3),(0.,1.),.UNSPECIFIED.);
#297=B_SPLINE_CURVE_WITH_KNOTS('',2,(#13639,#13640,#13641),
 .UNSPECIFIED.,.F.,.F.,(3,3),(0.,1.),.UNSPECIFIED.);
#298=B_SPLINE_CURVE_WITH_KNOTS('',2,(#13659,#13660,#13661),
 .UNSPECIFIED.,.F.,.F.,(3,3),(0.,1.),.UNSPECIFIED.);
#299=B_SPLINE_CURVE_WITH_KNOTS('',2,(#13665,#13666,#13667),
 .UNSPECIFIED.,.F.,.F.,(3,3),(0.,1.),.UNSPECIFIED.);
#300=B_SPLINE_CURVE_WITH_KNOTS('',2,(#13676,#13677,#13678),
 .UNSPECIFIED.,.F.,.F.,(3,3),(0.,1.),.UNSPECIFIED.);
#301=B_SPLINE_CURVE_WITH_KNOTS('',2,(#13681,#13682,#13683),
 .UNSPECIFIED.,.F.,.F.,(3,3),(0.,1.),.UNSPECIFIED.);
#302=B_SPLINE_CURVE_WITH_KNOTS('',2,(#13691,#13692,#13693),
 .UNSPECIFIED.,.F.,.F.,(3,3),(0.,1.),.UNSPECIFIED.);
#303=B_SPLINE_CURVE_WITH_KNOTS('',2,(#13696,#13697,#13698),
 .UNSPECIFIED.,.F.,.F.,(3,3),(0.,1.),.UNSPECIFIED.);
#304=B_SPLINE_CURVE_WITH_KNOTS('',2,(#13706,#13707,#13708),
 .UNSPECIFIED.,.F.,.F.,(3,3),(0.,1.),.UNSPECIFIED.);
#305=B_SPLINE_CURVE_WITH_KNOTS('',2,(#13711,#13712,#13713),
 .UNSPECIFIED.,.F.,.F.,(3,3),(0.,1.),.UNSPECIFIED.);
#306=B_SPLINE_CURVE_WITH_KNOTS('',2,(#13721,#13722,#13723),
 .UNSPECIFIED.,.F.,.F.,(3,3),(0.,1.),.UNSPECIFIED.);
#307=B_SPLINE_CURVE_WITH_KNOTS('',2,(#13726,#13727,#13728),
 .UNSPECIFIED.,.F.,.F.,(3,3),(0.,1.),.UNSPECIFIED.);
#308=B_SPLINE_CURVE_WITH_KNOTS('',2,(#13736,#13737,#13738),
 .UNSPECIFIED.,.F.,.F.,(3,3),(0.,1.),.UNSPECIFIED.);
#309=B_SPLINE_CURVE_WITH_KNOTS('',2,(#13741,#13742,#13743),
 .UNSPECIFIED.,.F.,.F.,(3,3),(0.,1.),.UNSPECIFIED.);
#310=B_SPLINE_CURVE_WITH_KNOTS('',2,(#13751,#13752,#13753),
 .UNSPECIFIED.,.F.,.F.,(3,3),(0.,1.),.UNSPECIFIED.);
#311=B_SPLINE_CURVE_WITH_KNOTS('',2,(#13756,#13757,#13758),
 .UNSPECIFIED.,.F.,.F.,(3,3),(0.,1.),.UNSPECIFIED.);
#312=B_SPLINE_CURVE_WITH_KNOTS('',2,(#13766,#13767,#13768),
 .UNSPECIFIED.,.F.,.F.,(3,3),(0.,1.),.UNSPECIFIED.);
#313=B_SPLINE_CURVE_WITH_KNOTS('',2,(#13771,#13772,#13773),
 .UNSPECIFIED.,.F.,.F.,(3,3),(0.,1.),.UNSPECIFIED.);
#314=B_SPLINE_CURVE_WITH_KNOTS('',2,(#13781,#13782,#13783),
 .UNSPECIFIED.,.F.,.F.,(3,3),(0.,1.),.UNSPECIFIED.);
#315=B_SPLINE_CURVE_WITH_KNOTS('',2,(#13786,#13787,#13788),
 .UNSPECIFIED.,.F.,.F.,(3,3),(0.,1.),.UNSPECIFIED.);
#316=B_SPLINE_CURVE_WITH_KNOTS('',2,(#13796,#13797,#13798),
 .UNSPECIFIED.,.F.,.F.,(3,3),(0.,1.),.UNSPECIFIED.);
#317=B_SPLINE_CURVE_WITH_KNOTS('',2,(#13801,#13802,#13803),
 .UNSPECIFIED.,.F.,.F.,(3,3),(0.,1.),.UNSPECIFIED.);
#318=B_SPLINE_CURVE_WITH_KNOTS('',2,(#13811,#13812,#13813),
 .UNSPECIFIED.,.F.,.F.,(3,3),(0.,1.),.UNSPECIFIED.);
#319=B_SPLINE_CURVE_WITH_KNOTS('',2,(#13816,#13817,#13818),
 .UNSPECIFIED.,.F.,.F.,(3,3),(0.,1.),.UNSPECIFIED.);
#320=B_SPLINE_CURVE_WITH_KNOTS('',2,(#13843,#13844,#13845),
 .UNSPECIFIED.,.F.,.F.,(3,3),(0.,1.),.UNSPECIFIED.);
#321=B_SPLINE_CURVE_WITH_KNOTS('',2,(#13849,#13850,#13851),
 .UNSPECIFIED.,.F.,.F.,(3,3),(0.,1.),.UNSPECIFIED.);
#322=B_SPLINE_CURVE_WITH_KNOTS('',2,(#13860,#13861,#13862),
 .UNSPECIFIED.,.F.,.F.,(3,3),(0.,1.),.UNSPECIFIED.);
#323=B_SPLINE_CURVE_WITH_KNOTS('',2,(#13865,#13866,#13867),
 .UNSPECIFIED.,.F.,.F.,(3,3),(0.,1.),.UNSPECIFIED.);
#324=B_SPLINE_CURVE_WITH_KNOTS('',2,(#13875,#13876,#13877),
 .UNSPECIFIED.,.F.,.F.,(3,3),(0.,1.),.UNSPECIFIED.);
#325=B_SPLINE_CURVE_WITH_KNOTS('',2,(#13880,#13881,#13882),
 .UNSPECIFIED.,.F.,.F.,(3,3),(0.,1.),.UNSPECIFIED.);
#326=B_SPLINE_CURVE_WITH_KNOTS('',2,(#13908,#13909,#13910),
 .UNSPECIFIED.,.F.,.F.,(3,3),(0.,1.),.UNSPECIFIED.);
#327=B_SPLINE_CURVE_WITH_KNOTS('',2,(#13913,#13914,#13915),
 .UNSPECIFIED.,.F.,.F.,(3,3),(0.,1.),.UNSPECIFIED.);
#328=B_SPLINE_CURVE_WITH_KNOTS('',2,(#13923,#13924,#13925),
 .UNSPECIFIED.,.F.,.F.,(3,3),(0.,1.),.UNSPECIFIED.);
#329=B_SPLINE_CURVE_WITH_KNOTS('',2,(#13928,#13929,#13930),
 .UNSPECIFIED.,.F.,.F.,(3,3),(0.,1.),.UNSPECIFIED.);
#330=B_SPLINE_CURVE_WITH_KNOTS('',2,(#13956,#13957,#13958),
 .UNSPECIFIED.,.F.,.F.,(3,3),(0.,1.),.UNSPECIFIED.);
#331=B_SPLINE_CURVE_WITH_KNOTS('',2,(#13961,#13962,#13963),
 .UNSPECIFIED.,.F.,.F.,(3,3),(0.,1.),.UNSPECIFIED.);
#332=B_SPLINE_CURVE_WITH_KNOTS('',2,(#13971,#13972,#13973),
 .UNSPECIFIED.,.F.,.F.,(3,3),(0.,1.),.UNSPECIFIED.);
#333=B_SPLINE_CURVE_WITH_KNOTS('',2,(#13976,#13977,#13978),
 .UNSPECIFIED.,.F.,.F.,(3,3),(0.,1.),.UNSPECIFIED.);
#334=B_SPLINE_CURVE_WITH_KNOTS('',2,(#13986,#13987,#13988),
 .UNSPECIFIED.,.F.,.F.,(3,3),(0.,1.),.UNSPECIFIED.);
#335=B_SPLINE_CURVE_WITH_KNOTS('',2,(#13991,#13992,#13993),
 .UNSPECIFIED.,.F.,.F.,(3,3),(0.,1.),.UNSPECIFIED.);
#336=B_SPLINE_CURVE_WITH_KNOTS('',2,(#14001,#14002,#14003),
 .UNSPECIFIED.,.F.,.F.,(3,3),(0.,1.),.UNSPECIFIED.);
#337=B_SPLINE_CURVE_WITH_KNOTS('',2,(#14006,#14007,#14008),
 .UNSPECIFIED.,.F.,.F.,(3,3),(0.,1.),.UNSPECIFIED.);
#338=B_SPLINE_CURVE_WITH_KNOTS('',2,(#14016,#14017,#14018),
 .UNSPECIFIED.,.F.,.F.,(3,3),(0.,1.),.UNSPECIFIED.);
#339=B_SPLINE_CURVE_WITH_KNOTS('',2,(#14021,#14022,#14023),
 .UNSPECIFIED.,.F.,.F.,(3,3),(0.,1.),.UNSPECIFIED.);
#340=B_SPLINE_CURVE_WITH_KNOTS('',2,(#14036,#14037,#14038),
 .UNSPECIFIED.,.F.,.F.,(3,3),(0.,1.),.UNSPECIFIED.);
#341=B_SPLINE_CURVE_WITH_KNOTS('',2,(#14039,#14040,#14041),
 .UNSPECIFIED.,.F.,.F.,(3,3),(0.,1.),.UNSPECIFIED.);
#342=B_SPLINE_CURVE_WITH_KNOTS('',2,(#14051,#14052,#14053),
 .UNSPECIFIED.,.F.,.F.,(3,3),(0.,1.),.UNSPECIFIED.);
#343=B_SPLINE_CURVE_WITH_KNOTS('',2,(#14057,#14058,#14059),
 .UNSPECIFIED.,.F.,.F.,(3,3),(0.,1.),.UNSPECIFIED.);
#344=B_SPLINE_CURVE_WITH_KNOTS('',2,(#14068,#14069,#14070),
 .UNSPECIFIED.,.F.,.F.,(3,3),(0.,1.),.UNSPECIFIED.);
#345=B_SPLINE_CURVE_WITH_KNOTS('',2,(#14073,#14074,#14075),
 .UNSPECIFIED.,.F.,.F.,(3,3),(0.,1.),.UNSPECIFIED.);
#346=B_SPLINE_CURVE_WITH_KNOTS('',2,(#14083,#14084,#14085),
 .UNSPECIFIED.,.F.,.F.,(3,3),(0.,1.),.UNSPECIFIED.);
#347=B_SPLINE_CURVE_WITH_KNOTS('',2,(#14088,#14089,#14090),
 .UNSPECIFIED.,.F.,.F.,(3,3),(0.,1.),.UNSPECIFIED.);
#348=B_SPLINE_CURVE_WITH_KNOTS('',2,(#14098,#14099,#14100),
 .UNSPECIFIED.,.F.,.F.,(3,3),(0.,1.),.UNSPECIFIED.);
#349=B_SPLINE_CURVE_WITH_KNOTS('',2,(#14103,#14104,#14105),
 .UNSPECIFIED.,.F.,.F.,(3,3),(0.,1.),.UNSPECIFIED.);
#350=B_SPLINE_CURVE_WITH_KNOTS('',2,(#14113,#14114,#14115),
 .UNSPECIFIED.,.F.,.F.,(3,3),(0.,1.),.UNSPECIFIED.);
#351=B_SPLINE_CURVE_WITH_KNOTS('',2,(#14118,#14119,#14120),
 .UNSPECIFIED.,.F.,.F.,(3,3),(0.,1.),.UNSPECIFIED.);
#352=B_SPLINE_CURVE_WITH_KNOTS('',2,(#14128,#14129,#14130),
 .UNSPECIFIED.,.F.,.F.,(3,3),(0.,1.),.UNSPECIFIED.);
#353=B_SPLINE_CURVE_WITH_KNOTS('',2,(#14133,#14134,#14135),
 .UNSPECIFIED.,.F.,.F.,(3,3),(0.,1.),.UNSPECIFIED.);
#354=B_SPLINE_CURVE_WITH_KNOTS('',2,(#14143,#14144,#14145),
 .UNSPECIFIED.,.F.,.F.,(3,3),(0.,1.),.UNSPECIFIED.);
#355=B_SPLINE_CURVE_WITH_KNOTS('',2,(#14148,#14149,#14150),
 .UNSPECIFIED.,.F.,.F.,(3,3),(0.,1.),.UNSPECIFIED.);
#356=B_SPLINE_CURVE_WITH_KNOTS('',2,(#14157,#14158,#14159),
 .UNSPECIFIED.,.F.,.F.,(3,3),(0.,1.),.UNSPECIFIED.);
#357=B_SPLINE_CURVE_WITH_KNOTS('',2,(#14160,#14161,#14162),
 .UNSPECIFIED.,.F.,.F.,(3,3),(0.,1.),.UNSPECIFIED.);
#358=B_SPLINE_CURVE_WITH_KNOTS('',2,(#14171,#14172,#14173),
 .UNSPECIFIED.,.F.,.F.,(3,3),(0.,1.),.UNSPECIFIED.);
#359=B_SPLINE_CURVE_WITH_KNOTS('',2,(#14177,#14178,#14179),
 .UNSPECIFIED.,.F.,.F.,(3,3),(0.,1.),.UNSPECIFIED.);
#360=B_SPLINE_CURVE_WITH_KNOTS('',2,(#14188,#14189,#14190),
 .UNSPECIFIED.,.F.,.F.,(3,3),(0.,1.),.UNSPECIFIED.);
#361=B_SPLINE_CURVE_WITH_KNOTS('',2,(#14193,#14194,#14195),
 .UNSPECIFIED.,.F.,.F.,(3,3),(0.,1.),.UNSPECIFIED.);
#362=B_SPLINE_CURVE_WITH_KNOTS('',2,(#14203,#14204,#14205),
 .UNSPECIFIED.,.F.,.F.,(3,3),(0.,1.),.UNSPECIFIED.);
#363=B_SPLINE_CURVE_WITH_KNOTS('',2,(#14208,#14209,#14210),
 .UNSPECIFIED.,.F.,.F.,(3,3),(0.,1.),.UNSPECIFIED.);
#364=B_SPLINE_CURVE_WITH_KNOTS('',2,(#14218,#14219,#14220),
 .UNSPECIFIED.,.F.,.F.,(3,3),(0.,1.),.UNSPECIFIED.);
#365=B_SPLINE_CURVE_WITH_KNOTS('',2,(#14223,#14224,#14225),
 .UNSPECIFIED.,.F.,.F.,(3,3),(0.,1.),.UNSPECIFIED.);
#366=B_SPLINE_CURVE_WITH_KNOTS('',2,(#14233,#14234,#14235),
 .UNSPECIFIED.,.F.,.F.,(3,3),(0.,1.),.UNSPECIFIED.);
#367=B_SPLINE_CURVE_WITH_KNOTS('',2,(#14238,#14239,#14240),
 .UNSPECIFIED.,.F.,.F.,(3,3),(0.,1.),.UNSPECIFIED.);
#368=B_SPLINE_CURVE_WITH_KNOTS('',2,(#14248,#14249,#14250),
 .UNSPECIFIED.,.F.,.F.,(3,3),(0.,1.),.UNSPECIFIED.);
#369=B_SPLINE_CURVE_WITH_KNOTS('',2,(#14253,#14254,#14255),
 .UNSPECIFIED.,.F.,.F.,(3,3),(0.,1.),.UNSPECIFIED.);
#370=B_SPLINE_CURVE_WITH_KNOTS('',2,(#14263,#14264,#14265),
 .UNSPECIFIED.,.F.,.F.,(3,3),(0.,1.),.UNSPECIFIED.);
#371=B_SPLINE_CURVE_WITH_KNOTS('',2,(#14268,#14269,#14270),
 .UNSPECIFIED.,.F.,.F.,(3,3),(0.,1.),.UNSPECIFIED.);
#372=B_SPLINE_CURVE_WITH_KNOTS('',2,(#14278,#14279,#14280),
 .UNSPECIFIED.,.F.,.F.,(3,3),(0.,1.),.UNSPECIFIED.);
#373=B_SPLINE_CURVE_WITH_KNOTS('',2,(#14283,#14284,#14285),
 .UNSPECIFIED.,.F.,.F.,(3,3),(0.,1.),.UNSPECIFIED.);
#374=B_SPLINE_CURVE_WITH_KNOTS('',2,(#14292,#14293,#14294),
 .UNSPECIFIED.,.F.,.F.,(3,3),(0.,1.),.UNSPECIFIED.);
#375=B_SPLINE_CURVE_WITH_KNOTS('',2,(#14295,#14296,#14297),
 .UNSPECIFIED.,.F.,.F.,(3,3),(0.,1.),.UNSPECIFIED.);
#376=B_SPLINE_CURVE_WITH_KNOTS('',2,(#14307,#14308,#14309),
 .UNSPECIFIED.,.F.,.F.,(3,3),(0.,1.),.UNSPECIFIED.);
#377=B_SPLINE_CURVE_WITH_KNOTS('',2,(#14313,#14314,#14315),
 .UNSPECIFIED.,.F.,.F.,(3,3),(0.,1.),.UNSPECIFIED.);
#378=B_SPLINE_CURVE_WITH_KNOTS('',2,(#14324,#14325,#14326),
 .UNSPECIFIED.,.F.,.F.,(3,3),(0.,1.),.UNSPECIFIED.);
#379=B_SPLINE_CURVE_WITH_KNOTS('',2,(#14329,#14330,#14331),
 .UNSPECIFIED.,.F.,.F.,(3,3),(0.,1.),.UNSPECIFIED.);
#380=B_SPLINE_CURVE_WITH_KNOTS('',2,(#14339,#14340,#14341),
 .UNSPECIFIED.,.F.,.F.,(3,3),(0.,1.),.UNSPECIFIED.);
#381=B_SPLINE_CURVE_WITH_KNOTS('',2,(#14344,#14345,#14346),
 .UNSPECIFIED.,.F.,.F.,(3,3),(0.,1.),.UNSPECIFIED.);
#382=B_SPLINE_CURVE_WITH_KNOTS('',2,(#14354,#14355,#14356),
 .UNSPECIFIED.,.F.,.F.,(3,3),(0.,1.),.UNSPECIFIED.);
#383=B_SPLINE_CURVE_WITH_KNOTS('',2,(#14359,#14360,#14361),
 .UNSPECIFIED.,.F.,.F.,(3,3),(0.,1.),.UNSPECIFIED.);
#384=B_SPLINE_CURVE_WITH_KNOTS('',2,(#14369,#14370,#14371),
 .UNSPECIFIED.,.F.,.F.,(3,3),(0.,1.),.UNSPECIFIED.);
#385=B_SPLINE_CURVE_WITH_KNOTS('',2,(#14374,#14375,#14376),
 .UNSPECIFIED.,.F.,.F.,(3,3),(0.,1.),.UNSPECIFIED.);
#386=B_SPLINE_CURVE_WITH_KNOTS('',2,(#14384,#14385,#14386),
 .UNSPECIFIED.,.F.,.F.,(3,3),(0.,1.),.UNSPECIFIED.);
#387=B_SPLINE_CURVE_WITH_KNOTS('',2,(#14389,#14390,#14391),
 .UNSPECIFIED.,.F.,.F.,(3,3),(0.,1.),.UNSPECIFIED.);
#388=B_SPLINE_CURVE_WITH_KNOTS('',2,(#14399,#14400,#14401),
 .UNSPECIFIED.,.F.,.F.,(3,3),(0.,1.),.UNSPECIFIED.);
#389=B_SPLINE_CURVE_WITH_KNOTS('',2,(#14404,#14405,#14406),
 .UNSPECIFIED.,.F.,.F.,(3,3),(0.,1.),.UNSPECIFIED.);
#390=B_SPLINE_CURVE_WITH_KNOTS('',2,(#14413,#14414,#14415),
 .UNSPECIFIED.,.F.,.F.,(3,3),(0.,1.),.UNSPECIFIED.);
#391=B_SPLINE_CURVE_WITH_KNOTS('',2,(#14416,#14417,#14418),
 .UNSPECIFIED.,.F.,.F.,(3,3),(0.,1.),.UNSPECIFIED.);
#392=B_SPLINE_CURVE_WITH_KNOTS('',2,(#14447,#14448,#14449),
 .UNSPECIFIED.,.F.,.F.,(3,3),(0.,1.),.UNSPECIFIED.);
#393=B_SPLINE_CURVE_WITH_KNOTS('',2,(#14452,#14453,#14454),
 .UNSPECIFIED.,.F.,.F.,(3,3),(0.,1.),.UNSPECIFIED.);
#394=B_SPLINE_CURVE_WITH_KNOTS('',2,(#14462,#14463,#14464),
 .UNSPECIFIED.,.F.,.F.,(3,3),(0.,1.),.UNSPECIFIED.);
#395=B_SPLINE_CURVE_WITH_KNOTS('',2,(#14467,#14468,#14469),
 .UNSPECIFIED.,.F.,.F.,(3,3),(0.,1.),.UNSPECIFIED.);
#396=B_SPLINE_CURVE_WITH_KNOTS('',2,(#14477,#14478,#14479),
 .UNSPECIFIED.,.F.,.F.,(3,3),(0.,1.),.UNSPECIFIED.);
#397=B_SPLINE_CURVE_WITH_KNOTS('',2,(#14482,#14483,#14484),
 .UNSPECIFIED.,.F.,.F.,(3,3),(0.,1.),.UNSPECIFIED.);
#398=B_SPLINE_CURVE_WITH_KNOTS('',2,(#14492,#14493,#14494),
 .UNSPECIFIED.,.F.,.F.,(3,3),(0.,1.),.UNSPECIFIED.);
#399=B_SPLINE_CURVE_WITH_KNOTS('',2,(#14497,#14498,#14499),
 .UNSPECIFIED.,.F.,.F.,(3,3),(0.,1.),.UNSPECIFIED.);
#400=B_SPLINE_CURVE_WITH_KNOTS('',2,(#14507,#14508,#14509),
 .UNSPECIFIED.,.F.,.F.,(3,3),(0.,1.),.UNSPECIFIED.);
#401=B_SPLINE_CURVE_WITH_KNOTS('',2,(#14512,#14513,#14514),
 .UNSPECIFIED.,.F.,.F.,(3,3),(0.,1.),.UNSPECIFIED.);
#402=B_SPLINE_CURVE_WITH_KNOTS('',2,(#14522,#14523,#14524),
 .UNSPECIFIED.,.F.,.F.,(3,3),(0.,1.),.UNSPECIFIED.);
#403=B_SPLINE_CURVE_WITH_KNOTS('',2,(#14527,#14528,#14529),
 .UNSPECIFIED.,.F.,.F.,(3,3),(0.,1.),.UNSPECIFIED.);
#404=B_SPLINE_CURVE_WITH_KNOTS('',2,(#14537,#14538,#14539),
 .UNSPECIFIED.,.F.,.F.,(3,3),(0.,1.),.UNSPECIFIED.);
#405=B_SPLINE_CURVE_WITH_KNOTS('',2,(#14542,#14543,#14544),
 .UNSPECIFIED.,.F.,.F.,(3,3),(0.,1.),.UNSPECIFIED.);
#406=B_SPLINE_CURVE_WITH_KNOTS('',2,(#14552,#14553,#14554),
 .UNSPECIFIED.,.F.,.F.,(3,3),(0.,1.),.UNSPECIFIED.);
#407=B_SPLINE_CURVE_WITH_KNOTS('',2,(#14557,#14558,#14559),
 .UNSPECIFIED.,.F.,.F.,(3,3),(0.,1.),.UNSPECIFIED.);
#408=B_SPLINE_CURVE_WITH_KNOTS('',2,(#14567,#14568,#14569),
 .UNSPECIFIED.,.F.,.F.,(3,3),(0.,1.),.UNSPECIFIED.);
#409=B_SPLINE_CURVE_WITH_KNOTS('',2,(#14572,#14573,#14574),
 .UNSPECIFIED.,.F.,.F.,(3,3),(0.,1.),.UNSPECIFIED.);
#410=B_SPLINE_CURVE_WITH_KNOTS('',2,(#14593,#14594,#14595),
 .UNSPECIFIED.,.F.,.F.,(3,3),(0.,1.),.UNSPECIFIED.);
#411=B_SPLINE_CURVE_WITH_KNOTS('',2,(#14599,#14600,#14601),
 .UNSPECIFIED.,.F.,.F.,(3,3),(0.,1.),.UNSPECIFIED.);
#412=B_SPLINE_CURVE_WITH_KNOTS('',2,(#14610,#14611,#14612),
 .UNSPECIFIED.,.F.,.F.,(3,3),(0.,1.),.UNSPECIFIED.);
#413=B_SPLINE_CURVE_WITH_KNOTS('',2,(#14615,#14616,#14617),
 .UNSPECIFIED.,.F.,.F.,(3,3),(0.,1.),.UNSPECIFIED.);
#414=B_SPLINE_CURVE_WITH_KNOTS('',2,(#14625,#14626,#14627),
 .UNSPECIFIED.,.F.,.F.,(3,3),(0.,1.),.UNSPECIFIED.);
#415=B_SPLINE_CURVE_WITH_KNOTS('',2,(#14630,#14631,#14632),
 .UNSPECIFIED.,.F.,.F.,(3,3),(0.,1.),.UNSPECIFIED.);
#416=B_SPLINE_CURVE_WITH_KNOTS('',2,(#14640,#14641,#14642),
 .UNSPECIFIED.,.F.,.F.,(3,3),(0.,1.),.UNSPECIFIED.);
#417=B_SPLINE_CURVE_WITH_KNOTS('',2,(#14645,#14646,#14647),
 .UNSPECIFIED.,.F.,.F.,(3,3),(0.,1.),.UNSPECIFIED.);
#418=B_SPLINE_CURVE_WITH_KNOTS('',2,(#14655,#14656,#14657),
 .UNSPECIFIED.,.F.,.F.,(3,3),(0.,1.),.UNSPECIFIED.);
#419=B_SPLINE_CURVE_WITH_KNOTS('',2,(#14660,#14661,#14662),
 .UNSPECIFIED.,.F.,.F.,(3,3),(0.,1.),.UNSPECIFIED.);
#420=B_SPLINE_CURVE_WITH_KNOTS('',2,(#14670,#14671,#14672),
 .UNSPECIFIED.,.F.,.F.,(3,3),(0.,1.),.UNSPECIFIED.);
#421=B_SPLINE_CURVE_WITH_KNOTS('',2,(#14675,#14676,#14677),
 .UNSPECIFIED.,.F.,.F.,(3,3),(0.,1.),.UNSPECIFIED.);
#422=B_SPLINE_CURVE_WITH_KNOTS('',2,(#14685,#14686,#14687),
 .UNSPECIFIED.,.F.,.F.,(3,3),(0.,1.),.UNSPECIFIED.);
#423=B_SPLINE_CURVE_WITH_KNOTS('',2,(#14690,#14691,#14692),
 .UNSPECIFIED.,.F.,.F.,(3,3),(0.,1.),.UNSPECIFIED.);
#424=B_SPLINE_CURVE_WITH_KNOTS('',2,(#14700,#14701,#14702),
 .UNSPECIFIED.,.F.,.F.,(3,3),(0.,1.),.UNSPECIFIED.);
#425=B_SPLINE_CURVE_WITH_KNOTS('',2,(#14705,#14706,#14707),
 .UNSPECIFIED.,.F.,.F.,(3,3),(0.,1.),.UNSPECIFIED.);
#426=B_SPLINE_CURVE_WITH_KNOTS('',2,(#14715,#14716,#14717),
 .UNSPECIFIED.,.F.,.F.,(3,3),(0.,1.),.UNSPECIFIED.);
#427=B_SPLINE_CURVE_WITH_KNOTS('',2,(#14720,#14721,#14722),
 .UNSPECIFIED.,.F.,.F.,(3,3),(0.,1.),.UNSPECIFIED.);
#428=B_SPLINE_CURVE_WITH_KNOTS('',2,(#14742,#14743,#14744),
 .UNSPECIFIED.,.F.,.F.,(3,3),(0.,1.),.UNSPECIFIED.);
#429=B_SPLINE_CURVE_WITH_KNOTS('',2,(#14747,#14748,#14749),
 .UNSPECIFIED.,.F.,.F.,(3,3),(0.,1.),.UNSPECIFIED.);
#430=B_SPLINE_CURVE_WITH_KNOTS('',2,(#14757,#14758,#14759),
 .UNSPECIFIED.,.F.,.F.,(3,3),(0.,1.),.UNSPECIFIED.);
#431=B_SPLINE_CURVE_WITH_KNOTS('',2,(#14762,#14763,#14764),
 .UNSPECIFIED.,.F.,.F.,(3,3),(0.,1.),.UNSPECIFIED.);
#432=B_SPLINE_CURVE_WITH_KNOTS('',2,(#14778,#14779,#14780),
 .UNSPECIFIED.,.F.,.F.,(3,3),(0.,1.),.UNSPECIFIED.);
#433=B_SPLINE_CURVE_WITH_KNOTS('',2,(#14783,#14784,#14785),
 .UNSPECIFIED.,.F.,.F.,(3,3),(0.,1.),.UNSPECIFIED.);
#434=B_SPLINE_CURVE_WITH_KNOTS('',2,(#14793,#14794,#14795),
 .UNSPECIFIED.,.F.,.F.,(3,3),(0.,1.),.UNSPECIFIED.);
#435=B_SPLINE_CURVE_WITH_KNOTS('',2,(#14798,#14799,#14800),
 .UNSPECIFIED.,.F.,.F.,(3,3),(0.,1.),.UNSPECIFIED.);
#436=B_SPLINE_CURVE_WITH_KNOTS('',2,(#14808,#14809,#14810),
 .UNSPECIFIED.,.F.,.F.,(3,3),(0.,1.),.UNSPECIFIED.);
#437=B_SPLINE_CURVE_WITH_KNOTS('',2,(#14813,#14814,#14815),
 .UNSPECIFIED.,.F.,.F.,(3,3),(0.,1.),.UNSPECIFIED.);
#438=B_SPLINE_CURVE_WITH_KNOTS('',2,(#14823,#14824,#14825),
 .UNSPECIFIED.,.F.,.F.,(3,3),(0.,1.),.UNSPECIFIED.);
#439=B_SPLINE_CURVE_WITH_KNOTS('',2,(#14828,#14829,#14830),
 .UNSPECIFIED.,.F.,.F.,(3,3),(0.,1.),.UNSPECIFIED.);
#440=B_SPLINE_CURVE_WITH_KNOTS('',2,(#14838,#14839,#14840),
 .UNSPECIFIED.,.F.,.F.,(3,3),(0.,1.),.UNSPECIFIED.);
#441=B_SPLINE_CURVE_WITH_KNOTS('',2,(#14843,#14844,#14845),
 .UNSPECIFIED.,.F.,.F.,(3,3),(0.,1.),.UNSPECIFIED.);
#442=B_SPLINE_CURVE_WITH_KNOTS('',2,(#14853,#14854,#14855),
 .UNSPECIFIED.,.F.,.F.,(3,3),(0.,1.),.UNSPECIFIED.);
#443=B_SPLINE_CURVE_WITH_KNOTS('',2,(#14858,#14859,#14860),
 .UNSPECIFIED.,.F.,.F.,(3,3),(0.,1.),.UNSPECIFIED.);
#444=B_SPLINE_CURVE_WITH_KNOTS('',2,(#14868,#14869,#14870),
 .UNSPECIFIED.,.F.,.F.,(3,3),(0.,1.),.UNSPECIFIED.);
#445=B_SPLINE_CURVE_WITH_KNOTS('',2,(#14873,#14874,#14875),
 .UNSPECIFIED.,.F.,.F.,(3,3),(0.,1.),.UNSPECIFIED.);
#446=B_SPLINE_CURVE_WITH_KNOTS('',2,(#14889,#14890,#14891),
 .UNSPECIFIED.,.F.,.F.,(3,3),(0.,1.),.UNSPECIFIED.);
#447=B_SPLINE_CURVE_WITH_KNOTS('',2,(#14894,#14895,#14896),
 .UNSPECIFIED.,.F.,.F.,(3,3),(0.,1.),.UNSPECIFIED.);
#448=B_SPLINE_CURVE_WITH_KNOTS('',2,(#14904,#14905,#14906),
 .UNSPECIFIED.,.F.,.F.,(3,3),(0.,1.),.UNSPECIFIED.);
#449=B_SPLINE_CURVE_WITH_KNOTS('',2,(#14909,#14910,#14911),
 .UNSPECIFIED.,.F.,.F.,(3,3),(0.,1.),.UNSPECIFIED.);
#450=B_SPLINE_CURVE_WITH_KNOTS('',2,(#14919,#14920,#14921),
 .UNSPECIFIED.,.F.,.F.,(3,3),(0.,1.),.UNSPECIFIED.);
#451=B_SPLINE_CURVE_WITH_KNOTS('',2,(#14924,#14925,#14926),
 .UNSPECIFIED.,.F.,.F.,(3,3),(0.,1.),.UNSPECIFIED.);
#452=B_SPLINE_CURVE_WITH_KNOTS('',2,(#14934,#14935,#14936),
 .UNSPECIFIED.,.F.,.F.,(3,3),(0.,1.),.UNSPECIFIED.);
#453=B_SPLINE_CURVE_WITH_KNOTS('',2,(#14939,#14940,#14941),
 .UNSPECIFIED.,.F.,.F.,(3,3),(0.,1.),.UNSPECIFIED.);
#454=B_SPLINE_CURVE_WITH_KNOTS('',2,(#14949,#14950,#14951),
 .UNSPECIFIED.,.F.,.F.,(3,3),(0.,1.),.UNSPECIFIED.);
#455=B_SPLINE_CURVE_WITH_KNOTS('',2,(#14954,#14955,#14956),
 .UNSPECIFIED.,.F.,.F.,(3,3),(0.,1.),.UNSPECIFIED.);
#456=B_SPLINE_CURVE_WITH_KNOTS('',2,(#14964,#14965,#14966),
 .UNSPECIFIED.,.F.,.F.,(3,3),(0.,1.),.UNSPECIFIED.);
#457=B_SPLINE_CURVE_WITH_KNOTS('',2,(#14969,#14970,#14971),
 .UNSPECIFIED.,.F.,.F.,(3,3),(0.,1.),.UNSPECIFIED.);
#458=B_SPLINE_CURVE_WITH_KNOTS('',2,(#14979,#14980,#14981),
 .UNSPECIFIED.,.F.,.F.,(3,3),(0.,1.),.UNSPECIFIED.);
#459=B_SPLINE_CURVE_WITH_KNOTS('',2,(#14984,#14985,#14986),
 .UNSPECIFIED.,.F.,.F.,(3,3),(0.,1.),.UNSPECIFIED.);
#460=B_SPLINE_CURVE_WITH_KNOTS('',2,(#14994,#14995,#14996),
 .UNSPECIFIED.,.F.,.F.,(3,3),(0.,1.),.UNSPECIFIED.);
#461=B_SPLINE_CURVE_WITH_KNOTS('',2,(#14999,#15000,#15001),
 .UNSPECIFIED.,.F.,.F.,(3,3),(0.,1.),.UNSPECIFIED.);
#462=B_SPLINE_CURVE_WITH_KNOTS('',2,(#15009,#15010,#15011),
 .UNSPECIFIED.,.F.,.F.,(3,3),(0.,1.),.UNSPECIFIED.);
#463=B_SPLINE_CURVE_WITH_KNOTS('',2,(#15014,#15015,#15016),
 .UNSPECIFIED.,.F.,.F.,(3,3),(0.,1.),.UNSPECIFIED.);
#464=B_SPLINE_CURVE_WITH_KNOTS('',2,(#15024,#15025,#15026),
 .UNSPECIFIED.,.F.,.F.,(3,3),(0.,1.),.UNSPECIFIED.);
#465=B_SPLINE_CURVE_WITH_KNOTS('',2,(#15029,#15030,#15031),
 .UNSPECIFIED.,.F.,.F.,(3,3),(0.,1.),.UNSPECIFIED.);
#466=B_SPLINE_CURVE_WITH_KNOTS('',2,(#15039,#15040,#15041),
 .UNSPECIFIED.,.F.,.F.,(3,3),(0.,1.),.UNSPECIFIED.);
#467=B_SPLINE_CURVE_WITH_KNOTS('',2,(#15044,#15045,#15046),
 .UNSPECIFIED.,.F.,.F.,(3,3),(0.,1.),.UNSPECIFIED.);
#468=B_SPLINE_CURVE_WITH_KNOTS('',2,(#15054,#15055,#15056),
 .UNSPECIFIED.,.F.,.F.,(3,3),(0.,1.),.UNSPECIFIED.);
#469=B_SPLINE_CURVE_WITH_KNOTS('',2,(#15059,#15060,#15061),
 .UNSPECIFIED.,.F.,.F.,(3,3),(0.,1.),.UNSPECIFIED.);
#470=B_SPLINE_CURVE_WITH_KNOTS('',2,(#15069,#15070,#15071),
 .UNSPECIFIED.,.F.,.F.,(3,3),(0.,1.),.UNSPECIFIED.);
#471=B_SPLINE_CURVE_WITH_KNOTS('',2,(#15074,#15075,#15076),
 .UNSPECIFIED.,.F.,.F.,(3,3),(0.,1.),.UNSPECIFIED.);
#472=B_SPLINE_CURVE_WITH_KNOTS('',2,(#15084,#15085,#15086),
 .UNSPECIFIED.,.F.,.F.,(3,3),(0.,1.),.UNSPECIFIED.);
#473=B_SPLINE_CURVE_WITH_KNOTS('',2,(#15089,#15090,#15091),
 .UNSPECIFIED.,.F.,.F.,(3,3),(0.,1.),.UNSPECIFIED.);
#474=B_SPLINE_CURVE_WITH_KNOTS('',2,(#15098,#15099,#15100),
 .UNSPECIFIED.,.F.,.F.,(3,3),(0.,1.),.UNSPECIFIED.);
#475=B_SPLINE_CURVE_WITH_KNOTS('',2,(#15101,#15102,#15103),
 .UNSPECIFIED.,.F.,.F.,(3,3),(0.,1.),.UNSPECIFIED.);
#476=B_SPLINE_CURVE_WITH_KNOTS('',2,(#15158,#15159,#15160),
 .UNSPECIFIED.,.F.,.F.,(3,3),(0.,1.),.UNSPECIFIED.);
#477=B_SPLINE_CURVE_WITH_KNOTS('',2,(#15163,#15164,#15165),
 .UNSPECIFIED.,.F.,.F.,(3,3),(0.,1.),.UNSPECIFIED.);
#478=B_SPLINE_CURVE_WITH_KNOTS('',2,(#15173,#15174,#15175),
 .UNSPECIFIED.,.F.,.F.,(3,3),(0.,1.),.UNSPECIFIED.);
#479=B_SPLINE_CURVE_WITH_KNOTS('',2,(#15178,#15179,#15180),
 .UNSPECIFIED.,.F.,.F.,(3,3),(0.,1.),.UNSPECIFIED.);
#480=B_SPLINE_CURVE_WITH_KNOTS('',2,(#15188,#15189,#15190),
 .UNSPECIFIED.,.F.,.F.,(3,3),(0.,1.),.UNSPECIFIED.);
#481=B_SPLINE_CURVE_WITH_KNOTS('',2,(#15193,#15194,#15195),
 .UNSPECIFIED.,.F.,.F.,(3,3),(0.,1.),.UNSPECIFIED.);
#482=B_SPLINE_CURVE_WITH_KNOTS('',2,(#15203,#15204,#15205),
 .UNSPECIFIED.,.F.,.F.,(3,3),(0.,1.),.UNSPECIFIED.);
#483=B_SPLINE_CURVE_WITH_KNOTS('',2,(#15208,#15209,#15210),
 .UNSPECIFIED.,.F.,.F.,(3,3),(0.,1.),.UNSPECIFIED.);
#484=B_SPLINE_CURVE_WITH_KNOTS('',2,(#15218,#15219,#15220),
 .UNSPECIFIED.,.F.,.F.,(3,3),(0.,1.),.UNSPECIFIED.);
#485=B_SPLINE_CURVE_WITH_KNOTS('',2,(#15223,#15224,#15225),
 .UNSPECIFIED.,.F.,.F.,(3,3),(0.,1.),.UNSPECIFIED.);
#486=B_SPLINE_CURVE_WITH_KNOTS('',2,(#15251,#15252,#15253),
 .UNSPECIFIED.,.F.,.F.,(3,3),(0.,1.),.UNSPECIFIED.);
#487=B_SPLINE_CURVE_WITH_KNOTS('',2,(#15256,#15257,#15258),
 .UNSPECIFIED.,.F.,.F.,(3,3),(0.,1.),.UNSPECIFIED.);
#488=B_SPLINE_CURVE_WITH_KNOTS('',2,(#15266,#15267,#15268),
 .UNSPECIFIED.,.F.,.F.,(3,3),(0.,1.),.UNSPECIFIED.);
#489=B_SPLINE_CURVE_WITH_KNOTS('',2,(#15271,#15272,#15273),
 .UNSPECIFIED.,.F.,.F.,(3,3),(0.,1.),.UNSPECIFIED.);
#490=B_SPLINE_CURVE_WITH_KNOTS('',2,(#15281,#15282,#15283),
 .UNSPECIFIED.,.F.,.F.,(3,3),(0.,1.),.UNSPECIFIED.);
#491=B_SPLINE_CURVE_WITH_KNOTS('',2,(#15286,#15287,#15288),
 .UNSPECIFIED.,.F.,.F.,(3,3),(0.,1.),.UNSPECIFIED.);
#492=B_SPLINE_CURVE_WITH_KNOTS('',2,(#15296,#15297,#15298),
 .UNSPECIFIED.,.F.,.F.,(3,3),(0.,1.),.UNSPECIFIED.);
#493=B_SPLINE_CURVE_WITH_KNOTS('',2,(#15301,#15302,#15303),
 .UNSPECIFIED.,.F.,.F.,(3,3),(0.,1.),.UNSPECIFIED.);
#494=B_SPLINE_CURVE_WITH_KNOTS('',2,(#15311,#15312,#15313),
 .UNSPECIFIED.,.F.,.F.,(3,3),(0.,1.),.UNSPECIFIED.);
#495=B_SPLINE_CURVE_WITH_KNOTS('',2,(#15316,#15317,#15318),
 .UNSPECIFIED.,.F.,.F.,(3,3),(0.,1.),.UNSPECIFIED.);
#496=B_SPLINE_CURVE_WITH_KNOTS('',2,(#15349,#15350,#15351),
 .UNSPECIFIED.,.F.,.F.,(3,3),(0.,1.),.UNSPECIFIED.);
#497=B_SPLINE_CURVE_WITH_KNOTS('',2,(#15355,#15356,#15357),
 .UNSPECIFIED.,.F.,.F.,(3,3),(0.,1.),.UNSPECIFIED.);
#498=B_SPLINE_CURVE_WITH_KNOTS('',2,(#15366,#15367,#15368),
 .UNSPECIFIED.,.F.,.F.,(3,3),(0.,1.),.UNSPECIFIED.);
#499=B_SPLINE_CURVE_WITH_KNOTS('',2,(#15371,#15372,#15373),
 .UNSPECIFIED.,.F.,.F.,(3,3),(0.,1.),.UNSPECIFIED.);
#500=B_SPLINE_CURVE_WITH_KNOTS('',2,(#15381,#15382,#15383),
 .UNSPECIFIED.,.F.,.F.,(3,3),(0.,1.),.UNSPECIFIED.);
#501=B_SPLINE_CURVE_WITH_KNOTS('',2,(#15386,#15387,#15388),
 .UNSPECIFIED.,.F.,.F.,(3,3),(0.,1.),.UNSPECIFIED.);
#502=B_SPLINE_CURVE_WITH_KNOTS('',2,(#15396,#15397,#15398),
 .UNSPECIFIED.,.F.,.F.,(3,3),(0.,1.),.UNSPECIFIED.);
#503=B_SPLINE_CURVE_WITH_KNOTS('',2,(#15401,#15402,#15403),
 .UNSPECIFIED.,.F.,.F.,(3,3),(0.,1.),.UNSPECIFIED.);
#504=B_SPLINE_CURVE_WITH_KNOTS('',2,(#15411,#15412,#15413),
 .UNSPECIFIED.,.F.,.F.,(3,3),(0.,1.),.UNSPECIFIED.);
#505=B_SPLINE_CURVE_WITH_KNOTS('',2,(#15416,#15417,#15418),
 .UNSPECIFIED.,.F.,.F.,(3,3),(0.,1.),.UNSPECIFIED.);
#506=B_SPLINE_CURVE_WITH_KNOTS('',2,(#15426,#15427,#15428),
 .UNSPECIFIED.,.F.,.F.,(3,3),(0.,1.),.UNSPECIFIED.);
#507=B_SPLINE_CURVE_WITH_KNOTS('',2,(#15431,#15432,#15433),
 .UNSPECIFIED.,.F.,.F.,(3,3),(0.,1.),.UNSPECIFIED.);
#508=B_SPLINE_CURVE_WITH_KNOTS('',2,(#15441,#15442,#15443),
 .UNSPECIFIED.,.F.,.F.,(3,3),(0.,1.),.UNSPECIFIED.);
#509=B_SPLINE_CURVE_WITH_KNOTS('',2,(#15446,#15447,#15448),
 .UNSPECIFIED.,.F.,.F.,(3,3),(0.,1.),.UNSPECIFIED.);
#510=B_SPLINE_CURVE_WITH_KNOTS('',2,(#15455,#15456,#15457),
 .UNSPECIFIED.,.F.,.F.,(3,3),(0.,1.),.UNSPECIFIED.);
#511=B_SPLINE_CURVE_WITH_KNOTS('',2,(#15458,#15459,#15460),
 .UNSPECIFIED.,.F.,.F.,(3,3),(0.,1.),.UNSPECIFIED.);
#512=B_SPLINE_CURVE_WITH_KNOTS('',2,(#15469,#15470,#15471),
 .UNSPECIFIED.,.F.,.F.,(3,3),(0.,1.),.UNSPECIFIED.);
#513=B_SPLINE_CURVE_WITH_KNOTS('',2,(#15475,#15476,#15477),
 .UNSPECIFIED.,.F.,.F.,(3,3),(0.,1.),.UNSPECIFIED.);
#514=B_SPLINE_CURVE_WITH_KNOTS('',2,(#15486,#15487,#15488),
 .UNSPECIFIED.,.F.,.F.,(3,3),(0.,1.),.UNSPECIFIED.);
#515=B_SPLINE_CURVE_WITH_KNOTS('',2,(#15491,#15492,#15493),
 .UNSPECIFIED.,.F.,.F.,(3,3),(0.,1.),.UNSPECIFIED.);
#516=B_SPLINE_CURVE_WITH_KNOTS('',2,(#15501,#15502,#15503),
 .UNSPECIFIED.,.F.,.F.,(3,3),(0.,1.),.UNSPECIFIED.);
#517=B_SPLINE_CURVE_WITH_KNOTS('',2,(#15506,#15507,#15508),
 .UNSPECIFIED.,.F.,.F.,(3,3),(0.,1.),.UNSPECIFIED.);
#518=B_SPLINE_CURVE_WITH_KNOTS('',2,(#15516,#15517,#15518),
 .UNSPECIFIED.,.F.,.F.,(3,3),(0.,1.),.UNSPECIFIED.);
#519=B_SPLINE_CURVE_WITH_KNOTS('',2,(#15521,#15522,#15523),
 .UNSPECIFIED.,.F.,.F.,(3,3),(0.,1.),.UNSPECIFIED.);
#520=B_SPLINE_CURVE_WITH_KNOTS('',2,(#15531,#15532,#15533),
 .UNSPECIFIED.,.F.,.F.,(3,3),(0.,1.),.UNSPECIFIED.);
#521=B_SPLINE_CURVE_WITH_KNOTS('',2,(#15536,#15537,#15538),
 .UNSPECIFIED.,.F.,.F.,(3,3),(0.,1.),.UNSPECIFIED.);
#522=B_SPLINE_CURVE_WITH_KNOTS('',2,(#15546,#15547,#15548),
 .UNSPECIFIED.,.F.,.F.,(3,3),(0.,1.),.UNSPECIFIED.);
#523=B_SPLINE_CURVE_WITH_KNOTS('',2,(#15551,#15552,#15553),
 .UNSPECIFIED.,.F.,.F.,(3,3),(0.,1.),.UNSPECIFIED.);
#524=B_SPLINE_CURVE_WITH_KNOTS('',2,(#15561,#15562,#15563),
 .UNSPECIFIED.,.F.,.F.,(3,3),(0.,1.),.UNSPECIFIED.);
#525=B_SPLINE_CURVE_WITH_KNOTS('',2,(#15566,#15567,#15568),
 .UNSPECIFIED.,.F.,.F.,(3,3),(0.,1.),.UNSPECIFIED.);
#526=B_SPLINE_CURVE_WITH_KNOTS('',2,(#15576,#15577,#15578),
 .UNSPECIFIED.,.F.,.F.,(3,3),(0.,1.),.UNSPECIFIED.);
#527=B_SPLINE_CURVE_WITH_KNOTS('',2,(#15581,#15582,#15583),
 .UNSPECIFIED.,.F.,.F.,(3,3),(0.,1.),.UNSPECIFIED.);
#528=B_SPLINE_CURVE_WITH_KNOTS('',2,(#15620,#15621,#15622),
 .UNSPECIFIED.,.F.,.F.,(3,3),(0.,1.),.UNSPECIFIED.);
#529=B_SPLINE_CURVE_WITH_KNOTS('',2,(#15626,#15627,#15628),
 .UNSPECIFIED.,.F.,.F.,(3,3),(0.,1.),.UNSPECIFIED.);
#530=B_SPLINE_CURVE_WITH_KNOTS('',2,(#15637,#15638,#15639),
 .UNSPECIFIED.,.F.,.F.,(3,3),(0.,1.),.UNSPECIFIED.);
#531=B_SPLINE_CURVE_WITH_KNOTS('',2,(#15642,#15643,#15644),
 .UNSPECIFIED.,.F.,.F.,(3,3),(0.,1.),.UNSPECIFIED.);
#532=B_SPLINE_CURVE_WITH_KNOTS('',2,(#15652,#15653,#15654),
 .UNSPECIFIED.,.F.,.F.,(3,3),(0.,1.),.UNSPECIFIED.);
#533=B_SPLINE_CURVE_WITH_KNOTS('',2,(#15657,#15658,#15659),
 .UNSPECIFIED.,.F.,.F.,(3,3),(0.,1.),.UNSPECIFIED.);
#534=B_SPLINE_CURVE_WITH_KNOTS('',2,(#15672,#15673,#15674),
 .UNSPECIFIED.,.F.,.F.,(3,3),(0.,1.),.UNSPECIFIED.);
#535=B_SPLINE_CURVE_WITH_KNOTS('',2,(#15675,#15676,#15677),
 .UNSPECIFIED.,.F.,.F.,(3,3),(0.,1.),.UNSPECIFIED.);
#536=B_SPLINE_CURVE_WITH_KNOTS('',2,(#15686,#15687,#15688),
 .UNSPECIFIED.,.F.,.F.,(3,3),(0.,1.),.UNSPECIFIED.);
#537=B_SPLINE_CURVE_WITH_KNOTS('',2,(#15692,#15693,#15694),
 .UNSPECIFIED.,.F.,.F.,(3,3),(0.,1.),.UNSPECIFIED.);
#538=B_SPLINE_CURVE_WITH_KNOTS('',2,(#15703,#15704,#15705),
 .UNSPECIFIED.,.F.,.F.,(3,3),(0.,1.),.UNSPECIFIED.);
#539=B_SPLINE_CURVE_WITH_KNOTS('',2,(#15708,#15709,#15710),
 .UNSPECIFIED.,.F.,.F.,(3,3),(0.,1.),.UNSPECIFIED.);
#540=B_SPLINE_CURVE_WITH_KNOTS('',2,(#15718,#15719,#15720),
 .UNSPECIFIED.,.F.,.F.,(3,3),(0.,1.),.UNSPECIFIED.);
#541=B_SPLINE_CURVE_WITH_KNOTS('',2,(#15723,#15724,#15725),
 .UNSPECIFIED.,.F.,.F.,(3,3),(0.,1.),.UNSPECIFIED.);
#542=B_SPLINE_CURVE_WITH_KNOTS('',2,(#15739,#15740,#15741),
 .UNSPECIFIED.,.F.,.F.,(3,3),(0.,1.),.UNSPECIFIED.);
#543=B_SPLINE_CURVE_WITH_KNOTS('',2,(#15744,#15745,#15746),
 .UNSPECIFIED.,.F.,.F.,(3,3),(0.,1.),.UNSPECIFIED.);
#544=B_SPLINE_CURVE_WITH_KNOTS('',2,(#15754,#15755,#15756),
 .UNSPECIFIED.,.F.,.F.,(3,3),(0.,1.),.UNSPECIFIED.);
#545=B_SPLINE_CURVE_WITH_KNOTS('',2,(#15759,#15760,#15761),
 .UNSPECIFIED.,.F.,.F.,(3,3),(0.,1.),.UNSPECIFIED.);
#546=B_SPLINE_CURVE_WITH_KNOTS('',2,(#15769,#15770,#15771),
 .UNSPECIFIED.,.F.,.F.,(3,3),(0.,1.),.UNSPECIFIED.);
#547=B_SPLINE_CURVE_WITH_KNOTS('',2,(#15774,#15775,#15776),
 .UNSPECIFIED.,.F.,.F.,(3,3),(0.,1.),.UNSPECIFIED.);
#548=B_SPLINE_CURVE_WITH_KNOTS('',2,(#15784,#15785,#15786),
 .UNSPECIFIED.,.F.,.F.,(3,3),(0.,1.),.UNSPECIFIED.);
#549=B_SPLINE_CURVE_WITH_KNOTS('',2,(#15789,#15790,#15791),
 .UNSPECIFIED.,.F.,.F.,(3,3),(0.,1.),.UNSPECIFIED.);
#550=B_SPLINE_CURVE_WITH_KNOTS('',2,(#15799,#15800,#15801),
 .UNSPECIFIED.,.F.,.F.,(3,3),(0.,1.),.UNSPECIFIED.);
#551=B_SPLINE_CURVE_WITH_KNOTS('',2,(#15804,#15805,#15806),
 .UNSPECIFIED.,.F.,.F.,(3,3),(0.,1.),.UNSPECIFIED.);
#552=B_SPLINE_CURVE_WITH_KNOTS('',2,(#15814,#15815,#15816),
 .UNSPECIFIED.,.F.,.F.,(3,3),(0.,1.),.UNSPECIFIED.);
#553=B_SPLINE_CURVE_WITH_KNOTS('',2,(#15819,#15820,#15821),
 .UNSPECIFIED.,.F.,.F.,(3,3),(0.,1.),.UNSPECIFIED.);
#554=B_SPLINE_CURVE_WITH_KNOTS('',2,(#15829,#15830,#15831),
 .UNSPECIFIED.,.F.,.F.,(3,3),(0.,1.),.UNSPECIFIED.);
#555=B_SPLINE_CURVE_WITH_KNOTS('',2,(#15834,#15835,#15836),
 .UNSPECIFIED.,.F.,.F.,(3,3),(0.,1.),.UNSPECIFIED.);
#556=B_SPLINE_CURVE_WITH_KNOTS('',2,(#15844,#15845,#15846),
 .UNSPECIFIED.,.F.,.F.,(3,3),(0.,1.),.UNSPECIFIED.);
#557=B_SPLINE_CURVE_WITH_KNOTS('',2,(#15849,#15850,#15851),
 .UNSPECIFIED.,.F.,.F.,(3,3),(0.,1.),.UNSPECIFIED.);
#558=B_SPLINE_CURVE_WITH_KNOTS('',2,(#15859,#15860,#15861),
 .UNSPECIFIED.,.F.,.F.,(3,3),(0.,1.),.UNSPECIFIED.);
#559=B_SPLINE_CURVE_WITH_KNOTS('',2,(#15864,#15865,#15866),
 .UNSPECIFIED.,.F.,.F.,(3,3),(0.,1.),.UNSPECIFIED.);
#560=B_SPLINE_CURVE_WITH_KNOTS('',2,(#15879,#15880,#15881),
 .UNSPECIFIED.,.F.,.F.,(3,3),(0.,1.),.UNSPECIFIED.);
#561=B_SPLINE_CURVE_WITH_KNOTS('',2,(#15882,#15883,#15884),
 .UNSPECIFIED.,.F.,.F.,(3,3),(0.,1.),.UNSPECIFIED.);
#562=B_SPLINE_CURVE_WITH_KNOTS('',2,(#15976,#15977,#15978),
 .UNSPECIFIED.,.F.,.F.,(3,3),(0.,1.),.UNSPECIFIED.);
#563=B_SPLINE_CURVE_WITH_KNOTS('',2,(#15982,#15983,#15984),
 .UNSPECIFIED.,.F.,.F.,(3,3),(0.,1.),.UNSPECIFIED.);
#564=B_SPLINE_CURVE_WITH_KNOTS('',2,(#15993,#15994,#15995),
 .UNSPECIFIED.,.F.,.F.,(3,3),(0.,1.),.UNSPECIFIED.);
#565=B_SPLINE_CURVE_WITH_KNOTS('',2,(#15998,#15999,#16000),
 .UNSPECIFIED.,.F.,.F.,(3,3),(0.,1.),.UNSPECIFIED.);
#566=B_SPLINE_CURVE_WITH_KNOTS('',2,(#16008,#16009,#16010),
 .UNSPECIFIED.,.F.,.F.,(3,3),(0.,1.),.UNSPECIFIED.);
#567=B_SPLINE_CURVE_WITH_KNOTS('',2,(#16013,#16014,#16015),
 .UNSPECIFIED.,.F.,.F.,(3,3),(0.,1.),.UNSPECIFIED.);
#568=B_SPLINE_CURVE_WITH_KNOTS('',2,(#16023,#16024,#16025),
 .UNSPECIFIED.,.F.,.F.,(3,3),(0.,1.),.UNSPECIFIED.);
#569=B_SPLINE_CURVE_WITH_KNOTS('',2,(#16028,#16029,#16030),
 .UNSPECIFIED.,.F.,.F.,(3,3),(0.,1.),.UNSPECIFIED.);
#570=B_SPLINE_CURVE_WITH_KNOTS('',2,(#16038,#16039,#16040),
 .UNSPECIFIED.,.F.,.F.,(3,3),(0.,1.),.UNSPECIFIED.);
#571=B_SPLINE_CURVE_WITH_KNOTS('',2,(#16043,#16044,#16045),
 .UNSPECIFIED.,.F.,.F.,(3,3),(0.,1.),.UNSPECIFIED.);
#572=B_SPLINE_CURVE_WITH_KNOTS('',2,(#16071,#16072,#16073),
 .UNSPECIFIED.,.F.,.F.,(3,3),(0.,1.),.UNSPECIFIED.);
#573=B_SPLINE_CURVE_WITH_KNOTS('',2,(#16076,#16077,#16078),
 .UNSPECIFIED.,.F.,.F.,(3,3),(0.,1.),.UNSPECIFIED.);
#574=B_SPLINE_CURVE_WITH_KNOTS('',2,(#16086,#16087,#16088),
 .UNSPECIFIED.,.F.,.F.,(3,3),(0.,1.),.UNSPECIFIED.);
#575=B_SPLINE_CURVE_WITH_KNOTS('',2,(#16091,#16092,#16093),
 .UNSPECIFIED.,.F.,.F.,(3,3),(0.,1.),.UNSPECIFIED.);
#576=B_SPLINE_CURVE_WITH_KNOTS('',2,(#16101,#16102,#16103),
 .UNSPECIFIED.,.F.,.F.,(3,3),(0.,1.),.UNSPECIFIED.);
#577=B_SPLINE_CURVE_WITH_KNOTS('',2,(#16106,#16107,#16108),
 .UNSPECIFIED.,.F.,.F.,(3,3),(0.,1.),.UNSPECIFIED.);
#578=B_SPLINE_CURVE_WITH_KNOTS('',2,(#16116,#16117,#16118),
 .UNSPECIFIED.,.F.,.F.,(3,3),(0.,1.),.UNSPECIFIED.);
#579=B_SPLINE_CURVE_WITH_KNOTS('',2,(#16121,#16122,#16123),
 .UNSPECIFIED.,.F.,.F.,(3,3),(0.,1.),.UNSPECIFIED.);
#580=B_SPLINE_CURVE_WITH_KNOTS('',2,(#16131,#16132,#16133),
 .UNSPECIFIED.,.F.,.F.,(3,3),(0.,1.),.UNSPECIFIED.);
#581=B_SPLINE_CURVE_WITH_KNOTS('',2,(#16136,#16137,#16138),
 .UNSPECIFIED.,.F.,.F.,(3,3),(0.,1.),.UNSPECIFIED.);
#582=B_SPLINE_CURVE_WITH_KNOTS('',2,(#16146,#16147,#16148),
 .UNSPECIFIED.,.F.,.F.,(3,3),(0.,1.),.UNSPECIFIED.);
#583=B_SPLINE_CURVE_WITH_KNOTS('',2,(#16151,#16152,#16153),
 .UNSPECIFIED.,.F.,.F.,(3,3),(0.,1.),.UNSPECIFIED.);
#584=B_SPLINE_SURFACE_WITH_KNOTS('',2,1,((#11785,#11786),(#11787,#11788),
(#11789,#11790)),.UNSPECIFIED.,.F.,.F.,.F.,(3,3),(2,2),(0.,1.),(0.,0.0350000000000001),
 .UNSPECIFIED.);
#585=B_SPLINE_SURFACE_WITH_KNOTS('',2,1,((#11800,#11801),(#11802,#11803),
(#11804,#11805)),.UNSPECIFIED.,.F.,.F.,.F.,(3,3),(2,2),(0.,1.),(0.,0.0350000000000001),
 .UNSPECIFIED.);
#586=B_SPLINE_SURFACE_WITH_KNOTS('',2,1,((#11815,#11816),(#11817,#11818),
(#11819,#11820)),.UNSPECIFIED.,.F.,.F.,.F.,(3,3),(2,2),(0.,1.),(0.,0.0350000000000001),
 .UNSPECIFIED.);
#587=B_SPLINE_SURFACE_WITH_KNOTS('',2,1,((#11830,#11831),(#11832,#11833),
(#11834,#11835)),.UNSPECIFIED.,.F.,.F.,.F.,(3,3),(2,2),(0.,1.),(0.,0.0350000000000001),
 .UNSPECIFIED.);
#588=B_SPLINE_SURFACE_WITH_KNOTS('',2,1,((#11845,#11846),(#11847,#11848),
(#11849,#11850)),.UNSPECIFIED.,.F.,.F.,.F.,(3,3),(2,2),(0.,1.),(0.,0.0350000000000001),
 .UNSPECIFIED.);
#589=B_SPLINE_SURFACE_WITH_KNOTS('',2,1,((#11884,#11885),(#11886,#11887),
(#11888,#11889)),.UNSPECIFIED.,.F.,.F.,.F.,(3,3),(2,2),(0.,1.),(0.,0.0350000000000001),
 .UNSPECIFIED.);
#590=B_SPLINE_SURFACE_WITH_KNOTS('',2,1,((#11899,#11900),(#11901,#11902),
(#11903,#11904)),.UNSPECIFIED.,.F.,.F.,.F.,(3,3),(2,2),(0.,1.),(0.,0.0350000000000001),
 .UNSPECIFIED.);
#591=B_SPLINE_SURFACE_WITH_KNOTS('',2,1,((#11914,#11915),(#11916,#11917),
(#11918,#11919)),.UNSPECIFIED.,.F.,.F.,.F.,(3,3),(2,2),(0.,1.),(0.,0.0350000000000001),
 .UNSPECIFIED.);
#592=B_SPLINE_SURFACE_WITH_KNOTS('',2,1,((#11929,#11930),(#11931,#11932),
(#11933,#11934)),.UNSPECIFIED.,.F.,.F.,.F.,(3,3),(2,2),(0.,1.),(0.,0.0350000000000001),
 .UNSPECIFIED.);
#593=B_SPLINE_SURFACE_WITH_KNOTS('',2,1,((#11962,#11963),(#11964,#11965),
(#11966,#11967)),.UNSPECIFIED.,.F.,.F.,.F.,(3,3),(2,2),(0.,1.),(0.,0.0350000000000001),
 .UNSPECIFIED.);
#594=B_SPLINE_SURFACE_WITH_KNOTS('',2,1,((#11977,#11978),(#11979,#11980),
(#11981,#11982)),.UNSPECIFIED.,.F.,.F.,.F.,(3,3),(2,2),(0.,1.),(0.,0.0350000000000001),
 .UNSPECIFIED.);
#595=B_SPLINE_SURFACE_WITH_KNOTS('',2,1,((#11992,#11993),(#11994,#11995),
(#11996,#11997)),.UNSPECIFIED.,.F.,.F.,.F.,(3,3),(2,2),(0.,1.),(0.,0.0350000000000001),
 .UNSPECIFIED.);
#596=B_SPLINE_SURFACE_WITH_KNOTS('',2,1,((#12007,#12008),(#12009,#12010),
(#12011,#12012)),.UNSPECIFIED.,.F.,.F.,.F.,(3,3),(2,2),(0.,1.),(0.,0.0350000000000001),
 .UNSPECIFIED.);
#597=B_SPLINE_SURFACE_WITH_KNOTS('',2,1,((#12022,#12023),(#12024,#12025),
(#12026,#12027)),.UNSPECIFIED.,.F.,.F.,.F.,(3,3),(2,2),(0.,1.),(0.,0.0350000000000001),
 .UNSPECIFIED.);
#598=B_SPLINE_SURFACE_WITH_KNOTS('',2,1,((#12037,#12038),(#12039,#12040),
(#12041,#12042)),.UNSPECIFIED.,.F.,.F.,.F.,(3,3),(2,2),(0.,1.),(0.,0.0350000000000001),
 .UNSPECIFIED.);
#599=B_SPLINE_SURFACE_WITH_KNOTS('',2,1,((#12052,#12053),(#12054,#12055),
(#12056,#12057)),.UNSPECIFIED.,.F.,.F.,.F.,(3,3),(2,2),(0.,1.),(0.,0.0350000000000001),
 .UNSPECIFIED.);
#600=B_SPLINE_SURFACE_WITH_KNOTS('',2,1,((#12193,#12194),(#12195,#12196),
(#12197,#12198)),.UNSPECIFIED.,.F.,.F.,.F.,(3,3),(2,2),(0.,1.),(0.,0.0350000000000001),
 .UNSPECIFIED.);
#601=B_SPLINE_SURFACE_WITH_KNOTS('',2,1,((#12211,#12212),(#12213,#12214),
(#12215,#12216)),.UNSPECIFIED.,.F.,.F.,.F.,(3,3),(2,2),(0.,1.),(0.,0.0350000000000001),
 .UNSPECIFIED.);
#602=B_SPLINE_SURFACE_WITH_KNOTS('',2,1,((#12226,#12227),(#12228,#12229),
(#12230,#12231)),.UNSPECIFIED.,.F.,.F.,.F.,(3,3),(2,2),(0.,1.),(0.,0.0350000000000001),
 .UNSPECIFIED.);
#603=B_SPLINE_SURFACE_WITH_KNOTS('',2,1,((#12241,#12242),(#12243,#12244),
(#12245,#12246)),.UNSPECIFIED.,.F.,.F.,.F.,(3,3),(2,2),(0.,1.),(0.,0.0350000000000001),
 .UNSPECIFIED.);
#604=B_SPLINE_SURFACE_WITH_KNOTS('',2,1,((#12256,#12257),(#12258,#12259),
(#12260,#12261)),.UNSPECIFIED.,.F.,.F.,.F.,(3,3),(2,2),(0.,1.),(0.,0.0350000000000001),
 .UNSPECIFIED.);
#605=B_SPLINE_SURFACE_WITH_KNOTS('',2,1,((#12271,#12272),(#12273,#12274),
(#12275,#12276)),.UNSPECIFIED.,.F.,.F.,.F.,(3,3),(2,2),(0.,1.),(0.,0.0350000000000001),
 .UNSPECIFIED.);
#606=B_SPLINE_SURFACE_WITH_KNOTS('',2,1,((#12286,#12287),(#12288,#12289),
(#12290,#12291)),.UNSPECIFIED.,.F.,.F.,.F.,(3,3),(2,2),(0.,1.),(0.,0.0350000000000001),
 .UNSPECIFIED.);
#607=B_SPLINE_SURFACE_WITH_KNOTS('',2,1,((#12301,#12302),(#12303,#12304),
(#12305,#12306)),.UNSPECIFIED.,.F.,.F.,.F.,(3,3),(2,2),(0.,1.),(0.,0.0350000000000001),
 .UNSPECIFIED.);
#608=B_SPLINE_SURFACE_WITH_KNOTS('',2,1,((#12316,#12317),(#12318,#12319),
(#12320,#12321)),.UNSPECIFIED.,.F.,.F.,.F.,(3,3),(2,2),(0.,1.),(0.,0.0350000000000001),
 .UNSPECIFIED.);
#609=B_SPLINE_SURFACE_WITH_KNOTS('',2,1,((#12328,#12329),(#12330,#12331),
(#12332,#12333)),.UNSPECIFIED.,.F.,.F.,.F.,(3,3),(2,2),(0.,1.),(0.,0.0350000000000001),
 .UNSPECIFIED.);
#610=B_SPLINE_SURFACE_WITH_KNOTS('',2,1,((#12346,#12347),(#12348,#12349),
(#12350,#12351)),.UNSPECIFIED.,.F.,.F.,.F.,(3,3),(2,2),(0.,1.),(0.,0.0350000000000001),
 .UNSPECIFIED.);
#611=B_SPLINE_SURFACE_WITH_KNOTS('',2,1,((#12361,#12362),(#12363,#12364),
(#12365,#12366)),.UNSPECIFIED.,.F.,.F.,.F.,(3,3),(2,2),(0.,1.),(0.,0.0350000000000001),
 .UNSPECIFIED.);
#612=B_SPLINE_SURFACE_WITH_KNOTS('',2,1,((#12376,#12377),(#12378,#12379),
(#12380,#12381)),.UNSPECIFIED.,.F.,.F.,.F.,(3,3),(2,2),(0.,1.),(0.,0.0350000000000001),
 .UNSPECIFIED.);
#613=B_SPLINE_SURFACE_WITH_KNOTS('',2,1,((#12391,#12392),(#12393,#12394),
(#12395,#12396)),.UNSPECIFIED.,.F.,.F.,.F.,(3,3),(2,2),(0.,1.),(0.,0.0350000000000001),
 .UNSPECIFIED.);
#614=B_SPLINE_SURFACE_WITH_KNOTS('',2,1,((#12406,#12407),(#12408,#12409),
(#12410,#12411)),.UNSPECIFIED.,.F.,.F.,.F.,(3,3),(2,2),(0.,1.),(0.,0.0350000000000001),
 .UNSPECIFIED.);
#615=B_SPLINE_SURFACE_WITH_KNOTS('',2,1,((#12421,#12422),(#12423,#12424),
(#12425,#12426)),.UNSPECIFIED.,.F.,.F.,.F.,(3,3),(2,2),(0.,1.),(0.,0.0350000000000001),
 .UNSPECIFIED.);
#616=B_SPLINE_SURFACE_WITH_KNOTS('',2,1,((#12436,#12437),(#12438,#12439),
(#12440,#12441)),.UNSPECIFIED.,.F.,.F.,.F.,(3,3),(2,2),(0.,1.),(0.,0.0350000000000001),
 .UNSPECIFIED.);
#617=B_SPLINE_SURFACE_WITH_KNOTS('',2,1,((#12451,#12452),(#12453,#12454),
(#12455,#12456)),.UNSPECIFIED.,.F.,.F.,.F.,(3,3),(2,2),(0.,1.),(0.,0.0350000000000001),
 .UNSPECIFIED.);
#618=B_SPLINE_SURFACE_WITH_KNOTS('',2,1,((#12466,#12467),(#12468,#12469),
(#12470,#12471)),.UNSPECIFIED.,.F.,.F.,.F.,(3,3),(2,2),(0.,1.),(0.,0.0350000000000001),
 .UNSPECIFIED.);
#619=B_SPLINE_SURFACE_WITH_KNOTS('',2,1,((#12481,#12482),(#12483,#12484),
(#12485,#12486)),.UNSPECIFIED.,.F.,.F.,.F.,(3,3),(2,2),(0.,1.),(0.,0.0350000000000001),
 .UNSPECIFIED.);
#620=B_SPLINE_SURFACE_WITH_KNOTS('',2,1,((#12503,#12504),(#12505,#12506),
(#12507,#12508)),.UNSPECIFIED.,.F.,.F.,.F.,(3,3),(2,2),(0.,1.),(0.,0.0350000000000001),
 .UNSPECIFIED.);
#621=B_SPLINE_SURFACE_WITH_KNOTS('',2,1,((#12518,#12519),(#12520,#12521),
(#12522,#12523)),.UNSPECIFIED.,.F.,.F.,.F.,(3,3),(2,2),(0.,1.),(0.,0.0350000000000001),
 .UNSPECIFIED.);
#622=B_SPLINE_SURFACE_WITH_KNOTS('',2,1,((#12533,#12534),(#12535,#12536),
(#12537,#12538)),.UNSPECIFIED.,.F.,.F.,.F.,(3,3),(2,2),(0.,1.),(0.,0.0350000000000001),
 .UNSPECIFIED.);
#623=B_SPLINE_SURFACE_WITH_KNOTS('',2,1,((#12548,#12549),(#12550,#12551),
(#12552,#12553)),.UNSPECIFIED.,.F.,.F.,.F.,(3,3),(2,2),(0.,1.),(0.,0.0350000000000001),
 .UNSPECIFIED.);
#624=B_SPLINE_SURFACE_WITH_KNOTS('',2,1,((#12563,#12564),(#12565,#12566),
(#12567,#12568)),.UNSPECIFIED.,.F.,.F.,.F.,(3,3),(2,2),(0.,1.),(0.,0.0350000000000001),
 .UNSPECIFIED.);
#625=B_SPLINE_SURFACE_WITH_KNOTS('',2,1,((#12578,#12579),(#12580,#12581),
(#12582,#12583)),.UNSPECIFIED.,.F.,.F.,.F.,(3,3),(2,2),(0.,1.),(0.,0.0350000000000001),
 .UNSPECIFIED.);
#626=B_SPLINE_SURFACE_WITH_KNOTS('',2,1,((#12593,#12594),(#12595,#12596),
(#12597,#12598)),.UNSPECIFIED.,.F.,.F.,.F.,(3,3),(2,2),(0.,1.),(0.,0.0350000000000001),
 .UNSPECIFIED.);
#627=B_SPLINE_SURFACE_WITH_KNOTS('',2,1,((#12617,#12618),(#12619,#12620),
(#12621,#12622)),.UNSPECIFIED.,.F.,.F.,.F.,(3,3),(2,2),(0.,1.),(0.,0.0350000000000001),
 .UNSPECIFIED.);
#628=B_SPLINE_SURFACE_WITH_KNOTS('',2,1,((#12635,#12636),(#12637,#12638),
(#12639,#12640)),.UNSPECIFIED.,.F.,.F.,.F.,(3,3),(2,2),(0.,1.),(0.,0.0350000000000001),
 .UNSPECIFIED.);
#629=B_SPLINE_SURFACE_WITH_KNOTS('',2,1,((#12650,#12651),(#12652,#12653),
(#12654,#12655)),.UNSPECIFIED.,.F.,.F.,.F.,(3,3),(2,2),(0.,1.),(0.,0.0350000000000001),
 .UNSPECIFIED.);
#630=B_SPLINE_SURFACE_WITH_KNOTS('',2,1,((#12665,#12666),(#12667,#12668),
(#12669,#12670)),.UNSPECIFIED.,.F.,.F.,.F.,(3,3),(2,2),(0.,1.),(0.,0.0350000000000001),
 .UNSPECIFIED.);
#631=B_SPLINE_SURFACE_WITH_KNOTS('',2,1,((#12680,#12681),(#12682,#12683),
(#12684,#12685)),.UNSPECIFIED.,.F.,.F.,.F.,(3,3),(2,2),(0.,1.),(0.,0.0350000000000001),
 .UNSPECIFIED.);
#632=B_SPLINE_SURFACE_WITH_KNOTS('',2,1,((#12695,#12696),(#12697,#12698),
(#12699,#12700)),.UNSPECIFIED.,.F.,.F.,.F.,(3,3),(2,2),(0.,1.),(0.,0.0350000000000001),
 .UNSPECIFIED.);
#633=B_SPLINE_SURFACE_WITH_KNOTS('',2,1,((#12710,#12711),(#12712,#12713),
(#12714,#12715)),.UNSPECIFIED.,.F.,.F.,.F.,(3,3),(2,2),(0.,1.),(0.,0.0350000000000001),
 .UNSPECIFIED.);
#634=B_SPLINE_SURFACE_WITH_KNOTS('',2,1,((#12725,#12726),(#12727,#12728),
(#12729,#12730)),.UNSPECIFIED.,.F.,.F.,.F.,(3,3),(2,2),(0.,1.),(0.,0.0350000000000001),
 .UNSPECIFIED.);
#635=B_SPLINE_SURFACE_WITH_KNOTS('',2,1,((#12740,#12741),(#12742,#12743),
(#12744,#12745)),.UNSPECIFIED.,.F.,.F.,.F.,(3,3),(2,2),(0.,1.),(0.,0.0350000000000001),
 .UNSPECIFIED.);
#636=B_SPLINE_SURFACE_WITH_KNOTS('',2,1,((#12832,#12833),(#12834,#12835),
(#12836,#12837)),.UNSPECIFIED.,.F.,.F.,.F.,(3,3),(2,2),(0.,1.),(0.,0.0350000000000001),
 .UNSPECIFIED.);
#637=B_SPLINE_SURFACE_WITH_KNOTS('',2,1,((#12850,#12851),(#12852,#12853),
(#12854,#12855)),.UNSPECIFIED.,.F.,.F.,.F.,(3,3),(2,2),(0.,1.),(0.,0.0350000000000001),
 .UNSPECIFIED.);
#638=B_SPLINE_SURFACE_WITH_KNOTS('',2,1,((#12986,#12987),(#12988,#12989),
(#12990,#12991)),.UNSPECIFIED.,.F.,.F.,.F.,(3,3),(2,2),(0.,1.),(0.,0.0350000000000001),
 .UNSPECIFIED.);
#639=B_SPLINE_SURFACE_WITH_KNOTS('',2,1,((#13001,#13002),(#13003,#13004),
(#13005,#13006)),.UNSPECIFIED.,.F.,.F.,.F.,(3,3),(2,2),(0.,1.),(0.,0.0350000000000001),
 .UNSPECIFIED.);
#640=B_SPLINE_SURFACE_WITH_KNOTS('',2,1,((#13164,#13165),(#13166,#13167),
(#13168,#13169)),.UNSPECIFIED.,.F.,.F.,.F.,(3,3),(2,2),(0.,1.),(0.,0.0449999999999999),
 .UNSPECIFIED.);
#641=B_SPLINE_SURFACE_WITH_KNOTS('',2,1,((#13182,#13183),(#13184,#13185),
(#13186,#13187)),.UNSPECIFIED.,.F.,.F.,.F.,(3,3),(2,2),(0.,1.),(0.,0.0449999999999999),
 .UNSPECIFIED.);
#642=B_SPLINE_SURFACE_WITH_KNOTS('',2,1,((#13197,#13198),(#13199,#13200),
(#13201,#13202)),.UNSPECIFIED.,.F.,.F.,.F.,(3,3),(2,2),(0.,1.),(0.,0.0449999999999999),
 .UNSPECIFIED.);
#643=B_SPLINE_SURFACE_WITH_KNOTS('',2,1,((#13212,#13213),(#13214,#13215),
(#13216,#13217)),.UNSPECIFIED.,.F.,.F.,.F.,(3,3),(2,2),(0.,1.),(0.,0.0449999999999999),
 .UNSPECIFIED.);
#644=B_SPLINE_SURFACE_WITH_KNOTS('',2,1,((#13227,#13228),(#13229,#13230),
(#13231,#13232)),.UNSPECIFIED.,.F.,.F.,.F.,(3,3),(2,2),(0.,1.),(0.,0.0449999999999999),
 .UNSPECIFIED.);
#645=B_SPLINE_SURFACE_WITH_KNOTS('',2,1,((#13242,#13243),(#13244,#13245),
(#13246,#13247)),.UNSPECIFIED.,.F.,.F.,.F.,(3,3),(2,2),(0.,1.),(0.,0.0449999999999999),
 .UNSPECIFIED.);
#646=B_SPLINE_SURFACE_WITH_KNOTS('',2,1,((#13257,#13258),(#13259,#13260),
(#13261,#13262)),.UNSPECIFIED.,.F.,.F.,.F.,(3,3),(2,2),(0.,1.),(0.,0.0449999999999999),
 .UNSPECIFIED.);
#647=B_SPLINE_SURFACE_WITH_KNOTS('',2,1,((#13272,#13273),(#13274,#13275),
(#13276,#13277)),.UNSPECIFIED.,.F.,.F.,.F.,(3,3),(2,2),(0.,1.),(0.,0.0449999999999999),
 .UNSPECIFIED.);
#648=B_SPLINE_SURFACE_WITH_KNOTS('',2,1,((#13284,#13285),(#13286,#13287),
(#13288,#13289)),.UNSPECIFIED.,.F.,.F.,.F.,(3,3),(2,2),(0.,1.),(0.,0.0449999999999999),
 .UNSPECIFIED.);
#649=B_SPLINE_SURFACE_WITH_KNOTS('',2,1,((#13302,#13303),(#13304,#13305),
(#13306,#13307)),.UNSPECIFIED.,.F.,.F.,.F.,(3,3),(2,2),(0.,1.),(0.,0.0449999999999999),
 .UNSPECIFIED.);
#650=B_SPLINE_SURFACE_WITH_KNOTS('',2,1,((#13317,#13318),(#13319,#13320),
(#13321,#13322)),.UNSPECIFIED.,.F.,.F.,.F.,(3,3),(2,2),(0.,1.),(0.,0.0449999999999999),
 .UNSPECIFIED.);
#651=B_SPLINE_SURFACE_WITH_KNOTS('',2,1,((#13332,#13333),(#13334,#13335),
(#13336,#13337)),.UNSPECIFIED.,.F.,.F.,.F.,(3,3),(2,2),(0.,1.),(0.,0.0449999999999999),
 .UNSPECIFIED.);
#652=B_SPLINE_SURFACE_WITH_KNOTS('',2,1,((#13347,#13348),(#13349,#13350),
(#13351,#13352)),.UNSPECIFIED.,.F.,.F.,.F.,(3,3),(2,2),(0.,1.),(0.,0.0449999999999999),
 .UNSPECIFIED.);
#653=B_SPLINE_SURFACE_WITH_KNOTS('',2,1,((#13362,#13363),(#13364,#13365),
(#13366,#13367)),.UNSPECIFIED.,.F.,.F.,.F.,(3,3),(2,2),(0.,1.),(0.,0.0449999999999999),
 .UNSPECIFIED.);
#654=B_SPLINE_SURFACE_WITH_KNOTS('',2,1,((#13377,#13378),(#13379,#13380),
(#13381,#13382)),.UNSPECIFIED.,.F.,.F.,.F.,(3,3),(2,2),(0.,1.),(0.,0.0449999999999999),
 .UNSPECIFIED.);
#655=B_SPLINE_SURFACE_WITH_KNOTS('',2,1,((#13392,#13393),(#13394,#13395),
(#13396,#13397)),.UNSPECIFIED.,.F.,.F.,.F.,(3,3),(2,2),(0.,1.),(0.,0.0449999999999999),
 .UNSPECIFIED.);
#656=B_SPLINE_SURFACE_WITH_KNOTS('',2,1,((#13407,#13408),(#13409,#13410),
(#13411,#13412)),.UNSPECIFIED.,.F.,.F.,.F.,(3,3),(2,2),(0.,1.),(0.,0.0449999999999999),
 .UNSPECIFIED.);
#657=B_SPLINE_SURFACE_WITH_KNOTS('',2,1,((#13429,#13430),(#13431,#13432),
(#13433,#13434)),.UNSPECIFIED.,.F.,.F.,.F.,(3,3),(2,2),(0.,1.),(0.,0.0449999999999999),
 .UNSPECIFIED.);
#658=B_SPLINE_SURFACE_WITH_KNOTS('',2,1,((#13444,#13445),(#13446,#13447),
(#13448,#13449)),.UNSPECIFIED.,.F.,.F.,.F.,(3,3),(2,2),(0.,1.),(0.,0.0449999999999999),
 .UNSPECIFIED.);
#659=B_SPLINE_SURFACE_WITH_KNOTS('',2,1,((#13459,#13460),(#13461,#13462),
(#13463,#13464)),.UNSPECIFIED.,.F.,.F.,.F.,(3,3),(2,2),(0.,1.),(0.,0.0449999999999999),
 .UNSPECIFIED.);
#660=B_SPLINE_SURFACE_WITH_KNOTS('',2,1,((#13474,#13475),(#13476,#13477),
(#13478,#13479)),.UNSPECIFIED.,.F.,.F.,.F.,(3,3),(2,2),(0.,1.),(0.,0.0449999999999999),
 .UNSPECIFIED.);
#661=B_SPLINE_SURFACE_WITH_KNOTS('',2,1,((#13489,#13490),(#13491,#13492),
(#13493,#13494)),.UNSPECIFIED.,.F.,.F.,.F.,(3,3),(2,2),(0.,1.),(0.,0.0449999999999999),
 .UNSPECIFIED.);
#662=B_SPLINE_SURFACE_WITH_KNOTS('',2,1,((#13504,#13505),(#13506,#13507),
(#13508,#13509)),.UNSPECIFIED.,.F.,.F.,.F.,(3,3),(2,2),(0.,1.),(0.,0.0449999999999999),
 .UNSPECIFIED.);
#663=B_SPLINE_SURFACE_WITH_KNOTS('',2,1,((#13537,#13538),(#13539,#13540),
(#13541,#13542)),.UNSPECIFIED.,.F.,.F.,.F.,(3,3),(2,2),(0.,1.),(0.,0.0449999999999999),
 .UNSPECIFIED.);
#664=B_SPLINE_SURFACE_WITH_KNOTS('',2,1,((#13552,#13553),(#13554,#13555),
(#13556,#13557)),.UNSPECIFIED.,.F.,.F.,.F.,(3,3),(2,2),(0.,1.),(0.,0.0449999999999999),
 .UNSPECIFIED.);
#665=B_SPLINE_SURFACE_WITH_KNOTS('',2,1,((#13567,#13568),(#13569,#13570),
(#13571,#13572)),.UNSPECIFIED.,.F.,.F.,.F.,(3,3),(2,2),(0.,1.),(0.,0.0449999999999999),
 .UNSPECIFIED.);
#666=B_SPLINE_SURFACE_WITH_KNOTS('',2,1,((#13582,#13583),(#13584,#13585),
(#13586,#13587)),.UNSPECIFIED.,.F.,.F.,.F.,(3,3),(2,2),(0.,1.),(0.,0.0449999999999999),
 .UNSPECIFIED.);
#667=B_SPLINE_SURFACE_WITH_KNOTS('',2,1,((#13597,#13598),(#13599,#13600),
(#13601,#13602)),.UNSPECIFIED.,.F.,.F.,.F.,(3,3),(2,2),(0.,1.),(0.,0.0449999999999999),
 .UNSPECIFIED.);
#668=B_SPLINE_SURFACE_WITH_KNOTS('',2,1,((#13612,#13613),(#13614,#13615),
(#13616,#13617)),.UNSPECIFIED.,.F.,.F.,.F.,(3,3),(2,2),(0.,1.),(0.,0.0449999999999999),
 .UNSPECIFIED.);
#669=B_SPLINE_SURFACE_WITH_KNOTS('',2,1,((#13627,#13628),(#13629,#13630),
(#13631,#13632)),.UNSPECIFIED.,.F.,.F.,.F.,(3,3),(2,2),(0.,1.),(0.,0.0449999999999999),
 .UNSPECIFIED.);
#670=B_SPLINE_SURFACE_WITH_KNOTS('',2,1,((#13651,#13652),(#13653,#13654),
(#13655,#13656)),.UNSPECIFIED.,.F.,.F.,.F.,(3,3),(2,2),(0.,1.),(0.,0.0449999999999999),
 .UNSPECIFIED.);
#671=B_SPLINE_SURFACE_WITH_KNOTS('',2,1,((#13669,#13670),(#13671,#13672),
(#13673,#13674)),.UNSPECIFIED.,.F.,.F.,.F.,(3,3),(2,2),(0.,1.),(0.,0.0449999999999999),
 .UNSPECIFIED.);
#672=B_SPLINE_SURFACE_WITH_KNOTS('',2,1,((#13684,#13685),(#13686,#13687),
(#13688,#13689)),.UNSPECIFIED.,.F.,.F.,.F.,(3,3),(2,2),(0.,1.),(0.,0.0449999999999999),
 .UNSPECIFIED.);
#673=B_SPLINE_SURFACE_WITH_KNOTS('',2,1,((#13699,#13700),(#13701,#13702),
(#13703,#13704)),.UNSPECIFIED.,.F.,.F.,.F.,(3,3),(2,2),(0.,1.),(0.,0.0449999999999999),
 .UNSPECIFIED.);
#674=B_SPLINE_SURFACE_WITH_KNOTS('',2,1,((#13714,#13715),(#13716,#13717),
(#13718,#13719)),.UNSPECIFIED.,.F.,.F.,.F.,(3,3),(2,2),(0.,1.),(0.,0.0449999999999999),
 .UNSPECIFIED.);
#675=B_SPLINE_SURFACE_WITH_KNOTS('',2,1,((#13729,#13730),(#13731,#13732),
(#13733,#13734)),.UNSPECIFIED.,.F.,.F.,.F.,(3,3),(2,2),(0.,1.),(0.,0.0449999999999999),
 .UNSPECIFIED.);
#676=B_SPLINE_SURFACE_WITH_KNOTS('',2,1,((#13744,#13745),(#13746,#13747),
(#13748,#13749)),.UNSPECIFIED.,.F.,.F.,.F.,(3,3),(2,2),(0.,1.),(0.,0.0449999999999999),
 .UNSPECIFIED.);
#677=B_SPLINE_SURFACE_WITH_KNOTS('',2,1,((#13759,#13760),(#13761,#13762),
(#13763,#13764)),.UNSPECIFIED.,.F.,.F.,.F.,(3,3),(2,2),(0.,1.),(0.,0.0449999999999999),
 .UNSPECIFIED.);
#678=B_SPLINE_SURFACE_WITH_KNOTS('',2,1,((#13774,#13775),(#13776,#13777),
(#13778,#13779)),.UNSPECIFIED.,.F.,.F.,.F.,(3,3),(2,2),(0.,1.),(0.,0.0449999999999999),
 .UNSPECIFIED.);
#679=B_SPLINE_SURFACE_WITH_KNOTS('',2,1,((#13789,#13790),(#13791,#13792),
(#13793,#13794)),.UNSPECIFIED.,.F.,.F.,.F.,(3,3),(2,2),(0.,1.),(0.,0.0449999999999999),
 .UNSPECIFIED.);
#680=B_SPLINE_SURFACE_WITH_KNOTS('',2,1,((#13804,#13805),(#13806,#13807),
(#13808,#13809)),.UNSPECIFIED.,.F.,.F.,.F.,(3,3),(2,2),(0.,1.),(0.,0.0449999999999999),
 .UNSPECIFIED.);
#681=B_SPLINE_SURFACE_WITH_KNOTS('',2,1,((#13835,#13836),(#13837,#13838),
(#13839,#13840)),.UNSPECIFIED.,.F.,.F.,.F.,(3,3),(2,2),(0.,1.),(0.,0.0449999999999999),
 .UNSPECIFIED.);
#682=B_SPLINE_SURFACE_WITH_KNOTS('',2,1,((#13853,#13854),(#13855,#13856),
(#13857,#13858)),.UNSPECIFIED.,.F.,.F.,.F.,(3,3),(2,2),(0.,1.),(0.,0.0449999999999999),
 .UNSPECIFIED.);
#683=B_SPLINE_SURFACE_WITH_KNOTS('',2,1,((#13868,#13869),(#13870,#13871),
(#13872,#13873)),.UNSPECIFIED.,.F.,.F.,.F.,(3,3),(2,2),(0.,1.),(0.,0.0449999999999999),
 .UNSPECIFIED.);
#684=B_SPLINE_SURFACE_WITH_KNOTS('',2,1,((#13901,#13902),(#13903,#13904),
(#13905,#13906)),.UNSPECIFIED.,.F.,.F.,.F.,(3,3),(2,2),(0.,1.),(0.,0.0449999999999999),
 .UNSPECIFIED.);
#685=B_SPLINE_SURFACE_WITH_KNOTS('',2,1,((#13916,#13917),(#13918,#13919),
(#13920,#13921)),.UNSPECIFIED.,.F.,.F.,.F.,(3,3),(2,2),(0.,1.),(0.,0.0449999999999999),
 .UNSPECIFIED.);
#686=B_SPLINE_SURFACE_WITH_KNOTS('',2,1,((#13949,#13950),(#13951,#13952),
(#13953,#13954)),.UNSPECIFIED.,.F.,.F.,.F.,(3,3),(2,2),(0.,1.),(0.,0.0449999999999999),
 .UNSPECIFIED.);
#687=B_SPLINE_SURFACE_WITH_KNOTS('',2,1,((#13964,#13965),(#13966,#13967),
(#13968,#13969)),.UNSPECIFIED.,.F.,.F.,.F.,(3,3),(2,2),(0.,1.),(0.,0.0449999999999999),
 .UNSPECIFIED.);
#688=B_SPLINE_SURFACE_WITH_KNOTS('',2,1,((#13979,#13980),(#13981,#13982),
(#13983,#13984)),.UNSPECIFIED.,.F.,.F.,.F.,(3,3),(2,2),(0.,1.),(0.,0.0449999999999999),
 .UNSPECIFIED.);
#689=B_SPLINE_SURFACE_WITH_KNOTS('',2,1,((#13994,#13995),(#13996,#13997),
(#13998,#13999)),.UNSPECIFIED.,.F.,.F.,.F.,(3,3),(2,2),(0.,1.),(0.,0.0449999999999999),
 .UNSPECIFIED.);
#690=B_SPLINE_SURFACE_WITH_KNOTS('',2,1,((#14009,#14010),(#14011,#14012),
(#14013,#14014)),.UNSPECIFIED.,.F.,.F.,.F.,(3,3),(2,2),(0.,1.),(0.,0.0449999999999999),
 .UNSPECIFIED.);
#691=B_SPLINE_SURFACE_WITH_KNOTS('',2,1,((#14030,#14031),(#14032,#14033),
(#14034,#14035)),.UNSPECIFIED.,.F.,.F.,.F.,(3,3),(2,2),(0.,1.),(0.,0.0449999999999999),
 .UNSPECIFIED.);
#692=B_SPLINE_SURFACE_WITH_KNOTS('',2,1,((#14043,#14044),(#14045,#14046),
(#14047,#14048)),.UNSPECIFIED.,.F.,.F.,.F.,(3,3),(2,2),(0.,1.),(0.,0.0449999999999999),
 .UNSPECIFIED.);
#693=B_SPLINE_SURFACE_WITH_KNOTS('',2,1,((#14061,#14062),(#14063,#14064),
(#14065,#14066)),.UNSPECIFIED.,.F.,.F.,.F.,(3,3),(2,2),(0.,1.),(0.,0.0449999999999999),
 .UNSPECIFIED.);
#694=B_SPLINE_SURFACE_WITH_KNOTS('',2,1,((#14076,#14077),(#14078,#14079),
(#14080,#14081)),.UNSPECIFIED.,.F.,.F.,.F.,(3,3),(2,2),(0.,1.),(0.,0.0449999999999999),
 .UNSPECIFIED.);
#695=B_SPLINE_SURFACE_WITH_KNOTS('',2,1,((#14091,#14092),(#14093,#14094),
(#14095,#14096)),.UNSPECIFIED.,.F.,.F.,.F.,(3,3),(2,2),(0.,1.),(0.,0.0449999999999999),
 .UNSPECIFIED.);
#696=B_SPLINE_SURFACE_WITH_KNOTS('',2,1,((#14106,#14107),(#14108,#14109),
(#14110,#14111)),.UNSPECIFIED.,.F.,.F.,.F.,(3,3),(2,2),(0.,1.),(0.,0.0449999999999999),
 .UNSPECIFIED.);
#697=B_SPLINE_SURFACE_WITH_KNOTS('',2,1,((#14121,#14122),(#14123,#14124),
(#14125,#14126)),.UNSPECIFIED.,.F.,.F.,.F.,(3,3),(2,2),(0.,1.),(0.,0.0449999999999999),
 .UNSPECIFIED.);
#698=B_SPLINE_SURFACE_WITH_KNOTS('',2,1,((#14136,#14137),(#14138,#14139),
(#14140,#14141)),.UNSPECIFIED.,.F.,.F.,.F.,(3,3),(2,2),(0.,1.),(0.,0.0449999999999999),
 .UNSPECIFIED.);
#699=B_SPLINE_SURFACE_WITH_KNOTS('',2,1,((#14151,#14152),(#14153,#14154),
(#14155,#14156)),.UNSPECIFIED.,.F.,.F.,.F.,(3,3),(2,2),(0.,1.),(0.,0.0449999999999999),
 .UNSPECIFIED.);
#700=B_SPLINE_SURFACE_WITH_KNOTS('',2,1,((#14163,#14164),(#14165,#14166),
(#14167,#14168)),.UNSPECIFIED.,.F.,.F.,.F.,(3,3),(2,2),(0.,1.),(0.,0.0449999999999999),
 .UNSPECIFIED.);
#701=B_SPLINE_SURFACE_WITH_KNOTS('',2,1,((#14181,#14182),(#14183,#14184),
(#14185,#14186)),.UNSPECIFIED.,.F.,.F.,.F.,(3,3),(2,2),(0.,1.),(0.,0.0449999999999999),
 .UNSPECIFIED.);
#702=B_SPLINE_SURFACE_WITH_KNOTS('',2,1,((#14196,#14197),(#14198,#14199),
(#14200,#14201)),.UNSPECIFIED.,.F.,.F.,.F.,(3,3),(2,2),(0.,1.),(0.,0.0449999999999999),
 .UNSPECIFIED.);
#703=B_SPLINE_SURFACE_WITH_KNOTS('',2,1,((#14211,#14212),(#14213,#14214),
(#14215,#14216)),.UNSPECIFIED.,.F.,.F.,.F.,(3,3),(2,2),(0.,1.),(0.,0.0449999999999999),
 .UNSPECIFIED.);
#704=B_SPLINE_SURFACE_WITH_KNOTS('',2,1,((#14226,#14227),(#14228,#14229),
(#14230,#14231)),.UNSPECIFIED.,.F.,.F.,.F.,(3,3),(2,2),(0.,1.),(0.,0.0449999999999999),
 .UNSPECIFIED.);
#705=B_SPLINE_SURFACE_WITH_KNOTS('',2,1,((#14241,#14242),(#14243,#14244),
(#14245,#14246)),.UNSPECIFIED.,.F.,.F.,.F.,(3,3),(2,2),(0.,1.),(0.,0.0449999999999999),
 .UNSPECIFIED.);
#706=B_SPLINE_SURFACE_WITH_KNOTS('',2,1,((#14256,#14257),(#14258,#14259),
(#14260,#14261)),.UNSPECIFIED.,.F.,.F.,.F.,(3,3),(2,2),(0.,1.),(0.,0.0449999999999999),
 .UNSPECIFIED.);
#707=B_SPLINE_SURFACE_WITH_KNOTS('',2,1,((#14271,#14272),(#14273,#14274),
(#14275,#14276)),.UNSPECIFIED.,.F.,.F.,.F.,(3,3),(2,2),(0.,1.),(0.,0.0449999999999999),
 .UNSPECIFIED.);
#708=B_SPLINE_SURFACE_WITH_KNOTS('',2,1,((#14286,#14287),(#14288,#14289),
(#14290,#14291)),.UNSPECIFIED.,.F.,.F.,.F.,(3,3),(2,2),(0.,1.),(0.,0.0449999999999999),
 .UNSPECIFIED.);
#709=B_SPLINE_SURFACE_WITH_KNOTS('',2,1,((#14299,#14300),(#14301,#14302),
(#14303,#14304)),.UNSPECIFIED.,.F.,.F.,.F.,(3,3),(2,2),(0.,1.),(0.,0.0449999999999999),
 .UNSPECIFIED.);
#710=B_SPLINE_SURFACE_WITH_KNOTS('',2,1,((#14317,#14318),(#14319,#14320),
(#14321,#14322)),.UNSPECIFIED.,.F.,.F.,.F.,(3,3),(2,2),(0.,1.),(0.,0.0449999999999999),
 .UNSPECIFIED.);
#711=B_SPLINE_SURFACE_WITH_KNOTS('',2,1,((#14332,#14333),(#14334,#14335),
(#14336,#14337)),.UNSPECIFIED.,.F.,.F.,.F.,(3,3),(2,2),(0.,1.),(0.,0.0449999999999999),
 .UNSPECIFIED.);
#712=B_SPLINE_SURFACE_WITH_KNOTS('',2,1,((#14347,#14348),(#14349,#14350),
(#14351,#14352)),.UNSPECIFIED.,.F.,.F.,.F.,(3,3),(2,2),(0.,1.),(0.,0.0449999999999999),
 .UNSPECIFIED.);
#713=B_SPLINE_SURFACE_WITH_KNOTS('',2,1,((#14362,#14363),(#14364,#14365),
(#14366,#14367)),.UNSPECIFIED.,.F.,.F.,.F.,(3,3),(2,2),(0.,1.),(0.,0.0449999999999999),
 .UNSPECIFIED.);
#714=B_SPLINE_SURFACE_WITH_KNOTS('',2,1,((#14377,#14378),(#14379,#14380),
(#14381,#14382)),.UNSPECIFIED.,.F.,.F.,.F.,(3,3),(2,2),(0.,1.),(0.,0.0449999999999999),
 .UNSPECIFIED.);
#715=B_SPLINE_SURFACE_WITH_KNOTS('',2,1,((#14392,#14393),(#14394,#14395),
(#14396,#14397)),.UNSPECIFIED.,.F.,.F.,.F.,(3,3),(2,2),(0.,1.),(0.,0.0449999999999999),
 .UNSPECIFIED.);
#716=B_SPLINE_SURFACE_WITH_KNOTS('',2,1,((#14407,#14408),(#14409,#14410),
(#14411,#14412)),.UNSPECIFIED.,.F.,.F.,.F.,(3,3),(2,2),(0.,1.),(0.,0.0449999999999999),
 .UNSPECIFIED.);
#717=B_SPLINE_SURFACE_WITH_KNOTS('',2,1,((#14440,#14441),(#14442,#14443),
(#14444,#14445)),.UNSPECIFIED.,.F.,.F.,.F.,(3,3),(2,2),(0.,1.),(0.,0.0449999999999999),
 .UNSPECIFIED.);
#718=B_SPLINE_SURFACE_WITH_KNOTS('',2,1,((#14455,#14456),(#14457,#14458),
(#14459,#14460)),.UNSPECIFIED.,.F.,.F.,.F.,(3,3),(2,2),(0.,1.),(0.,0.0449999999999999),
 .UNSPECIFIED.);
#719=B_SPLINE_SURFACE_WITH_KNOTS('',2,1,((#14470,#14471),(#14472,#14473),
(#14474,#14475)),.UNSPECIFIED.,.F.,.F.,.F.,(3,3),(2,2),(0.,1.),(0.,0.0449999999999999),
 .UNSPECIFIED.);
#720=B_SPLINE_SURFACE_WITH_KNOTS('',2,1,((#14485,#14486),(#14487,#14488),
(#14489,#14490)),.UNSPECIFIED.,.F.,.F.,.F.,(3,3),(2,2),(0.,1.),(0.,0.0449999999999999),
 .UNSPECIFIED.);
#721=B_SPLINE_SURFACE_WITH_KNOTS('',2,1,((#14500,#14501),(#14502,#14503),
(#14504,#14505)),.UNSPECIFIED.,.F.,.F.,.F.,(3,3),(2,2),(0.,1.),(0.,0.0449999999999999),
 .UNSPECIFIED.);
#722=B_SPLINE_SURFACE_WITH_KNOTS('',2,1,((#14515,#14516),(#14517,#14518),
(#14519,#14520)),.UNSPECIFIED.,.F.,.F.,.F.,(3,3),(2,2),(0.,1.),(0.,0.0449999999999999),
 .UNSPECIFIED.);
#723=B_SPLINE_SURFACE_WITH_KNOTS('',2,1,((#14530,#14531),(#14532,#14533),
(#14534,#14535)),.UNSPECIFIED.,.F.,.F.,.F.,(3,3),(2,2),(0.,1.),(0.,0.0449999999999999),
 .UNSPECIFIED.);
#724=B_SPLINE_SURFACE_WITH_KNOTS('',2,1,((#14545,#14546),(#14547,#14548),
(#14549,#14550)),.UNSPECIFIED.,.F.,.F.,.F.,(3,3),(2,2),(0.,1.),(0.,0.0449999999999999),
 .UNSPECIFIED.);
#725=B_SPLINE_SURFACE_WITH_KNOTS('',2,1,((#14560,#14561),(#14562,#14563),
(#14564,#14565)),.UNSPECIFIED.,.F.,.F.,.F.,(3,3),(2,2),(0.,1.),(0.,0.0449999999999999),
 .UNSPECIFIED.);
#726=B_SPLINE_SURFACE_WITH_KNOTS('',2,1,((#14585,#14586),(#14587,#14588),
(#14589,#14590)),.UNSPECIFIED.,.F.,.F.,.F.,(3,3),(2,2),(0.,1.),(0.,0.0449999999999999),
 .UNSPECIFIED.);
#727=B_SPLINE_SURFACE_WITH_KNOTS('',2,1,((#14603,#14604),(#14605,#14606),
(#14607,#14608)),.UNSPECIFIED.,.F.,.F.,.F.,(3,3),(2,2),(0.,1.),(0.,0.0449999999999999),
 .UNSPECIFIED.);
#728=B_SPLINE_SURFACE_WITH_KNOTS('',2,1,((#14618,#14619),(#14620,#14621),
(#14622,#14623)),.UNSPECIFIED.,.F.,.F.,.F.,(3,3),(2,2),(0.,1.),(0.,0.0449999999999999),
 .UNSPECIFIED.);
#729=B_SPLINE_SURFACE_WITH_KNOTS('',2,1,((#14633,#14634),(#14635,#14636),
(#14637,#14638)),.UNSPECIFIED.,.F.,.F.,.F.,(3,3),(2,2),(0.,1.),(0.,0.0449999999999999),
 .UNSPECIFIED.);
#730=B_SPLINE_SURFACE_WITH_KNOTS('',2,1,((#14648,#14649),(#14650,#14651),
(#14652,#14653)),.UNSPECIFIED.,.F.,.F.,.F.,(3,3),(2,2),(0.,1.),(0.,0.0449999999999999),
 .UNSPECIFIED.);
#731=B_SPLINE_SURFACE_WITH_KNOTS('',2,1,((#14663,#14664),(#14665,#14666),
(#14667,#14668)),.UNSPECIFIED.,.F.,.F.,.F.,(3,3),(2,2),(0.,1.),(0.,0.0449999999999999),
 .UNSPECIFIED.);
#732=B_SPLINE_SURFACE_WITH_KNOTS('',2,1,((#14678,#14679),(#14680,#14681),
(#14682,#14683)),.UNSPECIFIED.,.F.,.F.,.F.,(3,3),(2,2),(0.,1.),(0.,0.0449999999999999),
 .UNSPECIFIED.);
#733=B_SPLINE_SURFACE_WITH_KNOTS('',2,1,((#14693,#14694),(#14695,#14696),
(#14697,#14698)),.UNSPECIFIED.,.F.,.F.,.F.,(3,3),(2,2),(0.,1.),(0.,0.0449999999999999),
 .UNSPECIFIED.);
#734=B_SPLINE_SURFACE_WITH_KNOTS('',2,1,((#14708,#14709),(#14710,#14711),
(#14712,#14713)),.UNSPECIFIED.,.F.,.F.,.F.,(3,3),(2,2),(0.,1.),(0.,0.0449999999999999),
 .UNSPECIFIED.);
#735=B_SPLINE_SURFACE_WITH_KNOTS('',2,1,((#14735,#14736),(#14737,#14738),
(#14739,#14740)),.UNSPECIFIED.,.F.,.F.,.F.,(3,3),(2,2),(0.,1.),(0.,0.0449999999999999),
 .UNSPECIFIED.);
#736=B_SPLINE_SURFACE_WITH_KNOTS('',2,1,((#14750,#14751),(#14752,#14753),
(#14754,#14755)),.UNSPECIFIED.,.F.,.F.,.F.,(3,3),(2,2),(0.,1.),(0.,0.0449999999999999),
 .UNSPECIFIED.);
#737=B_SPLINE_SURFACE_WITH_KNOTS('',2,1,((#14771,#14772),(#14773,#14774),
(#14775,#14776)),.UNSPECIFIED.,.F.,.F.,.F.,(3,3),(2,2),(0.,1.),(0.,0.0449999999999999),
 .UNSPECIFIED.);
#738=B_SPLINE_SURFACE_WITH_KNOTS('',2,1,((#14786,#14787),(#14788,#14789),
(#14790,#14791)),.UNSPECIFIED.,.F.,.F.,.F.,(3,3),(2,2),(0.,1.),(0.,0.0449999999999999),
 .UNSPECIFIED.);
#739=B_SPLINE_SURFACE_WITH_KNOTS('',2,1,((#14801,#14802),(#14803,#14804),
(#14805,#14806)),.UNSPECIFIED.,.F.,.F.,.F.,(3,3),(2,2),(0.,1.),(0.,0.0449999999999999),
 .UNSPECIFIED.);
#740=B_SPLINE_SURFACE_WITH_KNOTS('',2,1,((#14816,#14817),(#14818,#14819),
(#14820,#14821)),.UNSPECIFIED.,.F.,.F.,.F.,(3,3),(2,2),(0.,1.),(0.,0.0449999999999999),
 .UNSPECIFIED.);
#741=B_SPLINE_SURFACE_WITH_KNOTS('',2,1,((#14831,#14832),(#14833,#14834),
(#14835,#14836)),.UNSPECIFIED.,.F.,.F.,.F.,(3,3),(2,2),(0.,1.),(0.,0.0449999999999999),
 .UNSPECIFIED.);
#742=B_SPLINE_SURFACE_WITH_KNOTS('',2,1,((#14846,#14847),(#14848,#14849),
(#14850,#14851)),.UNSPECIFIED.,.F.,.F.,.F.,(3,3),(2,2),(0.,1.),(0.,0.0449999999999999),
 .UNSPECIFIED.);
#743=B_SPLINE_SURFACE_WITH_KNOTS('',2,1,((#14861,#14862),(#14863,#14864),
(#14865,#14866)),.UNSPECIFIED.,.F.,.F.,.F.,(3,3),(2,2),(0.,1.),(0.,0.0449999999999999),
 .UNSPECIFIED.);
#744=B_SPLINE_SURFACE_WITH_KNOTS('',2,1,((#14882,#14883),(#14884,#14885),
(#14886,#14887)),.UNSPECIFIED.,.F.,.F.,.F.,(3,3),(2,2),(0.,1.),(0.,0.0449999999999999),
 .UNSPECIFIED.);
#745=B_SPLINE_SURFACE_WITH_KNOTS('',2,1,((#14897,#14898),(#14899,#14900),
(#14901,#14902)),.UNSPECIFIED.,.F.,.F.,.F.,(3,3),(2,2),(0.,1.),(0.,0.0449999999999999),
 .UNSPECIFIED.);
#746=B_SPLINE_SURFACE_WITH_KNOTS('',2,1,((#14912,#14913),(#14914,#14915),
(#14916,#14917)),.UNSPECIFIED.,.F.,.F.,.F.,(3,3),(2,2),(0.,1.),(0.,0.0449999999999999),
 .UNSPECIFIED.);
#747=B_SPLINE_SURFACE_WITH_KNOTS('',2,1,((#14927,#14928),(#14929,#14930),
(#14931,#14932)),.UNSPECIFIED.,.F.,.F.,.F.,(3,3),(2,2),(0.,1.),(0.,0.0449999999999999),
 .UNSPECIFIED.);
#748=B_SPLINE_SURFACE_WITH_KNOTS('',2,1,((#14942,#14943),(#14944,#14945),
(#14946,#14947)),.UNSPECIFIED.,.F.,.F.,.F.,(3,3),(2,2),(0.,1.),(0.,0.0449999999999999),
 .UNSPECIFIED.);
#749=B_SPLINE_SURFACE_WITH_KNOTS('',2,1,((#14957,#14958),(#14959,#14960),
(#14961,#14962)),.UNSPECIFIED.,.F.,.F.,.F.,(3,3),(2,2),(0.,1.),(0.,0.0449999999999999),
 .UNSPECIFIED.);
#750=B_SPLINE_SURFACE_WITH_KNOTS('',2,1,((#14972,#14973),(#14974,#14975),
(#14976,#14977)),.UNSPECIFIED.,.F.,.F.,.F.,(3,3),(2,2),(0.,1.),(0.,0.0449999999999999),
 .UNSPECIFIED.);
#751=B_SPLINE_SURFACE_WITH_KNOTS('',2,1,((#14987,#14988),(#14989,#14990),
(#14991,#14992)),.UNSPECIFIED.,.F.,.F.,.F.,(3,3),(2,2),(0.,1.),(0.,0.0449999999999999),
 .UNSPECIFIED.);
#752=B_SPLINE_SURFACE_WITH_KNOTS('',2,1,((#15002,#15003),(#15004,#15005),
(#15006,#15007)),.UNSPECIFIED.,.F.,.F.,.F.,(3,3),(2,2),(0.,1.),(0.,0.0449999999999999),
 .UNSPECIFIED.);
#753=B_SPLINE_SURFACE_WITH_KNOTS('',2,1,((#15017,#15018),(#15019,#15020),
(#15021,#15022)),.UNSPECIFIED.,.F.,.F.,.F.,(3,3),(2,2),(0.,1.),(0.,0.0449999999999999),
 .UNSPECIFIED.);
#754=B_SPLINE_SURFACE_WITH_KNOTS('',2,1,((#15032,#15033),(#15034,#15035),
(#15036,#15037)),.UNSPECIFIED.,.F.,.F.,.F.,(3,3),(2,2),(0.,1.),(0.,0.0449999999999999),
 .UNSPECIFIED.);
#755=B_SPLINE_SURFACE_WITH_KNOTS('',2,1,((#15047,#15048),(#15049,#15050),
(#15051,#15052)),.UNSPECIFIED.,.F.,.F.,.F.,(3,3),(2,2),(0.,1.),(0.,0.0449999999999999),
 .UNSPECIFIED.);
#756=B_SPLINE_SURFACE_WITH_KNOTS('',2,1,((#15062,#15063),(#15064,#15065),
(#15066,#15067)),.UNSPECIFIED.,.F.,.F.,.F.,(3,3),(2,2),(0.,1.),(0.,0.0449999999999999),
 .UNSPECIFIED.);
#757=B_SPLINE_SURFACE_WITH_KNOTS('',2,1,((#15077,#15078),(#15079,#15080),
(#15081,#15082)),.UNSPECIFIED.,.F.,.F.,.F.,(3,3),(2,2),(0.,1.),(0.,0.0449999999999999),
 .UNSPECIFIED.);
#758=B_SPLINE_SURFACE_WITH_KNOTS('',2,1,((#15092,#15093),(#15094,#15095),
(#15096,#15097)),.UNSPECIFIED.,.F.,.F.,.F.,(3,3),(2,2),(0.,1.),(0.,0.0449999999999999),
 .UNSPECIFIED.);
#759=B_SPLINE_SURFACE_WITH_KNOTS('',2,1,((#15151,#15152),(#15153,#15154),
(#15155,#15156)),.UNSPECIFIED.,.F.,.F.,.F.,(3,3),(2,2),(0.,1.),(0.,0.0449999999999999),
 .UNSPECIFIED.);
#760=B_SPLINE_SURFACE_WITH_KNOTS('',2,1,((#15166,#15167),(#15168,#15169),
(#15170,#15171)),.UNSPECIFIED.,.F.,.F.,.F.,(3,3),(2,2),(0.,1.),(0.,0.0449999999999999),
 .UNSPECIFIED.);
#761=B_SPLINE_SURFACE_WITH_KNOTS('',2,1,((#15181,#15182),(#15183,#15184),
(#15185,#15186)),.UNSPECIFIED.,.F.,.F.,.F.,(3,3),(2,2),(0.,1.),(0.,0.0449999999999999),
 .UNSPECIFIED.);
#762=B_SPLINE_SURFACE_WITH_KNOTS('',2,1,((#15196,#15197),(#15198,#15199),
(#15200,#15201)),.UNSPECIFIED.,.F.,.F.,.F.,(3,3),(2,2),(0.,1.),(0.,0.0449999999999999),
 .UNSPECIFIED.);
#763=B_SPLINE_SURFACE_WITH_KNOTS('',2,1,((#15211,#15212),(#15213,#15214),
(#15215,#15216)),.UNSPECIFIED.,.F.,.F.,.F.,(3,3),(2,2),(0.,1.),(0.,0.0449999999999999),
 .UNSPECIFIED.);
#764=B_SPLINE_SURFACE_WITH_KNOTS('',2,1,((#15244,#15245),(#15246,#15247),
(#15248,#15249)),.UNSPECIFIED.,.F.,.F.,.F.,(3,3),(2,2),(0.,1.),(0.,0.0449999999999999),
 .UNSPECIFIED.);
#765=B_SPLINE_SURFACE_WITH_KNOTS('',2,1,((#15259,#15260),(#15261,#15262),
(#15263,#15264)),.UNSPECIFIED.,.F.,.F.,.F.,(3,3),(2,2),(0.,1.),(0.,0.0449999999999999),
 .UNSPECIFIED.);
#766=B_SPLINE_SURFACE_WITH_KNOTS('',2,1,((#15274,#15275),(#15276,#15277),
(#15278,#15279)),.UNSPECIFIED.,.F.,.F.,.F.,(3,3),(2,2),(0.,1.),(0.,0.0449999999999999),
 .UNSPECIFIED.);
#767=B_SPLINE_SURFACE_WITH_KNOTS('',2,1,((#15289,#15290),(#15291,#15292),
(#15293,#15294)),.UNSPECIFIED.,.F.,.F.,.F.,(3,3),(2,2),(0.,1.),(0.,0.0449999999999999),
 .UNSPECIFIED.);
#768=B_SPLINE_SURFACE_WITH_KNOTS('',2,1,((#15304,#15305),(#15306,#15307),
(#15308,#15309)),.UNSPECIFIED.,.F.,.F.,.F.,(3,3),(2,2),(0.,1.),(0.,0.0449999999999999),
 .UNSPECIFIED.);
#769=B_SPLINE_SURFACE_WITH_KNOTS('',2,1,((#15341,#15342),(#15343,#15344),
(#15345,#15346)),.UNSPECIFIED.,.F.,.F.,.F.,(3,3),(2,2),(0.,1.),(0.,0.0449999999999999),
 .UNSPECIFIED.);
#770=B_SPLINE_SURFACE_WITH_KNOTS('',2,1,((#15359,#15360),(#15361,#15362),
(#15363,#15364)),.UNSPECIFIED.,.F.,.F.,.F.,(3,3),(2,2),(0.,1.),(0.,0.0449999999999999),
 .UNSPECIFIED.);
#771=B_SPLINE_SURFACE_WITH_KNOTS('',2,1,((#15374,#15375),(#15376,#15377),
(#15378,#15379)),.UNSPECIFIED.,.F.,.F.,.F.,(3,3),(2,2),(0.,1.),(0.,0.0449999999999999),
 .UNSPECIFIED.);
#772=B_SPLINE_SURFACE_WITH_KNOTS('',2,1,((#15389,#15390),(#15391,#15392),
(#15393,#15394)),.UNSPECIFIED.,.F.,.F.,.F.,(3,3),(2,2),(0.,1.),(0.,0.0449999999999999),
 .UNSPECIFIED.);
#773=B_SPLINE_SURFACE_WITH_KNOTS('',2,1,((#15404,#15405),(#15406,#15407),
(#15408,#15409)),.UNSPECIFIED.,.F.,.F.,.F.,(3,3),(2,2),(0.,1.),(0.,0.0449999999999999),
 .UNSPECIFIED.);
#774=B_SPLINE_SURFACE_WITH_KNOTS('',2,1,((#15419,#15420),(#15421,#15422),
(#15423,#15424)),.UNSPECIFIED.,.F.,.F.,.F.,(3,3),(2,2),(0.,1.),(0.,0.0449999999999999),
 .UNSPECIFIED.);
#775=B_SPLINE_SURFACE_WITH_KNOTS('',2,1,((#15434,#15435),(#15436,#15437),
(#15438,#15439)),.UNSPECIFIED.,.F.,.F.,.F.,(3,3),(2,2),(0.,1.),(0.,0.0449999999999999),
 .UNSPECIFIED.);
#776=B_SPLINE_SURFACE_WITH_KNOTS('',2,1,((#15449,#15450),(#15451,#15452),
(#15453,#15454)),.UNSPECIFIED.,.F.,.F.,.F.,(3,3),(2,2),(0.,1.),(0.,0.0449999999999999),
 .UNSPECIFIED.);
#777=B_SPLINE_SURFACE_WITH_KNOTS('',2,1,((#15461,#15462),(#15463,#15464),
(#15465,#15466)),.UNSPECIFIED.,.F.,.F.,.F.,(3,3),(2,2),(0.,1.),(0.,0.0449999999999999),
 .UNSPECIFIED.);
#778=B_SPLINE_SURFACE_WITH_KNOTS('',2,1,((#15479,#15480),(#15481,#15482),
(#15483,#15484)),.UNSPECIFIED.,.F.,.F.,.F.,(3,3),(2,2),(0.,1.),(0.,0.0449999999999999),
 .UNSPECIFIED.);
#779=B_SPLINE_SURFACE_WITH_KNOTS('',2,1,((#15494,#15495),(#15496,#15497),
(#15498,#15499)),.UNSPECIFIED.,.F.,.F.,.F.,(3,3),(2,2),(0.,1.),(0.,0.0449999999999999),
 .UNSPECIFIED.);
#780=B_SPLINE_SURFACE_WITH_KNOTS('',2,1,((#15509,#15510),(#15511,#15512),
(#15513,#15514)),.UNSPECIFIED.,.F.,.F.,.F.,(3,3),(2,2),(0.,1.),(0.,0.0449999999999999),
 .UNSPECIFIED.);
#781=B_SPLINE_SURFACE_WITH_KNOTS('',2,1,((#15524,#15525),(#15526,#15527),
(#15528,#15529)),.UNSPECIFIED.,.F.,.F.,.F.,(3,3),(2,2),(0.,1.),(0.,0.0449999999999999),
 .UNSPECIFIED.);
#782=B_SPLINE_SURFACE_WITH_KNOTS('',2,1,((#15539,#15540),(#15541,#15542),
(#15543,#15544)),.UNSPECIFIED.,.F.,.F.,.F.,(3,3),(2,2),(0.,1.),(0.,0.0449999999999999),
 .UNSPECIFIED.);
#783=B_SPLINE_SURFACE_WITH_KNOTS('',2,1,((#15554,#15555),(#15556,#15557),
(#15558,#15559)),.UNSPECIFIED.,.F.,.F.,.F.,(3,3),(2,2),(0.,1.),(0.,0.0449999999999999),
 .UNSPECIFIED.);
#784=B_SPLINE_SURFACE_WITH_KNOTS('',2,1,((#15569,#15570),(#15571,#15572),
(#15573,#15574)),.UNSPECIFIED.,.F.,.F.,.F.,(3,3),(2,2),(0.,1.),(0.,0.0449999999999999),
 .UNSPECIFIED.);
#785=B_SPLINE_SURFACE_WITH_KNOTS('',2,1,((#15612,#15613),(#15614,#15615),
(#15616,#15617)),.UNSPECIFIED.,.F.,.F.,.F.,(3,3),(2,2),(0.,1.),(0.,0.0449999999999999),
 .UNSPECIFIED.);
#786=B_SPLINE_SURFACE_WITH_KNOTS('',2,1,((#15630,#15631),(#15632,#15633),
(#15634,#15635)),.UNSPECIFIED.,.F.,.F.,.F.,(3,3),(2,2),(0.,1.),(0.,0.0449999999999999),
 .UNSPECIFIED.);
#787=B_SPLINE_SURFACE_WITH_KNOTS('',2,1,((#15645,#15646),(#15647,#15648),
(#15649,#15650)),.UNSPECIFIED.,.F.,.F.,.F.,(3,3),(2,2),(0.,1.),(0.,0.0449999999999999),
 .UNSPECIFIED.);
#788=B_SPLINE_SURFACE_WITH_KNOTS('',2,1,((#15666,#15667),(#15668,#15669),
(#15670,#15671)),.UNSPECIFIED.,.F.,.F.,.F.,(3,3),(2,2),(0.,1.),(0.,0.0449999999999999),
 .UNSPECIFIED.);
#789=B_SPLINE_SURFACE_WITH_KNOTS('',2,1,((#15678,#15679),(#15680,#15681),
(#15682,#15683)),.UNSPECIFIED.,.F.,.F.,.F.,(3,3),(2,2),(0.,1.),(0.,0.0449999999999999),
 .UNSPECIFIED.);
#790=B_SPLINE_SURFACE_WITH_KNOTS('',2,1,((#15696,#15697),(#15698,#15699),
(#15700,#15701)),.UNSPECIFIED.,.F.,.F.,.F.,(3,3),(2,2),(0.,1.),(0.,0.0449999999999999),
 .UNSPECIFIED.);
#791=B_SPLINE_SURFACE_WITH_KNOTS('',2,1,((#15711,#15712),(#15713,#15714),
(#15715,#15716)),.UNSPECIFIED.,.F.,.F.,.F.,(3,3),(2,2),(0.,1.),(0.,0.0449999999999999),
 .UNSPECIFIED.);
#792=B_SPLINE_SURFACE_WITH_KNOTS('',2,1,((#15732,#15733),(#15734,#15735),
(#15736,#15737)),.UNSPECIFIED.,.F.,.F.,.F.,(3,3),(2,2),(0.,1.),(0.,0.0449999999999999),
 .UNSPECIFIED.);
#793=B_SPLINE_SURFACE_WITH_KNOTS('',2,1,((#15747,#15748),(#15749,#15750),
(#15751,#15752)),.UNSPECIFIED.,.F.,.F.,.F.,(3,3),(2,2),(0.,1.),(0.,0.0449999999999999),
 .UNSPECIFIED.);
#794=B_SPLINE_SURFACE_WITH_KNOTS('',2,1,((#15762,#15763),(#15764,#15765),
(#15766,#15767)),.UNSPECIFIED.,.F.,.F.,.F.,(3,3),(2,2),(0.,1.),(0.,0.0449999999999999),
 .UNSPECIFIED.);
#795=B_SPLINE_SURFACE_WITH_KNOTS('',2,1,((#15777,#15778),(#15779,#15780),
(#15781,#15782)),.UNSPECIFIED.,.F.,.F.,.F.,(3,3),(2,2),(0.,1.),(0.,0.0449999999999999),
 .UNSPECIFIED.);
#796=B_SPLINE_SURFACE_WITH_KNOTS('',2,1,((#15792,#15793),(#15794,#15795),
(#15796,#15797)),.UNSPECIFIED.,.F.,.F.,.F.,(3,3),(2,2),(0.,1.),(0.,0.0449999999999999),
 .UNSPECIFIED.);
#797=B_SPLINE_SURFACE_WITH_KNOTS('',2,1,((#15807,#15808),(#15809,#15810),
(#15811,#15812)),.UNSPECIFIED.,.F.,.F.,.F.,(3,3),(2,2),(0.,1.),(0.,0.0449999999999999),
 .UNSPECIFIED.);
#798=B_SPLINE_SURFACE_WITH_KNOTS('',2,1,((#15822,#15823),(#15824,#15825),
(#15826,#15827)),.UNSPECIFIED.,.F.,.F.,.F.,(3,3),(2,2),(0.,1.),(0.,0.0449999999999999),
 .UNSPECIFIED.);
#799=B_SPLINE_SURFACE_WITH_KNOTS('',2,1,((#15837,#15838),(#15839,#15840),
(#15841,#15842)),.UNSPECIFIED.,.F.,.F.,.F.,(3,3),(2,2),(0.,1.),(0.,0.0449999999999999),
 .UNSPECIFIED.);
#800=B_SPLINE_SURFACE_WITH_KNOTS('',2,1,((#15852,#15853),(#15854,#15855),
(#15856,#15857)),.UNSPECIFIED.,.F.,.F.,.F.,(3,3),(2,2),(0.,1.),(0.,0.0449999999999999),
 .UNSPECIFIED.);
#801=B_SPLINE_SURFACE_WITH_KNOTS('',2,1,((#15873,#15874),(#15875,#15876),
(#15877,#15878)),.UNSPECIFIED.,.F.,.F.,.F.,(3,3),(2,2),(0.,1.),(0.,0.0449999999999999),
 .UNSPECIFIED.);
#802=B_SPLINE_SURFACE_WITH_KNOTS('',2,1,((#15968,#15969),(#15970,#15971),
(#15972,#15973)),.UNSPECIFIED.,.F.,.F.,.F.,(3,3),(2,2),(0.,1.),(0.,0.0449999999999999),
 .UNSPECIFIED.);
#803=B_SPLINE_SURFACE_WITH_KNOTS('',2,1,((#15986,#15987),(#15988,#15989),
(#15990,#15991)),.UNSPECIFIED.,.F.,.F.,.F.,(3,3),(2,2),(0.,1.),(0.,0.0449999999999999),
 .UNSPECIFIED.);
#804=B_SPLINE_SURFACE_WITH_KNOTS('',2,1,((#16001,#16002),(#16003,#16004),
(#16005,#16006)),.UNSPECIFIED.,.F.,.F.,.F.,(3,3),(2,2),(0.,1.),(0.,0.0449999999999999),
 .UNSPECIFIED.);
#805=B_SPLINE_SURFACE_WITH_KNOTS('',2,1,((#16016,#16017),(#16018,#16019),
(#16020,#16021)),.UNSPECIFIED.,.F.,.F.,.F.,(3,3),(2,2),(0.,1.),(0.,0.0449999999999999),
 .UNSPECIFIED.);
#806=B_SPLINE_SURFACE_WITH_KNOTS('',2,1,((#16031,#16032),(#16033,#16034),
(#16035,#16036)),.UNSPECIFIED.,.F.,.F.,.F.,(3,3),(2,2),(0.,1.),(0.,0.0449999999999999),
 .UNSPECIFIED.);
#807=B_SPLINE_SURFACE_WITH_KNOTS('',2,1,((#16064,#16065),(#16066,#16067),
(#16068,#16069)),.UNSPECIFIED.,.F.,.F.,.F.,(3,3),(2,2),(0.,1.),(0.,0.0449999999999999),
 .UNSPECIFIED.);
#808=B_SPLINE_SURFACE_WITH_KNOTS('',2,1,((#16079,#16080),(#16081,#16082),
(#16083,#16084)),.UNSPECIFIED.,.F.,.F.,.F.,(3,3),(2,2),(0.,1.),(0.,0.0449999999999999),
 .UNSPECIFIED.);
#809=B_SPLINE_SURFACE_WITH_KNOTS('',2,1,((#16094,#16095),(#16096,#16097),
(#16098,#16099)),.UNSPECIFIED.,.F.,.F.,.F.,(3,3),(2,2),(0.,1.),(0.,0.0449999999999999),
 .UNSPECIFIED.);
#810=B_SPLINE_SURFACE_WITH_KNOTS('',2,1,((#16109,#16110),(#16111,#16112),
(#16113,#16114)),.UNSPECIFIED.,.F.,.F.,.F.,(3,3),(2,2),(0.,1.),(0.,0.0449999999999999),
 .UNSPECIFIED.);
#811=B_SPLINE_SURFACE_WITH_KNOTS('',2,1,((#16124,#16125),(#16126,#16127),
(#16128,#16129)),.UNSPECIFIED.,.F.,.F.,.F.,(3,3),(2,2),(0.,1.),(0.,0.0449999999999999),
 .UNSPECIFIED.);
#812=B_SPLINE_SURFACE_WITH_KNOTS('',2,1,((#16139,#16140),(#16141,#16142),
(#16143,#16144)),.UNSPECIFIED.,.F.,.F.,.F.,(3,3),(2,2),(0.,1.),(0.,0.0449999999999999),
 .UNSPECIFIED.);
#813=FACE_OUTER_BOUND('',#1329,.T.);
#814=FACE_OUTER_BOUND('',#1330,.T.);
#815=FACE_OUTER_BOUND('',#1331,.T.);
#816=FACE_OUTER_BOUND('',#1332,.T.);
#817=FACE_OUTER_BOUND('',#1333,.T.);
#818=FACE_OUTER_BOUND('',#1334,.T.);
#819=FACE_OUTER_BOUND('',#1335,.T.);
#820=FACE_OUTER_BOUND('',#1336,.T.);
#821=FACE_OUTER_BOUND('',#1337,.T.);
#822=FACE_OUTER_BOUND('',#1338,.T.);
#823=FACE_OUTER_BOUND('',#1339,.T.);
#824=FACE_OUTER_BOUND('',#1340,.T.);
#825=FACE_OUTER_BOUND('',#1341,.T.);
#826=FACE_OUTER_BOUND('',#1342,.T.);
#827=FACE_OUTER_BOUND('',#1343,.T.);
#828=FACE_OUTER_BOUND('',#1344,.T.);
#829=FACE_OUTER_BOUND('',#1345,.T.);
#830=FACE_OUTER_BOUND('',#1346,.T.);
#831=FACE_OUTER_BOUND('',#1347,.T.);
#832=FACE_OUTER_BOUND('',#1348,.T.);
#833=FACE_OUTER_BOUND('',#1349,.T.);
#834=FACE_OUTER_BOUND('',#1350,.T.);
#835=FACE_OUTER_BOUND('',#1351,.T.);
#836=FACE_OUTER_BOUND('',#1352,.T.);
#837=FACE_OUTER_BOUND('',#1353,.T.);
#838=FACE_OUTER_BOUND('',#1354,.T.);
#839=FACE_OUTER_BOUND('',#1355,.T.);
#840=FACE_OUTER_BOUND('',#1356,.T.);
#841=FACE_OUTER_BOUND('',#1357,.T.);
#842=FACE_OUTER_BOUND('',#1358,.T.);
#843=FACE_OUTER_BOUND('',#1359,.T.);
#844=FACE_OUTER_BOUND('',#1360,.T.);
#845=FACE_OUTER_BOUND('',#1361,.T.);
#846=FACE_OUTER_BOUND('',#1362,.T.);
#847=FACE_OUTER_BOUND('',#1363,.T.);
#848=FACE_OUTER_BOUND('',#1364,.T.);
#849=FACE_OUTER_BOUND('',#1365,.T.);
#850=FACE_OUTER_BOUND('',#1366,.T.);
#851=FACE_OUTER_BOUND('',#1367,.T.);
#852=FACE_OUTER_BOUND('',#1368,.T.);
#853=FACE_OUTER_BOUND('',#1369,.T.);
#854=FACE_OUTER_BOUND('',#1371,.T.);
#855=FACE_OUTER_BOUND('',#1372,.T.);
#856=FACE_OUTER_BOUND('',#1373,.T.);
#857=FACE_OUTER_BOUND('',#1374,.T.);
#858=FACE_OUTER_BOUND('',#1375,.T.);
#859=FACE_OUTER_BOUND('',#1376,.T.);
#860=FACE_OUTER_BOUND('',#1377,.T.);
#861=FACE_OUTER_BOUND('',#1378,.T.);
#862=FACE_OUTER_BOUND('',#1379,.T.);
#863=FACE_OUTER_BOUND('',#1380,.T.);
#864=FACE_OUTER_BOUND('',#1381,.T.);
#865=FACE_OUTER_BOUND('',#1382,.T.);
#866=FACE_OUTER_BOUND('',#1383,.T.);
#867=FACE_OUTER_BOUND('',#1384,.T.);
#868=FACE_OUTER_BOUND('',#1385,.T.);
#869=FACE_OUTER_BOUND('',#1386,.T.);
#870=FACE_OUTER_BOUND('',#1387,.T.);
#871=FACE_OUTER_BOUND('',#1388,.T.);
#872=FACE_OUTER_BOUND('',#1389,.T.);
#873=FACE_OUTER_BOUND('',#1390,.T.);
#874=FACE_OUTER_BOUND('',#1391,.T.);
#875=FACE_OUTER_BOUND('',#1392,.T.);
#876=FACE_OUTER_BOUND('',#1393,.T.);
#877=FACE_OUTER_BOUND('',#1394,.T.);
#878=FACE_OUTER_BOUND('',#1395,.T.);
#879=FACE_OUTER_BOUND('',#1396,.T.);
#880=FACE_OUTER_BOUND('',#1397,.T.);
#881=FACE_OUTER_BOUND('',#1398,.T.);
#882=FACE_OUTER_BOUND('',#1399,.T.);
#883=FACE_OUTER_BOUND('',#1400,.T.);
#884=FACE_OUTER_BOUND('',#1401,.T.);
#885=FACE_OUTER_BOUND('',#1402,.T.);
#886=FACE_OUTER_BOUND('',#1403,.T.);
#887=FACE_OUTER_BOUND('',#1404,.T.);
#888=FACE_OUTER_BOUND('',#1405,.T.);
#889=FACE_OUTER_BOUND('',#1406,.T.);
#890=FACE_OUTER_BOUND('',#1407,.T.);
#891=FACE_OUTER_BOUND('',#1408,.T.);
#892=FACE_OUTER_BOUND('',#1409,.T.);
#893=FACE_OUTER_BOUND('',#1410,.T.);
#894=FACE_OUTER_BOUND('',#1411,.T.);
#895=FACE_OUTER_BOUND('',#1413,.T.);
#896=FACE_OUTER_BOUND('',#1414,.T.);
#897=FACE_OUTER_BOUND('',#1415,.T.);
#898=FACE_OUTER_BOUND('',#1416,.T.);
#899=FACE_OUTER_BOUND('',#1417,.T.);
#900=FACE_OUTER_BOUND('',#1418,.T.);
#901=FACE_OUTER_BOUND('',#1419,.T.);
#902=FACE_OUTER_BOUND('',#1420,.T.);
#903=FACE_OUTER_BOUND('',#1421,.T.);
#904=FACE_OUTER_BOUND('',#1422,.T.);
#905=FACE_OUTER_BOUND('',#1423,.T.);
#906=FACE_OUTER_BOUND('',#1424,.T.);
#907=FACE_OUTER_BOUND('',#1425,.T.);
#908=FACE_OUTER_BOUND('',#1426,.T.);
#909=FACE_OUTER_BOUND('',#1427,.T.);
#910=FACE_OUTER_BOUND('',#1428,.T.);
#911=FACE_OUTER_BOUND('',#1429,.T.);
#912=FACE_OUTER_BOUND('',#1430,.T.);
#913=FACE_OUTER_BOUND('',#1431,.T.);
#914=FACE_OUTER_BOUND('',#1432,.T.);
#915=FACE_OUTER_BOUND('',#1433,.T.);
#916=FACE_OUTER_BOUND('',#1434,.T.);
#917=FACE_OUTER_BOUND('',#1435,.T.);
#918=FACE_OUTER_BOUND('',#1437,.T.);
#919=FACE_OUTER_BOUND('',#1438,.T.);
#920=FACE_OUTER_BOUND('',#1439,.T.);
#921=FACE_OUTER_BOUND('',#1440,.T.);
#922=FACE_OUTER_BOUND('',#1441,.T.);
#923=FACE_OUTER_BOUND('',#1442,.T.);
#924=FACE_OUTER_BOUND('',#1443,.T.);
#925=FACE_OUTER_BOUND('',#1444,.T.);
#926=FACE_OUTER_BOUND('',#1445,.T.);
#927=FACE_OUTER_BOUND('',#1446,.T.);
#928=FACE_OUTER_BOUND('',#1447,.T.);
#929=FACE_OUTER_BOUND('',#1448,.T.);
#930=FACE_OUTER_BOUND('',#1449,.T.);
#931=FACE_OUTER_BOUND('',#1450,.T.);
#932=FACE_OUTER_BOUND('',#1451,.T.);
#933=FACE_OUTER_BOUND('',#1452,.T.);
#934=FACE_OUTER_BOUND('',#1453,.T.);
#935=FACE_OUTER_BOUND('',#1454,.T.);
#936=FACE_OUTER_BOUND('',#1455,.T.);
#937=FACE_OUTER_BOUND('',#1456,.T.);
#938=FACE_OUTER_BOUND('',#1457,.T.);
#939=FACE_OUTER_BOUND('',#1458,.T.);
#940=FACE_OUTER_BOUND('',#1459,.T.);
#941=FACE_OUTER_BOUND('',#1460,.T.);
#942=FACE_OUTER_BOUND('',#1461,.T.);
#943=FACE_OUTER_BOUND('',#1463,.T.);
#944=FACE_OUTER_BOUND('',#1464,.T.);
#945=FACE_OUTER_BOUND('',#1465,.T.);
#946=FACE_OUTER_BOUND('',#1466,.T.);
#947=FACE_OUTER_BOUND('',#1467,.T.);
#948=FACE_OUTER_BOUND('',#1468,.T.);
#949=FACE_OUTER_BOUND('',#1469,.T.);
#950=FACE_OUTER_BOUND('',#1470,.T.);
#951=FACE_OUTER_BOUND('',#1471,.T.);
#952=FACE_OUTER_BOUND('',#1472,.T.);
#953=FACE_OUTER_BOUND('',#1473,.T.);
#954=FACE_OUTER_BOUND('',#1474,.T.);
#955=FACE_OUTER_BOUND('',#1475,.T.);
#956=FACE_OUTER_BOUND('',#1476,.T.);
#957=FACE_OUTER_BOUND('',#1477,.T.);
#958=FACE_OUTER_BOUND('',#1478,.T.);
#959=FACE_OUTER_BOUND('',#1479,.T.);
#960=FACE_OUTER_BOUND('',#1480,.T.);
#961=FACE_OUTER_BOUND('',#1481,.T.);
#962=FACE_OUTER_BOUND('',#1482,.T.);
#963=FACE_OUTER_BOUND('',#1483,.T.);
#964=FACE_OUTER_BOUND('',#1484,.T.);
#965=FACE_OUTER_BOUND('',#1485,.T.);
#966=FACE_OUTER_BOUND('',#1486,.T.);
#967=FACE_OUTER_BOUND('',#1487,.T.);
#968=FACE_OUTER_BOUND('',#1488,.T.);
#969=FACE_OUTER_BOUND('',#1489,.T.);
#970=FACE_OUTER_BOUND('',#1490,.T.);
#971=FACE_OUTER_BOUND('',#1491,.T.);
#972=FACE_OUTER_BOUND('',#1492,.T.);
#973=FACE_OUTER_BOUND('',#1493,.T.);
#974=FACE_OUTER_BOUND('',#1494,.T.);
#975=FACE_OUTER_BOUND('',#1495,.T.);
#976=FACE_OUTER_BOUND('',#1496,.T.);
#977=FACE_OUTER_BOUND('',#1497,.T.);
#978=FACE_OUTER_BOUND('',#1498,.T.);
#979=FACE_OUTER_BOUND('',#1499,.T.);
#980=FACE_OUTER_BOUND('',#1500,.T.);
#981=FACE_OUTER_BOUND('',#1501,.T.);
#982=FACE_OUTER_BOUND('',#1502,.T.);
#983=FACE_OUTER_BOUND('',#1503,.T.);
#984=FACE_OUTER_BOUND('',#1504,.T.);
#985=FACE_OUTER_BOUND('',#1505,.T.);
#986=FACE_OUTER_BOUND('',#1506,.T.);
#987=FACE_OUTER_BOUND('',#1507,.T.);
#988=FACE_OUTER_BOUND('',#1508,.T.);
#989=FACE_OUTER_BOUND('',#1509,.T.);
#990=FACE_OUTER_BOUND('',#1510,.T.);
#991=FACE_OUTER_BOUND('',#1511,.T.);
#992=FACE_OUTER_BOUND('',#1512,.T.);
#993=FACE_OUTER_BOUND('',#1513,.T.);
#994=FACE_OUTER_BOUND('',#1514,.T.);
#995=FACE_OUTER_BOUND('',#1515,.T.);
#996=FACE_OUTER_BOUND('',#1516,.T.);
#997=FACE_OUTER_BOUND('',#1517,.T.);
#998=FACE_OUTER_BOUND('',#1518,.T.);
#999=FACE_OUTER_BOUND('',#1519,.T.);
#1000=FACE_OUTER_BOUND('',#1520,.T.);
#1001=FACE_OUTER_BOUND('',#1521,.T.);
#1002=FACE_OUTER_BOUND('',#1522,.T.);
#1003=FACE_OUTER_BOUND('',#1524,.T.);
#1004=FACE_OUTER_BOUND('',#1525,.T.);
#1005=FACE_OUTER_BOUND('',#1526,.T.);
#1006=FACE_OUTER_BOUND('',#1527,.T.);
#1007=FACE_OUTER_BOUND('',#1528,.T.);
#1008=FACE_OUTER_BOUND('',#1529,.T.);
#1009=FACE_OUTER_BOUND('',#1530,.T.);
#1010=FACE_OUTER_BOUND('',#1531,.T.);
#1011=FACE_OUTER_BOUND('',#1532,.T.);
#1012=FACE_OUTER_BOUND('',#1533,.T.);
#1013=FACE_OUTER_BOUND('',#1534,.T.);
#1014=FACE_OUTER_BOUND('',#1535,.T.);
#1015=FACE_OUTER_BOUND('',#1536,.T.);
#1016=FACE_OUTER_BOUND('',#1537,.T.);
#1017=FACE_OUTER_BOUND('',#1538,.T.);
#1018=FACE_OUTER_BOUND('',#1539,.T.);
#1019=FACE_OUTER_BOUND('',#1540,.T.);
#1020=FACE_OUTER_BOUND('',#1541,.T.);
#1021=FACE_OUTER_BOUND('',#1542,.T.);
#1022=FACE_OUTER_BOUND('',#1543,.T.);
#1023=FACE_OUTER_BOUND('',#1544,.T.);
#1024=FACE_OUTER_BOUND('',#1545,.T.);
#1025=FACE_OUTER_BOUND('',#1546,.T.);
#1026=FACE_OUTER_BOUND('',#1547,.T.);
#1027=FACE_OUTER_BOUND('',#1548,.T.);
#1028=FACE_OUTER_BOUND('',#1549,.T.);
#1029=FACE_OUTER_BOUND('',#1550,.T.);
#1030=FACE_OUTER_BOUND('',#1551,.T.);
#1031=FACE_OUTER_BOUND('',#1552,.T.);
#1032=FACE_OUTER_BOUND('',#1553,.T.);
#1033=FACE_OUTER_BOUND('',#1554,.T.);
#1034=FACE_OUTER_BOUND('',#1555,.T.);
#1035=FACE_OUTER_BOUND('',#1556,.T.);
#1036=FACE_OUTER_BOUND('',#1557,.T.);
#1037=FACE_OUTER_BOUND('',#1560,.T.);
#1038=FACE_OUTER_BOUND('',#1561,.T.);
#1039=FACE_OUTER_BOUND('',#1562,.T.);
#1040=FACE_OUTER_BOUND('',#1563,.T.);
#1041=FACE_OUTER_BOUND('',#1564,.T.);
#1042=FACE_OUTER_BOUND('',#1565,.T.);
#1043=FACE_OUTER_BOUND('',#1566,.T.);
#1044=FACE_OUTER_BOUND('',#1567,.T.);
#1045=FACE_OUTER_BOUND('',#1568,.T.);
#1046=FACE_OUTER_BOUND('',#1569,.T.);
#1047=FACE_OUTER_BOUND('',#1570,.T.);
#1048=FACE_OUTER_BOUND('',#1571,.T.);
#1049=FACE_OUTER_BOUND('',#1572,.T.);
#1050=FACE_OUTER_BOUND('',#1573,.T.);
#1051=FACE_OUTER_BOUND('',#1574,.T.);
#1052=FACE_OUTER_BOUND('',#1575,.T.);
#1053=FACE_OUTER_BOUND('',#1576,.T.);
#1054=FACE_OUTER_BOUND('',#1577,.T.);
#1055=FACE_OUTER_BOUND('',#1578,.T.);
#1056=FACE_OUTER_BOUND('',#1579,.T.);
#1057=FACE_OUTER_BOUND('',#1580,.T.);
#1058=FACE_OUTER_BOUND('',#1581,.T.);
#1059=FACE_OUTER_BOUND('',#1582,.T.);
#1060=FACE_OUTER_BOUND('',#1583,.T.);
#1061=FACE_OUTER_BOUND('',#1584,.T.);
#1062=FACE_OUTER_BOUND('',#1585,.T.);
#1063=FACE_OUTER_BOUND('',#1586,.T.);
#1064=FACE_OUTER_BOUND('',#1587,.T.);
#1065=FACE_OUTER_BOUND('',#1588,.T.);
#1066=FACE_OUTER_BOUND('',#1589,.T.);
#1067=FACE_OUTER_BOUND('',#1590,.T.);
#1068=FACE_OUTER_BOUND('',#1591,.T.);
#1069=FACE_OUTER_BOUND('',#1592,.T.);
#1070=FACE_OUTER_BOUND('',#1593,.T.);
#1071=FACE_OUTER_BOUND('',#1594,.T.);
#1072=FACE_OUTER_BOUND('',#1595,.T.);
#1073=FACE_OUTER_BOUND('',#1596,.T.);
#1074=FACE_OUTER_BOUND('',#1598,.T.);
#1075=FACE_OUTER_BOUND('',#1599,.T.);
#1076=FACE_OUTER_BOUND('',#1600,.T.);
#1077=FACE_OUTER_BOUND('',#1601,.T.);
#1078=FACE_OUTER_BOUND('',#1602,.T.);
#1079=FACE_OUTER_BOUND('',#1603,.T.);
#1080=FACE_OUTER_BOUND('',#1604,.T.);
#1081=FACE_OUTER_BOUND('',#1605,.T.);
#1082=FACE_OUTER_BOUND('',#1606,.T.);
#1083=FACE_OUTER_BOUND('',#1607,.T.);
#1084=FACE_OUTER_BOUND('',#1608,.T.);
#1085=FACE_OUTER_BOUND('',#1609,.T.);
#1086=FACE_OUTER_BOUND('',#1610,.T.);
#1087=FACE_OUTER_BOUND('',#1611,.T.);
#1088=FACE_OUTER_BOUND('',#1612,.T.);
#1089=FACE_OUTER_BOUND('',#1613,.T.);
#1090=FACE_OUTER_BOUND('',#1614,.T.);
#1091=FACE_OUTER_BOUND('',#1615,.T.);
#1092=FACE_OUTER_BOUND('',#1616,.T.);
#1093=FACE_OUTER_BOUND('',#1617,.T.);
#1094=FACE_OUTER_BOUND('',#1618,.T.);
#1095=FACE_OUTER_BOUND('',#1619,.T.);
#1096=FACE_OUTER_BOUND('',#1620,.T.);
#1097=FACE_OUTER_BOUND('',#1622,.T.);
#1098=FACE_OUTER_BOUND('',#1623,.T.);
#1099=FACE_OUTER_BOUND('',#1624,.T.);
#1100=FACE_OUTER_BOUND('',#1625,.T.);
#1101=FACE_OUTER_BOUND('',#1626,.T.);
#1102=FACE_OUTER_BOUND('',#1627,.T.);
#1103=FACE_OUTER_BOUND('',#1628,.T.);
#1104=FACE_OUTER_BOUND('',#1629,.T.);
#1105=FACE_OUTER_BOUND('',#1630,.T.);
#1106=FACE_OUTER_BOUND('',#1631,.T.);
#1107=FACE_OUTER_BOUND('',#1632,.T.);
#1108=FACE_OUTER_BOUND('',#1633,.T.);
#1109=FACE_OUTER_BOUND('',#1634,.T.);
#1110=FACE_OUTER_BOUND('',#1635,.T.);
#1111=FACE_OUTER_BOUND('',#1636,.T.);
#1112=FACE_OUTER_BOUND('',#1637,.T.);
#1113=FACE_OUTER_BOUND('',#1638,.T.);
#1114=FACE_OUTER_BOUND('',#1639,.T.);
#1115=FACE_OUTER_BOUND('',#1640,.T.);
#1116=FACE_OUTER_BOUND('',#1641,.T.);
#1117=FACE_OUTER_BOUND('',#1642,.T.);
#1118=FACE_OUTER_BOUND('',#1643,.T.);
#1119=FACE_OUTER_BOUND('',#1644,.T.);
#1120=FACE_OUTER_BOUND('',#1645,.T.);
#1121=FACE_OUTER_BOUND('',#1646,.T.);
#1122=FACE_OUTER_BOUND('',#1647,.T.);
#1123=FACE_OUTER_BOUND('',#1648,.T.);
#1124=FACE_OUTER_BOUND('',#1649,.T.);
#1125=FACE_OUTER_BOUND('',#1650,.T.);
#1126=FACE_OUTER_BOUND('',#1651,.T.);
#1127=FACE_OUTER_BOUND('',#1652,.T.);
#1128=FACE_OUTER_BOUND('',#1653,.T.);
#1129=FACE_OUTER_BOUND('',#1654,.T.);
#1130=FACE_OUTER_BOUND('',#1655,.T.);
#1131=FACE_OUTER_BOUND('',#1656,.T.);
#1132=FACE_OUTER_BOUND('',#1657,.T.);
#1133=FACE_OUTER_BOUND('',#1658,.T.);
#1134=FACE_OUTER_BOUND('',#1659,.T.);
#1135=FACE_OUTER_BOUND('',#1661,.T.);
#1136=FACE_OUTER_BOUND('',#1662,.T.);
#1137=FACE_OUTER_BOUND('',#1663,.T.);
#1138=FACE_OUTER_BOUND('',#1664,.T.);
#1139=FACE_OUTER_BOUND('',#1665,.T.);
#1140=FACE_OUTER_BOUND('',#1666,.T.);
#1141=FACE_OUTER_BOUND('',#1667,.T.);
#1142=FACE_OUTER_BOUND('',#1668,.T.);
#1143=FACE_OUTER_BOUND('',#1669,.T.);
#1144=FACE_OUTER_BOUND('',#1670,.T.);
#1145=FACE_OUTER_BOUND('',#1671,.T.);
#1146=FACE_OUTER_BOUND('',#1672,.T.);
#1147=FACE_OUTER_BOUND('',#1673,.T.);
#1148=FACE_OUTER_BOUND('',#1674,.T.);
#1149=FACE_OUTER_BOUND('',#1675,.T.);
#1150=FACE_OUTER_BOUND('',#1676,.T.);
#1151=FACE_OUTER_BOUND('',#1677,.T.);
#1152=FACE_OUTER_BOUND('',#1678,.T.);
#1153=FACE_OUTER_BOUND('',#1679,.T.);
#1154=FACE_OUTER_BOUND('',#1680,.T.);
#1155=FACE_OUTER_BOUND('',#1681,.T.);
#1156=FACE_OUTER_BOUND('',#1682,.T.);
#1157=FACE_OUTER_BOUND('',#1683,.T.);
#1158=FACE_OUTER_BOUND('',#1684,.T.);
#1159=FACE_OUTER_BOUND('',#1685,.T.);
#1160=FACE_OUTER_BOUND('',#1686,.T.);
#1161=FACE_OUTER_BOUND('',#1687,.T.);
#1162=FACE_OUTER_BOUND('',#1688,.T.);
#1163=FACE_OUTER_BOUND('',#1689,.T.);
#1164=FACE_OUTER_BOUND('',#1690,.T.);
#1165=FACE_OUTER_BOUND('',#1691,.T.);
#1166=FACE_OUTER_BOUND('',#1692,.T.);
#1167=FACE_OUTER_BOUND('',#1693,.T.);
#1168=FACE_OUTER_BOUND('',#1694,.T.);
#1169=FACE_OUTER_BOUND('',#1695,.T.);
#1170=FACE_OUTER_BOUND('',#1696,.T.);
#1171=FACE_OUTER_BOUND('',#1697,.T.);
#1172=FACE_OUTER_BOUND('',#1698,.T.);
#1173=FACE_OUTER_BOUND('',#1699,.T.);
#1174=FACE_OUTER_BOUND('',#1700,.T.);
#1175=FACE_OUTER_BOUND('',#1701,.T.);
#1176=FACE_OUTER_BOUND('',#1702,.T.);
#1177=FACE_OUTER_BOUND('',#1703,.T.);
#1178=FACE_OUTER_BOUND('',#1704,.T.);
#1179=FACE_OUTER_BOUND('',#1705,.T.);
#1180=FACE_OUTER_BOUND('',#1706,.T.);
#1181=FACE_OUTER_BOUND('',#1707,.T.);
#1182=FACE_OUTER_BOUND('',#1708,.T.);
#1183=FACE_OUTER_BOUND('',#1710,.T.);
#1184=FACE_OUTER_BOUND('',#1711,.T.);
#1185=FACE_OUTER_BOUND('',#1712,.T.);
#1186=FACE_OUTER_BOUND('',#1713,.T.);
#1187=FACE_OUTER_BOUND('',#1714,.T.);
#1188=FACE_OUTER_BOUND('',#1715,.T.);
#1189=FACE_OUTER_BOUND('',#1716,.T.);
#1190=FACE_OUTER_BOUND('',#1717,.T.);
#1191=FACE_OUTER_BOUND('',#1718,.T.);
#1192=FACE_OUTER_BOUND('',#1719,.T.);
#1193=FACE_OUTER_BOUND('',#1720,.T.);
#1194=FACE_OUTER_BOUND('',#1721,.T.);
#1195=FACE_OUTER_BOUND('',#1722,.T.);
#1196=FACE_OUTER_BOUND('',#1723,.T.);
#1197=FACE_OUTER_BOUND('',#1724,.T.);
#1198=FACE_OUTER_BOUND('',#1725,.T.);
#1199=FACE_OUTER_BOUND('',#1726,.T.);
#1200=FACE_OUTER_BOUND('',#1727,.T.);
#1201=FACE_OUTER_BOUND('',#1728,.T.);
#1202=FACE_OUTER_BOUND('',#1729,.T.);
#1203=FACE_OUTER_BOUND('',#1730,.T.);
#1204=FACE_OUTER_BOUND('',#1732,.T.);
#1205=FACE_OUTER_BOUND('',#1733,.T.);
#1206=FACE_OUTER_BOUND('',#1734,.T.);
#1207=FACE_OUTER_BOUND('',#1735,.T.);
#1208=FACE_OUTER_BOUND('',#1736,.T.);
#1209=FACE_OUTER_BOUND('',#1737,.T.);
#1210=FACE_OUTER_BOUND('',#1738,.T.);
#1211=FACE_OUTER_BOUND('',#1739,.T.);
#1212=FACE_OUTER_BOUND('',#1740,.T.);
#1213=FACE_OUTER_BOUND('',#1741,.T.);
#1214=FACE_OUTER_BOUND('',#1742,.T.);
#1215=FACE_OUTER_BOUND('',#1743,.T.);
#1216=FACE_OUTER_BOUND('',#1744,.T.);
#1217=FACE_OUTER_BOUND('',#1745,.T.);
#1218=FACE_OUTER_BOUND('',#1746,.T.);
#1219=FACE_OUTER_BOUND('',#1747,.T.);
#1220=FACE_OUTER_BOUND('',#1748,.T.);
#1221=FACE_OUTER_BOUND('',#1749,.T.);
#1222=FACE_OUTER_BOUND('',#1750,.T.);
#1223=FACE_OUTER_BOUND('',#1751,.T.);
#1224=FACE_OUTER_BOUND('',#1752,.T.);
#1225=FACE_OUTER_BOUND('',#1753,.T.);
#1226=FACE_OUTER_BOUND('',#1754,.T.);
#1227=FACE_OUTER_BOUND('',#1755,.T.);
#1228=FACE_OUTER_BOUND('',#1756,.T.);
#1229=FACE_OUTER_BOUND('',#1757,.T.);
#1230=FACE_OUTER_BOUND('',#1758,.T.);
#1231=FACE_OUTER_BOUND('',#1759,.T.);
#1232=FACE_OUTER_BOUND('',#1760,.T.);
#1233=FACE_OUTER_BOUND('',#1761,.T.);
#1234=FACE_OUTER_BOUND('',#1762,.T.);
#1235=FACE_OUTER_BOUND('',#1763,.T.);
#1236=FACE_OUTER_BOUND('',#1764,.T.);
#1237=FACE_OUTER_BOUND('',#1765,.T.);
#1238=FACE_OUTER_BOUND('',#1766,.T.);
#1239=FACE_OUTER_BOUND('',#1767,.T.);
#1240=FACE_OUTER_BOUND('',#1768,.T.);
#1241=FACE_OUTER_BOUND('',#1769,.T.);
#1242=FACE_OUTER_BOUND('',#1770,.T.);
#1243=FACE_OUTER_BOUND('',#1771,.T.);
#1244=FACE_OUTER_BOUND('',#1772,.T.);
#1245=FACE_OUTER_BOUND('',#1773,.T.);
#1246=FACE_OUTER_BOUND('',#1774,.T.);
#1247=FACE_OUTER_BOUND('',#1775,.T.);
#1248=FACE_OUTER_BOUND('',#1776,.T.);
#1249=FACE_OUTER_BOUND('',#1777,.T.);
#1250=FACE_OUTER_BOUND('',#1778,.T.);
#1251=FACE_OUTER_BOUND('',#1779,.T.);
#1252=FACE_OUTER_BOUND('',#1780,.T.);
#1253=FACE_OUTER_BOUND('',#1781,.T.);
#1254=FACE_OUTER_BOUND('',#1782,.T.);
#1255=FACE_OUTER_BOUND('',#1783,.T.);
#1256=FACE_OUTER_BOUND('',#1784,.T.);
#1257=FACE_OUTER_BOUND('',#1785,.T.);
#1258=FACE_OUTER_BOUND('',#1786,.T.);
#1259=FACE_OUTER_BOUND('',#1787,.T.);
#1260=FACE_OUTER_BOUND('',#1788,.T.);
#1261=FACE_OUTER_BOUND('',#1789,.T.);
#1262=FACE_OUTER_BOUND('',#1790,.T.);
#1263=FACE_OUTER_BOUND('',#1791,.T.);
#1264=FACE_OUTER_BOUND('',#1792,.T.);
#1265=FACE_OUTER_BOUND('',#1793,.T.);
#1266=FACE_OUTER_BOUND('',#1794,.T.);
#1267=FACE_OUTER_BOUND('',#1795,.T.);
#1268=FACE_OUTER_BOUND('',#1796,.T.);
#1269=FACE_OUTER_BOUND('',#1797,.T.);
#1270=FACE_OUTER_BOUND('',#1798,.T.);
#1271=FACE_OUTER_BOUND('',#1799,.T.);
#1272=FACE_OUTER_BOUND('',#1800,.T.);
#1273=FACE_OUTER_BOUND('',#1801,.T.);
#1274=FACE_OUTER_BOUND('',#1802,.T.);
#1275=FACE_OUTER_BOUND('',#1808,.T.);
#1276=FACE_OUTER_BOUND('',#1809,.T.);
#1277=FACE_OUTER_BOUND('',#1810,.T.);
#1278=FACE_OUTER_BOUND('',#1811,.T.);
#1279=FACE_OUTER_BOUND('',#1812,.T.);
#1280=FACE_OUTER_BOUND('',#1813,.T.);
#1281=FACE_OUTER_BOUND('',#1814,.T.);
#1282=FACE_OUTER_BOUND('',#1846,.T.);
#1283=FACE_OUTER_BOUND('',#1847,.T.);
#1284=FACE_OUTER_BOUND('',#1848,.T.);
#1285=FACE_OUTER_BOUND('',#1849,.T.);
#1286=FACE_OUTER_BOUND('',#1850,.T.);
#1287=FACE_OUTER_BOUND('',#1851,.T.);
#1288=FACE_OUTER_BOUND('',#1852,.T.);
#1289=FACE_OUTER_BOUND('',#1853,.T.);
#1290=FACE_OUTER_BOUND('',#1854,.T.);
#1291=FACE_OUTER_BOUND('',#1855,.T.);
#1292=FACE_OUTER_BOUND('',#1856,.T.);
#1293=FACE_OUTER_BOUND('',#1857,.T.);
#1294=FACE_OUTER_BOUND('',#1858,.T.);
#1295=FACE_OUTER_BOUND('',#1859,.T.);
#1296=FACE_OUTER_BOUND('',#1860,.T.);
#1297=FACE_OUTER_BOUND('',#1861,.T.);
#1298=FACE_OUTER_BOUND('',#1862,.T.);
#1299=FACE_OUTER_BOUND('',#1863,.T.);
#1300=FACE_OUTER_BOUND('',#1864,.T.);
#1301=FACE_OUTER_BOUND('',#1865,.T.);
#1302=FACE_OUTER_BOUND('',#1866,.T.);
#1303=FACE_OUTER_BOUND('',#1867,.T.);
#1304=FACE_OUTER_BOUND('',#1868,.T.);
#1305=FACE_OUTER_BOUND('',#1869,.T.);
#1306=FACE_OUTER_BOUND('',#1870,.T.);
#1307=FACE_OUTER_BOUND('',#1871,.T.);
#1308=FACE_OUTER_BOUND('',#1872,.T.);
#1309=FACE_OUTER_BOUND('',#1873,.T.);
#1310=FACE_OUTER_BOUND('',#1874,.T.);
#1311=FACE_OUTER_BOUND('',#1875,.T.);
#1312=FACE_OUTER_BOUND('',#1876,.T.);
#1313=FACE_OUTER_BOUND('',#1877,.T.);
#1314=FACE_OUTER_BOUND('',#1878,.T.);
#1315=FACE_OUTER_BOUND('',#1879,.T.);
#1316=FACE_OUTER_BOUND('',#1880,.T.);
#1317=FACE_OUTER_BOUND('',#1881,.T.);
#1318=FACE_OUTER_BOUND('',#1882,.T.);
#1319=FACE_OUTER_BOUND('',#1883,.T.);
#1320=FACE_OUTER_BOUND('',#1884,.T.);
#1321=FACE_OUTER_BOUND('',#1885,.T.);
#1322=FACE_OUTER_BOUND('',#1886,.T.);
#1323=FACE_OUTER_BOUND('',#1887,.T.);
#1324=FACE_OUTER_BOUND('',#1888,.T.);
#1325=FACE_OUTER_BOUND('',#1889,.T.);
#1326=FACE_OUTER_BOUND('',#1890,.T.);
#1327=FACE_OUTER_BOUND('',#1891,.T.);
#1328=FACE_OUTER_BOUND('',#1892,.T.);
#1329=EDGE_LOOP('',(#6121,#6122,#6123,#6124));
#1330=EDGE_LOOP('',(#6125,#6126,#6127,#6128));
#1331=EDGE_LOOP('',(#6129,#6130,#6131,#6132));
#1332=EDGE_LOOP('',(#6133,#6134,#6135,#6136));
#1333=EDGE_LOOP('',(#6137,#6138,#6139,#6140));
#1334=EDGE_LOOP('',(#6141,#6142,#6143,#6144));
#1335=EDGE_LOOP('',(#6145,#6146,#6147,#6148));
#1336=EDGE_LOOP('',(#6149,#6150,#6151,#6152));
#1337=EDGE_LOOP('',(#6153,#6154,#6155,#6156));
#1338=EDGE_LOOP('',(#6157,#6158,#6159,#6160));
#1339=EDGE_LOOP('',(#6161,#6162,#6163,#6164));
#1340=EDGE_LOOP('',(#6165,#6166,#6167,#6168));
#1341=EDGE_LOOP('',(#6169,#6170,#6171,#6172,#6173,#6174,#6175,#6176,#6177,
#6178,#6179,#6180));
#1342=EDGE_LOOP('',(#6181,#6182,#6183,#6184));
#1343=EDGE_LOOP('',(#6185,#6186,#6187,#6188));
#1344=EDGE_LOOP('',(#6189,#6190,#6191,#6192));
#1345=EDGE_LOOP('',(#6193,#6194,#6195,#6196));
#1346=EDGE_LOOP('',(#6197,#6198,#6199,#6200));
#1347=EDGE_LOOP('',(#6201,#6202,#6203,#6204));
#1348=EDGE_LOOP('',(#6205,#6206,#6207,#6208));
#1349=EDGE_LOOP('',(#6209,#6210,#6211,#6212));
#1350=EDGE_LOOP('',(#6213,#6214,#6215,#6216));
#1351=EDGE_LOOP('',(#6217,#6218,#6219,#6220));
#1352=EDGE_LOOP('',(#6221,#6222,#6223,#6224));
#1353=EDGE_LOOP('',(#6225,#6226,#6227,#6228));
#1354=EDGE_LOOP('',(#6229,#6230,#6231,#6232));
#1355=EDGE_LOOP('',(#6233,#6234,#6235,#6236));
#1356=EDGE_LOOP('',(#6237,#6238,#6239,#6240));
#1357=EDGE_LOOP('',(#6241,#6242,#6243,#6244));
#1358=EDGE_LOOP('',(#6245,#6246,#6247,#6248));
#1359=EDGE_LOOP('',(#6249,#6250,#6251,#6252));
#1360=EDGE_LOOP('',(#6253,#6254,#6255,#6256));
#1361=EDGE_LOOP('',(#6257,#6258,#6259,#6260));
#1362=EDGE_LOOP('',(#6261,#6262,#6263,#6264));
#1363=EDGE_LOOP('',(#6265,#6266,#6267,#6268));
#1364=EDGE_LOOP('',(#6269,#6270,#6271,#6272));
#1365=EDGE_LOOP('',(#6273,#6274,#6275,#6276));
#1366=EDGE_LOOP('',(#6277,#6278,#6279,#6280));
#1367=EDGE_LOOP('',(#6281,#6282,#6283,#6284));
#1368=EDGE_LOOP('',(#6285,#6286,#6287,#6288));
#1369=EDGE_LOOP('',(#6289,#6290,#6291,#6292,#6293,#6294,#6295,#6296,#6297,
#6298,#6299,#6300,#6301,#6302,#6303,#6304,#6305,#6306,#6307));
#1370=EDGE_LOOP('',(#6308,#6309,#6310,#6311,#6312,#6313,#6314,#6315));
#1371=EDGE_LOOP('',(#6316,#6317,#6318,#6319));
#1372=EDGE_LOOP('',(#6320,#6321,#6322,#6323));
#1373=EDGE_LOOP('',(#6324,#6325,#6326,#6327));
#1374=EDGE_LOOP('',(#6328,#6329,#6330,#6331));
#1375=EDGE_LOOP('',(#6332,#6333,#6334,#6335));
#1376=EDGE_LOOP('',(#6336,#6337,#6338,#6339));
#1377=EDGE_LOOP('',(#6340,#6341,#6342,#6343));
#1378=EDGE_LOOP('',(#6344,#6345,#6346,#6347));
#1379=EDGE_LOOP('',(#6348,#6349,#6350,#6351));
#1380=EDGE_LOOP('',(#6352,#6353,#6354,#6355));
#1381=EDGE_LOOP('',(#6356,#6357,#6358,#6359));
#1382=EDGE_LOOP('',(#6360,#6361,#6362,#6363));
#1383=EDGE_LOOP('',(#6364,#6365,#6366,#6367,#6368,#6369,#6370,#6371,#6372,
#6373,#6374,#6375));
#1384=EDGE_LOOP('',(#6376,#6377,#6378,#6379));
#1385=EDGE_LOOP('',(#6380,#6381,#6382,#6383));
#1386=EDGE_LOOP('',(#6384,#6385,#6386,#6387));
#1387=EDGE_LOOP('',(#6388,#6389,#6390,#6391));
#1388=EDGE_LOOP('',(#6392,#6393,#6394,#6395));
#1389=EDGE_LOOP('',(#6396,#6397,#6398,#6399));
#1390=EDGE_LOOP('',(#6400,#6401,#6402,#6403,#6404,#6405));
#1391=EDGE_LOOP('',(#6406,#6407,#6408,#6409));
#1392=EDGE_LOOP('',(#6410,#6411,#6412,#6413));
#1393=EDGE_LOOP('',(#6414,#6415,#6416,#6417));
#1394=EDGE_LOOP('',(#6418,#6419,#6420,#6421));
#1395=EDGE_LOOP('',(#6422,#6423,#6424,#6425));
#1396=EDGE_LOOP('',(#6426,#6427,#6428,#6429));
#1397=EDGE_LOOP('',(#6430,#6431,#6432,#6433));
#1398=EDGE_LOOP('',(#6434,#6435,#6436,#6437));
#1399=EDGE_LOOP('',(#6438,#6439,#6440,#6441));
#1400=EDGE_LOOP('',(#6442,#6443,#6444,#6445));
#1401=EDGE_LOOP('',(#6446,#6447,#6448,#6449));
#1402=EDGE_LOOP('',(#6450,#6451,#6452,#6453));
#1403=EDGE_LOOP('',(#6454,#6455,#6456,#6457));
#1404=EDGE_LOOP('',(#6458,#6459,#6460,#6461));
#1405=EDGE_LOOP('',(#6462,#6463,#6464,#6465));
#1406=EDGE_LOOP('',(#6466,#6467,#6468,#6469));
#1407=EDGE_LOOP('',(#6470,#6471,#6472,#6473));
#1408=EDGE_LOOP('',(#6474,#6475,#6476,#6477));
#1409=EDGE_LOOP('',(#6478,#6479,#6480,#6481));
#1410=EDGE_LOOP('',(#6482,#6483,#6484,#6485));
#1411=EDGE_LOOP('',(#6486,#6487,#6488,#6489,#6490,#6491,#6492,#6493,#6494,
#6495,#6496));
#1412=EDGE_LOOP('',(#6497,#6498,#6499,#6500,#6501,#6502,#6503,#6504,#6505));
#1413=EDGE_LOOP('',(#6506,#6507,#6508,#6509));
#1414=EDGE_LOOP('',(#6510,#6511,#6512,#6513));
#1415=EDGE_LOOP('',(#6514,#6515,#6516,#6517));
#1416=EDGE_LOOP('',(#6518,#6519,#6520,#6521));
#1417=EDGE_LOOP('',(#6522,#6523,#6524,#6525));
#1418=EDGE_LOOP('',(#6526,#6527,#6528,#6529));
#1419=EDGE_LOOP('',(#6530,#6531,#6532,#6533));
#1420=EDGE_LOOP('',(#6534,#6535,#6536,#6537));
#1421=EDGE_LOOP('',(#6538,#6539,#6540,#6541));
#1422=EDGE_LOOP('',(#6542,#6543,#6544,#6545));
#1423=EDGE_LOOP('',(#6546,#6547,#6548,#6549));
#1424=EDGE_LOOP('',(#6550,#6551,#6552,#6553));
#1425=EDGE_LOOP('',(#6554,#6555,#6556,#6557));
#1426=EDGE_LOOP('',(#6558,#6559,#6560,#6561));
#1427=EDGE_LOOP('',(#6562,#6563,#6564,#6565));
#1428=EDGE_LOOP('',(#6566,#6567,#6568,#6569));
#1429=EDGE_LOOP('',(#6570,#6571,#6572,#6573));
#1430=EDGE_LOOP('',(#6574,#6575,#6576,#6577));
#1431=EDGE_LOOP('',(#6578,#6579,#6580,#6581));
#1432=EDGE_LOOP('',(#6582,#6583,#6584,#6585));
#1433=EDGE_LOOP('',(#6586,#6587,#6588,#6589));
#1434=EDGE_LOOP('',(#6590,#6591,#6592,#6593));
#1435=EDGE_LOOP('',(#6594,#6595,#6596,#6597,#6598,#6599,#6600,#6601,#6602,
#6603,#6604,#6605));
#1436=EDGE_LOOP('',(#6606,#6607,#6608,#6609,#6610,#6611,#6612,#6613,#6614,
#6615));
#1437=EDGE_LOOP('',(#6616,#6617,#6618,#6619));
#1438=EDGE_LOOP('',(#6620,#6621,#6622,#6623));
#1439=EDGE_LOOP('',(#6624,#6625,#6626,#6627));
#1440=EDGE_LOOP('',(#6628,#6629,#6630,#6631));
#1441=EDGE_LOOP('',(#6632,#6633,#6634,#6635));
#1442=EDGE_LOOP('',(#6636,#6637,#6638,#6639));
#1443=EDGE_LOOP('',(#6640,#6641,#6642,#6643));
#1444=EDGE_LOOP('',(#6644,#6645,#6646,#6647));
#1445=EDGE_LOOP('',(#6648,#6649,#6650,#6651));
#1446=EDGE_LOOP('',(#6652,#6653,#6654,#6655));
#1447=EDGE_LOOP('',(#6656,#6657,#6658,#6659,#6660,#6661,#6662,#6663,#6664,
#6665));
#1448=EDGE_LOOP('',(#6666,#6667,#6668,#6669));
#1449=EDGE_LOOP('',(#6670,#6671,#6672,#6673));
#1450=EDGE_LOOP('',(#6674,#6675,#6676,#6677));
#1451=EDGE_LOOP('',(#6678,#6679,#6680,#6681));
#1452=EDGE_LOOP('',(#6682,#6683,#6684,#6685));
#1453=EDGE_LOOP('',(#6686,#6687,#6688,#6689));
#1454=EDGE_LOOP('',(#6690,#6691,#6692,#6693));
#1455=EDGE_LOOP('',(#6694,#6695,#6696,#6697));
#1456=EDGE_LOOP('',(#6698,#6699,#6700,#6701));
#1457=EDGE_LOOP('',(#6702,#6703,#6704,#6705));
#1458=EDGE_LOOP('',(#6706,#6707,#6708,#6709));
#1459=EDGE_LOOP('',(#6710,#6711,#6712,#6713));
#1460=EDGE_LOOP('',(#6714,#6715,#6716,#6717));
#1461=EDGE_LOOP('',(#6718,#6719,#6720,#6721,#6722,#6723,#6724,#6725));
#1462=EDGE_LOOP('',(#6726,#6727,#6728,#6729,#6730));
#1463=EDGE_LOOP('',(#6731,#6732,#6733,#6734));
#1464=EDGE_LOOP('',(#6735,#6736,#6737,#6738));
#1465=EDGE_LOOP('',(#6739,#6740,#6741,#6742));
#1466=EDGE_LOOP('',(#6743,#6744,#6745,#6746));
#1467=EDGE_LOOP('',(#6747,#6748,#6749,#6750));
#1468=EDGE_LOOP('',(#6751,#6752,#6753,#6754));
#1469=EDGE_LOOP('',(#6755,#6756,#6757,#6758));
#1470=EDGE_LOOP('',(#6759,#6760,#6761,#6762));
#1471=EDGE_LOOP('',(#6763,#6764,#6765,#6766));
#1472=EDGE_LOOP('',(#6767,#6768,#6769,#6770));
#1473=EDGE_LOOP('',(#6771,#6772,#6773,#6774));
#1474=EDGE_LOOP('',(#6775,#6776,#6777,#6778));
#1475=EDGE_LOOP('',(#6779,#6780,#6781,#6782));
#1476=EDGE_LOOP('',(#6783,#6784,#6785,#6786));
#1477=EDGE_LOOP('',(#6787,#6788,#6789,#6790));
#1478=EDGE_LOOP('',(#6791,#6792,#6793,#6794,#6795,#6796,#6797,#6798,#6799,
#6800,#6801,#6802,#6803,#6804,#6805));
#1479=EDGE_LOOP('',(#6806,#6807,#6808,#6809));
#1480=EDGE_LOOP('',(#6810,#6811,#6812,#6813));
#1481=EDGE_LOOP('',(#6814,#6815,#6816,#6817));
#1482=EDGE_LOOP('',(#6818,#6819,#6820,#6821));
#1483=EDGE_LOOP('',(#6822,#6823,#6824,#6825));
#1484=EDGE_LOOP('',(#6826,#6827,#6828,#6829));
#1485=EDGE_LOOP('',(#6830,#6831,#6832,#6833));
#1486=EDGE_LOOP('',(#6834,#6835,#6836,#6837));
#1487=EDGE_LOOP('',(#6838,#6839,#6840,#6841));
#1488=EDGE_LOOP('',(#6842,#6843,#6844,#6845));
#1489=EDGE_LOOP('',(#6846,#6847,#6848,#6849));
#1490=EDGE_LOOP('',(#6850,#6851,#6852,#6853));
#1491=EDGE_LOOP('',(#6854,#6855,#6856,#6857,#6858,#6859,#6860,#6861,#6862,
#6863,#6864,#6865));
#1492=EDGE_LOOP('',(#6866,#6867,#6868,#6869));
#1493=EDGE_LOOP('',(#6870,#6871,#6872,#6873));
#1494=EDGE_LOOP('',(#6874,#6875,#6876,#6877));
#1495=EDGE_LOOP('',(#6878,#6879,#6880,#6881));
#1496=EDGE_LOOP('',(#6882,#6883,#6884,#6885));
#1497=EDGE_LOOP('',(#6886,#6887,#6888,#6889));
#1498=EDGE_LOOP('',(#6890,#6891,#6892,#6893));
#1499=EDGE_LOOP('',(#6894,#6895,#6896,#6897));
#1500=EDGE_LOOP('',(#6898,#6899,#6900,#6901,#6902,#6903,#6904,#6905));
#1501=EDGE_LOOP('',(#6906,#6907,#6908,#6909,#6910));
#1502=EDGE_LOOP('',(#6911,#6912,#6913,#6914,#6915,#6916,#6917,#6918,#6919,
#6920));
#1503=EDGE_LOOP('',(#6921,#6922,#6923,#6924,#6925,#6926,#6927,#6928,#6929));
#1504=EDGE_LOOP('',(#6930,#6931,#6932,#6933,#6934,#6935,#6936,#6937));
#1505=EDGE_LOOP('',(#6938,#6939,#6940,#6941));
#1506=EDGE_LOOP('',(#6942,#6943,#6944,#6945));
#1507=EDGE_LOOP('',(#6946,#6947,#6948,#6949));
#1508=EDGE_LOOP('',(#6950,#6951,#6952,#6953));
#1509=EDGE_LOOP('',(#6954,#6955,#6956,#6957));
#1510=EDGE_LOOP('',(#6958,#6959,#6960,#6961));
#1511=EDGE_LOOP('',(#6962,#6963,#6964,#6965));
#1512=EDGE_LOOP('',(#6966,#6967,#6968,#6969));
#1513=EDGE_LOOP('',(#6970,#6971,#6972,#6973));
#1514=EDGE_LOOP('',(#6974,#6975,#6976,#6977));
#1515=EDGE_LOOP('',(#6978,#6979,#6980,#6981));
#1516=EDGE_LOOP('',(#6982,#6983,#6984,#6985));
#1517=EDGE_LOOP('',(#6986,#6987,#6988,#6989));
#1518=EDGE_LOOP('',(#6990,#6991,#6992,#6993));
#1519=EDGE_LOOP('',(#6994,#6995,#6996,#6997));
#1520=EDGE_LOOP('',(#6998,#6999,#7000,#7001));
#1521=EDGE_LOOP('',(#7002,#7003,#7004,#7005));
#1522=EDGE_LOOP('',(#7006,#7007,#7008,#7009,#7010,#7011,#7012,#7013,#7014));
#1523=EDGE_LOOP('',(#7015,#7016,#7017,#7018,#7019,#7020,#7021,#7022));
#1524=EDGE_LOOP('',(#7023,#7024,#7025,#7026));
#1525=EDGE_LOOP('',(#7027,#7028,#7029,#7030));
#1526=EDGE_LOOP('',(#7031,#7032,#7033,#7034));
#1527=EDGE_LOOP('',(#7035,#7036,#7037,#7038));
#1528=EDGE_LOOP('',(#7039,#7040,#7041,#7042));
#1529=EDGE_LOOP('',(#7043,#7044,#7045,#7046));
#1530=EDGE_LOOP('',(#7047,#7048,#7049,#7050));
#1531=EDGE_LOOP('',(#7051,#7052,#7053,#7054));
#1532=EDGE_LOOP('',(#7055,#7056,#7057,#7058));
#1533=EDGE_LOOP('',(#7059,#7060,#7061,#7062));
#1534=EDGE_LOOP('',(#7063,#7064,#7065,#7066));
#1535=EDGE_LOOP('',(#7067,#7068,#7069,#7070));
#1536=EDGE_LOOP('',(#7071,#7072,#7073,#7074));
#1537=EDGE_LOOP('',(#7075,#7076,#7077,#7078));
#1538=EDGE_LOOP('',(#7079,#7080,#7081,#7082));
#1539=EDGE_LOOP('',(#7083,#7084,#7085,#7086));
#1540=EDGE_LOOP('',(#7087,#7088,#7089,#7090));
#1541=EDGE_LOOP('',(#7091,#7092,#7093,#7094));
#1542=EDGE_LOOP('',(#7095,#7096,#7097,#7098));
#1543=EDGE_LOOP('',(#7099,#7100,#7101,#7102));
#1544=EDGE_LOOP('',(#7103,#7104,#7105,#7106));
#1545=EDGE_LOOP('',(#7107,#7108,#7109,#7110));
#1546=EDGE_LOOP('',(#7111,#7112,#7113,#7114));
#1547=EDGE_LOOP('',(#7115,#7116,#7117,#7118));
#1548=EDGE_LOOP('',(#7119,#7120,#7121,#7122));
#1549=EDGE_LOOP('',(#7123,#7124,#7125,#7126));
#1550=EDGE_LOOP('',(#7127,#7128,#7129,#7130));
#1551=EDGE_LOOP('',(#7131,#7132,#7133,#7134));
#1552=EDGE_LOOP('',(#7135,#7136,#7137,#7138));
#1553=EDGE_LOOP('',(#7139,#7140,#7141,#7142));
#1554=EDGE_LOOP('',(#7143,#7144,#7145,#7146));
#1555=EDGE_LOOP('',(#7147,#7148,#7149,#7150));
#1556=EDGE_LOOP('',(#7151,#7152,#7153,#7154));
#1557=EDGE_LOOP('',(#7155,#7156,#7157,#7158,#7159,#7160,#7161,#7162,#7163,
#7164,#7165,#7166,#7167,#7168));
#1558=EDGE_LOOP('',(#7169,#7170,#7171,#7172,#7173,#7174,#7175,#7176,#7177,
#7178));
#1559=EDGE_LOOP('',(#7179,#7180,#7181,#7182,#7183,#7184,#7185,#7186,#7187));
#1560=EDGE_LOOP('',(#7188,#7189,#7190,#7191));
#1561=EDGE_LOOP('',(#7192,#7193,#7194,#7195));
#1562=EDGE_LOOP('',(#7196,#7197,#7198,#7199));
#1563=EDGE_LOOP('',(#7200,#7201,#7202,#7203));
#1564=EDGE_LOOP('',(#7204,#7205,#7206,#7207));
#1565=EDGE_LOOP('',(#7208,#7209,#7210,#7211));
#1566=EDGE_LOOP('',(#7212,#7213,#7214,#7215));
#1567=EDGE_LOOP('',(#7216,#7217,#7218,#7219));
#1568=EDGE_LOOP('',(#7220,#7221,#7222,#7223));
#1569=EDGE_LOOP('',(#7224,#7225,#7226,#7227));
#1570=EDGE_LOOP('',(#7228,#7229,#7230,#7231));
#1571=EDGE_LOOP('',(#7232,#7233,#7234,#7235));
#1572=EDGE_LOOP('',(#7236,#7237,#7238,#7239));
#1573=EDGE_LOOP('',(#7240,#7241,#7242,#7243));
#1574=EDGE_LOOP('',(#7244,#7245,#7246,#7247));
#1575=EDGE_LOOP('',(#7248,#7249,#7250,#7251));
#1576=EDGE_LOOP('',(#7252,#7253,#7254,#7255));
#1577=EDGE_LOOP('',(#7256,#7257,#7258,#7259));
#1578=EDGE_LOOP('',(#7260,#7261,#7262,#7263,#7264,#7265,#7266,#7267,#7268,
#7269,#7270,#7271,#7272,#7273,#7274,#7275,#7276,#7277));
#1579=EDGE_LOOP('',(#7278,#7279,#7280,#7281));
#1580=EDGE_LOOP('',(#7282,#7283,#7284,#7285));
#1581=EDGE_LOOP('',(#7286,#7287,#7288,#7289));
#1582=EDGE_LOOP('',(#7290,#7291,#7292,#7293));
#1583=EDGE_LOOP('',(#7294,#7295,#7296,#7297));
#1584=EDGE_LOOP('',(#7298,#7299,#7300,#7301));
#1585=EDGE_LOOP('',(#7302,#7303,#7304,#7305));
#1586=EDGE_LOOP('',(#7306,#7307,#7308,#7309));
#1587=EDGE_LOOP('',(#7310,#7311,#7312,#7313));
#1588=EDGE_LOOP('',(#7314,#7315,#7316,#7317));
#1589=EDGE_LOOP('',(#7318,#7319,#7320,#7321));
#1590=EDGE_LOOP('',(#7322,#7323,#7324,#7325));
#1591=EDGE_LOOP('',(#7326,#7327,#7328,#7329));
#1592=EDGE_LOOP('',(#7330,#7331,#7332,#7333));
#1593=EDGE_LOOP('',(#7334,#7335,#7336,#7337));
#1594=EDGE_LOOP('',(#7338,#7339,#7340,#7341));
#1595=EDGE_LOOP('',(#7342,#7343,#7344,#7345));
#1596=EDGE_LOOP('',(#7346,#7347,#7348,#7349,#7350,#7351,#7352,#7353,#7354));
#1597=EDGE_LOOP('',(#7355,#7356,#7357,#7358,#7359,#7360,#7361,#7362));
#1598=EDGE_LOOP('',(#7363,#7364,#7365,#7366));
#1599=EDGE_LOOP('',(#7367,#7368,#7369,#7370));
#1600=EDGE_LOOP('',(#7371,#7372,#7373,#7374));
#1601=EDGE_LOOP('',(#7375,#7376,#7377,#7378));
#1602=EDGE_LOOP('',(#7379,#7380,#7381,#7382));
#1603=EDGE_LOOP('',(#7383,#7384,#7385,#7386));
#1604=EDGE_LOOP('',(#7387,#7388,#7389,#7390));
#1605=EDGE_LOOP('',(#7391,#7392,#7393,#7394));
#1606=EDGE_LOOP('',(#7395,#7396,#7397,#7398));
#1607=EDGE_LOOP('',(#7399,#7400,#7401,#7402));
#1608=EDGE_LOOP('',(#7403,#7404,#7405,#7406));
#1609=EDGE_LOOP('',(#7407,#7408,#7409,#7410));
#1610=EDGE_LOOP('',(#7411,#7412,#7413,#7414));
#1611=EDGE_LOOP('',(#7415,#7416,#7417,#7418));
#1612=EDGE_LOOP('',(#7419,#7420,#7421,#7422));
#1613=EDGE_LOOP('',(#7423,#7424,#7425,#7426));
#1614=EDGE_LOOP('',(#7427,#7428,#7429,#7430));
#1615=EDGE_LOOP('',(#7431,#7432,#7433,#7434));
#1616=EDGE_LOOP('',(#7435,#7436,#7437,#7438));
#1617=EDGE_LOOP('',(#7439,#7440,#7441,#7442));
#1618=EDGE_LOOP('',(#7443,#7444,#7445,#7446));
#1619=EDGE_LOOP('',(#7447,#7448,#7449,#7450));
#1620=EDGE_LOOP('',(#7451,#7452,#7453,#7454,#7455,#7456,#7457,#7458,#7459,
#7460,#7461,#7462,#7463,#7464));
#1621=EDGE_LOOP('',(#7465,#7466,#7467,#7468,#7469,#7470,#7471,#7472));
#1622=EDGE_LOOP('',(#7473,#7474,#7475,#7476));
#1623=EDGE_LOOP('',(#7477,#7478,#7479,#7480));
#1624=EDGE_LOOP('',(#7481,#7482,#7483,#7484));
#1625=EDGE_LOOP('',(#7485,#7486,#7487,#7488));
#1626=EDGE_LOOP('',(#7489,#7490,#7491,#7492));
#1627=EDGE_LOOP('',(#7493,#7494,#7495,#7496));
#1628=EDGE_LOOP('',(#7497,#7498,#7499,#7500));
#1629=EDGE_LOOP('',(#7501,#7502,#7503,#7504));
#1630=EDGE_LOOP('',(#7505,#7506,#7507,#7508));
#1631=EDGE_LOOP('',(#7509,#7510,#7511,#7512));
#1632=EDGE_LOOP('',(#7513,#7514,#7515,#7516));
#1633=EDGE_LOOP('',(#7517,#7518,#7519,#7520));
#1634=EDGE_LOOP('',(#7521,#7522,#7523,#7524));
#1635=EDGE_LOOP('',(#7525,#7526,#7527,#7528));
#1636=EDGE_LOOP('',(#7529,#7530,#7531,#7532));
#1637=EDGE_LOOP('',(#7533,#7534,#7535,#7536));
#1638=EDGE_LOOP('',(#7537,#7538,#7539,#7540));
#1639=EDGE_LOOP('',(#7541,#7542,#7543,#7544));
#1640=EDGE_LOOP('',(#7545,#7546,#7547,#7548));
#1641=EDGE_LOOP('',(#7549,#7550,#7551,#7552));
#1642=EDGE_LOOP('',(#7553,#7554,#7555,#7556));
#1643=EDGE_LOOP('',(#7557,#7558,#7559,#7560));
#1644=EDGE_LOOP('',(#7561,#7562,#7563,#7564));
#1645=EDGE_LOOP('',(#7565,#7566,#7567,#7568));
#1646=EDGE_LOOP('',(#7569,#7570,#7571,#7572));
#1647=EDGE_LOOP('',(#7573,#7574,#7575,#7576));
#1648=EDGE_LOOP('',(#7577,#7578,#7579,#7580));
#1649=EDGE_LOOP('',(#7581,#7582,#7583,#7584));
#1650=EDGE_LOOP('',(#7585,#7586,#7587,#7588));
#1651=EDGE_LOOP('',(#7589,#7590,#7591,#7592));
#1652=EDGE_LOOP('',(#7593,#7594,#7595,#7596));
#1653=EDGE_LOOP('',(#7597,#7598,#7599,#7600));
#1654=EDGE_LOOP('',(#7601,#7602,#7603,#7604));
#1655=EDGE_LOOP('',(#7605,#7606,#7607,#7608));
#1656=EDGE_LOOP('',(#7609,#7610,#7611,#7612));
#1657=EDGE_LOOP('',(#7613,#7614,#7615,#7616));
#1658=EDGE_LOOP('',(#7617,#7618,#7619,#7620));
#1659=EDGE_LOOP('',(#7621,#7622,#7623,#7624,#7625,#7626,#7627,#7628,#7629,
#7630,#7631,#7632,#7633,#7634,#7635,#7636,#7637,#7638,#7639,#7640,#7641,
#7642,#7643,#7644,#7645,#7646,#7647));
#1660=EDGE_LOOP('',(#7648,#7649,#7650,#7651,#7652,#7653,#7654,#7655,#7656,
#7657));
#1661=EDGE_LOOP('',(#7658,#7659,#7660,#7661));
#1662=EDGE_LOOP('',(#7662,#7663,#7664,#7665));
#1663=EDGE_LOOP('',(#7666,#7667,#7668,#7669));
#1664=EDGE_LOOP('',(#7670,#7671,#7672,#7673));
#1665=EDGE_LOOP('',(#7674,#7675,#7676,#7677));
#1666=EDGE_LOOP('',(#7678,#7679,#7680,#7681));
#1667=EDGE_LOOP('',(#7682,#7683,#7684,#7685,#7686,#7687));
#1668=EDGE_LOOP('',(#7688,#7689,#7690,#7691));
#1669=EDGE_LOOP('',(#7692,#7693,#7694,#7695));
#1670=EDGE_LOOP('',(#7696,#7697,#7698,#7699));
#1671=EDGE_LOOP('',(#7700,#7701,#7702,#7703));
#1672=EDGE_LOOP('',(#7704,#7705,#7706,#7707));
#1673=EDGE_LOOP('',(#7708,#7709,#7710,#7711));
#1674=EDGE_LOOP('',(#7712,#7713,#7714,#7715));
#1675=EDGE_LOOP('',(#7716,#7717,#7718,#7719));
#1676=EDGE_LOOP('',(#7720,#7721,#7722,#7723));
#1677=EDGE_LOOP('',(#7724,#7725,#7726,#7727));
#1678=EDGE_LOOP('',(#7728,#7729,#7730,#7731));
#1679=EDGE_LOOP('',(#7732,#7733,#7734,#7735));
#1680=EDGE_LOOP('',(#7736,#7737,#7738,#7739));
#1681=EDGE_LOOP('',(#7740,#7741,#7742,#7743));
#1682=EDGE_LOOP('',(#7744,#7745,#7746,#7747));
#1683=EDGE_LOOP('',(#7748,#7749,#7750,#7751));
#1684=EDGE_LOOP('',(#7752,#7753,#7754,#7755));
#1685=EDGE_LOOP('',(#7756,#7757,#7758,#7759));
#1686=EDGE_LOOP('',(#7760,#7761,#7762,#7763,#7764,#7765,#7766,#7767,#7768,
#7769,#7770,#7771,#7772,#7773,#7774,#7775,#7776,#7777));
#1687=EDGE_LOOP('',(#7778,#7779,#7780,#7781));
#1688=EDGE_LOOP('',(#7782,#7783,#7784,#7785));
#1689=EDGE_LOOP('',(#7786,#7787,#7788,#7789));
#1690=EDGE_LOOP('',(#7790,#7791,#7792,#7793));
#1691=EDGE_LOOP('',(#7794,#7795,#7796,#7797));
#1692=EDGE_LOOP('',(#7798,#7799,#7800,#7801));
#1693=EDGE_LOOP('',(#7802,#7803,#7804,#7805));
#1694=EDGE_LOOP('',(#7806,#7807,#7808,#7809));
#1695=EDGE_LOOP('',(#7810,#7811,#7812,#7813));
#1696=EDGE_LOOP('',(#7814,#7815,#7816,#7817));
#1697=EDGE_LOOP('',(#7818,#7819,#7820,#7821));
#1698=EDGE_LOOP('',(#7822,#7823,#7824,#7825));
#1699=EDGE_LOOP('',(#7826,#7827,#7828,#7829));
#1700=EDGE_LOOP('',(#7830,#7831,#7832,#7833));
#1701=EDGE_LOOP('',(#7834,#7835,#7836,#7837));
#1702=EDGE_LOOP('',(#7838,#7839,#7840,#7841));
#1703=EDGE_LOOP('',(#7842,#7843,#7844,#7845));
#1704=EDGE_LOOP('',(#7846,#7847,#7848,#7849));
#1705=EDGE_LOOP('',(#7850,#7851,#7852,#7853));
#1706=EDGE_LOOP('',(#7854,#7855,#7856,#7857));
#1707=EDGE_LOOP('',(#7858,#7859,#7860,#7861));
#1708=EDGE_LOOP('',(#7862,#7863,#7864,#7865,#7866,#7867,#7868,#7869,#7870,
#7871,#7872,#7873,#7874));
#1709=EDGE_LOOP('',(#7875,#7876,#7877,#7878,#7879,#7880,#7881,#7882));
#1710=EDGE_LOOP('',(#7883,#7884,#7885,#7886));
#1711=EDGE_LOOP('',(#7887,#7888,#7889,#7890));
#1712=EDGE_LOOP('',(#7891,#7892,#7893,#7894));
#1713=EDGE_LOOP('',(#7895,#7896,#7897,#7898));
#1714=EDGE_LOOP('',(#7899,#7900,#7901,#7902));
#1715=EDGE_LOOP('',(#7903,#7904,#7905,#7906));
#1716=EDGE_LOOP('',(#7907,#7908,#7909,#7910));
#1717=EDGE_LOOP('',(#7911,#7912,#7913,#7914));
#1718=EDGE_LOOP('',(#7915,#7916,#7917,#7918));
#1719=EDGE_LOOP('',(#7919,#7920,#7921,#7922));
#1720=EDGE_LOOP('',(#7923,#7924,#7925,#7926));
#1721=EDGE_LOOP('',(#7927,#7928,#7929,#7930));
#1722=EDGE_LOOP('',(#7931,#7932,#7933,#7934));
#1723=EDGE_LOOP('',(#7935,#7936,#7937,#7938));
#1724=EDGE_LOOP('',(#7939,#7940,#7941,#7942));
#1725=EDGE_LOOP('',(#7943,#7944,#7945,#7946));
#1726=EDGE_LOOP('',(#7947,#7948,#7949,#7950));
#1727=EDGE_LOOP('',(#7951,#7952,#7953,#7954));
#1728=EDGE_LOOP('',(#7955,#7956,#7957,#7958));
#1729=EDGE_LOOP('',(#7959,#7960,#7961,#7962));
#1730=EDGE_LOOP('',(#7963,#7964,#7965,#7966,#7967,#7968,#7969,#7970,#7971,
#7972,#7973,#7974,#7975,#7976,#7977));
#1731=EDGE_LOOP('',(#7978,#7979,#7980,#7981,#7982));
#1732=EDGE_LOOP('',(#7983,#7984,#7985,#7986));
#1733=EDGE_LOOP('',(#7987,#7988,#7989,#7990));
#1734=EDGE_LOOP('',(#7991,#7992,#7993,#7994));
#1735=EDGE_LOOP('',(#7995,#7996,#7997,#7998));
#1736=EDGE_LOOP('',(#7999,#8000,#8001,#8002));
#1737=EDGE_LOOP('',(#8003,#8004,#8005,#8006));
#1738=EDGE_LOOP('',(#8007,#8008,#8009,#8010));
#1739=EDGE_LOOP('',(#8011,#8012,#8013,#8014));
#1740=EDGE_LOOP('',(#8015,#8016,#8017,#8018,#8019,#8020,#8021,#8022));
#1741=EDGE_LOOP('',(#8023,#8024,#8025,#8026));
#1742=EDGE_LOOP('',(#8027,#8028,#8029,#8030));
#1743=EDGE_LOOP('',(#8031,#8032,#8033,#8034));
#1744=EDGE_LOOP('',(#8035,#8036,#8037,#8038));
#1745=EDGE_LOOP('',(#8039,#8040,#8041,#8042));
#1746=EDGE_LOOP('',(#8043,#8044,#8045,#8046,#8047));
#1747=EDGE_LOOP('',(#8048,#8049,#8050,#8051,#8052,#8053,#8054,#8055));
#1748=EDGE_LOOP('',(#8056,#8057,#8058,#8059,#8060,#8061,#8062,#8063,#8064,
#8065));
#1749=EDGE_LOOP('',(#8066,#8067,#8068,#8069,#8070,#8071,#8072,#8073));
#1750=EDGE_LOOP('',(#8074,#8075,#8076,#8077,#8078,#8079,#8080,#8081));
#1751=EDGE_LOOP('',(#8082,#8083,#8084,#8085,#8086,#8087,#8088,#8089,#8090,
#8091));
#1752=EDGE_LOOP('',(#8092,#8093,#8094,#8095,#8096,#8097,#8098,#8099,#8100));
#1753=EDGE_LOOP('',(#8101,#8102,#8103,#8104,#8105,#8106,#8107,#8108));
#1754=EDGE_LOOP('',(#8109,#8110,#8111,#8112));
#1755=EDGE_LOOP('',(#8113,#8114,#8115,#8116));
#1756=EDGE_LOOP('',(#8117,#8118,#8119,#8120));
#1757=EDGE_LOOP('',(#8121,#8122,#8123,#8124));
#1758=EDGE_LOOP('',(#8125,#8126,#8127,#8128));
#1759=EDGE_LOOP('',(#8129,#8130,#8131,#8132));
#1760=EDGE_LOOP('',(#8133,#8134,#8135,#8136));
#1761=EDGE_LOOP('',(#8137,#8138,#8139,#8140));
#1762=EDGE_LOOP('',(#8141,#8142,#8143,#8144));
#1763=EDGE_LOOP('',(#8145,#8146,#8147,#8148));
#1764=EDGE_LOOP('',(#8149,#8150,#8151,#8152));
#1765=EDGE_LOOP('',(#8153,#8154,#8155,#8156));
#1766=EDGE_LOOP('',(#8157,#8158,#8159,#8160));
#1767=EDGE_LOOP('',(#8161,#8162,#8163,#8164));
#1768=EDGE_LOOP('',(#8165,#8166,#8167,#8168));
#1769=EDGE_LOOP('',(#8169,#8170,#8171,#8172));
#1770=EDGE_LOOP('',(#8173,#8174,#8175,#8176));
#1771=EDGE_LOOP('',(#8177,#8178,#8179,#8180,#8181,#8182,#8183,#8184,#8185,
#8186,#8187,#8188,#8189,#8190,#8191,#8192,#8193));
#1772=EDGE_LOOP('',(#8194,#8195,#8196,#8197));
#1773=EDGE_LOOP('',(#8198,#8199,#8200,#8201));
#1774=EDGE_LOOP('',(#8202,#8203,#8204,#8205));
#1775=EDGE_LOOP('',(#8206,#8207,#8208,#8209));
#1776=EDGE_LOOP('',(#8210,#8211,#8212,#8213));
#1777=EDGE_LOOP('',(#8214,#8215,#8216,#8217));
#1778=EDGE_LOOP('',(#8218,#8219,#8220,#8221));
#1779=EDGE_LOOP('',(#8222,#8223,#8224,#8225));
#1780=EDGE_LOOP('',(#8226,#8227,#8228,#8229));
#1781=EDGE_LOOP('',(#8230,#8231,#8232,#8233));
#1782=EDGE_LOOP('',(#8234,#8235,#8236,#8237));
#1783=EDGE_LOOP('',(#8238,#8239,#8240,#8241));
#1784=EDGE_LOOP('',(#8242,#8243,#8244,#8245,#8246,#8247,#8248,#8249,#8250,
#8251,#8252,#8253));
#1785=EDGE_LOOP('',(#8254,#8255,#8256,#8257));
#1786=EDGE_LOOP('',(#8258,#8259,#8260,#8261));
#1787=EDGE_LOOP('',(#8262,#8263,#8264,#8265));
#1788=EDGE_LOOP('',(#8266,#8267,#8268,#8269));
#1789=EDGE_LOOP('',(#8270,#8271,#8272,#8273));
#1790=EDGE_LOOP('',(#8274,#8275,#8276,#8277));
#1791=EDGE_LOOP('',(#8278,#8279,#8280,#8281));
#1792=EDGE_LOOP('',(#8282,#8283,#8284,#8285));
#1793=EDGE_LOOP('',(#8286,#8287,#8288,#8289));
#1794=EDGE_LOOP('',(#8290,#8291,#8292,#8293));
#1795=EDGE_LOOP('',(#8294,#8295,#8296,#8297));
#1796=EDGE_LOOP('',(#8298,#8299,#8300,#8301));
#1797=EDGE_LOOP('',(#8302,#8303,#8304,#8305,#8306,#8307,#8308,#8309,#8310,
#8311,#8312,#8313));
#1798=EDGE_LOOP('',(#8314,#8315,#8316,#8317));
#1799=EDGE_LOOP('',(#8318,#8319,#8320,#8321));
#1800=EDGE_LOOP('',(#8322,#8323,#8324,#8325,#8326,#8327,#8328,#8329));
#1801=EDGE_LOOP('',(#8330,#8331,#8332,#8333,#8334,#8335,#8336,#8337));
#1802=EDGE_LOOP('',(#8338,#8339,#8340,#8341,#8342,#8343,#8344,#8345,#8346,
#8347,#8348,#8349,#8350,#8351,#8352,#8353,#8354,#8355,#8356,#8357,#8358,
#8359,#8360,#8361,#8362,#8363,#8364,#8365));
#1803=EDGE_LOOP('',(#8366));
#1804=EDGE_LOOP('',(#8367));
#1805=EDGE_LOOP('',(#8368));
#1806=EDGE_LOOP('',(#8369));
#1807=EDGE_LOOP('',(#8370));
#1808=EDGE_LOOP('',(#8371,#8372,#8373,#8374));
#1809=EDGE_LOOP('',(#8375,#8376,#8377,#8378,#8379));
#1810=EDGE_LOOP('',(#8380,#8381,#8382,#8383));
#1811=EDGE_LOOP('',(#8384,#8385,#8386,#8387));
#1812=EDGE_LOOP('',(#8388,#8389,#8390,#8391));
#1813=EDGE_LOOP('',(#8392,#8393,#8394,#8395,#8396,#8397,#8398,#8399));
#1814=EDGE_LOOP('',(#8400,#8401,#8402,#8403,#8404,#8405,#8406,#8407,#8408,
#8409,#8410,#8411,#8412,#8413,#8414,#8415));
#1815=EDGE_LOOP('',(#8416,#8417,#8418,#8419,#8420,#8421,#8422,#8423,#8424));
#1816=EDGE_LOOP('',(#8425,#8426,#8427,#8428,#8429,#8430,#8431,#8432,#8433,
#8434,#8435,#8436,#8437,#8438));
#1817=EDGE_LOOP('',(#8439,#8440,#8441,#8442,#8443,#8444,#8445,#8446,#8447,
#8448,#8449,#8450,#8451,#8452,#8453,#8454,#8455,#8456));
#1818=EDGE_LOOP('',(#8457,#8458,#8459,#8460,#8461,#8462,#8463,#8464,#8465));
#1819=EDGE_LOOP('',(#8466,#8467,#8468,#8469,#8470,#8471,#8472,#8473,#8474,
#8475,#8476,#8477,#8478,#8479));
#1820=EDGE_LOOP('',(#8480,#8481,#8482,#8483,#8484,#8485,#8486,#8487,#8488,
#8489,#8490,#8491,#8492,#8493,#8494,#8495,#8496,#8497,#8498,#8499,#8500,
#8501,#8502,#8503,#8504,#8505,#8506));
#1821=EDGE_LOOP('',(#8507,#8508,#8509,#8510,#8511,#8512));
#1822=EDGE_LOOP('',(#8513,#8514,#8515,#8516,#8517,#8518,#8519,#8520,#8521,
#8522,#8523,#8524,#8525,#8526,#8527,#8528,#8529,#8530));
#1823=EDGE_LOOP('',(#8531,#8532,#8533,#8534,#8535,#8536,#8537,#8538,#8539,
#8540,#8541,#8542,#8543));
#1824=EDGE_LOOP('',(#8544,#8545,#8546,#8547,#8548,#8549,#8550,#8551,#8552,
#8553,#8554,#8555,#8556,#8557,#8558));
#1825=EDGE_LOOP('',(#8559,#8560,#8561,#8562,#8563,#8564,#8565,#8566));
#1826=EDGE_LOOP('',(#8567,#8568,#8569,#8570));
#1827=EDGE_LOOP('',(#8571));
#1828=EDGE_LOOP('',(#8572));
#1829=EDGE_LOOP('',(#8573));
#1830=EDGE_LOOP('',(#8574));
#1831=EDGE_LOOP('',(#8575));
#1832=EDGE_LOOP('',(#8576,#8577,#8578,#8579,#8580,#8581,#8582,#8583,#8584,
#8585,#8586,#8587));
#1833=EDGE_LOOP('',(#8588,#8589,#8590,#8591,#8592,#8593,#8594,#8595,#8596,
#8597,#8598,#8599));
#1834=EDGE_LOOP('',(#8600,#8601,#8602,#8603,#8604,#8605,#8606,#8607,#8608,
#8609,#8610,#8611,#8612,#8613,#8614,#8615,#8616));
#1835=EDGE_LOOP('',(#8617,#8618,#8619,#8620,#8621,#8622,#8623,#8624));
#1836=EDGE_LOOP('',(#8625,#8626,#8627,#8628,#8629,#8630,#8631,#8632,#8633,
#8634,#8635,#8636));
#1837=EDGE_LOOP('',(#8637,#8638,#8639,#8640,#8641,#8642,#8643,#8644,#8645,
#8646,#8647,#8648,#8649,#8650,#8651));
#1838=EDGE_LOOP('',(#8652,#8653,#8654,#8655,#8656,#8657,#8658,#8659));
#1839=EDGE_LOOP('',(#8660,#8661,#8662,#8663,#8664,#8665,#8666,#8667,#8668,
#8669));
#1840=EDGE_LOOP('',(#8670,#8671,#8672,#8673,#8674,#8675,#8676,#8677,#8678,
#8679,#8680,#8681));
#1841=EDGE_LOOP('',(#8682,#8683,#8684,#8685,#8686,#8687,#8688,#8689,#8690,
#8691,#8692));
#1842=EDGE_LOOP('',(#8693,#8694,#8695,#8696,#8697,#8698));
#1843=EDGE_LOOP('',(#8699,#8700,#8701,#8702,#8703,#8704,#8705,#8706,#8707,
#8708,#8709,#8710));
#1844=EDGE_LOOP('',(#8711,#8712,#8713,#8714,#8715,#8716,#8717,#8718,#8719,
#8720,#8721,#8722,#8723,#8724,#8725,#8726,#8727,#8728,#8729));
#1845=EDGE_LOOP('',(#8730,#8731,#8732,#8733,#8734,#8735,#8736,#8737,#8738,
#8739,#8740,#8741));
#1846=EDGE_LOOP('',(#8742,#8743,#8744,#8745));
#1847=EDGE_LOOP('',(#8746,#8747,#8748,#8749));
#1848=EDGE_LOOP('',(#8750,#8751,#8752,#8753));
#1849=EDGE_LOOP('',(#8754,#8755,#8756,#8757));
#1850=EDGE_LOOP('',(#8758,#8759,#8760,#8761,#8762,#8763,#8764,#8765));
#1851=EDGE_LOOP('',(#8766,#8767,#8768,#8769,#8770,#8771,#8772,#8773));
#1852=EDGE_LOOP('',(#8774,#8775,#8776,#8777));
#1853=EDGE_LOOP('',(#8778,#8779,#8780,#8781));
#1854=EDGE_LOOP('',(#8782,#8783,#8784,#8785));
#1855=EDGE_LOOP('',(#8786,#8787,#8788,#8789,#8790,#8791,#8792,#8793));
#1856=EDGE_LOOP('',(#8794,#8795,#8796,#8797));
#1857=EDGE_LOOP('',(#8798,#8799,#8800,#8801));
#1858=EDGE_LOOP('',(#8802,#8803,#8804,#8805,#8806));
#1859=EDGE_LOOP('',(#8807,#8808,#8809,#8810));
#1860=EDGE_LOOP('',(#8811,#8812,#8813,#8814));
#1861=EDGE_LOOP('',(#8815,#8816,#8817,#8818));
#1862=EDGE_LOOP('',(#8819,#8820,#8821,#8822,#8823,#8824));
#1863=EDGE_LOOP('',(#8825,#8826,#8827,#8828,#8829,#8830));
#1864=EDGE_LOOP('',(#8831,#8832,#8833,#8834));
#1865=EDGE_LOOP('',(#8835,#8836,#8837,#8838));
#1866=EDGE_LOOP('',(#8839,#8840,#8841,#8842,#8843,#8844,#8845,#8846));
#1867=EDGE_LOOP('',(#8847,#8848,#8849,#8850,#8851,#8852));
#1868=EDGE_LOOP('',(#8853,#8854,#8855,#8856));
#1869=EDGE_LOOP('',(#8857,#8858,#8859,#8860,#8861,#8862));
#1870=EDGE_LOOP('',(#8863,#8864,#8865,#8866,#8867));
#1871=EDGE_LOOP('',(#8868,#8869,#8870,#8871));
#1872=EDGE_LOOP('',(#8872,#8873,#8874,#8875,#8876,#8877,#8878,#8879));
#1873=EDGE_LOOP('',(#8880,#8881,#8882,#8883,#8884));
#1874=EDGE_LOOP('',(#8885,#8886,#8887,#8888,#8889,#8890));
#1875=EDGE_LOOP('',(#8891,#8892,#8893,#8894,#8895,#8896));
#1876=EDGE_LOOP('',(#8897,#8898,#8899,#8900));
#1877=EDGE_LOOP('',(#8901,#8902,#8903,#8904,#8905,#8906));
#1878=EDGE_LOOP('',(#8907,#8908,#8909,#8910));
#1879=EDGE_LOOP('',(#8911,#8912,#8913,#8914,#8915,#8916));
#1880=EDGE_LOOP('',(#8917,#8918,#8919,#8920,#8921,#8922));
#1881=EDGE_LOOP('',(#8923,#8924,#8925,#8926,#8927,#8928));
#1882=EDGE_LOOP('',(#8929,#8930,#8931,#8932));
#1883=EDGE_LOOP('',(#8933,#8934,#8935,#8936));
#1884=EDGE_LOOP('',(#8937,#8938,#8939,#8940));
#1885=EDGE_LOOP('',(#8941,#8942,#8943,#8944));
#1886=EDGE_LOOP('',(#8945,#8946,#8947,#8948));
#1887=EDGE_LOOP('',(#8949,#8950,#8951,#8952));
#1888=EDGE_LOOP('',(#8953,#8954,#8955,#8956));
#1889=EDGE_LOOP('',(#8957,#8958,#8959,#8960,#8961,#8962));
#1890=EDGE_LOOP('',(#8963,#8964,#8965,#8966));
#1891=EDGE_LOOP('',(#8967,#8968,#8969,#8970,#8971,#8972));
#1892=EDGE_LOOP('',(#8973,#8974,#8975,#8976));
#1893=LINE('',#11706,#2817);
#1894=LINE('',#11708,#2818);
#1895=LINE('',#11710,#2819);
#1896=LINE('',#11711,#2820);
#1897=LINE('',#11714,#2821);
#1898=LINE('',#11716,#2822);
#1899=LINE('',#11717,#2823);
#1900=LINE('',#11720,#2824);
#1901=LINE('',#11722,#2825);
#1902=LINE('',#11723,#2826);
#1903=LINE('',#11726,#2827);
#1904=LINE('',#11728,#2828);
#1905=LINE('',#11729,#2829);
#1906=LINE('',#11732,#2830);
#1907=LINE('',#11734,#2831);
#1908=LINE('',#11735,#2832);
#1909=LINE('',#11738,#2833);
#1910=LINE('',#11740,#2834);
#1911=LINE('',#11741,#2835);
#1912=LINE('',#11744,#2836);
#1913=LINE('',#11746,#2837);
#1914=LINE('',#11747,#2838);
#1915=LINE('',#11750,#2839);
#1916=LINE('',#11752,#2840);
#1917=LINE('',#11753,#2841);
#1918=LINE('',#11756,#2842);
#1919=LINE('',#11758,#2843);
#1920=LINE('',#11759,#2844);
#1921=LINE('',#11762,#2845);
#1922=LINE('',#11764,#2846);
#1923=LINE('',#11765,#2847);
#1924=LINE('',#11768,#2848);
#1925=LINE('',#11770,#2849);
#1926=LINE('',#11771,#2850);
#1927=LINE('',#11773,#2851);
#1928=LINE('',#11774,#2852);
#1929=LINE('',#11779,#2853);
#1930=LINE('',#11781,#2854);
#1931=LINE('',#11783,#2855);
#1932=LINE('',#11784,#2856);
#1933=LINE('',#11796,#2857);
#1934=LINE('',#11811,#2858);
#1935=LINE('',#11826,#2859);
#1936=LINE('',#11841,#2860);
#1937=LINE('',#11856,#2861);
#1938=LINE('',#11862,#2862);
#1939=LINE('',#11864,#2863);
#1940=LINE('',#11865,#2864);
#1941=LINE('',#11867,#2865);
#1942=LINE('',#11868,#2866);
#1943=LINE('',#11872,#2867);
#1944=LINE('',#11874,#2868);
#1945=LINE('',#11876,#2869);
#1946=LINE('',#11877,#2870);
#1947=LINE('',#11880,#2871);
#1948=LINE('',#11882,#2872);
#1949=LINE('',#11883,#2873);
#1950=LINE('',#11895,#2874);
#1951=LINE('',#11910,#2875);
#1952=LINE('',#11925,#2876);
#1953=LINE('',#11940,#2877);
#1954=LINE('',#11946,#2878);
#1955=LINE('',#11948,#2879);
#1956=LINE('',#11949,#2880);
#1957=LINE('',#11952,#2881);
#1958=LINE('',#11954,#2882);
#1959=LINE('',#11955,#2883);
#1960=LINE('',#11958,#2884);
#1961=LINE('',#11960,#2885);
#1962=LINE('',#11961,#2886);
#1963=LINE('',#11973,#2887);
#1964=LINE('',#11988,#2888);
#1965=LINE('',#12003,#2889);
#1966=LINE('',#12018,#2890);
#1967=LINE('',#12033,#2891);
#1968=LINE('',#12048,#2892);
#1969=LINE('',#12063,#2893);
#1970=LINE('',#12069,#2894);
#1971=LINE('',#12071,#2895);
#1972=LINE('',#12072,#2896);
#1973=LINE('',#12075,#2897);
#1974=LINE('',#12077,#2898);
#1975=LINE('',#12078,#2899);
#1976=LINE('',#12080,#2900);
#1977=LINE('',#12081,#2901);
#1978=LINE('',#12086,#2902);
#1979=LINE('',#12088,#2903);
#1980=LINE('',#12090,#2904);
#1981=LINE('',#12091,#2905);
#1982=LINE('',#12094,#2906);
#1983=LINE('',#12096,#2907);
#1984=LINE('',#12097,#2908);
#1985=LINE('',#12100,#2909);
#1986=LINE('',#12102,#2910);
#1987=LINE('',#12103,#2911);
#1988=LINE('',#12106,#2912);
#1989=LINE('',#12108,#2913);
#1990=LINE('',#12109,#2914);
#1991=LINE('',#12112,#2915);
#1992=LINE('',#12114,#2916);
#1993=LINE('',#12115,#2917);
#1994=LINE('',#12118,#2918);
#1995=LINE('',#12120,#2919);
#1996=LINE('',#12121,#2920);
#1997=LINE('',#12124,#2921);
#1998=LINE('',#12126,#2922);
#1999=LINE('',#12127,#2923);
#2000=LINE('',#12130,#2924);
#2001=LINE('',#12132,#2925);
#2002=LINE('',#12133,#2926);
#2003=LINE('',#12136,#2927);
#2004=LINE('',#12138,#2928);
#2005=LINE('',#12139,#2929);
#2006=LINE('',#12142,#2930);
#2007=LINE('',#12144,#2931);
#2008=LINE('',#12145,#2932);
#2009=LINE('',#12148,#2933);
#2010=LINE('',#12150,#2934);
#2011=LINE('',#12151,#2935);
#2012=LINE('',#12153,#2936);
#2013=LINE('',#12154,#2937);
#2014=LINE('',#12159,#2938);
#2015=LINE('',#12161,#2939);
#2016=LINE('',#12163,#2940);
#2017=LINE('',#12164,#2941);
#2018=LINE('',#12167,#2942);
#2019=LINE('',#12169,#2943);
#2020=LINE('',#12170,#2944);
#2021=LINE('',#12173,#2945);
#2022=LINE('',#12175,#2946);
#2023=LINE('',#12176,#2947);
#2024=LINE('',#12179,#2948);
#2025=LINE('',#12181,#2949);
#2026=LINE('',#12182,#2950);
#2027=LINE('',#12185,#2951);
#2028=LINE('',#12187,#2952);
#2029=LINE('',#12188,#2953);
#2030=LINE('',#12190,#2954);
#2031=LINE('',#12191,#2955);
#2032=LINE('',#12205,#2956);
#2033=LINE('',#12210,#2957);
#2034=LINE('',#12222,#2958);
#2035=LINE('',#12237,#2959);
#2036=LINE('',#12252,#2960);
#2037=LINE('',#12267,#2961);
#2038=LINE('',#12282,#2962);
#2039=LINE('',#12297,#2963);
#2040=LINE('',#12312,#2964);
#2041=LINE('',#12340,#2965);
#2042=LINE('',#12345,#2966);
#2043=LINE('',#12357,#2967);
#2044=LINE('',#12372,#2968);
#2045=LINE('',#12387,#2969);
#2046=LINE('',#12402,#2970);
#2047=LINE('',#12417,#2971);
#2048=LINE('',#12432,#2972);
#2049=LINE('',#12447,#2973);
#2050=LINE('',#12462,#2974);
#2051=LINE('',#12477,#2975);
#2052=LINE('',#12497,#2976);
#2053=LINE('',#12499,#2977);
#2054=LINE('',#12501,#2978);
#2055=LINE('',#12502,#2979);
#2056=LINE('',#12514,#2980);
#2057=LINE('',#12529,#2981);
#2058=LINE('',#12544,#2982);
#2059=LINE('',#12559,#2983);
#2060=LINE('',#12574,#2984);
#2061=LINE('',#12589,#2985);
#2062=LINE('',#12604,#2986);
#2063=LINE('',#12610,#2987);
#2064=LINE('',#12612,#2988);
#2065=LINE('',#12613,#2989);
#2066=LINE('',#12615,#2990);
#2067=LINE('',#12616,#2991);
#2068=LINE('',#12629,#2992);
#2069=LINE('',#12634,#2993);
#2070=LINE('',#12646,#2994);
#2071=LINE('',#12661,#2995);
#2072=LINE('',#12676,#2996);
#2073=LINE('',#12691,#2997);
#2074=LINE('',#12706,#2998);
#2075=LINE('',#12721,#2999);
#2076=LINE('',#12736,#3000);
#2077=LINE('',#12751,#3001);
#2078=LINE('',#12757,#3002);
#2079=LINE('',#12759,#3003);
#2080=LINE('',#12760,#3004);
#2081=LINE('',#12763,#3005);
#2082=LINE('',#12765,#3006);
#2083=LINE('',#12766,#3007);
#2084=LINE('',#12768,#3008);
#2085=LINE('',#12769,#3009);
#2086=LINE('',#12774,#3010);
#2087=LINE('',#12776,#3011);
#2088=LINE('',#12778,#3012);
#2089=LINE('',#12779,#3013);
#2090=LINE('',#12782,#3014);
#2091=LINE('',#12784,#3015);
#2092=LINE('',#12785,#3016);
#2093=LINE('',#12788,#3017);
#2094=LINE('',#12790,#3018);
#2095=LINE('',#12791,#3019);
#2096=LINE('',#12794,#3020);
#2097=LINE('',#12796,#3021);
#2098=LINE('',#12797,#3022);
#2099=LINE('',#12800,#3023);
#2100=LINE('',#12802,#3024);
#2101=LINE('',#12803,#3025);
#2102=LINE('',#12806,#3026);
#2103=LINE('',#12808,#3027);
#2104=LINE('',#12809,#3028);
#2105=LINE('',#12812,#3029);
#2106=LINE('',#12814,#3030);
#2107=LINE('',#12815,#3031);
#2108=LINE('',#12818,#3032);
#2109=LINE('',#12820,#3033);
#2110=LINE('',#12821,#3034);
#2111=LINE('',#12824,#3035);
#2112=LINE('',#12826,#3036);
#2113=LINE('',#12827,#3037);
#2114=LINE('',#12829,#3038);
#2115=LINE('',#12830,#3039);
#2116=LINE('',#12844,#3040);
#2117=LINE('',#12849,#3041);
#2118=LINE('',#12861,#3042);
#2119=LINE('',#12867,#3043);
#2120=LINE('',#12869,#3044);
#2121=LINE('',#12870,#3045);
#2122=LINE('',#12873,#3046);
#2123=LINE('',#12875,#3047);
#2124=LINE('',#12876,#3048);
#2125=LINE('',#12878,#3049);
#2126=LINE('',#12879,#3050);
#2127=LINE('',#12883,#3051);
#2128=LINE('',#12885,#3052);
#2129=LINE('',#12887,#3053);
#2130=LINE('',#12888,#3054);
#2131=LINE('',#12891,#3055);
#2132=LINE('',#12893,#3056);
#2133=LINE('',#12894,#3057);
#2134=LINE('',#12897,#3058);
#2135=LINE('',#12899,#3059);
#2136=LINE('',#12900,#3060);
#2137=LINE('',#12903,#3061);
#2138=LINE('',#12905,#3062);
#2139=LINE('',#12906,#3063);
#2140=LINE('',#12909,#3064);
#2141=LINE('',#12911,#3065);
#2142=LINE('',#12912,#3066);
#2143=LINE('',#12915,#3067);
#2144=LINE('',#12917,#3068);
#2145=LINE('',#12918,#3069);
#2146=LINE('',#12921,#3070);
#2147=LINE('',#12923,#3071);
#2148=LINE('',#12924,#3072);
#2149=LINE('',#12926,#3073);
#2150=LINE('',#12927,#3074);
#2151=LINE('',#12932,#3075);
#2152=LINE('',#12934,#3076);
#2153=LINE('',#12936,#3077);
#2154=LINE('',#12937,#3078);
#2155=LINE('',#12940,#3079);
#2156=LINE('',#12942,#3080);
#2157=LINE('',#12943,#3081);
#2158=LINE('',#12946,#3082);
#2159=LINE('',#12948,#3083);
#2160=LINE('',#12949,#3084);
#2161=LINE('',#12952,#3085);
#2162=LINE('',#12954,#3086);
#2163=LINE('',#12955,#3087);
#2164=LINE('',#12958,#3088);
#2165=LINE('',#12960,#3089);
#2166=LINE('',#12961,#3090);
#2167=LINE('',#12964,#3091);
#2168=LINE('',#12966,#3092);
#2169=LINE('',#12967,#3093);
#2170=LINE('',#12970,#3094);
#2171=LINE('',#12972,#3095);
#2172=LINE('',#12973,#3096);
#2173=LINE('',#12976,#3097);
#2174=LINE('',#12978,#3098);
#2175=LINE('',#12979,#3099);
#2176=LINE('',#12982,#3100);
#2177=LINE('',#12984,#3101);
#2178=LINE('',#12985,#3102);
#2179=LINE('',#12997,#3103);
#2180=LINE('',#13012,#3104);
#2181=LINE('',#13018,#3105);
#2182=LINE('',#13020,#3106);
#2183=LINE('',#13021,#3107);
#2184=LINE('',#13024,#3108);
#2185=LINE('',#13026,#3109);
#2186=LINE('',#13027,#3110);
#2187=LINE('',#13030,#3111);
#2188=LINE('',#13032,#3112);
#2189=LINE('',#13033,#3113);
#2190=LINE('',#13035,#3114);
#2191=LINE('',#13036,#3115);
#2192=LINE('',#13041,#3116);
#2193=LINE('',#13043,#3117);
#2194=LINE('',#13045,#3118);
#2195=LINE('',#13046,#3119);
#2196=LINE('',#13049,#3120);
#2197=LINE('',#13051,#3121);
#2198=LINE('',#13052,#3122);
#2199=LINE('',#13055,#3123);
#2200=LINE('',#13057,#3124);
#2201=LINE('',#13058,#3125);
#2202=LINE('',#13061,#3126);
#2203=LINE('',#13063,#3127);
#2204=LINE('',#13064,#3128);
#2205=LINE('',#13067,#3129);
#2206=LINE('',#13069,#3130);
#2207=LINE('',#13070,#3131);
#2208=LINE('',#13073,#3132);
#2209=LINE('',#13075,#3133);
#2210=LINE('',#13076,#3134);
#2211=LINE('',#13079,#3135);
#2212=LINE('',#13081,#3136);
#2213=LINE('',#13082,#3137);
#2214=LINE('',#13085,#3138);
#2215=LINE('',#13087,#3139);
#2216=LINE('',#13088,#3140);
#2217=LINE('',#13091,#3141);
#2218=LINE('',#13093,#3142);
#2219=LINE('',#13094,#3143);
#2220=LINE('',#13097,#3144);
#2221=LINE('',#13099,#3145);
#2222=LINE('',#13100,#3146);
#2223=LINE('',#13103,#3147);
#2224=LINE('',#13105,#3148);
#2225=LINE('',#13106,#3149);
#2226=LINE('',#13108,#3150);
#2227=LINE('',#13109,#3151);
#2228=LINE('',#13114,#3152);
#2229=LINE('',#13116,#3153);
#2230=LINE('',#13118,#3154);
#2231=LINE('',#13119,#3155);
#2232=LINE('',#13122,#3156);
#2233=LINE('',#13124,#3157);
#2234=LINE('',#13125,#3158);
#2235=LINE('',#13128,#3159);
#2236=LINE('',#13130,#3160);
#2237=LINE('',#13131,#3161);
#2238=LINE('',#13134,#3162);
#2239=LINE('',#13136,#3163);
#2240=LINE('',#13137,#3164);
#2241=LINE('',#13140,#3165);
#2242=LINE('',#13142,#3166);
#2243=LINE('',#13143,#3167);
#2244=LINE('',#13146,#3168);
#2245=LINE('',#13148,#3169);
#2246=LINE('',#13149,#3170);
#2247=LINE('',#13152,#3171);
#2248=LINE('',#13154,#3172);
#2249=LINE('',#13155,#3173);
#2250=LINE('',#13157,#3174);
#2251=LINE('',#13158,#3175);
#2252=LINE('',#13176,#3176);
#2253=LINE('',#13181,#3177);
#2254=LINE('',#13193,#3178);
#2255=LINE('',#13208,#3179);
#2256=LINE('',#13223,#3180);
#2257=LINE('',#13238,#3181);
#2258=LINE('',#13253,#3182);
#2259=LINE('',#13268,#3183);
#2260=LINE('',#13296,#3184);
#2261=LINE('',#13301,#3185);
#2262=LINE('',#13313,#3186);
#2263=LINE('',#13328,#3187);
#2264=LINE('',#13343,#3188);
#2265=LINE('',#13358,#3189);
#2266=LINE('',#13373,#3190);
#2267=LINE('',#13388,#3191);
#2268=LINE('',#13403,#3192);
#2269=LINE('',#13423,#3193);
#2270=LINE('',#13425,#3194);
#2271=LINE('',#13427,#3195);
#2272=LINE('',#13428,#3196);
#2273=LINE('',#13440,#3197);
#2274=LINE('',#13455,#3198);
#2275=LINE('',#13470,#3199);
#2276=LINE('',#13485,#3200);
#2277=LINE('',#13500,#3201);
#2278=LINE('',#13515,#3202);
#2279=LINE('',#13521,#3203);
#2280=LINE('',#13523,#3204);
#2281=LINE('',#13524,#3205);
#2282=LINE('',#13526,#3206);
#2283=LINE('',#13527,#3207);
#2284=LINE('',#13531,#3208);
#2285=LINE('',#13533,#3209);
#2286=LINE('',#13535,#3210);
#2287=LINE('',#13536,#3211);
#2288=LINE('',#13548,#3212);
#2289=LINE('',#13563,#3213);
#2290=LINE('',#13578,#3214);
#2291=LINE('',#13593,#3215);
#2292=LINE('',#13608,#3216);
#2293=LINE('',#13623,#3217);
#2294=LINE('',#13638,#3218);
#2295=LINE('',#13644,#3219);
#2296=LINE('',#13646,#3220);
#2297=LINE('',#13647,#3221);
#2298=LINE('',#13649,#3222);
#2299=LINE('',#13650,#3223);
#2300=LINE('',#13663,#3224);
#2301=LINE('',#13668,#3225);
#2302=LINE('',#13680,#3226);
#2303=LINE('',#13695,#3227);
#2304=LINE('',#13710,#3228);
#2305=LINE('',#13725,#3229);
#2306=LINE('',#13740,#3230);
#2307=LINE('',#13755,#3231);
#2308=LINE('',#13770,#3232);
#2309=LINE('',#13785,#3233);
#2310=LINE('',#13800,#3234);
#2311=LINE('',#13815,#3235);
#2312=LINE('',#13821,#3236);
#2313=LINE('',#13823,#3237);
#2314=LINE('',#13824,#3238);
#2315=LINE('',#13827,#3239);
#2316=LINE('',#13829,#3240);
#2317=LINE('',#13830,#3241);
#2318=LINE('',#13832,#3242);
#2319=LINE('',#13833,#3243);
#2320=LINE('',#13847,#3244);
#2321=LINE('',#13852,#3245);
#2322=LINE('',#13864,#3246);
#2323=LINE('',#13879,#3247);
#2324=LINE('',#13885,#3248);
#2325=LINE('',#13887,#3249);
#2326=LINE('',#13888,#3250);
#2327=LINE('',#13891,#3251);
#2328=LINE('',#13893,#3252);
#2329=LINE('',#13894,#3253);
#2330=LINE('',#13897,#3254);
#2331=LINE('',#13899,#3255);
#2332=LINE('',#13900,#3256);
#2333=LINE('',#13912,#3257);
#2334=LINE('',#13927,#3258);
#2335=LINE('',#13933,#3259);
#2336=LINE('',#13935,#3260);
#2337=LINE('',#13936,#3261);
#2338=LINE('',#13939,#3262);
#2339=LINE('',#13941,#3263);
#2340=LINE('',#13942,#3264);
#2341=LINE('',#13945,#3265);
#2342=LINE('',#13947,#3266);
#2343=LINE('',#13948,#3267);
#2344=LINE('',#13960,#3268);
#2345=LINE('',#13975,#3269);
#2346=LINE('',#13990,#3270);
#2347=LINE('',#14005,#3271);
#2348=LINE('',#14020,#3272);
#2349=LINE('',#14026,#3273);
#2350=LINE('',#14028,#3274);
#2351=LINE('',#14029,#3275);
#2352=LINE('',#14055,#3276);
#2353=LINE('',#14060,#3277);
#2354=LINE('',#14072,#3278);
#2355=LINE('',#14087,#3279);
#2356=LINE('',#14102,#3280);
#2357=LINE('',#14117,#3281);
#2358=LINE('',#14132,#3282);
#2359=LINE('',#14147,#3283);
#2360=LINE('',#14175,#3284);
#2361=LINE('',#14180,#3285);
#2362=LINE('',#14192,#3286);
#2363=LINE('',#14207,#3287);
#2364=LINE('',#14222,#3288);
#2365=LINE('',#14237,#3289);
#2366=LINE('',#14252,#3290);
#2367=LINE('',#14267,#3291);
#2368=LINE('',#14282,#3292);
#2369=LINE('',#14311,#3293);
#2370=LINE('',#14316,#3294);
#2371=LINE('',#14328,#3295);
#2372=LINE('',#14343,#3296);
#2373=LINE('',#14358,#3297);
#2374=LINE('',#14373,#3298);
#2375=LINE('',#14388,#3299);
#2376=LINE('',#14403,#3300);
#2377=LINE('',#14422,#3301);
#2378=LINE('',#14424,#3302);
#2379=LINE('',#14426,#3303);
#2380=LINE('',#14427,#3304);
#2381=LINE('',#14430,#3305);
#2382=LINE('',#14432,#3306);
#2383=LINE('',#14433,#3307);
#2384=LINE('',#14436,#3308);
#2385=LINE('',#14438,#3309);
#2386=LINE('',#14439,#3310);
#2387=LINE('',#14451,#3311);
#2388=LINE('',#14466,#3312);
#2389=LINE('',#14481,#3313);
#2390=LINE('',#14496,#3314);
#2391=LINE('',#14511,#3315);
#2392=LINE('',#14526,#3316);
#2393=LINE('',#14541,#3317);
#2394=LINE('',#14556,#3318);
#2395=LINE('',#14571,#3319);
#2396=LINE('',#14577,#3320);
#2397=LINE('',#14579,#3321);
#2398=LINE('',#14580,#3322);
#2399=LINE('',#14582,#3323);
#2400=LINE('',#14583,#3324);
#2401=LINE('',#14597,#3325);
#2402=LINE('',#14602,#3326);
#2403=LINE('',#14614,#3327);
#2404=LINE('',#14629,#3328);
#2405=LINE('',#14644,#3329);
#2406=LINE('',#14659,#3330);
#2407=LINE('',#14674,#3331);
#2408=LINE('',#14689,#3332);
#2409=LINE('',#14704,#3333);
#2410=LINE('',#14719,#3334);
#2411=LINE('',#14724,#3335);
#2412=LINE('',#14725,#3336);
#2413=LINE('',#14729,#3337);
#2414=LINE('',#14731,#3338);
#2415=LINE('',#14733,#3339);
#2416=LINE('',#14734,#3340);
#2417=LINE('',#14746,#3341);
#2418=LINE('',#14761,#3342);
#2419=LINE('',#14767,#3343);
#2420=LINE('',#14769,#3344);
#2421=LINE('',#14770,#3345);
#2422=LINE('',#14782,#3346);
#2423=LINE('',#14797,#3347);
#2424=LINE('',#14812,#3348);
#2425=LINE('',#14827,#3349);
#2426=LINE('',#14842,#3350);
#2427=LINE('',#14857,#3351);
#2428=LINE('',#14872,#3352);
#2429=LINE('',#14878,#3353);
#2430=LINE('',#14880,#3354);
#2431=LINE('',#14881,#3355);
#2432=LINE('',#14893,#3356);
#2433=LINE('',#14908,#3357);
#2434=LINE('',#14923,#3358);
#2435=LINE('',#14938,#3359);
#2436=LINE('',#14953,#3360);
#2437=LINE('',#14968,#3361);
#2438=LINE('',#14983,#3362);
#2439=LINE('',#14998,#3363);
#2440=LINE('',#15013,#3364);
#2441=LINE('',#15028,#3365);
#2442=LINE('',#15043,#3366);
#2443=LINE('',#15058,#3367);
#2444=LINE('',#15073,#3368);
#2445=LINE('',#15088,#3369);
#2446=LINE('',#15108,#3370);
#2447=LINE('',#15110,#3371);
#2448=LINE('',#15112,#3372);
#2449=LINE('',#15113,#3373);
#2450=LINE('',#15116,#3374);
#2451=LINE('',#15118,#3375);
#2452=LINE('',#15119,#3376);
#2453=LINE('',#15122,#3377);
#2454=LINE('',#15124,#3378);
#2455=LINE('',#15125,#3379);
#2456=LINE('',#15128,#3380);
#2457=LINE('',#15130,#3381);
#2458=LINE('',#15131,#3382);
#2459=LINE('',#15134,#3383);
#2460=LINE('',#15136,#3384);
#2461=LINE('',#15137,#3385);
#2462=LINE('',#15139,#3386);
#2463=LINE('',#15140,#3387);
#2464=LINE('',#15145,#3388);
#2465=LINE('',#15147,#3389);
#2466=LINE('',#15149,#3390);
#2467=LINE('',#15150,#3391);
#2468=LINE('',#15162,#3392);
#2469=LINE('',#15177,#3393);
#2470=LINE('',#15192,#3394);
#2471=LINE('',#15207,#3395);
#2472=LINE('',#15222,#3396);
#2473=LINE('',#15228,#3397);
#2474=LINE('',#15230,#3398);
#2475=LINE('',#15231,#3399);
#2476=LINE('',#15234,#3400);
#2477=LINE('',#15236,#3401);
#2478=LINE('',#15237,#3402);
#2479=LINE('',#15240,#3403);
#2480=LINE('',#15242,#3404);
#2481=LINE('',#15243,#3405);
#2482=LINE('',#15255,#3406);
#2483=LINE('',#15270,#3407);
#2484=LINE('',#15285,#3408);
#2485=LINE('',#15300,#3409);
#2486=LINE('',#15315,#3410);
#2487=LINE('',#15321,#3411);
#2488=LINE('',#15323,#3412);
#2489=LINE('',#15324,#3413);
#2490=LINE('',#15327,#3414);
#2491=LINE('',#15329,#3415);
#2492=LINE('',#15330,#3416);
#2493=LINE('',#15333,#3417);
#2494=LINE('',#15335,#3418);
#2495=LINE('',#15336,#3419);
#2496=LINE('',#15338,#3420);
#2497=LINE('',#15339,#3421);
#2498=LINE('',#15353,#3422);
#2499=LINE('',#15358,#3423);
#2500=LINE('',#15370,#3424);
#2501=LINE('',#15385,#3425);
#2502=LINE('',#15400,#3426);
#2503=LINE('',#15415,#3427);
#2504=LINE('',#15430,#3428);
#2505=LINE('',#15445,#3429);
#2506=LINE('',#15473,#3430);
#2507=LINE('',#15478,#3431);
#2508=LINE('',#15490,#3432);
#2509=LINE('',#15505,#3433);
#2510=LINE('',#15520,#3434);
#2511=LINE('',#15535,#3435);
#2512=LINE('',#15550,#3436);
#2513=LINE('',#15565,#3437);
#2514=LINE('',#15580,#3438);
#2515=LINE('',#15586,#3439);
#2516=LINE('',#15588,#3440);
#2517=LINE('',#15589,#3441);
#2518=LINE('',#15592,#3442);
#2519=LINE('',#15594,#3443);
#2520=LINE('',#15595,#3444);
#2521=LINE('',#15598,#3445);
#2522=LINE('',#15600,#3446);
#2523=LINE('',#15601,#3447);
#2524=LINE('',#15604,#3448);
#2525=LINE('',#15606,#3449);
#2526=LINE('',#15607,#3450);
#2527=LINE('',#15609,#3451);
#2528=LINE('',#15610,#3452);
#2529=LINE('',#15624,#3453);
#2530=LINE('',#15629,#3454);
#2531=LINE('',#15641,#3455);
#2532=LINE('',#15656,#3456);
#2533=LINE('',#15662,#3457);
#2534=LINE('',#15664,#3458);
#2535=LINE('',#15665,#3459);
#2536=LINE('',#15690,#3460);
#2537=LINE('',#15695,#3461);
#2538=LINE('',#15707,#3462);
#2539=LINE('',#15722,#3463);
#2540=LINE('',#15728,#3464);
#2541=LINE('',#15730,#3465);
#2542=LINE('',#15731,#3466);
#2543=LINE('',#15743,#3467);
#2544=LINE('',#15758,#3468);
#2545=LINE('',#15773,#3469);
#2546=LINE('',#15788,#3470);
#2547=LINE('',#15803,#3471);
#2548=LINE('',#15818,#3472);
#2549=LINE('',#15833,#3473);
#2550=LINE('',#15848,#3474);
#2551=LINE('',#15863,#3475);
#2552=LINE('',#15869,#3476);
#2553=LINE('',#15871,#3477);
#2554=LINE('',#15872,#3478);
#2555=LINE('',#15889,#3479);
#2556=LINE('',#15891,#3480);
#2557=LINE('',#15893,#3481);
#2558=LINE('',#15894,#3482);
#2559=LINE('',#15897,#3483);
#2560=LINE('',#15899,#3484);
#2561=LINE('',#15900,#3485);
#2562=LINE('',#15903,#3486);
#2563=LINE('',#15905,#3487);
#2564=LINE('',#15906,#3488);
#2565=LINE('',#15909,#3489);
#2566=LINE('',#15911,#3490);
#2567=LINE('',#15912,#3491);
#2568=LINE('',#15915,#3492);
#2569=LINE('',#15917,#3493);
#2570=LINE('',#15918,#3494);
#2571=LINE('',#15921,#3495);
#2572=LINE('',#15923,#3496);
#2573=LINE('',#15924,#3497);
#2574=LINE('',#15927,#3498);
#2575=LINE('',#15929,#3499);
#2576=LINE('',#15930,#3500);
#2577=LINE('',#15932,#3501);
#2578=LINE('',#15933,#3502);
#2579=LINE('',#15938,#3503);
#2580=LINE('',#15940,#3504);
#2581=LINE('',#15942,#3505);
#2582=LINE('',#15943,#3506);
#2583=LINE('',#15946,#3507);
#2584=LINE('',#15948,#3508);
#2585=LINE('',#15949,#3509);
#2586=LINE('',#15952,#3510);
#2587=LINE('',#15954,#3511);
#2588=LINE('',#15955,#3512);
#2589=LINE('',#15957,#3513);
#2590=LINE('',#15958,#3514);
#2591=LINE('',#15980,#3515);
#2592=LINE('',#15985,#3516);
#2593=LINE('',#15997,#3517);
#2594=LINE('',#16012,#3518);
#2595=LINE('',#16027,#3519);
#2596=LINE('',#16042,#3520);
#2597=LINE('',#16048,#3521);
#2598=LINE('',#16050,#3522);
#2599=LINE('',#16051,#3523);
#2600=LINE('',#16054,#3524);
#2601=LINE('',#16056,#3525);
#2602=LINE('',#16057,#3526);
#2603=LINE('',#16060,#3527);
#2604=LINE('',#16062,#3528);
#2605=LINE('',#16063,#3529);
#2606=LINE('',#16075,#3530);
#2607=LINE('',#16090,#3531);
#2608=LINE('',#16105,#3532);
#2609=LINE('',#16120,#3533);
#2610=LINE('',#16135,#3534);
#2611=LINE('',#16150,#3535);
#2612=LINE('',#16156,#3536);
#2613=LINE('',#16158,#3537);
#2614=LINE('',#16159,#3538);
#2615=LINE('',#16162,#3539);
#2616=LINE('',#16164,#3540);
#2617=LINE('',#16165,#3541);
#2618=LINE('',#16167,#3542);
#2619=LINE('',#16168,#3543);
#2620=LINE('',#16173,#3544);
#2621=LINE('',#16175,#3545);
#2622=LINE('',#16177,#3546);
#2623=LINE('',#16178,#3547);
#2624=LINE('',#16181,#3548);
#2625=LINE('',#16183,#3549);
#2626=LINE('',#16184,#3550);
#2627=LINE('',#16187,#3551);
#2628=LINE('',#16189,#3552);
#2629=LINE('',#16190,#3553);
#2630=LINE('',#16193,#3554);
#2631=LINE('',#16195,#3555);
#2632=LINE('',#16196,#3556);
#2633=LINE('',#16199,#3557);
#2634=LINE('',#16201,#3558);
#2635=LINE('',#16202,#3559);
#2636=LINE('',#16205,#3560);
#2637=LINE('',#16207,#3561);
#2638=LINE('',#16208,#3562);
#2639=LINE('',#16211,#3563);
#2640=LINE('',#16213,#3564);
#2641=LINE('',#16214,#3565);
#2642=LINE('',#16217,#3566);
#2643=LINE('',#16219,#3567);
#2644=LINE('',#16220,#3568);
#2645=LINE('',#16223,#3569);
#2646=LINE('',#16225,#3570);
#2647=LINE('',#16226,#3571);
#2648=LINE('',#16229,#3572);
#2649=LINE('',#16231,#3573);
#2650=LINE('',#16232,#3574);
#2651=LINE('',#16235,#3575);
#2652=LINE('',#16237,#3576);
#2653=LINE('',#16238,#3577);
#2654=LINE('',#16240,#3578);
#2655=LINE('',#16241,#3579);
#2656=LINE('',#16246,#3580);
#2657=LINE('',#16248,#3581);
#2658=LINE('',#16250,#3582);
#2659=LINE('',#16251,#3583);
#2660=LINE('',#16254,#3584);
#2661=LINE('',#16256,#3585);
#2662=LINE('',#16257,#3586);
#2663=LINE('',#16260,#3587);
#2664=LINE('',#16262,#3588);
#2665=LINE('',#16263,#3589);
#2666=LINE('',#16266,#3590);
#2667=LINE('',#16268,#3591);
#2668=LINE('',#16269,#3592);
#2669=LINE('',#16272,#3593);
#2670=LINE('',#16274,#3594);
#2671=LINE('',#16275,#3595);
#2672=LINE('',#16278,#3596);
#2673=LINE('',#16280,#3597);
#2674=LINE('',#16281,#3598);
#2675=LINE('',#16284,#3599);
#2676=LINE('',#16286,#3600);
#2677=LINE('',#16287,#3601);
#2678=LINE('',#16290,#3602);
#2679=LINE('',#16292,#3603);
#2680=LINE('',#16293,#3604);
#2681=LINE('',#16296,#3605);
#2682=LINE('',#16298,#3606);
#2683=LINE('',#16299,#3607);
#2684=LINE('',#16302,#3608);
#2685=LINE('',#16304,#3609);
#2686=LINE('',#16305,#3610);
#2687=LINE('',#16308,#3611);
#2688=LINE('',#16310,#3612);
#2689=LINE('',#16311,#3613);
#2690=LINE('',#16313,#3614);
#2691=LINE('',#16314,#3615);
#2692=LINE('',#16320,#3616);
#2693=LINE('',#16326,#3617);
#2694=LINE('',#16331,#3618);
#2695=LINE('',#16335,#3619);
#2696=LINE('',#16339,#3620);
#2697=LINE('',#16343,#3621);
#2698=LINE('',#16347,#3622);
#2699=LINE('',#16349,#3623);
#2700=LINE('',#16351,#3624);
#2701=LINE('',#16353,#3625);
#2702=LINE('',#16355,#3626);
#2703=LINE('',#16357,#3627);
#2704=LINE('',#16358,#3628);
#2705=LINE('',#16361,#3629);
#2706=LINE('',#16363,#3630);
#2707=LINE('',#16365,#3631);
#2708=LINE('',#16367,#3632);
#2709=LINE('',#16369,#3633);
#2710=LINE('',#16373,#3634);
#2711=LINE('',#16375,#3635);
#2712=LINE('',#16379,#3636);
#2713=LINE('',#16383,#3637);
#2714=LINE('',#16385,#3638);
#2715=LINE('',#16389,#3639);
#2716=LINE('',#16391,#3640);
#2717=LINE('',#16393,#3641);
#2718=LINE('',#16395,#3642);
#2719=LINE('',#16397,#3643);
#2720=LINE('',#16401,#3644);
#2721=LINE('',#16403,#3645);
#2722=LINE('',#16407,#3646);
#2723=LINE('',#16411,#3647);
#2724=LINE('',#16412,#3648);
#2725=LINE('',#16421,#3649);
#2726=LINE('',#16422,#3650);
#2727=LINE('',#16425,#3651);
#2728=LINE('',#16427,#3652);
#2729=LINE('',#16430,#3653);
#2730=LINE('',#16432,#3654);
#2731=LINE('',#16434,#3655);
#2732=LINE('',#16437,#3656);
#2733=LINE('',#16442,#3657);
#2734=LINE('',#16445,#3658);
#2735=LINE('',#16447,#3659);
#2736=LINE('',#16452,#3660);
#2737=LINE('',#16456,#3661);
#2738=LINE('',#16460,#3662);
#2739=LINE('',#16464,#3663);
#2740=LINE('',#16468,#3664);
#2741=LINE('',#16472,#3665);
#2742=LINE('',#16475,#3666);
#2743=LINE('',#16481,#3667);
#2744=LINE('',#16484,#3668);
#2745=LINE('',#16485,#3669);
#2746=LINE('',#16487,#3670);
#2747=LINE('',#16489,#3671);
#2748=LINE('',#16492,#3672);
#2749=LINE('',#16495,#3673);
#2750=LINE('',#16497,#3674);
#2751=LINE('',#16500,#3675);
#2752=LINE('',#16503,#3676);
#2753=LINE('',#16505,#3677);
#2754=LINE('',#16507,#3678);
#2755=LINE('',#16509,#3679);
#2756=LINE('',#16511,#3680);
#2757=LINE('',#16512,#3681);
#2758=LINE('',#16515,#3682);
#2759=LINE('',#16516,#3683);
#2760=LINE('',#16518,#3684);
#2761=LINE('',#16520,#3685);
#2762=LINE('',#16523,#3686);
#2763=LINE('',#16525,#3687);
#2764=LINE('',#16528,#3688);
#2765=LINE('',#16532,#3689);
#2766=LINE('',#16533,#3690);
#2767=LINE('',#16536,#3691);
#2768=LINE('',#16537,#3692);
#2769=LINE('',#16540,#3693);
#2770=LINE('',#16543,#3694);
#2771=LINE('',#16545,#3695);
#2772=LINE('',#16547,#3696);
#2773=LINE('',#16550,#3697);
#2774=LINE('',#16551,#3698);
#2775=LINE('',#16554,#3699);
#2776=LINE('',#16556,#3700);
#2777=LINE('',#16557,#3701);
#2778=LINE('',#16560,#3702);
#2779=LINE('',#16561,#3703);
#2780=LINE('',#16564,#3704);
#2781=LINE('',#16568,#3705);
#2782=LINE('',#16569,#3706);
#2783=LINE('',#16572,#3707);
#2784=LINE('',#16576,#3708);
#2785=LINE('',#16580,#3709);
#2786=LINE('',#16583,#3710);
#2787=LINE('',#16586,#3711);
#2788=LINE('',#16587,#3712);
#2789=LINE('',#16591,#3713);
#2790=LINE('',#16593,#3714);
#2791=LINE('',#16594,#3715);
#2792=LINE('',#16595,#3716);
#2793=LINE('',#16598,#3717);
#2794=LINE('',#16605,#3718);
#2795=LINE('',#16609,#3719);
#2796=LINE('',#16613,#3720);
#2797=LINE('',#16619,#3721);
#2798=LINE('',#16620,#3722);
#2799=LINE('',#16623,#3723);
#2800=LINE('',#16624,#3724);
#2801=LINE('',#16626,#3725);
#2802=LINE('',#16627,#3726);
#2803=LINE('',#16628,#3727);
#2804=LINE('',#16631,#3728);
#2805=LINE('',#16634,#3729);
#2806=LINE('',#16635,#3730);
#2807=LINE('',#16637,#3731);
#2808=LINE('',#16638,#3732);
#2809=LINE('',#16640,#3733);
#2810=LINE('',#16642,#3734);
#2811=LINE('',#16644,#3735);
#2812=LINE('',#16645,#3736);
#2813=LINE('',#16648,#3737);
#2814=LINE('',#16653,#3738);
#2815=LINE('',#16656,#3739);
#2816=LINE('',#16658,#3740);
#2817=VECTOR('',#10114,1.);
#2818=VECTOR('',#10115,1.);
#2819=VECTOR('',#10116,1.);
#2820=VECTOR('',#10117,1.);
#2821=VECTOR('',#10120,1.);
#2822=VECTOR('',#10121,1.);
#2823=VECTOR('',#10122,1.);
#2824=VECTOR('',#10125,1.);
#2825=VECTOR('',#10126,1.);
#2826=VECTOR('',#10127,1.);
#2827=VECTOR('',#10130,1.);
#2828=VECTOR('',#10131,1.);
#2829=VECTOR('',#10132,1.);
#2830=VECTOR('',#10135,1.);
#2831=VECTOR('',#10136,1.);
#2832=VECTOR('',#10137,1.);
#2833=VECTOR('',#10140,1.);
#2834=VECTOR('',#10141,1.);
#2835=VECTOR('',#10142,1.);
#2836=VECTOR('',#10145,1.);
#2837=VECTOR('',#10146,1.);
#2838=VECTOR('',#10147,1.);
#2839=VECTOR('',#10150,1.);
#2840=VECTOR('',#10151,1.);
#2841=VECTOR('',#10152,1.);
#2842=VECTOR('',#10155,1.);
#2843=VECTOR('',#10156,1.);
#2844=VECTOR('',#10157,1.);
#2845=VECTOR('',#10160,1.);
#2846=VECTOR('',#10161,1.);
#2847=VECTOR('',#10162,1.);
#2848=VECTOR('',#10165,1.);
#2849=VECTOR('',#10166,1.);
#2850=VECTOR('',#10167,1.);
#2851=VECTOR('',#10170,1.);
#2852=VECTOR('',#10171,1.);
#2853=VECTOR('',#10176,1.);
#2854=VECTOR('',#10177,1.);
#2855=VECTOR('',#10178,1.);
#2856=VECTOR('',#10179,1.);
#2857=VECTOR('',#10180,1.);
#2858=VECTOR('',#10181,1.);
#2859=VECTOR('',#10182,1.);
#2860=VECTOR('',#10183,1.);
#2861=VECTOR('',#10184,1.);
#2862=VECTOR('',#10187,1.);
#2863=VECTOR('',#10188,1.);
#2864=VECTOR('',#10189,1.);
#2865=VECTOR('',#10192,1.);
#2866=VECTOR('',#10193,1.);
#2867=VECTOR('',#10196,1.);
#2868=VECTOR('',#10197,1.);
#2869=VECTOR('',#10198,1.);
#2870=VECTOR('',#10199,1.);
#2871=VECTOR('',#10202,1.);
#2872=VECTOR('',#10203,1.);
#2873=VECTOR('',#10204,1.);
#2874=VECTOR('',#10205,1.);
#2875=VECTOR('',#10206,1.);
#2876=VECTOR('',#10207,1.);
#2877=VECTOR('',#10208,1.);
#2878=VECTOR('',#10211,1.);
#2879=VECTOR('',#10212,1.);
#2880=VECTOR('',#10213,1.);
#2881=VECTOR('',#10216,1.);
#2882=VECTOR('',#10217,1.);
#2883=VECTOR('',#10218,1.);
#2884=VECTOR('',#10221,1.);
#2885=VECTOR('',#10222,1.);
#2886=VECTOR('',#10223,1.);
#2887=VECTOR('',#10224,1.);
#2888=VECTOR('',#10225,1.);
#2889=VECTOR('',#10226,1.);
#2890=VECTOR('',#10227,1.);
#2891=VECTOR('',#10228,1.);
#2892=VECTOR('',#10229,1.);
#2893=VECTOR('',#10230,1.);
#2894=VECTOR('',#10233,1.);
#2895=VECTOR('',#10234,1.);
#2896=VECTOR('',#10235,1.);
#2897=VECTOR('',#10238,1.);
#2898=VECTOR('',#10239,1.);
#2899=VECTOR('',#10240,1.);
#2900=VECTOR('',#10243,1.);
#2901=VECTOR('',#10244,1.);
#2902=VECTOR('',#10249,1.);
#2903=VECTOR('',#10250,1.);
#2904=VECTOR('',#10251,1.);
#2905=VECTOR('',#10252,1.);
#2906=VECTOR('',#10255,1.);
#2907=VECTOR('',#10256,1.);
#2908=VECTOR('',#10257,1.);
#2909=VECTOR('',#10260,1.);
#2910=VECTOR('',#10261,1.);
#2911=VECTOR('',#10262,1.);
#2912=VECTOR('',#10265,1.);
#2913=VECTOR('',#10266,1.);
#2914=VECTOR('',#10267,1.);
#2915=VECTOR('',#10270,1.);
#2916=VECTOR('',#10271,1.);
#2917=VECTOR('',#10272,1.);
#2918=VECTOR('',#10275,1.);
#2919=VECTOR('',#10276,1.);
#2920=VECTOR('',#10277,1.);
#2921=VECTOR('',#10280,1.);
#2922=VECTOR('',#10281,1.);
#2923=VECTOR('',#10282,1.);
#2924=VECTOR('',#10285,1.);
#2925=VECTOR('',#10286,1.);
#2926=VECTOR('',#10287,1.);
#2927=VECTOR('',#10290,1.);
#2928=VECTOR('',#10291,1.);
#2929=VECTOR('',#10292,1.);
#2930=VECTOR('',#10295,1.);
#2931=VECTOR('',#10296,1.);
#2932=VECTOR('',#10297,1.);
#2933=VECTOR('',#10300,1.);
#2934=VECTOR('',#10301,1.);
#2935=VECTOR('',#10302,1.);
#2936=VECTOR('',#10305,1.);
#2937=VECTOR('',#10306,1.);
#2938=VECTOR('',#10311,1.);
#2939=VECTOR('',#10312,1.);
#2940=VECTOR('',#10313,1.);
#2941=VECTOR('',#10314,1.);
#2942=VECTOR('',#10317,1.);
#2943=VECTOR('',#10318,1.);
#2944=VECTOR('',#10319,1.);
#2945=VECTOR('',#10322,1.);
#2946=VECTOR('',#10323,1.);
#2947=VECTOR('',#10324,1.);
#2948=VECTOR('',#10327,1.);
#2949=VECTOR('',#10328,1.);
#2950=VECTOR('',#10329,1.);
#2951=VECTOR('',#10332,1.);
#2952=VECTOR('',#10333,1.);
#2953=VECTOR('',#10334,1.);
#2954=VECTOR('',#10337,1.);
#2955=VECTOR('',#10338,1.);
#2956=VECTOR('',#10341,1.);
#2957=VECTOR('',#10342,1.);
#2958=VECTOR('',#10343,1.);
#2959=VECTOR('',#10344,1.);
#2960=VECTOR('',#10345,1.);
#2961=VECTOR('',#10346,1.);
#2962=VECTOR('',#10347,1.);
#2963=VECTOR('',#10348,1.);
#2964=VECTOR('',#10349,1.);
#2965=VECTOR('',#10350,1.);
#2966=VECTOR('',#10351,1.);
#2967=VECTOR('',#10352,1.);
#2968=VECTOR('',#10353,1.);
#2969=VECTOR('',#10354,1.);
#2970=VECTOR('',#10355,1.);
#2971=VECTOR('',#10356,1.);
#2972=VECTOR('',#10357,1.);
#2973=VECTOR('',#10358,1.);
#2974=VECTOR('',#10359,1.);
#2975=VECTOR('',#10360,1.);
#2976=VECTOR('',#10365,1.);
#2977=VECTOR('',#10366,1.);
#2978=VECTOR('',#10367,1.);
#2979=VECTOR('',#10368,1.);
#2980=VECTOR('',#10369,1.);
#2981=VECTOR('',#10370,1.);
#2982=VECTOR('',#10371,1.);
#2983=VECTOR('',#10372,1.);
#2984=VECTOR('',#10373,1.);
#2985=VECTOR('',#10374,1.);
#2986=VECTOR('',#10375,1.);
#2987=VECTOR('',#10378,1.);
#2988=VECTOR('',#10379,1.);
#2989=VECTOR('',#10380,1.);
#2990=VECTOR('',#10383,1.);
#2991=VECTOR('',#10384,1.);
#2992=VECTOR('',#10385,1.);
#2993=VECTOR('',#10386,1.);
#2994=VECTOR('',#10387,1.);
#2995=VECTOR('',#10388,1.);
#2996=VECTOR('',#10389,1.);
#2997=VECTOR('',#10390,1.);
#2998=VECTOR('',#10391,1.);
#2999=VECTOR('',#10392,1.);
#3000=VECTOR('',#10393,1.);
#3001=VECTOR('',#10394,1.);
#3002=VECTOR('',#10397,1.);
#3003=VECTOR('',#10398,1.);
#3004=VECTOR('',#10399,1.);
#3005=VECTOR('',#10402,1.);
#3006=VECTOR('',#10403,1.);
#3007=VECTOR('',#10404,1.);
#3008=VECTOR('',#10407,1.);
#3009=VECTOR('',#10408,1.);
#3010=VECTOR('',#10413,1.);
#3011=VECTOR('',#10414,1.);
#3012=VECTOR('',#10415,1.);
#3013=VECTOR('',#10416,1.);
#3014=VECTOR('',#10419,1.);
#3015=VECTOR('',#10420,1.);
#3016=VECTOR('',#10421,1.);
#3017=VECTOR('',#10424,1.);
#3018=VECTOR('',#10425,1.);
#3019=VECTOR('',#10426,1.);
#3020=VECTOR('',#10429,1.);
#3021=VECTOR('',#10430,1.);
#3022=VECTOR('',#10431,1.);
#3023=VECTOR('',#10434,1.);
#3024=VECTOR('',#10435,1.);
#3025=VECTOR('',#10436,1.);
#3026=VECTOR('',#10439,1.);
#3027=VECTOR('',#10440,1.);
#3028=VECTOR('',#10441,1.);
#3029=VECTOR('',#10444,1.);
#3030=VECTOR('',#10445,1.);
#3031=VECTOR('',#10446,1.);
#3032=VECTOR('',#10449,1.);
#3033=VECTOR('',#10450,1.);
#3034=VECTOR('',#10451,1.);
#3035=VECTOR('',#10454,1.);
#3036=VECTOR('',#10455,1.);
#3037=VECTOR('',#10456,1.);
#3038=VECTOR('',#10459,1.);
#3039=VECTOR('',#10460,1.);
#3040=VECTOR('',#10463,1.);
#3041=VECTOR('',#10464,1.);
#3042=VECTOR('',#10465,1.);
#3043=VECTOR('',#10468,1.);
#3044=VECTOR('',#10469,1.);
#3045=VECTOR('',#10470,1.);
#3046=VECTOR('',#10473,1.);
#3047=VECTOR('',#10474,1.);
#3048=VECTOR('',#10475,1.);
#3049=VECTOR('',#10478,1.);
#3050=VECTOR('',#10479,1.);
#3051=VECTOR('',#10482,1.);
#3052=VECTOR('',#10483,1.);
#3053=VECTOR('',#10484,1.);
#3054=VECTOR('',#10485,1.);
#3055=VECTOR('',#10488,1.);
#3056=VECTOR('',#10489,1.);
#3057=VECTOR('',#10490,1.);
#3058=VECTOR('',#10493,1.);
#3059=VECTOR('',#10494,1.);
#3060=VECTOR('',#10495,1.);
#3061=VECTOR('',#10498,1.);
#3062=VECTOR('',#10499,1.);
#3063=VECTOR('',#10500,1.);
#3064=VECTOR('',#10503,1.);
#3065=VECTOR('',#10504,1.);
#3066=VECTOR('',#10505,1.);
#3067=VECTOR('',#10508,1.);
#3068=VECTOR('',#10509,1.);
#3069=VECTOR('',#10510,1.);
#3070=VECTOR('',#10513,1.);
#3071=VECTOR('',#10514,1.);
#3072=VECTOR('',#10515,1.);
#3073=VECTOR('',#10518,1.);
#3074=VECTOR('',#10519,1.);
#3075=VECTOR('',#10524,1.);
#3076=VECTOR('',#10525,1.);
#3077=VECTOR('',#10526,1.);
#3078=VECTOR('',#10527,1.);
#3079=VECTOR('',#10530,1.);
#3080=VECTOR('',#10531,1.);
#3081=VECTOR('',#10532,1.);
#3082=VECTOR('',#10535,1.);
#3083=VECTOR('',#10536,1.);
#3084=VECTOR('',#10537,1.);
#3085=VECTOR('',#10540,1.);
#3086=VECTOR('',#10541,1.);
#3087=VECTOR('',#10542,1.);
#3088=VECTOR('',#10545,1.);
#3089=VECTOR('',#10546,1.);
#3090=VECTOR('',#10547,1.);
#3091=VECTOR('',#10550,1.);
#3092=VECTOR('',#10551,1.);
#3093=VECTOR('',#10552,1.);
#3094=VECTOR('',#10555,1.);
#3095=VECTOR('',#10556,1.);
#3096=VECTOR('',#10557,1.);
#3097=VECTOR('',#10560,1.);
#3098=VECTOR('',#10561,1.);
#3099=VECTOR('',#10562,1.);
#3100=VECTOR('',#10565,1.);
#3101=VECTOR('',#10566,1.);
#3102=VECTOR('',#10567,1.);
#3103=VECTOR('',#10568,1.);
#3104=VECTOR('',#10569,1.);
#3105=VECTOR('',#10572,1.);
#3106=VECTOR('',#10573,1.);
#3107=VECTOR('',#10574,1.);
#3108=VECTOR('',#10577,1.);
#3109=VECTOR('',#10578,1.);
#3110=VECTOR('',#10579,1.);
#3111=VECTOR('',#10582,1.);
#3112=VECTOR('',#10583,1.);
#3113=VECTOR('',#10584,1.);
#3114=VECTOR('',#10587,1.);
#3115=VECTOR('',#10588,1.);
#3116=VECTOR('',#10593,1.);
#3117=VECTOR('',#10594,1.);
#3118=VECTOR('',#10595,1.);
#3119=VECTOR('',#10596,1.);
#3120=VECTOR('',#10599,1.);
#3121=VECTOR('',#10600,1.);
#3122=VECTOR('',#10601,1.);
#3123=VECTOR('',#10604,1.);
#3124=VECTOR('',#10605,1.);
#3125=VECTOR('',#10606,1.);
#3126=VECTOR('',#10609,1.);
#3127=VECTOR('',#10610,1.);
#3128=VECTOR('',#10611,1.);
#3129=VECTOR('',#10614,1.);
#3130=VECTOR('',#10615,1.);
#3131=VECTOR('',#10616,1.);
#3132=VECTOR('',#10619,1.);
#3133=VECTOR('',#10620,1.);
#3134=VECTOR('',#10621,1.);
#3135=VECTOR('',#10624,1.);
#3136=VECTOR('',#10625,1.);
#3137=VECTOR('',#10626,1.);
#3138=VECTOR('',#10629,1.);
#3139=VECTOR('',#10630,1.);
#3140=VECTOR('',#10631,1.);
#3141=VECTOR('',#10634,1.);
#3142=VECTOR('',#10635,1.);
#3143=VECTOR('',#10636,1.);
#3144=VECTOR('',#10639,1.);
#3145=VECTOR('',#10640,1.);
#3146=VECTOR('',#10641,1.);
#3147=VECTOR('',#10644,1.);
#3148=VECTOR('',#10645,1.);
#3149=VECTOR('',#10646,1.);
#3150=VECTOR('',#10649,1.);
#3151=VECTOR('',#10650,1.);
#3152=VECTOR('',#10655,1.);
#3153=VECTOR('',#10656,1.);
#3154=VECTOR('',#10657,1.);
#3155=VECTOR('',#10658,1.);
#3156=VECTOR('',#10661,1.);
#3157=VECTOR('',#10662,1.);
#3158=VECTOR('',#10663,1.);
#3159=VECTOR('',#10666,1.);
#3160=VECTOR('',#10667,1.);
#3161=VECTOR('',#10668,1.);
#3162=VECTOR('',#10671,1.);
#3163=VECTOR('',#10672,1.);
#3164=VECTOR('',#10673,1.);
#3165=VECTOR('',#10676,1.);
#3166=VECTOR('',#10677,1.);
#3167=VECTOR('',#10678,1.);
#3168=VECTOR('',#10681,1.);
#3169=VECTOR('',#10682,1.);
#3170=VECTOR('',#10683,1.);
#3171=VECTOR('',#10686,1.);
#3172=VECTOR('',#10687,1.);
#3173=VECTOR('',#10688,1.);
#3174=VECTOR('',#10691,1.);
#3175=VECTOR('',#10692,1.);
#3176=VECTOR('',#10703,1.);
#3177=VECTOR('',#10704,1.);
#3178=VECTOR('',#10705,1.);
#3179=VECTOR('',#10706,1.);
#3180=VECTOR('',#10707,1.);
#3181=VECTOR('',#10708,1.);
#3182=VECTOR('',#10709,1.);
#3183=VECTOR('',#10710,1.);
#3184=VECTOR('',#10711,1.);
#3185=VECTOR('',#10712,1.);
#3186=VECTOR('',#10713,1.);
#3187=VECTOR('',#10714,1.);
#3188=VECTOR('',#10715,1.);
#3189=VECTOR('',#10716,1.);
#3190=VECTOR('',#10717,1.);
#3191=VECTOR('',#10718,1.);
#3192=VECTOR('',#10719,1.);
#3193=VECTOR('',#10724,1.);
#3194=VECTOR('',#10725,1.);
#3195=VECTOR('',#10726,1.);
#3196=VECTOR('',#10727,1.);
#3197=VECTOR('',#10728,1.);
#3198=VECTOR('',#10729,1.);
#3199=VECTOR('',#10730,1.);
#3200=VECTOR('',#10731,1.);
#3201=VECTOR('',#10732,1.);
#3202=VECTOR('',#10733,1.);
#3203=VECTOR('',#10736,1.);
#3204=VECTOR('',#10737,1.);
#3205=VECTOR('',#10738,1.);
#3206=VECTOR('',#10741,1.);
#3207=VECTOR('',#10742,1.);
#3208=VECTOR('',#10745,1.);
#3209=VECTOR('',#10746,1.);
#3210=VECTOR('',#10747,1.);
#3211=VECTOR('',#10748,1.);
#3212=VECTOR('',#10749,1.);
#3213=VECTOR('',#10750,1.);
#3214=VECTOR('',#10751,1.);
#3215=VECTOR('',#10752,1.);
#3216=VECTOR('',#10753,1.);
#3217=VECTOR('',#10754,1.);
#3218=VECTOR('',#10755,1.);
#3219=VECTOR('',#10758,1.);
#3220=VECTOR('',#10759,1.);
#3221=VECTOR('',#10760,1.);
#3222=VECTOR('',#10763,1.);
#3223=VECTOR('',#10764,1.);
#3224=VECTOR('',#10765,1.);
#3225=VECTOR('',#10766,1.);
#3226=VECTOR('',#10767,1.);
#3227=VECTOR('',#10768,1.);
#3228=VECTOR('',#10769,1.);
#3229=VECTOR('',#10770,1.);
#3230=VECTOR('',#10771,1.);
#3231=VECTOR('',#10772,1.);
#3232=VECTOR('',#10773,1.);
#3233=VECTOR('',#10774,1.);
#3234=VECTOR('',#10775,1.);
#3235=VECTOR('',#10776,1.);
#3236=VECTOR('',#10779,1.);
#3237=VECTOR('',#10780,1.);
#3238=VECTOR('',#10781,1.);
#3239=VECTOR('',#10784,1.);
#3240=VECTOR('',#10785,1.);
#3241=VECTOR('',#10786,1.);
#3242=VECTOR('',#10789,1.);
#3243=VECTOR('',#10790,1.);
#3244=VECTOR('',#10793,1.);
#3245=VECTOR('',#10794,1.);
#3246=VECTOR('',#10795,1.);
#3247=VECTOR('',#10796,1.);
#3248=VECTOR('',#10799,1.);
#3249=VECTOR('',#10800,1.);
#3250=VECTOR('',#10801,1.);
#3251=VECTOR('',#10804,1.);
#3252=VECTOR('',#10805,1.);
#3253=VECTOR('',#10806,1.);
#3254=VECTOR('',#10809,1.);
#3255=VECTOR('',#10810,1.);
#3256=VECTOR('',#10811,1.);
#3257=VECTOR('',#10812,1.);
#3258=VECTOR('',#10813,1.);
#3259=VECTOR('',#10816,1.);
#3260=VECTOR('',#10817,1.);
#3261=VECTOR('',#10818,1.);
#3262=VECTOR('',#10821,1.);
#3263=VECTOR('',#10822,1.);
#3264=VECTOR('',#10823,1.);
#3265=VECTOR('',#10826,1.);
#3266=VECTOR('',#10827,1.);
#3267=VECTOR('',#10828,1.);
#3268=VECTOR('',#10829,1.);
#3269=VECTOR('',#10830,1.);
#3270=VECTOR('',#10831,1.);
#3271=VECTOR('',#10832,1.);
#3272=VECTOR('',#10833,1.);
#3273=VECTOR('',#10836,1.);
#3274=VECTOR('',#10837,1.);
#3275=VECTOR('',#10838,1.);
#3276=VECTOR('',#10841,1.);
#3277=VECTOR('',#10842,1.);
#3278=VECTOR('',#10843,1.);
#3279=VECTOR('',#10844,1.);
#3280=VECTOR('',#10845,1.);
#3281=VECTOR('',#10846,1.);
#3282=VECTOR('',#10847,1.);
#3283=VECTOR('',#10848,1.);
#3284=VECTOR('',#10849,1.);
#3285=VECTOR('',#10850,1.);
#3286=VECTOR('',#10851,1.);
#3287=VECTOR('',#10852,1.);
#3288=VECTOR('',#10853,1.);
#3289=VECTOR('',#10854,1.);
#3290=VECTOR('',#10855,1.);
#3291=VECTOR('',#10856,1.);
#3292=VECTOR('',#10857,1.);
#3293=VECTOR('',#10860,1.);
#3294=VECTOR('',#10861,1.);
#3295=VECTOR('',#10862,1.);
#3296=VECTOR('',#10863,1.);
#3297=VECTOR('',#10864,1.);
#3298=VECTOR('',#10865,1.);
#3299=VECTOR('',#10866,1.);
#3300=VECTOR('',#10867,1.);
#3301=VECTOR('',#10870,1.);
#3302=VECTOR('',#10871,1.);
#3303=VECTOR('',#10872,1.);
#3304=VECTOR('',#10873,1.);
#3305=VECTOR('',#10876,1.);
#3306=VECTOR('',#10877,1.);
#3307=VECTOR('',#10878,1.);
#3308=VECTOR('',#10881,1.);
#3309=VECTOR('',#10882,1.);
#3310=VECTOR('',#10883,1.);
#3311=VECTOR('',#10884,1.);
#3312=VECTOR('',#10885,1.);
#3313=VECTOR('',#10886,1.);
#3314=VECTOR('',#10887,1.);
#3315=VECTOR('',#10888,1.);
#3316=VECTOR('',#10889,1.);
#3317=VECTOR('',#10890,1.);
#3318=VECTOR('',#10891,1.);
#3319=VECTOR('',#10892,1.);
#3320=VECTOR('',#10895,1.);
#3321=VECTOR('',#10896,1.);
#3322=VECTOR('',#10897,1.);
#3323=VECTOR('',#10900,1.);
#3324=VECTOR('',#10901,1.);
#3325=VECTOR('',#10904,1.);
#3326=VECTOR('',#10905,1.);
#3327=VECTOR('',#10906,1.);
#3328=VECTOR('',#10907,1.);
#3329=VECTOR('',#10908,1.);
#3330=VECTOR('',#10909,1.);
#3331=VECTOR('',#10910,1.);
#3332=VECTOR('',#10911,1.);
#3333=VECTOR('',#10912,1.);
#3334=VECTOR('',#10913,1.);
#3335=VECTOR('',#10916,1.);
#3336=VECTOR('',#10917,1.);
#3337=VECTOR('',#10920,1.);
#3338=VECTOR('',#10921,1.);
#3339=VECTOR('',#10922,1.);
#3340=VECTOR('',#10923,1.);
#3341=VECTOR('',#10924,1.);
#3342=VECTOR('',#10925,1.);
#3343=VECTOR('',#10928,1.);
#3344=VECTOR('',#10929,1.);
#3345=VECTOR('',#10930,1.);
#3346=VECTOR('',#10931,1.);
#3347=VECTOR('',#10932,1.);
#3348=VECTOR('',#10933,1.);
#3349=VECTOR('',#10934,1.);
#3350=VECTOR('',#10935,1.);
#3351=VECTOR('',#10936,1.);
#3352=VECTOR('',#10937,1.);
#3353=VECTOR('',#10940,1.);
#3354=VECTOR('',#10941,1.);
#3355=VECTOR('',#10942,1.);
#3356=VECTOR('',#10943,1.);
#3357=VECTOR('',#10944,1.);
#3358=VECTOR('',#10945,1.);
#3359=VECTOR('',#10946,1.);
#3360=VECTOR('',#10947,1.);
#3361=VECTOR('',#10948,1.);
#3362=VECTOR('',#10949,1.);
#3363=VECTOR('',#10950,1.);
#3364=VECTOR('',#10951,1.);
#3365=VECTOR('',#10952,1.);
#3366=VECTOR('',#10953,1.);
#3367=VECTOR('',#10954,1.);
#3368=VECTOR('',#10955,1.);
#3369=VECTOR('',#10956,1.);
#3370=VECTOR('',#10961,1.);
#3371=VECTOR('',#10962,1.);
#3372=VECTOR('',#10963,1.);
#3373=VECTOR('',#10964,1.);
#3374=VECTOR('',#10967,1.);
#3375=VECTOR('',#10968,1.);
#3376=VECTOR('',#10969,1.);
#3377=VECTOR('',#10972,1.);
#3378=VECTOR('',#10973,1.);
#3379=VECTOR('',#10974,1.);
#3380=VECTOR('',#10977,1.);
#3381=VECTOR('',#10978,1.);
#3382=VECTOR('',#10979,1.);
#3383=VECTOR('',#10982,1.);
#3384=VECTOR('',#10983,1.);
#3385=VECTOR('',#10984,1.);
#3386=VECTOR('',#10987,1.);
#3387=VECTOR('',#10988,1.);
#3388=VECTOR('',#10993,1.);
#3389=VECTOR('',#10994,1.);
#3390=VECTOR('',#10995,1.);
#3391=VECTOR('',#10996,1.);
#3392=VECTOR('',#10997,1.);
#3393=VECTOR('',#10998,1.);
#3394=VECTOR('',#10999,1.);
#3395=VECTOR('',#11000,1.);
#3396=VECTOR('',#11001,1.);
#3397=VECTOR('',#11004,1.);
#3398=VECTOR('',#11005,1.);
#3399=VECTOR('',#11006,1.);
#3400=VECTOR('',#11009,1.);
#3401=VECTOR('',#11010,1.);
#3402=VECTOR('',#11011,1.);
#3403=VECTOR('',#11014,1.);
#3404=VECTOR('',#11015,1.);
#3405=VECTOR('',#11016,1.);
#3406=VECTOR('',#11017,1.);
#3407=VECTOR('',#11018,1.);
#3408=VECTOR('',#11019,1.);
#3409=VECTOR('',#11020,1.);
#3410=VECTOR('',#11021,1.);
#3411=VECTOR('',#11024,1.);
#3412=VECTOR('',#11025,1.);
#3413=VECTOR('',#11026,1.);
#3414=VECTOR('',#11029,1.);
#3415=VECTOR('',#11030,1.);
#3416=VECTOR('',#11031,1.);
#3417=VECTOR('',#11034,1.);
#3418=VECTOR('',#11035,1.);
#3419=VECTOR('',#11036,1.);
#3420=VECTOR('',#11039,1.);
#3421=VECTOR('',#11040,1.);
#3422=VECTOR('',#11043,1.);
#3423=VECTOR('',#11044,1.);
#3424=VECTOR('',#11045,1.);
#3425=VECTOR('',#11046,1.);
#3426=VECTOR('',#11047,1.);
#3427=VECTOR('',#11048,1.);
#3428=VECTOR('',#11049,1.);
#3429=VECTOR('',#11050,1.);
#3430=VECTOR('',#11051,1.);
#3431=VECTOR('',#11052,1.);
#3432=VECTOR('',#11053,1.);
#3433=VECTOR('',#11054,1.);
#3434=VECTOR('',#11055,1.);
#3435=VECTOR('',#11056,1.);
#3436=VECTOR('',#11057,1.);
#3437=VECTOR('',#11058,1.);
#3438=VECTOR('',#11059,1.);
#3439=VECTOR('',#11062,1.);
#3440=VECTOR('',#11063,1.);
#3441=VECTOR('',#11064,1.);
#3442=VECTOR('',#11067,1.);
#3443=VECTOR('',#11068,1.);
#3444=VECTOR('',#11069,1.);
#3445=VECTOR('',#11072,1.);
#3446=VECTOR('',#11073,1.);
#3447=VECTOR('',#11074,1.);
#3448=VECTOR('',#11077,1.);
#3449=VECTOR('',#11078,1.);
#3450=VECTOR('',#11079,1.);
#3451=VECTOR('',#11082,1.);
#3452=VECTOR('',#11083,1.);
#3453=VECTOR('',#11086,1.);
#3454=VECTOR('',#11087,1.);
#3455=VECTOR('',#11088,1.);
#3456=VECTOR('',#11089,1.);
#3457=VECTOR('',#11092,1.);
#3458=VECTOR('',#11093,1.);
#3459=VECTOR('',#11094,1.);
#3460=VECTOR('',#11095,1.);
#3461=VECTOR('',#11096,1.);
#3462=VECTOR('',#11097,1.);
#3463=VECTOR('',#11098,1.);
#3464=VECTOR('',#11101,1.);
#3465=VECTOR('',#11102,1.);
#3466=VECTOR('',#11103,1.);
#3467=VECTOR('',#11104,1.);
#3468=VECTOR('',#11105,1.);
#3469=VECTOR('',#11106,1.);
#3470=VECTOR('',#11107,1.);
#3471=VECTOR('',#11108,1.);
#3472=VECTOR('',#11109,1.);
#3473=VECTOR('',#11110,1.);
#3474=VECTOR('',#11111,1.);
#3475=VECTOR('',#11112,1.);
#3476=VECTOR('',#11115,1.);
#3477=VECTOR('',#11116,1.);
#3478=VECTOR('',#11117,1.);
#3479=VECTOR('',#11122,1.);
#3480=VECTOR('',#11123,1.);
#3481=VECTOR('',#11124,1.);
#3482=VECTOR('',#11125,1.);
#3483=VECTOR('',#11128,1.);
#3484=VECTOR('',#11129,1.);
#3485=VECTOR('',#11130,1.);
#3486=VECTOR('',#11133,1.);
#3487=VECTOR('',#11134,1.);
#3488=VECTOR('',#11135,1.);
#3489=VECTOR('',#11138,1.);
#3490=VECTOR('',#11139,1.);
#3491=VECTOR('',#11140,1.);
#3492=VECTOR('',#11143,1.);
#3493=VECTOR('',#11144,1.);
#3494=VECTOR('',#11145,1.);
#3495=VECTOR('',#11148,1.);
#3496=VECTOR('',#11149,1.);
#3497=VECTOR('',#11150,1.);
#3498=VECTOR('',#11153,1.);
#3499=VECTOR('',#11154,1.);
#3500=VECTOR('',#11155,1.);
#3501=VECTOR('',#11158,1.);
#3502=VECTOR('',#11159,1.);
#3503=VECTOR('',#11164,1.);
#3504=VECTOR('',#11165,1.);
#3505=VECTOR('',#11166,1.);
#3506=VECTOR('',#11167,1.);
#3507=VECTOR('',#11170,1.);
#3508=VECTOR('',#11171,1.);
#3509=VECTOR('',#11172,1.);
#3510=VECTOR('',#11175,1.);
#3511=VECTOR('',#11176,1.);
#3512=VECTOR('',#11177,1.);
#3513=VECTOR('',#11180,1.);
#3514=VECTOR('',#11181,1.);
#3515=VECTOR('',#11200,1.);
#3516=VECTOR('',#11201,1.);
#3517=VECTOR('',#11202,1.);
#3518=VECTOR('',#11203,1.);
#3519=VECTOR('',#11204,1.);
#3520=VECTOR('',#11205,1.);
#3521=VECTOR('',#11208,1.);
#3522=VECTOR('',#11209,1.);
#3523=VECTOR('',#11210,1.);
#3524=VECTOR('',#11213,1.);
#3525=VECTOR('',#11214,1.);
#3526=VECTOR('',#11215,1.);
#3527=VECTOR('',#11218,1.);
#3528=VECTOR('',#11219,1.);
#3529=VECTOR('',#11220,1.);
#3530=VECTOR('',#11221,1.);
#3531=VECTOR('',#11222,1.);
#3532=VECTOR('',#11223,1.);
#3533=VECTOR('',#11224,1.);
#3534=VECTOR('',#11225,1.);
#3535=VECTOR('',#11226,1.);
#3536=VECTOR('',#11229,1.);
#3537=VECTOR('',#11230,1.);
#3538=VECTOR('',#11231,1.);
#3539=VECTOR('',#11234,1.);
#3540=VECTOR('',#11235,1.);
#3541=VECTOR('',#11236,1.);
#3542=VECTOR('',#11239,1.);
#3543=VECTOR('',#11240,1.);
#3544=VECTOR('',#11245,1.);
#3545=VECTOR('',#11246,1.);
#3546=VECTOR('',#11247,1.);
#3547=VECTOR('',#11248,1.);
#3548=VECTOR('',#11251,1.);
#3549=VECTOR('',#11252,1.);
#3550=VECTOR('',#11253,1.);
#3551=VECTOR('',#11256,1.);
#3552=VECTOR('',#11257,1.);
#3553=VECTOR('',#11258,1.);
#3554=VECTOR('',#11261,1.);
#3555=VECTOR('',#11262,1.);
#3556=VECTOR('',#11263,1.);
#3557=VECTOR('',#11266,1.);
#3558=VECTOR('',#11267,1.);
#3559=VECTOR('',#11268,1.);
#3560=VECTOR('',#11271,1.);
#3561=VECTOR('',#11272,1.);
#3562=VECTOR('',#11273,1.);
#3563=VECTOR('',#11276,1.);
#3564=VECTOR('',#11277,1.);
#3565=VECTOR('',#11278,1.);
#3566=VECTOR('',#11281,1.);
#3567=VECTOR('',#11282,1.);
#3568=VECTOR('',#11283,1.);
#3569=VECTOR('',#11286,1.);
#3570=VECTOR('',#11287,1.);
#3571=VECTOR('',#11288,1.);
#3572=VECTOR('',#11291,1.);
#3573=VECTOR('',#11292,1.);
#3574=VECTOR('',#11293,1.);
#3575=VECTOR('',#11296,1.);
#3576=VECTOR('',#11297,1.);
#3577=VECTOR('',#11298,1.);
#3578=VECTOR('',#11301,1.);
#3579=VECTOR('',#11302,1.);
#3580=VECTOR('',#11307,1.);
#3581=VECTOR('',#11308,1.);
#3582=VECTOR('',#11309,1.);
#3583=VECTOR('',#11310,1.);
#3584=VECTOR('',#11313,1.);
#3585=VECTOR('',#11314,1.);
#3586=VECTOR('',#11315,1.);
#3587=VECTOR('',#11318,1.);
#3588=VECTOR('',#11319,1.);
#3589=VECTOR('',#11320,1.);
#3590=VECTOR('',#11323,1.);
#3591=VECTOR('',#11324,1.);
#3592=VECTOR('',#11325,1.);
#3593=VECTOR('',#11328,1.);
#3594=VECTOR('',#11329,1.);
#3595=VECTOR('',#11330,1.);
#3596=VECTOR('',#11333,1.);
#3597=VECTOR('',#11334,1.);
#3598=VECTOR('',#11335,1.);
#3599=VECTOR('',#11338,1.);
#3600=VECTOR('',#11339,1.);
#3601=VECTOR('',#11340,1.);
#3602=VECTOR('',#11343,1.);
#3603=VECTOR('',#11344,1.);
#3604=VECTOR('',#11345,1.);
#3605=VECTOR('',#11348,1.);
#3606=VECTOR('',#11349,1.);
#3607=VECTOR('',#11350,1.);
#3608=VECTOR('',#11353,1.);
#3609=VECTOR('',#11354,1.);
#3610=VECTOR('',#11355,1.);
#3611=VECTOR('',#11358,1.);
#3612=VECTOR('',#11359,1.);
#3613=VECTOR('',#11360,1.);
#3614=VECTOR('',#11363,1.);
#3615=VECTOR('',#11364,1.);
#3616=VECTOR('',#11371,0.56);
#3617=VECTOR('',#11378,0.17);
#3618=VECTOR('',#11383,1.);
#3619=VECTOR('',#11386,1.);
#3620=VECTOR('',#11389,1.);
#3621=VECTOR('',#11392,1.);
#3622=VECTOR('',#11397,1.);
#3623=VECTOR('',#11398,1.);
#3624=VECTOR('',#11399,1.);
#3625=VECTOR('',#11400,1.);
#3626=VECTOR('',#11401,1.);
#3627=VECTOR('',#11402,1.);
#3628=VECTOR('',#11403,1.);
#3629=VECTOR('',#11406,1.);
#3630=VECTOR('',#11407,1.);
#3631=VECTOR('',#11408,1.);
#3632=VECTOR('',#11409,1.);
#3633=VECTOR('',#11410,1.);
#3634=VECTOR('',#11413,1.);
#3635=VECTOR('',#11414,1.);
#3636=VECTOR('',#11417,1.);
#3637=VECTOR('',#11420,1.);
#3638=VECTOR('',#11421,1.);
#3639=VECTOR('',#11424,1.);
#3640=VECTOR('',#11425,1.);
#3641=VECTOR('',#11426,1.);
#3642=VECTOR('',#11427,1.);
#3643=VECTOR('',#11428,1.);
#3644=VECTOR('',#11431,1.);
#3645=VECTOR('',#11432,1.);
#3646=VECTOR('',#11435,1.);
#3647=VECTOR('',#11438,1.);
#3648=VECTOR('',#11439,1.);
#3649=VECTOR('',#11448,1.);
#3650=VECTOR('',#11449,1.);
#3651=VECTOR('',#11452,1.);
#3652=VECTOR('',#11453,1.);
#3653=VECTOR('',#11456,1.);
#3654=VECTOR('',#11459,1.);
#3655=VECTOR('',#11462,1.);
#3656=VECTOR('',#11465,0.17);
#3657=VECTOR('',#11470,1.);
#3658=VECTOR('',#11473,1.);
#3659=VECTOR('',#11474,1.);
#3660=VECTOR('',#11481,1.);
#3661=VECTOR('',#11484,1.);
#3662=VECTOR('',#11487,1.);
#3663=VECTOR('',#11490,1.);
#3664=VECTOR('',#11493,1.);
#3665=VECTOR('',#11496,1.);
#3666=VECTOR('',#11499,1.);
#3667=VECTOR('',#11506,1.);
#3668=VECTOR('',#11509,1.);
#3669=VECTOR('',#11510,1.);
#3670=VECTOR('',#11513,1.);
#3671=VECTOR('',#11516,0.17);
#3672=VECTOR('',#11519,1.);
#3673=VECTOR('',#11522,1.);
#3674=VECTOR('',#11523,1.);
#3675=VECTOR('',#11526,1.);
#3676=VECTOR('',#11529,1.);
#3677=VECTOR('',#11530,1.);
#3678=VECTOR('',#11531,1.);
#3679=VECTOR('',#11532,1.);
#3680=VECTOR('',#11533,1.);
#3681=VECTOR('',#11534,1.);
#3682=VECTOR('',#11537,1.);
#3683=VECTOR('',#11538,1.);
#3684=VECTOR('',#11541,1.);
#3685=VECTOR('',#11544,0.17);
#3686=VECTOR('',#11547,1.);
#3687=VECTOR('',#11548,1.);
#3688=VECTOR('',#11551,1.);
#3689=VECTOR('',#11556,1.);
#3690=VECTOR('',#11557,1.);
#3691=VECTOR('',#11560,1.);
#3692=VECTOR('',#11561,1.);
#3693=VECTOR('',#11564,1.);
#3694=VECTOR('',#11567,1.);
#3695=VECTOR('',#11570,1.);
#3696=VECTOR('',#11573,1.);
#3697=VECTOR('',#11576,1.);
#3698=VECTOR('',#11577,1.);
#3699=VECTOR('',#11580,1.);
#3700=VECTOR('',#11581,1.);
#3701=VECTOR('',#11582,1.);
#3702=VECTOR('',#11585,1.);
#3703=VECTOR('',#11586,1.);
#3704=VECTOR('',#11589,1.);
#3705=VECTOR('',#11594,1.);
#3706=VECTOR('',#11595,1.);
#3707=VECTOR('',#11598,1.);
#3708=VECTOR('',#11601,1.);
#3709=VECTOR('',#11604,1.);
#3710=VECTOR('',#11609,1.);
#3711=VECTOR('',#11612,1.);
#3712=VECTOR('',#11613,1.);
#3713=VECTOR('',#11616,1.);
#3714=VECTOR('',#11617,1.);
#3715=VECTOR('',#11618,1.);
#3716=VECTOR('',#11619,1.);
#3717=VECTOR('',#11622,1.);
#3718=VECTOR('',#11631,1.);
#3719=VECTOR('',#11634,1.);
#3720=VECTOR('',#11637,1.);
#3721=VECTOR('',#11644,1.);
#3722=VECTOR('',#11645,1.);
#3723=VECTOR('',#11648,1.);
#3724=VECTOR('',#11649,1.);
#3725=VECTOR('',#11652,1.);
#3726=VECTOR('',#11653,1.);
#3727=VECTOR('',#11654,1.);
#3728=VECTOR('',#11659,1.);
#3729=VECTOR('',#11662,1.);
#3730=VECTOR('',#11663,1.);
#3731=VECTOR('',#11666,1.);
#3732=VECTOR('',#11667,1.);
#3733=VECTOR('',#11670,1.);
#3734=VECTOR('',#11673,1.);
#3735=VECTOR('',#11676,1.);
#3736=VECTOR('',#11677,1.);
#3737=VECTOR('',#11682,1.);
#3738=VECTOR('',#11691,1.);
#3739=VECTOR('',#11696,1.);
#3740=VECTOR('',#11699,1.);
#3741=VERTEX_POINT('',#11704);
#3742=VERTEX_POINT('',#11705);
#3743=VERTEX_POINT('',#11707);
#3744=VERTEX_POINT('',#11709);
#3745=VERTEX_POINT('',#11713);
#3746=VERTEX_POINT('',#11715);
#3747=VERTEX_POINT('',#11719);
#3748=VERTEX_POINT('',#11721);
#3749=VERTEX_POINT('',#11725);
#3750=VERTEX_POINT('',#11727);
#3751=VERTEX_POINT('',#11731);
#3752=VERTEX_POINT('',#11733);
#3753=VERTEX_POINT('',#11737);
#3754=VERTEX_POINT('',#11739);
#3755=VERTEX_POINT('',#11743);
#3756=VERTEX_POINT('',#11745);
#3757=VERTEX_POINT('',#11749);
#3758=VERTEX_POINT('',#11751);
#3759=VERTEX_POINT('',#11755);
#3760=VERTEX_POINT('',#11757);
#3761=VERTEX_POINT('',#11761);
#3762=VERTEX_POINT('',#11763);
#3763=VERTEX_POINT('',#11767);
#3764=VERTEX_POINT('',#11769);
#3765=VERTEX_POINT('',#11777);
#3766=VERTEX_POINT('',#11778);
#3767=VERTEX_POINT('',#11780);
#3768=VERTEX_POINT('',#11782);
#3769=VERTEX_POINT('',#11791);
#3770=VERTEX_POINT('',#11795);
#3771=VERTEX_POINT('',#11806);
#3772=VERTEX_POINT('',#11810);
#3773=VERTEX_POINT('',#11821);
#3774=VERTEX_POINT('',#11825);
#3775=VERTEX_POINT('',#11836);
#3776=VERTEX_POINT('',#11840);
#3777=VERTEX_POINT('',#11851);
#3778=VERTEX_POINT('',#11855);
#3779=VERTEX_POINT('',#11861);
#3780=VERTEX_POINT('',#11863);
#3781=VERTEX_POINT('',#11870);
#3782=VERTEX_POINT('',#11871);
#3783=VERTEX_POINT('',#11873);
#3784=VERTEX_POINT('',#11875);
#3785=VERTEX_POINT('',#11879);
#3786=VERTEX_POINT('',#11881);
#3787=VERTEX_POINT('',#11890);
#3788=VERTEX_POINT('',#11894);
#3789=VERTEX_POINT('',#11905);
#3790=VERTEX_POINT('',#11909);
#3791=VERTEX_POINT('',#11920);
#3792=VERTEX_POINT('',#11924);
#3793=VERTEX_POINT('',#11935);
#3794=VERTEX_POINT('',#11939);
#3795=VERTEX_POINT('',#11945);
#3796=VERTEX_POINT('',#11947);
#3797=VERTEX_POINT('',#11951);
#3798=VERTEX_POINT('',#11953);
#3799=VERTEX_POINT('',#11957);
#3800=VERTEX_POINT('',#11959);
#3801=VERTEX_POINT('',#11968);
#3802=VERTEX_POINT('',#11972);
#3803=VERTEX_POINT('',#11983);
#3804=VERTEX_POINT('',#11987);
#3805=VERTEX_POINT('',#11998);
#3806=VERTEX_POINT('',#12002);
#3807=VERTEX_POINT('',#12013);
#3808=VERTEX_POINT('',#12017);
#3809=VERTEX_POINT('',#12028);
#3810=VERTEX_POINT('',#12032);
#3811=VERTEX_POINT('',#12043);
#3812=VERTEX_POINT('',#12047);
#3813=VERTEX_POINT('',#12058);
#3814=VERTEX_POINT('',#12062);
#3815=VERTEX_POINT('',#12068);
#3816=VERTEX_POINT('',#12070);
#3817=VERTEX_POINT('',#12074);
#3818=VERTEX_POINT('',#12076);
#3819=VERTEX_POINT('',#12084);
#3820=VERTEX_POINT('',#12085);
#3821=VERTEX_POINT('',#12087);
#3822=VERTEX_POINT('',#12089);
#3823=VERTEX_POINT('',#12093);
#3824=VERTEX_POINT('',#12095);
#3825=VERTEX_POINT('',#12099);
#3826=VERTEX_POINT('',#12101);
#3827=VERTEX_POINT('',#12105);
#3828=VERTEX_POINT('',#12107);
#3829=VERTEX_POINT('',#12111);
#3830=VERTEX_POINT('',#12113);
#3831=VERTEX_POINT('',#12117);
#3832=VERTEX_POINT('',#12119);
#3833=VERTEX_POINT('',#12123);
#3834=VERTEX_POINT('',#12125);
#3835=VERTEX_POINT('',#12129);
#3836=VERTEX_POINT('',#12131);
#3837=VERTEX_POINT('',#12135);
#3838=VERTEX_POINT('',#12137);
#3839=VERTEX_POINT('',#12141);
#3840=VERTEX_POINT('',#12143);
#3841=VERTEX_POINT('',#12147);
#3842=VERTEX_POINT('',#12149);
#3843=VERTEX_POINT('',#12157);
#3844=VERTEX_POINT('',#12158);
#3845=VERTEX_POINT('',#12160);
#3846=VERTEX_POINT('',#12162);
#3847=VERTEX_POINT('',#12166);
#3848=VERTEX_POINT('',#12168);
#3849=VERTEX_POINT('',#12172);
#3850=VERTEX_POINT('',#12174);
#3851=VERTEX_POINT('',#12178);
#3852=VERTEX_POINT('',#12180);
#3853=VERTEX_POINT('',#12184);
#3854=VERTEX_POINT('',#12186);
#3855=VERTEX_POINT('',#12199);
#3856=VERTEX_POINT('',#12200);
#3857=VERTEX_POINT('',#12204);
#3858=VERTEX_POINT('',#12206);
#3859=VERTEX_POINT('',#12217);
#3860=VERTEX_POINT('',#12221);
#3861=VERTEX_POINT('',#12232);
#3862=VERTEX_POINT('',#12236);
#3863=VERTEX_POINT('',#12247);
#3864=VERTEX_POINT('',#12251);
#3865=VERTEX_POINT('',#12262);
#3866=VERTEX_POINT('',#12266);
#3867=VERTEX_POINT('',#12277);
#3868=VERTEX_POINT('',#12281);
#3869=VERTEX_POINT('',#12292);
#3870=VERTEX_POINT('',#12296);
#3871=VERTEX_POINT('',#12307);
#3872=VERTEX_POINT('',#12311);
#3873=VERTEX_POINT('',#12334);
#3874=VERTEX_POINT('',#12335);
#3875=VERTEX_POINT('',#12339);
#3876=VERTEX_POINT('',#12341);
#3877=VERTEX_POINT('',#12352);
#3878=VERTEX_POINT('',#12356);
#3879=VERTEX_POINT('',#12367);
#3880=VERTEX_POINT('',#12371);
#3881=VERTEX_POINT('',#12382);
#3882=VERTEX_POINT('',#12386);
#3883=VERTEX_POINT('',#12397);
#3884=VERTEX_POINT('',#12401);
#3885=VERTEX_POINT('',#12412);
#3886=VERTEX_POINT('',#12416);
#3887=VERTEX_POINT('',#12427);
#3888=VERTEX_POINT('',#12431);
#3889=VERTEX_POINT('',#12442);
#3890=VERTEX_POINT('',#12446);
#3891=VERTEX_POINT('',#12457);
#3892=VERTEX_POINT('',#12461);
#3893=VERTEX_POINT('',#12472);
#3894=VERTEX_POINT('',#12476);
#3895=VERTEX_POINT('',#12495);
#3896=VERTEX_POINT('',#12496);
#3897=VERTEX_POINT('',#12498);
#3898=VERTEX_POINT('',#12500);
#3899=VERTEX_POINT('',#12509);
#3900=VERTEX_POINT('',#12513);
#3901=VERTEX_POINT('',#12524);
#3902=VERTEX_POINT('',#12528);
#3903=VERTEX_POINT('',#12539);
#3904=VERTEX_POINT('',#12543);
#3905=VERTEX_POINT('',#12554);
#3906=VERTEX_POINT('',#12558);
#3907=VERTEX_POINT('',#12569);
#3908=VERTEX_POINT('',#12573);
#3909=VERTEX_POINT('',#12584);
#3910=VERTEX_POINT('',#12588);
#3911=VERTEX_POINT('',#12599);
#3912=VERTEX_POINT('',#12603);
#3913=VERTEX_POINT('',#12609);
#3914=VERTEX_POINT('',#12611);
#3915=VERTEX_POINT('',#12623);
#3916=VERTEX_POINT('',#12624);
#3917=VERTEX_POINT('',#12628);
#3918=VERTEX_POINT('',#12630);
#3919=VERTEX_POINT('',#12641);
#3920=VERTEX_POINT('',#12645);
#3921=VERTEX_POINT('',#12656);
#3922=VERTEX_POINT('',#12660);
#3923=VERTEX_POINT('',#12671);
#3924=VERTEX_POINT('',#12675);
#3925=VERTEX_POINT('',#12686);
#3926=VERTEX_POINT('',#12690);
#3927=VERTEX_POINT('',#12701);
#3928=VERTEX_POINT('',#12705);
#3929=VERTEX_POINT('',#12716);
#3930=VERTEX_POINT('',#12720);
#3931=VERTEX_POINT('',#12731);
#3932=VERTEX_POINT('',#12735);
#3933=VERTEX_POINT('',#12746);
#3934=VERTEX_POINT('',#12750);
#3935=VERTEX_POINT('',#12756);
#3936=VERTEX_POINT('',#12758);
#3937=VERTEX_POINT('',#12762);
#3938=VERTEX_POINT('',#12764);
#3939=VERTEX_POINT('',#12772);
#3940=VERTEX_POINT('',#12773);
#3941=VERTEX_POINT('',#12775);
#3942=VERTEX_POINT('',#12777);
#3943=VERTEX_POINT('',#12781);
#3944=VERTEX_POINT('',#12783);
#3945=VERTEX_POINT('',#12787);
#3946=VERTEX_POINT('',#12789);
#3947=VERTEX_POINT('',#12793);
#3948=VERTEX_POINT('',#12795);
#3949=VERTEX_POINT('',#12799);
#3950=VERTEX_POINT('',#12801);
#3951=VERTEX_POINT('',#12805);
#3952=VERTEX_POINT('',#12807);
#3953=VERTEX_POINT('',#12811);
#3954=VERTEX_POINT('',#12813);
#3955=VERTEX_POINT('',#12817);
#3956=VERTEX_POINT('',#12819);
#3957=VERTEX_POINT('',#12823);
#3958=VERTEX_POINT('',#12825);
#3959=VERTEX_POINT('',#12838);
#3960=VERTEX_POINT('',#12839);
#3961=VERTEX_POINT('',#12843);
#3962=VERTEX_POINT('',#12845);
#3963=VERTEX_POINT('',#12856);
#3964=VERTEX_POINT('',#12860);
#3965=VERTEX_POINT('',#12866);
#3966=VERTEX_POINT('',#12868);
#3967=VERTEX_POINT('',#12872);
#3968=VERTEX_POINT('',#12874);
#3969=VERTEX_POINT('',#12881);
#3970=VERTEX_POINT('',#12882);
#3971=VERTEX_POINT('',#12884);
#3972=VERTEX_POINT('',#12886);
#3973=VERTEX_POINT('',#12890);
#3974=VERTEX_POINT('',#12892);
#3975=VERTEX_POINT('',#12896);
#3976=VERTEX_POINT('',#12898);
#3977=VERTEX_POINT('',#12902);
#3978=VERTEX_POINT('',#12904);
#3979=VERTEX_POINT('',#12908);
#3980=VERTEX_POINT('',#12910);
#3981=VERTEX_POINT('',#12914);
#3982=VERTEX_POINT('',#12916);
#3983=VERTEX_POINT('',#12920);
#3984=VERTEX_POINT('',#12922);
#3985=VERTEX_POINT('',#12930);
#3986=VERTEX_POINT('',#12931);
#3987=VERTEX_POINT('',#12933);
#3988=VERTEX_POINT('',#12935);
#3989=VERTEX_POINT('',#12939);
#3990=VERTEX_POINT('',#12941);
#3991=VERTEX_POINT('',#12945);
#3992=VERTEX_POINT('',#12947);
#3993=VERTEX_POINT('',#12951);
#3994=VERTEX_POINT('',#12953);
#3995=VERTEX_POINT('',#12957);
#3996=VERTEX_POINT('',#12959);
#3997=VERTEX_POINT('',#12963);
#3998=VERTEX_POINT('',#12965);
#3999=VERTEX_POINT('',#12969);
#4000=VERTEX_POINT('',#12971);
#4001=VERTEX_POINT('',#12975);
#4002=VERTEX_POINT('',#12977);
#4003=VERTEX_POINT('',#12981);
#4004=VERTEX_POINT('',#12983);
#4005=VERTEX_POINT('',#12992);
#4006=VERTEX_POINT('',#12996);
#4007=VERTEX_POINT('',#13007);
#4008=VERTEX_POINT('',#13011);
#4009=VERTEX_POINT('',#13017);
#4010=VERTEX_POINT('',#13019);
#4011=VERTEX_POINT('',#13023);
#4012=VERTEX_POINT('',#13025);
#4013=VERTEX_POINT('',#13029);
#4014=VERTEX_POINT('',#13031);
#4015=VERTEX_POINT('',#13039);
#4016=VERTEX_POINT('',#13040);
#4017=VERTEX_POINT('',#13042);
#4018=VERTEX_POINT('',#13044);
#4019=VERTEX_POINT('',#13048);
#4020=VERTEX_POINT('',#13050);
#4021=VERTEX_POINT('',#13054);
#4022=VERTEX_POINT('',#13056);
#4023=VERTEX_POINT('',#13060);
#4024=VERTEX_POINT('',#13062);
#4025=VERTEX_POINT('',#13066);
#4026=VERTEX_POINT('',#13068);
#4027=VERTEX_POINT('',#13072);
#4028=VERTEX_POINT('',#13074);
#4029=VERTEX_POINT('',#13078);
#4030=VERTEX_POINT('',#13080);
#4031=VERTEX_POINT('',#13084);
#4032=VERTEX_POINT('',#13086);
#4033=VERTEX_POINT('',#13090);
#4034=VERTEX_POINT('',#13092);
#4035=VERTEX_POINT('',#13096);
#4036=VERTEX_POINT('',#13098);
#4037=VERTEX_POINT('',#13102);
#4038=VERTEX_POINT('',#13104);
#4039=VERTEX_POINT('',#13112);
#4040=VERTEX_POINT('',#13113);
#4041=VERTEX_POINT('',#13115);
#4042=VERTEX_POINT('',#13117);
#4043=VERTEX_POINT('',#13121);
#4044=VERTEX_POINT('',#13123);
#4045=VERTEX_POINT('',#13127);
#4046=VERTEX_POINT('',#13129);
#4047=VERTEX_POINT('',#13133);
#4048=VERTEX_POINT('',#13135);
#4049=VERTEX_POINT('',#13139);
#4050=VERTEX_POINT('',#13141);
#4051=VERTEX_POINT('',#13145);
#4052=VERTEX_POINT('',#13147);
#4053=VERTEX_POINT('',#13151);
#4054=VERTEX_POINT('',#13153);
#4055=VERTEX_POINT('',#13170);
#4056=VERTEX_POINT('',#13171);
#4057=VERTEX_POINT('',#13175);
#4058=VERTEX_POINT('',#13177);
#4059=VERTEX_POINT('',#13188);
#4060=VERTEX_POINT('',#13192);
#4061=VERTEX_POINT('',#13203);
#4062=VERTEX_POINT('',#13207);
#4063=VERTEX_POINT('',#13218);
#4064=VERTEX_POINT('',#13222);
#4065=VERTEX_POINT('',#13233);
#4066=VERTEX_POINT('',#13237);
#4067=VERTEX_POINT('',#13248);
#4068=VERTEX_POINT('',#13252);
#4069=VERTEX_POINT('',#13263);
#4070=VERTEX_POINT('',#13267);
#4071=VERTEX_POINT('',#13290);
#4072=VERTEX_POINT('',#13291);
#4073=VERTEX_POINT('',#13295);
#4074=VERTEX_POINT('',#13297);
#4075=VERTEX_POINT('',#13308);
#4076=VERTEX_POINT('',#13312);
#4077=VERTEX_POINT('',#13323);
#4078=VERTEX_POINT('',#13327);
#4079=VERTEX_POINT('',#13338);
#4080=VERTEX_POINT('',#13342);
#4081=VERTEX_POINT('',#13353);
#4082=VERTEX_POINT('',#13357);
#4083=VERTEX_POINT('',#13368);
#4084=VERTEX_POINT('',#13372);
#4085=VERTEX_POINT('',#13383);
#4086=VERTEX_POINT('',#13387);
#4087=VERTEX_POINT('',#13398);
#4088=VERTEX_POINT('',#13402);
#4089=VERTEX_POINT('',#13421);
#4090=VERTEX_POINT('',#13422);
#4091=VERTEX_POINT('',#13424);
#4092=VERTEX_POINT('',#13426);
#4093=VERTEX_POINT('',#13435);
#4094=VERTEX_POINT('',#13439);
#4095=VERTEX_POINT('',#13450);
#4096=VERTEX_POINT('',#13454);
#4097=VERTEX_POINT('',#13465);
#4098=VERTEX_POINT('',#13469);
#4099=VERTEX_POINT('',#13480);
#4100=VERTEX_POINT('',#13484);
#4101=VERTEX_POINT('',#13495);
#4102=VERTEX_POINT('',#13499);
#4103=VERTEX_POINT('',#13510);
#4104=VERTEX_POINT('',#13514);
#4105=VERTEX_POINT('',#13520);
#4106=VERTEX_POINT('',#13522);
#4107=VERTEX_POINT('',#13529);
#4108=VERTEX_POINT('',#13530);
#4109=VERTEX_POINT('',#13532);
#4110=VERTEX_POINT('',#13534);
#4111=VERTEX_POINT('',#13543);
#4112=VERTEX_POINT('',#13547);
#4113=VERTEX_POINT('',#13558);
#4114=VERTEX_POINT('',#13562);
#4115=VERTEX_POINT('',#13573);
#4116=VERTEX_POINT('',#13577);
#4117=VERTEX_POINT('',#13588);
#4118=VERTEX_POINT('',#13592);
#4119=VERTEX_POINT('',#13603);
#4120=VERTEX_POINT('',#13607);
#4121=VERTEX_POINT('',#13618);
#4122=VERTEX_POINT('',#13622);
#4123=VERTEX_POINT('',#13633);
#4124=VERTEX_POINT('',#13637);
#4125=VERTEX_POINT('',#13643);
#4126=VERTEX_POINT('',#13645);
#4127=VERTEX_POINT('',#13657);
#4128=VERTEX_POINT('',#13658);
#4129=VERTEX_POINT('',#13662);
#4130=VERTEX_POINT('',#13664);
#4131=VERTEX_POINT('',#13675);
#4132=VERTEX_POINT('',#13679);
#4133=VERTEX_POINT('',#13690);
#4134=VERTEX_POINT('',#13694);
#4135=VERTEX_POINT('',#13705);
#4136=VERTEX_POINT('',#13709);
#4137=VERTEX_POINT('',#13720);
#4138=VERTEX_POINT('',#13724);
#4139=VERTEX_POINT('',#13735);
#4140=VERTEX_POINT('',#13739);
#4141=VERTEX_POINT('',#13750);
#4142=VERTEX_POINT('',#13754);
#4143=VERTEX_POINT('',#13765);
#4144=VERTEX_POINT('',#13769);
#4145=VERTEX_POINT('',#13780);
#4146=VERTEX_POINT('',#13784);
#4147=VERTEX_POINT('',#13795);
#4148=VERTEX_POINT('',#13799);
#4149=VERTEX_POINT('',#13810);
#4150=VERTEX_POINT('',#13814);
#4151=VERTEX_POINT('',#13820);
#4152=VERTEX_POINT('',#13822);
#4153=VERTEX_POINT('',#13826);
#4154=VERTEX_POINT('',#13828);
#4155=VERTEX_POINT('',#13841);
#4156=VERTEX_POINT('',#13842);
#4157=VERTEX_POINT('',#13846);
#4158=VERTEX_POINT('',#13848);
#4159=VERTEX_POINT('',#13859);
#4160=VERTEX_POINT('',#13863);
#4161=VERTEX_POINT('',#13874);
#4162=VERTEX_POINT('',#13878);
#4163=VERTEX_POINT('',#13884);
#4164=VERTEX_POINT('',#13886);
#4165=VERTEX_POINT('',#13890);
#4166=VERTEX_POINT('',#13892);
#4167=VERTEX_POINT('',#13896);
#4168=VERTEX_POINT('',#13898);
#4169=VERTEX_POINT('',#13907);
#4170=VERTEX_POINT('',#13911);
#4171=VERTEX_POINT('',#13922);
#4172=VERTEX_POINT('',#13926);
#4173=VERTEX_POINT('',#13932);
#4174=VERTEX_POINT('',#13934);
#4175=VERTEX_POINT('',#13938);
#4176=VERTEX_POINT('',#13940);
#4177=VERTEX_POINT('',#13944);
#4178=VERTEX_POINT('',#13946);
#4179=VERTEX_POINT('',#13955);
#4180=VERTEX_POINT('',#13959);
#4181=VERTEX_POINT('',#13970);
#4182=VERTEX_POINT('',#13974);
#4183=VERTEX_POINT('',#13985);
#4184=VERTEX_POINT('',#13989);
#4185=VERTEX_POINT('',#14000);
#4186=VERTEX_POINT('',#14004);
#4187=VERTEX_POINT('',#14015);
#4188=VERTEX_POINT('',#14019);
#4189=VERTEX_POINT('',#14025);
#4190=VERTEX_POINT('',#14027);
#4191=VERTEX_POINT('',#14049);
#4192=VERTEX_POINT('',#14050);
#4193=VERTEX_POINT('',#14054);
#4194=VERTEX_POINT('',#14056);
#4195=VERTEX_POINT('',#14067);
#4196=VERTEX_POINT('',#14071);
#4197=VERTEX_POINT('',#14082);
#4198=VERTEX_POINT('',#14086);
#4199=VERTEX_POINT('',#14097);
#4200=VERTEX_POINT('',#14101);
#4201=VERTEX_POINT('',#14112);
#4202=VERTEX_POINT('',#14116);
#4203=VERTEX_POINT('',#14127);
#4204=VERTEX_POINT('',#14131);
#4205=VERTEX_POINT('',#14142);
#4206=VERTEX_POINT('',#14146);
#4207=VERTEX_POINT('',#14169);
#4208=VERTEX_POINT('',#14170);
#4209=VERTEX_POINT('',#14174);
#4210=VERTEX_POINT('',#14176);
#4211=VERTEX_POINT('',#14187);
#4212=VERTEX_POINT('',#14191);
#4213=VERTEX_POINT('',#14202);
#4214=VERTEX_POINT('',#14206);
#4215=VERTEX_POINT('',#14217);
#4216=VERTEX_POINT('',#14221);
#4217=VERTEX_POINT('',#14232);
#4218=VERTEX_POINT('',#14236);
#4219=VERTEX_POINT('',#14247);
#4220=VERTEX_POINT('',#14251);
#4221=VERTEX_POINT('',#14262);
#4222=VERTEX_POINT('',#14266);
#4223=VERTEX_POINT('',#14277);
#4224=VERTEX_POINT('',#14281);
#4225=VERTEX_POINT('',#14305);
#4226=VERTEX_POINT('',#14306);
#4227=VERTEX_POINT('',#14310);
#4228=VERTEX_POINT('',#14312);
#4229=VERTEX_POINT('',#14323);
#4230=VERTEX_POINT('',#14327);
#4231=VERTEX_POINT('',#14338);
#4232=VERTEX_POINT('',#14342);
#4233=VERTEX_POINT('',#14353);
#4234=VERTEX_POINT('',#14357);
#4235=VERTEX_POINT('',#14368);
#4236=VERTEX_POINT('',#14372);
#4237=VERTEX_POINT('',#14383);
#4238=VERTEX_POINT('',#14387);
#4239=VERTEX_POINT('',#14398);
#4240=VERTEX_POINT('',#14402);
#4241=VERTEX_POINT('',#14420);
#4242=VERTEX_POINT('',#14421);
#4243=VERTEX_POINT('',#14423);
#4244=VERTEX_POINT('',#14425);
#4245=VERTEX_POINT('',#14429);
#4246=VERTEX_POINT('',#14431);
#4247=VERTEX_POINT('',#14435);
#4248=VERTEX_POINT('',#14437);
#4249=VERTEX_POINT('',#14446);
#4250=VERTEX_POINT('',#14450);
#4251=VERTEX_POINT('',#14461);
#4252=VERTEX_POINT('',#14465);
#4253=VERTEX_POINT('',#14476);
#4254=VERTEX_POINT('',#14480);
#4255=VERTEX_POINT('',#14491);
#4256=VERTEX_POINT('',#14495);
#4257=VERTEX_POINT('',#14506);
#4258=VERTEX_POINT('',#14510);
#4259=VERTEX_POINT('',#14521);
#4260=VERTEX_POINT('',#14525);
#4261=VERTEX_POINT('',#14536);
#4262=VERTEX_POINT('',#14540);
#4263=VERTEX_POINT('',#14551);
#4264=VERTEX_POINT('',#14555);
#4265=VERTEX_POINT('',#14566);
#4266=VERTEX_POINT('',#14570);
#4267=VERTEX_POINT('',#14576);
#4268=VERTEX_POINT('',#14578);
#4269=VERTEX_POINT('',#14591);
#4270=VERTEX_POINT('',#14592);
#4271=VERTEX_POINT('',#14596);
#4272=VERTEX_POINT('',#14598);
#4273=VERTEX_POINT('',#14609);
#4274=VERTEX_POINT('',#14613);
#4275=VERTEX_POINT('',#14624);
#4276=VERTEX_POINT('',#14628);
#4277=VERTEX_POINT('',#14639);
#4278=VERTEX_POINT('',#14643);
#4279=VERTEX_POINT('',#14654);
#4280=VERTEX_POINT('',#14658);
#4281=VERTEX_POINT('',#14669);
#4282=VERTEX_POINT('',#14673);
#4283=VERTEX_POINT('',#14684);
#4284=VERTEX_POINT('',#14688);
#4285=VERTEX_POINT('',#14699);
#4286=VERTEX_POINT('',#14703);
#4287=VERTEX_POINT('',#14714);
#4288=VERTEX_POINT('',#14718);
#4289=VERTEX_POINT('',#14727);
#4290=VERTEX_POINT('',#14728);
#4291=VERTEX_POINT('',#14730);
#4292=VERTEX_POINT('',#14732);
#4293=VERTEX_POINT('',#14741);
#4294=VERTEX_POINT('',#14745);
#4295=VERTEX_POINT('',#14756);
#4296=VERTEX_POINT('',#14760);
#4297=VERTEX_POINT('',#14766);
#4298=VERTEX_POINT('',#14768);
#4299=VERTEX_POINT('',#14777);
#4300=VERTEX_POINT('',#14781);
#4301=VERTEX_POINT('',#14792);
#4302=VERTEX_POINT('',#14796);
#4303=VERTEX_POINT('',#14807);
#4304=VERTEX_POINT('',#14811);
#4305=VERTEX_POINT('',#14822);
#4306=VERTEX_POINT('',#14826);
#4307=VERTEX_POINT('',#14837);
#4308=VERTEX_POINT('',#14841);
#4309=VERTEX_POINT('',#14852);
#4310=VERTEX_POINT('',#14856);
#4311=VERTEX_POINT('',#14867);
#4312=VERTEX_POINT('',#14871);
#4313=VERTEX_POINT('',#14877);
#4314=VERTEX_POINT('',#14879);
#4315=VERTEX_POINT('',#14888);
#4316=VERTEX_POINT('',#14892);
#4317=VERTEX_POINT('',#14903);
#4318=VERTEX_POINT('',#14907);
#4319=VERTEX_POINT('',#14918);
#4320=VERTEX_POINT('',#14922);
#4321=VERTEX_POINT('',#14933);
#4322=VERTEX_POINT('',#14937);
#4323=VERTEX_POINT('',#14948);
#4324=VERTEX_POINT('',#14952);
#4325=VERTEX_POINT('',#14963);
#4326=VERTEX_POINT('',#14967);
#4327=VERTEX_POINT('',#14978);
#4328=VERTEX_POINT('',#14982);
#4329=VERTEX_POINT('',#14993);
#4330=VERTEX_POINT('',#14997);
#4331=VERTEX_POINT('',#15008);
#4332=VERTEX_POINT('',#15012);
#4333=VERTEX_POINT('',#15023);
#4334=VERTEX_POINT('',#15027);
#4335=VERTEX_POINT('',#15038);
#4336=VERTEX_POINT('',#15042);
#4337=VERTEX_POINT('',#15053);
#4338=VERTEX_POINT('',#15057);
#4339=VERTEX_POINT('',#15068);
#4340=VERTEX_POINT('',#15072);
#4341=VERTEX_POINT('',#15083);
#4342=VERTEX_POINT('',#15087);
#4343=VERTEX_POINT('',#15106);
#4344=VERTEX_POINT('',#15107);
#4345=VERTEX_POINT('',#15109);
#4346=VERTEX_POINT('',#15111);
#4347=VERTEX_POINT('',#15115);
#4348=VERTEX_POINT('',#15117);
#4349=VERTEX_POINT('',#15121);
#4350=VERTEX_POINT('',#15123);
#4351=VERTEX_POINT('',#15127);
#4352=VERTEX_POINT('',#15129);
#4353=VERTEX_POINT('',#15133);
#4354=VERTEX_POINT('',#15135);
#4355=VERTEX_POINT('',#15143);
#4356=VERTEX_POINT('',#15144);
#4357=VERTEX_POINT('',#15146);
#4358=VERTEX_POINT('',#15148);
#4359=VERTEX_POINT('',#15157);
#4360=VERTEX_POINT('',#15161);
#4361=VERTEX_POINT('',#15172);
#4362=VERTEX_POINT('',#15176);
#4363=VERTEX_POINT('',#15187);
#4364=VERTEX_POINT('',#15191);
#4365=VERTEX_POINT('',#15202);
#4366=VERTEX_POINT('',#15206);
#4367=VERTEX_POINT('',#15217);
#4368=VERTEX_POINT('',#15221);
#4369=VERTEX_POINT('',#15227);
#4370=VERTEX_POINT('',#15229);
#4371=VERTEX_POINT('',#15233);
#4372=VERTEX_POINT('',#15235);
#4373=VERTEX_POINT('',#15239);
#4374=VERTEX_POINT('',#15241);
#4375=VERTEX_POINT('',#15250);
#4376=VERTEX_POINT('',#15254);
#4377=VERTEX_POINT('',#15265);
#4378=VERTEX_POINT('',#15269);
#4379=VERTEX_POINT('',#15280);
#4380=VERTEX_POINT('',#15284);
#4381=VERTEX_POINT('',#15295);
#4382=VERTEX_POINT('',#15299);
#4383=VERTEX_POINT('',#15310);
#4384=VERTEX_POINT('',#15314);
#4385=VERTEX_POINT('',#15320);
#4386=VERTEX_POINT('',#15322);
#4387=VERTEX_POINT('',#15326);
#4388=VERTEX_POINT('',#15328);
#4389=VERTEX_POINT('',#15332);
#4390=VERTEX_POINT('',#15334);
#4391=VERTEX_POINT('',#15347);
#4392=VERTEX_POINT('',#15348);
#4393=VERTEX_POINT('',#15352);
#4394=VERTEX_POINT('',#15354);
#4395=VERTEX_POINT('',#15365);
#4396=VERTEX_POINT('',#15369);
#4397=VERTEX_POINT('',#15380);
#4398=VERTEX_POINT('',#15384);
#4399=VERTEX_POINT('',#15395);
#4400=VERTEX_POINT('',#15399);
#4401=VERTEX_POINT('',#15410);
#4402=VERTEX_POINT('',#15414);
#4403=VERTEX_POINT('',#15425);
#4404=VERTEX_POINT('',#15429);
#4405=VERTEX_POINT('',#15440);
#4406=VERTEX_POINT('',#15444);
#4407=VERTEX_POINT('',#15467);
#4408=VERTEX_POINT('',#15468);
#4409=VERTEX_POINT('',#15472);
#4410=VERTEX_POINT('',#15474);
#4411=VERTEX_POINT('',#15485);
#4412=VERTEX_POINT('',#15489);
#4413=VERTEX_POINT('',#15500);
#4414=VERTEX_POINT('',#15504);
#4415=VERTEX_POINT('',#15515);
#4416=VERTEX_POINT('',#15519);
#4417=VERTEX_POINT('',#15530);
#4418=VERTEX_POINT('',#15534);
#4419=VERTEX_POINT('',#15545);
#4420=VERTEX_POINT('',#15549);
#4421=VERTEX_POINT('',#15560);
#4422=VERTEX_POINT('',#15564);
#4423=VERTEX_POINT('',#15575);
#4424=VERTEX_POINT('',#15579);
#4425=VERTEX_POINT('',#15585);
#4426=VERTEX_POINT('',#15587);
#4427=VERTEX_POINT('',#15591);
#4428=VERTEX_POINT('',#15593);
#4429=VERTEX_POINT('',#15597);
#4430=VERTEX_POINT('',#15599);
#4431=VERTEX_POINT('',#15603);
#4432=VERTEX_POINT('',#15605);
#4433=VERTEX_POINT('',#15618);
#4434=VERTEX_POINT('',#15619);
#4435=VERTEX_POINT('',#15623);
#4436=VERTEX_POINT('',#15625);
#4437=VERTEX_POINT('',#15636);
#4438=VERTEX_POINT('',#15640);
#4439=VERTEX_POINT('',#15651);
#4440=VERTEX_POINT('',#15655);
#4441=VERTEX_POINT('',#15661);
#4442=VERTEX_POINT('',#15663);
#4443=VERTEX_POINT('',#15684);
#4444=VERTEX_POINT('',#15685);
#4445=VERTEX_POINT('',#15689);
#4446=VERTEX_POINT('',#15691);
#4447=VERTEX_POINT('',#15702);
#4448=VERTEX_POINT('',#15706);
#4449=VERTEX_POINT('',#15717);
#4450=VERTEX_POINT('',#15721);
#4451=VERTEX_POINT('',#15727);
#4452=VERTEX_POINT('',#15729);
#4453=VERTEX_POINT('',#15738);
#4454=VERTEX_POINT('',#15742);
#4455=VERTEX_POINT('',#15753);
#4456=VERTEX_POINT('',#15757);
#4457=VERTEX_POINT('',#15768);
#4458=VERTEX_POINT('',#15772);
#4459=VERTEX_POINT('',#15783);
#4460=VERTEX_POINT('',#15787);
#4461=VERTEX_POINT('',#15798);
#4462=VERTEX_POINT('',#15802);
#4463=VERTEX_POINT('',#15813);
#4464=VERTEX_POINT('',#15817);
#4465=VERTEX_POINT('',#15828);
#4466=VERTEX_POINT('',#15832);
#4467=VERTEX_POINT('',#15843);
#4468=VERTEX_POINT('',#15847);
#4469=VERTEX_POINT('',#15858);
#4470=VERTEX_POINT('',#15862);
#4471=VERTEX_POINT('',#15868);
#4472=VERTEX_POINT('',#15870);
#4473=VERTEX_POINT('',#15887);
#4474=VERTEX_POINT('',#15888);
#4475=VERTEX_POINT('',#15890);
#4476=VERTEX_POINT('',#15892);
#4477=VERTEX_POINT('',#15896);
#4478=VERTEX_POINT('',#15898);
#4479=VERTEX_POINT('',#15902);
#4480=VERTEX_POINT('',#15904);
#4481=VERTEX_POINT('',#15908);
#4482=VERTEX_POINT('',#15910);
#4483=VERTEX_POINT('',#15914);
#4484=VERTEX_POINT('',#15916);
#4485=VERTEX_POINT('',#15920);
#4486=VERTEX_POINT('',#15922);
#4487=VERTEX_POINT('',#15926);
#4488=VERTEX_POINT('',#15928);
#4489=VERTEX_POINT('',#15936);
#4490=VERTEX_POINT('',#15937);
#4491=VERTEX_POINT('',#15939);
#4492=VERTEX_POINT('',#15941);
#4493=VERTEX_POINT('',#15945);
#4494=VERTEX_POINT('',#15947);
#4495=VERTEX_POINT('',#15951);
#4496=VERTEX_POINT('',#15953);
#4497=VERTEX_POINT('',#15974);
#4498=VERTEX_POINT('',#15975);
#4499=VERTEX_POINT('',#15979);
#4500=VERTEX_POINT('',#15981);
#4501=VERTEX_POINT('',#15992);
#4502=VERTEX_POINT('',#15996);
#4503=VERTEX_POINT('',#16007);
#4504=VERTEX_POINT('',#16011);
#4505=VERTEX_POINT('',#16022);
#4506=VERTEX_POINT('',#16026);
#4507=VERTEX_POINT('',#16037);
#4508=VERTEX_POINT('',#16041);
#4509=VERTEX_POINT('',#16047);
#4510=VERTEX_POINT('',#16049);
#4511=VERTEX_POINT('',#16053);
#4512=VERTEX_POINT('',#16055);
#4513=VERTEX_POINT('',#16059);
#4514=VERTEX_POINT('',#16061);
#4515=VERTEX_POINT('',#16070);
#4516=VERTEX_POINT('',#16074);
#4517=VERTEX_POINT('',#16085);
#4518=VERTEX_POINT('',#16089);
#4519=VERTEX_POINT('',#16100);
#4520=VERTEX_POINT('',#16104);
#4521=VERTEX_POINT('',#16115);
#4522=VERTEX_POINT('',#16119);
#4523=VERTEX_POINT('',#16130);
#4524=VERTEX_POINT('',#16134);
#4525=VERTEX_POINT('',#16145);
#4526=VERTEX_POINT('',#16149);
#4527=VERTEX_POINT('',#16155);
#4528=VERTEX_POINT('',#16157);
#4529=VERTEX_POINT('',#16161);
#4530=VERTEX_POINT('',#16163);
#4531=VERTEX_POINT('',#16171);
#4532=VERTEX_POINT('',#16172);
#4533=VERTEX_POINT('',#16174);
#4534=VERTEX_POINT('',#16176);
#4535=VERTEX_POINT('',#16180);
#4536=VERTEX_POINT('',#16182);
#4537=VERTEX_POINT('',#16186);
#4538=VERTEX_POINT('',#16188);
#4539=VERTEX_POINT('',#16192);
#4540=VERTEX_POINT('',#16194);
#4541=VERTEX_POINT('',#16198);
#4542=VERTEX_POINT('',#16200);
#4543=VERTEX_POINT('',#16204);
#4544=VERTEX_POINT('',#16206);
#4545=VERTEX_POINT('',#16210);
#4546=VERTEX_POINT('',#16212);
#4547=VERTEX_POINT('',#16216);
#4548=VERTEX_POINT('',#16218);
#4549=VERTEX_POINT('',#16222);
#4550=VERTEX_POINT('',#16224);
#4551=VERTEX_POINT('',#16228);
#4552=VERTEX_POINT('',#16230);
#4553=VERTEX_POINT('',#16234);
#4554=VERTEX_POINT('',#16236);
#4555=VERTEX_POINT('',#16244);
#4556=VERTEX_POINT('',#16245);
#4557=VERTEX_POINT('',#16247);
#4558=VERTEX_POINT('',#16249);
#4559=VERTEX_POINT('',#16253);
#4560=VERTEX_POINT('',#16255);
#4561=VERTEX_POINT('',#16259);
#4562=VERTEX_POINT('',#16261);
#4563=VERTEX_POINT('',#16265);
#4564=VERTEX_POINT('',#16267);
#4565=VERTEX_POINT('',#16271);
#4566=VERTEX_POINT('',#16273);
#4567=VERTEX_POINT('',#16277);
#4568=VERTEX_POINT('',#16279);
#4569=VERTEX_POINT('',#16283);
#4570=VERTEX_POINT('',#16285);
#4571=VERTEX_POINT('',#16289);
#4572=VERTEX_POINT('',#16291);
#4573=VERTEX_POINT('',#16295);
#4574=VERTEX_POINT('',#16297);
#4575=VERTEX_POINT('',#16301);
#4576=VERTEX_POINT('',#16303);
#4577=VERTEX_POINT('',#16307);
#4578=VERTEX_POINT('',#16309);
#4579=VERTEX_POINT('',#16317);
#4580=VERTEX_POINT('',#16319);
#4581=VERTEX_POINT('',#16323);
#4582=VERTEX_POINT('',#16325);
#4583=VERTEX_POINT('',#16329);
#4584=VERTEX_POINT('',#16330);
#4585=VERTEX_POINT('',#16332);
#4586=VERTEX_POINT('',#16334);
#4587=VERTEX_POINT('',#16336);
#4588=VERTEX_POINT('',#16338);
#4589=VERTEX_POINT('',#16340);
#4590=VERTEX_POINT('',#16342);
#4591=VERTEX_POINT('',#16346);
#4592=VERTEX_POINT('',#16348);
#4593=VERTEX_POINT('',#16350);
#4594=VERTEX_POINT('',#16352);
#4595=VERTEX_POINT('',#16354);
#4596=VERTEX_POINT('',#16356);
#4597=VERTEX_POINT('',#16360);
#4598=VERTEX_POINT('',#16362);
#4599=VERTEX_POINT('',#16364);
#4600=VERTEX_POINT('',#16366);
#4601=VERTEX_POINT('',#16368);
#4602=VERTEX_POINT('',#16370);
#4603=VERTEX_POINT('',#16372);
#4604=VERTEX_POINT('',#16374);
#4605=VERTEX_POINT('',#16376);
#4606=VERTEX_POINT('',#16378);
#4607=VERTEX_POINT('',#16380);
#4608=VERTEX_POINT('',#16382);
#4609=VERTEX_POINT('',#16384);
#4610=VERTEX_POINT('',#16386);
#4611=VERTEX_POINT('',#16388);
#4612=VERTEX_POINT('',#16390);
#4613=VERTEX_POINT('',#16392);
#4614=VERTEX_POINT('',#16394);
#4615=VERTEX_POINT('',#16396);
#4616=VERTEX_POINT('',#16398);
#4617=VERTEX_POINT('',#16400);
#4618=VERTEX_POINT('',#16402);
#4619=VERTEX_POINT('',#16404);
#4620=VERTEX_POINT('',#16406);
#4621=VERTEX_POINT('',#16408);
#4622=VERTEX_POINT('',#16410);
#4623=VERTEX_POINT('',#16413);
#4624=VERTEX_POINT('',#16415);
#4625=VERTEX_POINT('',#16417);
#4626=VERTEX_POINT('',#16420);
#4627=VERTEX_POINT('',#16424);
#4628=VERTEX_POINT('',#16426);
#4629=VERTEX_POINT('',#16428);
#4630=VERTEX_POINT('',#16436);
#4631=VERTEX_POINT('',#16440);
#4632=VERTEX_POINT('',#16441);
#4633=VERTEX_POINT('',#16443);
#4634=VERTEX_POINT('',#16446);
#4635=VERTEX_POINT('',#16451);
#4636=VERTEX_POINT('',#16453);
#4637=VERTEX_POINT('',#16455);
#4638=VERTEX_POINT('',#16457);
#4639=VERTEX_POINT('',#16459);
#4640=VERTEX_POINT('',#16461);
#4641=VERTEX_POINT('',#16463);
#4642=VERTEX_POINT('',#16465);
#4643=VERTEX_POINT('',#16467);
#4644=VERTEX_POINT('',#16469);
#4645=VERTEX_POINT('',#16471);
#4646=VERTEX_POINT('',#16473);
#4647=VERTEX_POINT('',#16476);
#4648=VERTEX_POINT('',#16478);
#4649=VERTEX_POINT('',#16483);
#4650=VERTEX_POINT('',#16491);
#4651=VERTEX_POINT('',#16493);
#4652=VERTEX_POINT('',#16496);
#4653=VERTEX_POINT('',#16498);
#4654=VERTEX_POINT('',#16502);
#4655=VERTEX_POINT('',#16504);
#4656=VERTEX_POINT('',#16506);
#4657=VERTEX_POINT('',#16508);
#4658=VERTEX_POINT('',#16510);
#4659=VERTEX_POINT('',#16514);
#4660=VERTEX_POINT('',#16522);
#4661=VERTEX_POINT('',#16524);
#4662=VERTEX_POINT('',#16526);
#4663=VERTEX_POINT('',#16531);
#4664=VERTEX_POINT('',#16535);
#4665=VERTEX_POINT('',#16539);
#4666=VERTEX_POINT('',#16541);
#4667=VERTEX_POINT('',#16549);
#4668=VERTEX_POINT('',#16553);
#4669=VERTEX_POINT('',#16555);
#4670=VERTEX_POINT('',#16559);
#4671=VERTEX_POINT('',#16563);
#4672=VERTEX_POINT('',#16567);
#4673=VERTEX_POINT('',#16571);
#4674=VERTEX_POINT('',#16573);
#4675=VERTEX_POINT('',#16575);
#4676=VERTEX_POINT('',#16577);
#4677=VERTEX_POINT('',#16579);
#4678=VERTEX_POINT('',#16585);
#4679=VERTEX_POINT('',#16589);
#4680=VERTEX_POINT('',#16590);
#4681=VERTEX_POINT('',#16592);
#4682=VERTEX_POINT('',#16597);
#4683=VERTEX_POINT('',#16602);
#4684=VERTEX_POINT('',#16604);
#4685=VERTEX_POINT('',#16606);
#4686=VERTEX_POINT('',#16608);
#4687=VERTEX_POINT('',#16610);
#4688=VERTEX_POINT('',#16612);
#4689=VERTEX_POINT('',#16616);
#4690=VERTEX_POINT('',#16618);
#4691=VERTEX_POINT('',#16622);
#4692=VERTEX_POINT('',#16633);
#4693=EDGE_CURVE('',#3741,#3742,#1893,.T.);
#4694=EDGE_CURVE('',#3741,#3743,#1894,.T.);
#4695=EDGE_CURVE('',#3743,#3744,#1895,.T.);
#4696=EDGE_CURVE('',#3742,#3744,#1896,.T.);
#4697=EDGE_CURVE('',#3745,#3741,#1897,.T.);
#4698=EDGE_CURVE('',#3745,#3746,#1898,.T.);
#4699=EDGE_CURVE('',#3746,#3743,#1899,.T.);
#4700=EDGE_CURVE('',#3747,#3745,#1900,.T.);
#4701=EDGE_CURVE('',#3747,#3748,#1901,.T.);
#4702=EDGE_CURVE('',#3748,#3746,#1902,.T.);
#4703=EDGE_CURVE('',#3749,#3747,#1903,.T.);
#4704=EDGE_CURVE('',#3749,#3750,#1904,.T.);
#4705=EDGE_CURVE('',#3750,#3748,#1905,.T.);
#4706=EDGE_CURVE('',#3751,#3749,#1906,.T.);
#4707=EDGE_CURVE('',#3751,#3752,#1907,.T.);
#4708=EDGE_CURVE('',#3752,#3750,#1908,.T.);
#4709=EDGE_CURVE('',#3753,#3751,#1909,.T.);
#4710=EDGE_CURVE('',#3753,#3754,#1910,.T.);
#4711=EDGE_CURVE('',#3754,#3752,#1911,.T.);
#4712=EDGE_CURVE('',#3755,#3753,#1912,.T.);
#4713=EDGE_CURVE('',#3755,#3756,#1913,.T.);
#4714=EDGE_CURVE('',#3756,#3754,#1914,.T.);
#4715=EDGE_CURVE('',#3757,#3755,#1915,.T.);
#4716=EDGE_CURVE('',#3757,#3758,#1916,.T.);
#4717=EDGE_CURVE('',#3758,#3756,#1917,.T.);
#4718=EDGE_CURVE('',#3759,#3757,#1918,.T.);
#4719=EDGE_CURVE('',#3759,#3760,#1919,.T.);
#4720=EDGE_CURVE('',#3760,#3758,#1920,.T.);
#4721=EDGE_CURVE('',#3761,#3759,#1921,.T.);
#4722=EDGE_CURVE('',#3761,#3762,#1922,.T.);
#4723=EDGE_CURVE('',#3762,#3760,#1923,.T.);
#4724=EDGE_CURVE('',#3763,#3761,#1924,.T.);
#4725=EDGE_CURVE('',#3763,#3764,#1925,.T.);
#4726=EDGE_CURVE('',#3764,#3762,#1926,.T.);
#4727=EDGE_CURVE('',#3742,#3763,#1927,.T.);
#4728=EDGE_CURVE('',#3744,#3764,#1928,.T.);
#4729=EDGE_CURVE('',#3765,#3766,#1929,.T.);
#4730=EDGE_CURVE('',#3765,#3767,#1930,.T.);
#4731=EDGE_CURVE('',#3767,#3768,#1931,.T.);
#4732=EDGE_CURVE('',#3766,#3768,#1932,.T.);
#4733=EDGE_CURVE('',#3769,#3765,#126,.T.);
#4734=EDGE_CURVE('',#3769,#3770,#1933,.T.);
#4735=EDGE_CURVE('',#3770,#3767,#127,.T.);
#4736=EDGE_CURVE('',#3771,#3769,#128,.T.);
#4737=EDGE_CURVE('',#3771,#3772,#1934,.T.);
#4738=EDGE_CURVE('',#3772,#3770,#129,.T.);
#4739=EDGE_CURVE('',#3773,#3771,#130,.T.);
#4740=EDGE_CURVE('',#3773,#3774,#1935,.T.);
#4741=EDGE_CURVE('',#3774,#3772,#131,.T.);
#4742=EDGE_CURVE('',#3775,#3773,#132,.T.);
#4743=EDGE_CURVE('',#3775,#3776,#1936,.T.);
#4744=EDGE_CURVE('',#3776,#3774,#133,.T.);
#4745=EDGE_CURVE('',#3777,#3775,#134,.T.);
#4746=EDGE_CURVE('',#3777,#3778,#1937,.T.);
#4747=EDGE_CURVE('',#3778,#3776,#135,.T.);
#4748=EDGE_CURVE('',#3779,#3777,#1938,.T.);
#4749=EDGE_CURVE('',#3779,#3780,#1939,.T.);
#4750=EDGE_CURVE('',#3780,#3778,#1940,.T.);
#4751=EDGE_CURVE('',#3766,#3779,#1941,.T.);
#4752=EDGE_CURVE('',#3768,#3780,#1942,.T.);
#4753=EDGE_CURVE('',#3781,#3782,#1943,.T.);
#4754=EDGE_CURVE('',#3781,#3783,#1944,.T.);
#4755=EDGE_CURVE('',#3783,#3784,#1945,.T.);
#4756=EDGE_CURVE('',#3782,#3784,#1946,.T.);
#4757=EDGE_CURVE('',#3785,#3781,#1947,.T.);
#4758=EDGE_CURVE('',#3785,#3786,#1948,.T.);
#4759=EDGE_CURVE('',#3786,#3783,#1949,.T.);
#4760=EDGE_CURVE('',#3787,#3785,#136,.T.);
#4761=EDGE_CURVE('',#3787,#3788,#1950,.T.);
#4762=EDGE_CURVE('',#3788,#3786,#137,.T.);
#4763=EDGE_CURVE('',#3789,#3787,#138,.T.);
#4764=EDGE_CURVE('',#3789,#3790,#1951,.T.);
#4765=EDGE_CURVE('',#3790,#3788,#139,.T.);
#4766=EDGE_CURVE('',#3791,#3789,#140,.T.);
#4767=EDGE_CURVE('',#3791,#3792,#1952,.T.);
#4768=EDGE_CURVE('',#3792,#3790,#141,.T.);
#4769=EDGE_CURVE('',#3793,#3791,#142,.T.);
#4770=EDGE_CURVE('',#3793,#3794,#1953,.T.);
#4771=EDGE_CURVE('',#3794,#3792,#143,.T.);
#4772=EDGE_CURVE('',#3795,#3793,#1954,.T.);
#4773=EDGE_CURVE('',#3795,#3796,#1955,.T.);
#4774=EDGE_CURVE('',#3796,#3794,#1956,.T.);
#4775=EDGE_CURVE('',#3797,#3795,#1957,.T.);
#4776=EDGE_CURVE('',#3797,#3798,#1958,.T.);
#4777=EDGE_CURVE('',#3798,#3796,#1959,.T.);
#4778=EDGE_CURVE('',#3799,#3797,#1960,.T.);
#4779=EDGE_CURVE('',#3799,#3800,#1961,.T.);
#4780=EDGE_CURVE('',#3800,#3798,#1962,.T.);
#4781=EDGE_CURVE('',#3801,#3799,#144,.T.);
#4782=EDGE_CURVE('',#3801,#3802,#1963,.T.);
#4783=EDGE_CURVE('',#3802,#3800,#145,.T.);
#4784=EDGE_CURVE('',#3803,#3801,#146,.T.);
#4785=EDGE_CURVE('',#3803,#3804,#1964,.T.);
#4786=EDGE_CURVE('',#3804,#3802,#147,.T.);
#4787=EDGE_CURVE('',#3805,#3803,#148,.T.);
#4788=EDGE_CURVE('',#3805,#3806,#1965,.T.);
#4789=EDGE_CURVE('',#3806,#3804,#149,.T.);
#4790=EDGE_CURVE('',#3807,#3805,#150,.T.);
#4791=EDGE_CURVE('',#3807,#3808,#1966,.T.);
#4792=EDGE_CURVE('',#3808,#3806,#151,.T.);
#4793=EDGE_CURVE('',#3809,#3807,#152,.T.);
#4794=EDGE_CURVE('',#3809,#3810,#1967,.T.);
#4795=EDGE_CURVE('',#3810,#3808,#153,.T.);
#4796=EDGE_CURVE('',#3811,#3809,#154,.T.);
#4797=EDGE_CURVE('',#3811,#3812,#1968,.T.);
#4798=EDGE_CURVE('',#3812,#3810,#155,.T.);
#4799=EDGE_CURVE('',#3813,#3811,#156,.T.);
#4800=EDGE_CURVE('',#3813,#3814,#1969,.T.);
#4801=EDGE_CURVE('',#3814,#3812,#157,.T.);
#4802=EDGE_CURVE('',#3815,#3813,#1970,.T.);
#4803=EDGE_CURVE('',#3815,#3816,#1971,.T.);
#4804=EDGE_CURVE('',#3816,#3814,#1972,.T.);
#4805=EDGE_CURVE('',#3817,#3815,#1973,.T.);
#4806=EDGE_CURVE('',#3817,#3818,#1974,.T.);
#4807=EDGE_CURVE('',#3818,#3816,#1975,.T.);
#4808=EDGE_CURVE('',#3782,#3817,#1976,.T.);
#4809=EDGE_CURVE('',#3784,#3818,#1977,.T.);
#4810=EDGE_CURVE('',#3819,#3820,#1978,.T.);
#4811=EDGE_CURVE('',#3819,#3821,#1979,.T.);
#4812=EDGE_CURVE('',#3821,#3822,#1980,.T.);
#4813=EDGE_CURVE('',#3820,#3822,#1981,.T.);
#4814=EDGE_CURVE('',#3823,#3819,#1982,.T.);
#4815=EDGE_CURVE('',#3823,#3824,#1983,.T.);
#4816=EDGE_CURVE('',#3824,#3821,#1984,.T.);
#4817=EDGE_CURVE('',#3825,#3823,#1985,.T.);
#4818=EDGE_CURVE('',#3825,#3826,#1986,.T.);
#4819=EDGE_CURVE('',#3826,#3824,#1987,.T.);
#4820=EDGE_CURVE('',#3827,#3825,#1988,.T.);
#4821=EDGE_CURVE('',#3827,#3828,#1989,.T.);
#4822=EDGE_CURVE('',#3828,#3826,#1990,.T.);
#4823=EDGE_CURVE('',#3829,#3827,#1991,.T.);
#4824=EDGE_CURVE('',#3829,#3830,#1992,.T.);
#4825=EDGE_CURVE('',#3830,#3828,#1993,.T.);
#4826=EDGE_CURVE('',#3831,#3829,#1994,.T.);
#4827=EDGE_CURVE('',#3831,#3832,#1995,.T.);
#4828=EDGE_CURVE('',#3832,#3830,#1996,.T.);
#4829=EDGE_CURVE('',#3833,#3831,#1997,.T.);
#4830=EDGE_CURVE('',#3833,#3834,#1998,.T.);
#4831=EDGE_CURVE('',#3834,#3832,#1999,.T.);
#4832=EDGE_CURVE('',#3835,#3833,#2000,.T.);
#4833=EDGE_CURVE('',#3835,#3836,#2001,.T.);
#4834=EDGE_CURVE('',#3836,#3834,#2002,.T.);
#4835=EDGE_CURVE('',#3837,#3835,#2003,.T.);
#4836=EDGE_CURVE('',#3837,#3838,#2004,.T.);
#4837=EDGE_CURVE('',#3838,#3836,#2005,.T.);
#4838=EDGE_CURVE('',#3839,#3837,#2006,.T.);
#4839=EDGE_CURVE('',#3839,#3840,#2007,.T.);
#4840=EDGE_CURVE('',#3840,#3838,#2008,.T.);
#4841=EDGE_CURVE('',#3841,#3839,#2009,.T.);
#4842=EDGE_CURVE('',#3841,#3842,#2010,.T.);
#4843=EDGE_CURVE('',#3842,#3840,#2011,.T.);
#4844=EDGE_CURVE('',#3820,#3841,#2012,.T.);
#4845=EDGE_CURVE('',#3822,#3842,#2013,.T.);
#4846=EDGE_CURVE('',#3843,#3844,#2014,.T.);
#4847=EDGE_CURVE('',#3843,#3845,#2015,.T.);
#4848=EDGE_CURVE('',#3845,#3846,#2016,.T.);
#4849=EDGE_CURVE('',#3844,#3846,#2017,.T.);
#4850=EDGE_CURVE('',#3847,#3843,#2018,.T.);
#4851=EDGE_CURVE('',#3847,#3848,#2019,.T.);
#4852=EDGE_CURVE('',#3848,#3845,#2020,.T.);
#4853=EDGE_CURVE('',#3849,#3847,#2021,.T.);
#4854=EDGE_CURVE('',#3849,#3850,#2022,.T.);
#4855=EDGE_CURVE('',#3850,#3848,#2023,.T.);
#4856=EDGE_CURVE('',#3851,#3849,#2024,.T.);
#4857=EDGE_CURVE('',#3851,#3852,#2025,.T.);
#4858=EDGE_CURVE('',#3852,#3850,#2026,.T.);
#4859=EDGE_CURVE('',#3853,#3851,#2027,.T.);
#4860=EDGE_CURVE('',#3853,#3854,#2028,.T.);
#4861=EDGE_CURVE('',#3854,#3852,#2029,.T.);
#4862=EDGE_CURVE('',#3844,#3853,#2030,.T.);
#4863=EDGE_CURVE('',#3846,#3854,#2031,.T.);
#4864=EDGE_CURVE('',#3855,#3856,#158,.T.);
#4865=EDGE_CURVE('',#3855,#3857,#2032,.T.);
#4866=EDGE_CURVE('',#3857,#3858,#159,.T.);
#4867=EDGE_CURVE('',#3856,#3858,#2033,.T.);
#4868=EDGE_CURVE('',#3859,#3855,#160,.T.);
#4869=EDGE_CURVE('',#3859,#3860,#2034,.T.);
#4870=EDGE_CURVE('',#3860,#3857,#161,.T.);
#4871=EDGE_CURVE('',#3861,#3859,#162,.T.);
#4872=EDGE_CURVE('',#3861,#3862,#2035,.T.);
#4873=EDGE_CURVE('',#3862,#3860,#163,.T.);
#4874=EDGE_CURVE('',#3863,#3861,#164,.T.);
#4875=EDGE_CURVE('',#3863,#3864,#2036,.T.);
#4876=EDGE_CURVE('',#3864,#3862,#165,.T.);
#4877=EDGE_CURVE('',#3865,#3863,#166,.T.);
#4878=EDGE_CURVE('',#3865,#3866,#2037,.T.);
#4879=EDGE_CURVE('',#3866,#3864,#167,.T.);
#4880=EDGE_CURVE('',#3867,#3865,#168,.T.);
#4881=EDGE_CURVE('',#3867,#3868,#2038,.T.);
#4882=EDGE_CURVE('',#3868,#3866,#169,.T.);
#4883=EDGE_CURVE('',#3869,#3867,#170,.T.);
#4884=EDGE_CURVE('',#3869,#3870,#2039,.T.);
#4885=EDGE_CURVE('',#3870,#3868,#171,.T.);
#4886=EDGE_CURVE('',#3871,#3869,#172,.T.);
#4887=EDGE_CURVE('',#3871,#3872,#2040,.T.);
#4888=EDGE_CURVE('',#3872,#3870,#173,.T.);
#4889=EDGE_CURVE('',#3856,#3871,#174,.T.);
#4890=EDGE_CURVE('',#3858,#3872,#175,.T.);
#4891=EDGE_CURVE('',#3873,#3874,#176,.T.);
#4892=EDGE_CURVE('',#3873,#3875,#2041,.T.);
#4893=EDGE_CURVE('',#3875,#3876,#177,.T.);
#4894=EDGE_CURVE('',#3874,#3876,#2042,.T.);
#4895=EDGE_CURVE('',#3877,#3873,#178,.T.);
#4896=EDGE_CURVE('',#3877,#3878,#2043,.T.);
#4897=EDGE_CURVE('',#3878,#3875,#179,.T.);
#4898=EDGE_CURVE('',#3879,#3877,#180,.T.);
#4899=EDGE_CURVE('',#3879,#3880,#2044,.T.);
#4900=EDGE_CURVE('',#3880,#3878,#181,.T.);
#4901=EDGE_CURVE('',#3881,#3879,#182,.T.);
#4902=EDGE_CURVE('',#3881,#3882,#2045,.T.);
#4903=EDGE_CURVE('',#3882,#3880,#183,.T.);
#4904=EDGE_CURVE('',#3883,#3881,#184,.T.);
#4905=EDGE_CURVE('',#3883,#3884,#2046,.T.);
#4906=EDGE_CURVE('',#3884,#3882,#185,.T.);
#4907=EDGE_CURVE('',#3885,#3883,#186,.T.);
#4908=EDGE_CURVE('',#3885,#3886,#2047,.T.);
#4909=EDGE_CURVE('',#3886,#3884,#187,.T.);
#4910=EDGE_CURVE('',#3887,#3885,#188,.T.);
#4911=EDGE_CURVE('',#3887,#3888,#2048,.T.);
#4912=EDGE_CURVE('',#3888,#3886,#189,.T.);
#4913=EDGE_CURVE('',#3889,#3887,#190,.T.);
#4914=EDGE_CURVE('',#3889,#3890,#2049,.T.);
#4915=EDGE_CURVE('',#3890,#3888,#191,.T.);
#4916=EDGE_CURVE('',#3891,#3889,#192,.T.);
#4917=EDGE_CURVE('',#3891,#3892,#2050,.T.);
#4918=EDGE_CURVE('',#3892,#3890,#193,.T.);
#4919=EDGE_CURVE('',#3893,#3891,#194,.T.);
#4920=EDGE_CURVE('',#3893,#3894,#2051,.T.);
#4921=EDGE_CURVE('',#3894,#3892,#195,.T.);
#4922=EDGE_CURVE('',#3874,#3893,#196,.T.);
#4923=EDGE_CURVE('',#3876,#3894,#197,.T.);
#4924=EDGE_CURVE('',#3895,#3896,#2052,.T.);
#4925=EDGE_CURVE('',#3895,#3897,#2053,.T.);
#4926=EDGE_CURVE('',#3897,#3898,#2054,.T.);
#4927=EDGE_CURVE('',#3896,#3898,#2055,.T.);
#4928=EDGE_CURVE('',#3899,#3895,#198,.T.);
#4929=EDGE_CURVE('',#3899,#3900,#2056,.T.);
#4930=EDGE_CURVE('',#3900,#3897,#199,.T.);
#4931=EDGE_CURVE('',#3901,#3899,#200,.T.);
#4932=EDGE_CURVE('',#3901,#3902,#2057,.T.);
#4933=EDGE_CURVE('',#3902,#3900,#201,.T.);
#4934=EDGE_CURVE('',#3903,#3901,#202,.T.);
#4935=EDGE_CURVE('',#3903,#3904,#2058,.T.);
#4936=EDGE_CURVE('',#3904,#3902,#203,.T.);
#4937=EDGE_CURVE('',#3905,#3903,#204,.T.);
#4938=EDGE_CURVE('',#3905,#3906,#2059,.T.);
#4939=EDGE_CURVE('',#3906,#3904,#205,.T.);
#4940=EDGE_CURVE('',#3907,#3905,#206,.T.);
#4941=EDGE_CURVE('',#3907,#3908,#2060,.T.);
#4942=EDGE_CURVE('',#3908,#3906,#207,.T.);
#4943=EDGE_CURVE('',#3909,#3907,#208,.T.);
#4944=EDGE_CURVE('',#3909,#3910,#2061,.T.);
#4945=EDGE_CURVE('',#3910,#3908,#209,.T.);
#4946=EDGE_CURVE('',#3911,#3909,#210,.T.);
#4947=EDGE_CURVE('',#3911,#3912,#2062,.T.);
#4948=EDGE_CURVE('',#3912,#3910,#211,.T.);
#4949=EDGE_CURVE('',#3913,#3911,#2063,.T.);
#4950=EDGE_CURVE('',#3913,#3914,#2064,.T.);
#4951=EDGE_CURVE('',#3914,#3912,#2065,.T.);
#4952=EDGE_CURVE('',#3896,#3913,#2066,.T.);
#4953=EDGE_CURVE('',#3898,#3914,#2067,.T.);
#4954=EDGE_CURVE('',#3915,#3916,#212,.T.);
#4955=EDGE_CURVE('',#3915,#3917,#2068,.T.);
#4956=EDGE_CURVE('',#3917,#3918,#213,.T.);
#4957=EDGE_CURVE('',#3916,#3918,#2069,.T.);
#4958=EDGE_CURVE('',#3919,#3915,#214,.T.);
#4959=EDGE_CURVE('',#3919,#3920,#2070,.T.);
#4960=EDGE_CURVE('',#3920,#3917,#215,.T.);
#4961=EDGE_CURVE('',#3921,#3919,#216,.T.);
#4962=EDGE_CURVE('',#3921,#3922,#2071,.T.);
#4963=EDGE_CURVE('',#3922,#3920,#217,.T.);
#4964=EDGE_CURVE('',#3923,#3921,#218,.T.);
#4965=EDGE_CURVE('',#3923,#3924,#2072,.T.);
#4966=EDGE_CURVE('',#3924,#3922,#219,.T.);
#4967=EDGE_CURVE('',#3925,#3923,#220,.T.);
#4968=EDGE_CURVE('',#3925,#3926,#2073,.T.);
#4969=EDGE_CURVE('',#3926,#3924,#221,.T.);
#4970=EDGE_CURVE('',#3927,#3925,#222,.T.);
#4971=EDGE_CURVE('',#3927,#3928,#2074,.T.);
#4972=EDGE_CURVE('',#3928,#3926,#223,.T.);
#4973=EDGE_CURVE('',#3929,#3927,#224,.T.);
#4974=EDGE_CURVE('',#3929,#3930,#2075,.T.);
#4975=EDGE_CURVE('',#3930,#3928,#225,.T.);
#4976=EDGE_CURVE('',#3931,#3929,#226,.T.);
#4977=EDGE_CURVE('',#3931,#3932,#2076,.T.);
#4978=EDGE_CURVE('',#3932,#3930,#227,.T.);
#4979=EDGE_CURVE('',#3933,#3931,#228,.T.);
#4980=EDGE_CURVE('',#3933,#3934,#2077,.T.);
#4981=EDGE_CURVE('',#3934,#3932,#229,.T.);
#4982=EDGE_CURVE('',#3935,#3933,#2078,.T.);
#4983=EDGE_CURVE('',#3935,#3936,#2079,.T.);
#4984=EDGE_CURVE('',#3936,#3934,#2080,.T.);
#4985=EDGE_CURVE('',#3937,#3935,#2081,.T.);
#4986=EDGE_CURVE('',#3937,#3938,#2082,.T.);
#4987=EDGE_CURVE('',#3938,#3936,#2083,.T.);
#4988=EDGE_CURVE('',#3916,#3937,#2084,.T.);
#4989=EDGE_CURVE('',#3918,#3938,#2085,.T.);
#4990=EDGE_CURVE('',#3939,#3940,#2086,.T.);
#4991=EDGE_CURVE('',#3939,#3941,#2087,.T.);
#4992=EDGE_CURVE('',#3941,#3942,#2088,.T.);
#4993=EDGE_CURVE('',#3940,#3942,#2089,.T.);
#4994=EDGE_CURVE('',#3943,#3939,#2090,.T.);
#4995=EDGE_CURVE('',#3943,#3944,#2091,.T.);
#4996=EDGE_CURVE('',#3944,#3941,#2092,.T.);
#4997=EDGE_CURVE('',#3945,#3943,#2093,.T.);
#4998=EDGE_CURVE('',#3945,#3946,#2094,.T.);
#4999=EDGE_CURVE('',#3946,#3944,#2095,.T.);
#5000=EDGE_CURVE('',#3947,#3945,#2096,.T.);
#5001=EDGE_CURVE('',#3947,#3948,#2097,.T.);
#5002=EDGE_CURVE('',#3948,#3946,#2098,.T.);
#5003=EDGE_CURVE('',#3949,#3947,#2099,.T.);
#5004=EDGE_CURVE('',#3949,#3950,#2100,.T.);
#5005=EDGE_CURVE('',#3950,#3948,#2101,.T.);
#5006=EDGE_CURVE('',#3951,#3949,#2102,.T.);
#5007=EDGE_CURVE('',#3951,#3952,#2103,.T.);
#5008=EDGE_CURVE('',#3952,#3950,#2104,.T.);
#5009=EDGE_CURVE('',#3953,#3951,#2105,.T.);
#5010=EDGE_CURVE('',#3953,#3954,#2106,.T.);
#5011=EDGE_CURVE('',#3954,#3952,#2107,.T.);
#5012=EDGE_CURVE('',#3955,#3953,#2108,.T.);
#5013=EDGE_CURVE('',#3955,#3956,#2109,.T.);
#5014=EDGE_CURVE('',#3956,#3954,#2110,.T.);
#5015=EDGE_CURVE('',#3957,#3955,#2111,.T.);
#5016=EDGE_CURVE('',#3957,#3958,#2112,.T.);
#5017=EDGE_CURVE('',#3958,#3956,#2113,.T.);
#5018=EDGE_CURVE('',#3940,#3957,#2114,.T.);
#5019=EDGE_CURVE('',#3942,#3958,#2115,.T.);
#5020=EDGE_CURVE('',#3959,#3960,#230,.T.);
#5021=EDGE_CURVE('',#3959,#3961,#2116,.T.);
#5022=EDGE_CURVE('',#3961,#3962,#231,.T.);
#5023=EDGE_CURVE('',#3960,#3962,#2117,.T.);
#5024=EDGE_CURVE('',#3963,#3959,#232,.T.);
#5025=EDGE_CURVE('',#3963,#3964,#2118,.T.);
#5026=EDGE_CURVE('',#3964,#3961,#233,.T.);
#5027=EDGE_CURVE('',#3965,#3963,#2119,.T.);
#5028=EDGE_CURVE('',#3965,#3966,#2120,.T.);
#5029=EDGE_CURVE('',#3966,#3964,#2121,.T.);
#5030=EDGE_CURVE('',#3967,#3965,#2122,.T.);
#5031=EDGE_CURVE('',#3967,#3968,#2123,.T.);
#5032=EDGE_CURVE('',#3968,#3966,#2124,.T.);
#5033=EDGE_CURVE('',#3960,#3967,#2125,.T.);
#5034=EDGE_CURVE('',#3962,#3968,#2126,.T.);
#5035=EDGE_CURVE('',#3969,#3970,#2127,.T.);
#5036=EDGE_CURVE('',#3969,#3971,#2128,.T.);
#5037=EDGE_CURVE('',#3971,#3972,#2129,.T.);
#5038=EDGE_CURVE('',#3970,#3972,#2130,.T.);
#5039=EDGE_CURVE('',#3973,#3969,#2131,.T.);
#5040=EDGE_CURVE('',#3973,#3974,#2132,.T.);
#5041=EDGE_CURVE('',#3974,#3971,#2133,.T.);
#5042=EDGE_CURVE('',#3975,#3973,#2134,.T.);
#5043=EDGE_CURVE('',#3975,#3976,#2135,.T.);
#5044=EDGE_CURVE('',#3976,#3974,#2136,.T.);
#5045=EDGE_CURVE('',#3977,#3975,#2137,.T.);
#5046=EDGE_CURVE('',#3977,#3978,#2138,.T.);
#5047=EDGE_CURVE('',#3978,#3976,#2139,.T.);
#5048=EDGE_CURVE('',#3979,#3977,#2140,.T.);
#5049=EDGE_CURVE('',#3979,#3980,#2141,.T.);
#5050=EDGE_CURVE('',#3980,#3978,#2142,.T.);
#5051=EDGE_CURVE('',#3981,#3979,#2143,.T.);
#5052=EDGE_CURVE('',#3981,#3982,#2144,.T.);
#5053=EDGE_CURVE('',#3982,#3980,#2145,.T.);
#5054=EDGE_CURVE('',#3983,#3981,#2146,.T.);
#5055=EDGE_CURVE('',#3983,#3984,#2147,.T.);
#5056=EDGE_CURVE('',#3984,#3982,#2148,.T.);
#5057=EDGE_CURVE('',#3970,#3983,#2149,.T.);
#5058=EDGE_CURVE('',#3972,#3984,#2150,.T.);
#5059=EDGE_CURVE('',#3985,#3986,#2151,.T.);
#5060=EDGE_CURVE('',#3985,#3987,#2152,.T.);
#5061=EDGE_CURVE('',#3987,#3988,#2153,.T.);
#5062=EDGE_CURVE('',#3986,#3988,#2154,.T.);
#5063=EDGE_CURVE('',#3989,#3985,#2155,.T.);
#5064=EDGE_CURVE('',#3989,#3990,#2156,.T.);
#5065=EDGE_CURVE('',#3990,#3987,#2157,.T.);
#5066=EDGE_CURVE('',#3991,#3989,#2158,.T.);
#5067=EDGE_CURVE('',#3991,#3992,#2159,.T.);
#5068=EDGE_CURVE('',#3992,#3990,#2160,.T.);
#5069=EDGE_CURVE('',#3993,#3991,#2161,.T.);
#5070=EDGE_CURVE('',#3993,#3994,#2162,.T.);
#5071=EDGE_CURVE('',#3994,#3992,#2163,.T.);
#5072=EDGE_CURVE('',#3995,#3993,#2164,.T.);
#5073=EDGE_CURVE('',#3995,#3996,#2165,.T.);
#5074=EDGE_CURVE('',#3996,#3994,#2166,.T.);
#5075=EDGE_CURVE('',#3997,#3995,#2167,.T.);
#5076=EDGE_CURVE('',#3997,#3998,#2168,.T.);
#5077=EDGE_CURVE('',#3998,#3996,#2169,.T.);
#5078=EDGE_CURVE('',#3999,#3997,#2170,.T.);
#5079=EDGE_CURVE('',#3999,#4000,#2171,.T.);
#5080=EDGE_CURVE('',#4000,#3998,#2172,.T.);
#5081=EDGE_CURVE('',#4001,#3999,#2173,.T.);
#5082=EDGE_CURVE('',#4001,#4002,#2174,.T.);
#5083=EDGE_CURVE('',#4002,#4000,#2175,.T.);
#5084=EDGE_CURVE('',#4003,#4001,#2176,.T.);
#5085=EDGE_CURVE('',#4003,#4004,#2177,.T.);
#5086=EDGE_CURVE('',#4004,#4002,#2178,.T.);
#5087=EDGE_CURVE('',#4005,#4003,#234,.T.);
#5088=EDGE_CURVE('',#4005,#4006,#2179,.T.);
#5089=EDGE_CURVE('',#4006,#4004,#235,.T.);
#5090=EDGE_CURVE('',#4007,#4005,#236,.T.);
#5091=EDGE_CURVE('',#4007,#4008,#2180,.T.);
#5092=EDGE_CURVE('',#4008,#4006,#237,.T.);
#5093=EDGE_CURVE('',#4009,#4007,#2181,.T.);
#5094=EDGE_CURVE('',#4009,#4010,#2182,.T.);
#5095=EDGE_CURVE('',#4010,#4008,#2183,.T.);
#5096=EDGE_CURVE('',#4011,#4009,#2184,.T.);
#5097=EDGE_CURVE('',#4011,#4012,#2185,.T.);
#5098=EDGE_CURVE('',#4012,#4010,#2186,.T.);
#5099=EDGE_CURVE('',#4013,#4011,#2187,.T.);
#5100=EDGE_CURVE('',#4013,#4014,#2188,.T.);
#5101=EDGE_CURVE('',#4014,#4012,#2189,.T.);
#5102=EDGE_CURVE('',#3986,#4013,#2190,.T.);
#5103=EDGE_CURVE('',#3988,#4014,#2191,.T.);
#5104=EDGE_CURVE('',#4015,#4016,#2192,.T.);
#5105=EDGE_CURVE('',#4015,#4017,#2193,.T.);
#5106=EDGE_CURVE('',#4017,#4018,#2194,.T.);
#5107=EDGE_CURVE('',#4016,#4018,#2195,.T.);
#5108=EDGE_CURVE('',#4019,#4015,#2196,.T.);
#5109=EDGE_CURVE('',#4019,#4020,#2197,.T.);
#5110=EDGE_CURVE('',#4020,#4017,#2198,.T.);
#5111=EDGE_CURVE('',#4021,#4019,#2199,.T.);
#5112=EDGE_CURVE('',#4021,#4022,#2200,.T.);
#5113=EDGE_CURVE('',#4022,#4020,#2201,.T.);
#5114=EDGE_CURVE('',#4023,#4021,#2202,.T.);
#5115=EDGE_CURVE('',#4023,#4024,#2203,.T.);
#5116=EDGE_CURVE('',#4024,#4022,#2204,.T.);
#5117=EDGE_CURVE('',#4025,#4023,#2205,.T.);
#5118=EDGE_CURVE('',#4025,#4026,#2206,.T.);
#5119=EDGE_CURVE('',#4026,#4024,#2207,.T.);
#5120=EDGE_CURVE('',#4027,#4025,#2208,.T.);
#5121=EDGE_CURVE('',#4027,#4028,#2209,.T.);
#5122=EDGE_CURVE('',#4028,#4026,#2210,.T.);
#5123=EDGE_CURVE('',#4029,#4027,#2211,.T.);
#5124=EDGE_CURVE('',#4029,#4030,#2212,.T.);
#5125=EDGE_CURVE('',#4030,#4028,#2213,.T.);
#5126=EDGE_CURVE('',#4031,#4029,#2214,.T.);
#5127=EDGE_CURVE('',#4031,#4032,#2215,.T.);
#5128=EDGE_CURVE('',#4032,#4030,#2216,.T.);
#5129=EDGE_CURVE('',#4033,#4031,#2217,.T.);
#5130=EDGE_CURVE('',#4033,#4034,#2218,.T.);
#5131=EDGE_CURVE('',#4034,#4032,#2219,.T.);
#5132=EDGE_CURVE('',#4035,#4033,#2220,.T.);
#5133=EDGE_CURVE('',#4035,#4036,#2221,.T.);
#5134=EDGE_CURVE('',#4036,#4034,#2222,.T.);
#5135=EDGE_CURVE('',#4037,#4035,#2223,.T.);
#5136=EDGE_CURVE('',#4037,#4038,#2224,.T.);
#5137=EDGE_CURVE('',#4038,#4036,#2225,.T.);
#5138=EDGE_CURVE('',#4016,#4037,#2226,.T.);
#5139=EDGE_CURVE('',#4018,#4038,#2227,.T.);
#5140=EDGE_CURVE('',#4039,#4040,#2228,.T.);
#5141=EDGE_CURVE('',#4039,#4041,#2229,.T.);
#5142=EDGE_CURVE('',#4041,#4042,#2230,.T.);
#5143=EDGE_CURVE('',#4040,#4042,#2231,.T.);
#5144=EDGE_CURVE('',#4043,#4039,#2232,.T.);
#5145=EDGE_CURVE('',#4043,#4044,#2233,.T.);
#5146=EDGE_CURVE('',#4044,#4041,#2234,.T.);
#5147=EDGE_CURVE('',#4045,#4043,#2235,.T.);
#5148=EDGE_CURVE('',#4045,#4046,#2236,.T.);
#5149=EDGE_CURVE('',#4046,#4044,#2237,.T.);
#5150=EDGE_CURVE('',#4047,#4045,#2238,.T.);
#5151=EDGE_CURVE('',#4047,#4048,#2239,.T.);
#5152=EDGE_CURVE('',#4048,#4046,#2240,.T.);
#5153=EDGE_CURVE('',#4049,#4047,#2241,.T.);
#5154=EDGE_CURVE('',#4049,#4050,#2242,.T.);
#5155=EDGE_CURVE('',#4050,#4048,#2243,.T.);
#5156=EDGE_CURVE('',#4051,#4049,#2244,.T.);
#5157=EDGE_CURVE('',#4051,#4052,#2245,.T.);
#5158=EDGE_CURVE('',#4052,#4050,#2246,.T.);
#5159=EDGE_CURVE('',#4053,#4051,#2247,.T.);
#5160=EDGE_CURVE('',#4053,#4054,#2248,.T.);
#5161=EDGE_CURVE('',#4054,#4052,#2249,.T.);
#5162=EDGE_CURVE('',#4040,#4053,#2250,.T.);
#5163=EDGE_CURVE('',#4042,#4054,#2251,.T.);
#5164=EDGE_CURVE('',#4055,#4056,#238,.T.);
#5165=EDGE_CURVE('',#4055,#4057,#2252,.T.);
#5166=EDGE_CURVE('',#4057,#4058,#239,.T.);
#5167=EDGE_CURVE('',#4056,#4058,#2253,.T.);
#5168=EDGE_CURVE('',#4059,#4055,#240,.T.);
#5169=EDGE_CURVE('',#4059,#4060,#2254,.T.);
#5170=EDGE_CURVE('',#4060,#4057,#241,.T.);
#5171=EDGE_CURVE('',#4061,#4059,#242,.T.);
#5172=EDGE_CURVE('',#4061,#4062,#2255,.T.);
#5173=EDGE_CURVE('',#4062,#4060,#243,.T.);
#5174=EDGE_CURVE('',#4063,#4061,#244,.T.);
#5175=EDGE_CURVE('',#4063,#4064,#2256,.T.);
#5176=EDGE_CURVE('',#4064,#4062,#245,.T.);
#5177=EDGE_CURVE('',#4065,#4063,#246,.T.);
#5178=EDGE_CURVE('',#4065,#4066,#2257,.T.);
#5179=EDGE_CURVE('',#4066,#4064,#247,.T.);
#5180=EDGE_CURVE('',#4067,#4065,#248,.T.);
#5181=EDGE_CURVE('',#4067,#4068,#2258,.T.);
#5182=EDGE_CURVE('',#4068,#4066,#249,.T.);
#5183=EDGE_CURVE('',#4069,#4067,#250,.T.);
#5184=EDGE_CURVE('',#4069,#4070,#2259,.T.);
#5185=EDGE_CURVE('',#4070,#4068,#251,.T.);
#5186=EDGE_CURVE('',#4056,#4069,#252,.T.);
#5187=EDGE_CURVE('',#4058,#4070,#253,.T.);
#5188=EDGE_CURVE('',#4071,#4072,#254,.T.);
#5189=EDGE_CURVE('',#4071,#4073,#2260,.T.);
#5190=EDGE_CURVE('',#4073,#4074,#255,.T.);
#5191=EDGE_CURVE('',#4072,#4074,#2261,.T.);
#5192=EDGE_CURVE('',#4075,#4071,#256,.T.);
#5193=EDGE_CURVE('',#4075,#4076,#2262,.T.);
#5194=EDGE_CURVE('',#4076,#4073,#257,.T.);
#5195=EDGE_CURVE('',#4077,#4075,#258,.T.);
#5196=EDGE_CURVE('',#4077,#4078,#2263,.T.);
#5197=EDGE_CURVE('',#4078,#4076,#259,.T.);
#5198=EDGE_CURVE('',#4079,#4077,#260,.T.);
#5199=EDGE_CURVE('',#4079,#4080,#2264,.T.);
#5200=EDGE_CURVE('',#4080,#4078,#261,.T.);
#5201=EDGE_CURVE('',#4081,#4079,#262,.T.);
#5202=EDGE_CURVE('',#4081,#4082,#2265,.T.);
#5203=EDGE_CURVE('',#4082,#4080,#263,.T.);
#5204=EDGE_CURVE('',#4083,#4081,#264,.T.);
#5205=EDGE_CURVE('',#4083,#4084,#2266,.T.);
#5206=EDGE_CURVE('',#4084,#4082,#265,.T.);
#5207=EDGE_CURVE('',#4085,#4083,#266,.T.);
#5208=EDGE_CURVE('',#4085,#4086,#2267,.T.);
#5209=EDGE_CURVE('',#4086,#4084,#267,.T.);
#5210=EDGE_CURVE('',#4087,#4085,#268,.T.);
#5211=EDGE_CURVE('',#4087,#4088,#2268,.T.);
#5212=EDGE_CURVE('',#4088,#4086,#269,.T.);
#5213=EDGE_CURVE('',#4072,#4087,#270,.T.);
#5214=EDGE_CURVE('',#4074,#4088,#271,.T.);
#5215=EDGE_CURVE('',#4089,#4090,#2269,.T.);
#5216=EDGE_CURVE('',#4089,#4091,#2270,.T.);
#5217=EDGE_CURVE('',#4091,#4092,#2271,.T.);
#5218=EDGE_CURVE('',#4090,#4092,#2272,.T.);
#5219=EDGE_CURVE('',#4093,#4089,#272,.T.);
#5220=EDGE_CURVE('',#4093,#4094,#2273,.T.);
#5221=EDGE_CURVE('',#4094,#4091,#273,.T.);
#5222=EDGE_CURVE('',#4095,#4093,#274,.T.);
#5223=EDGE_CURVE('',#4095,#4096,#2274,.T.);
#5224=EDGE_CURVE('',#4096,#4094,#275,.T.);
#5225=EDGE_CURVE('',#4097,#4095,#276,.T.);
#5226=EDGE_CURVE('',#4097,#4098,#2275,.T.);
#5227=EDGE_CURVE('',#4098,#4096,#277,.T.);
#5228=EDGE_CURVE('',#4099,#4097,#278,.T.);
#5229=EDGE_CURVE('',#4099,#4100,#2276,.T.);
#5230=EDGE_CURVE('',#4100,#4098,#279,.T.);
#5231=EDGE_CURVE('',#4101,#4099,#280,.T.);
#5232=EDGE_CURVE('',#4101,#4102,#2277,.T.);
#5233=EDGE_CURVE('',#4102,#4100,#281,.T.);
#5234=EDGE_CURVE('',#4103,#4101,#282,.T.);
#5235=EDGE_CURVE('',#4103,#4104,#2278,.T.);
#5236=EDGE_CURVE('',#4104,#4102,#283,.T.);
#5237=EDGE_CURVE('',#4105,#4103,#2279,.T.);
#5238=EDGE_CURVE('',#4105,#4106,#2280,.T.);
#5239=EDGE_CURVE('',#4106,#4104,#2281,.T.);
#5240=EDGE_CURVE('',#4090,#4105,#2282,.T.);
#5241=EDGE_CURVE('',#4092,#4106,#2283,.T.);
#5242=EDGE_CURVE('',#4107,#4108,#2284,.T.);
#5243=EDGE_CURVE('',#4107,#4109,#2285,.T.);
#5244=EDGE_CURVE('',#4109,#4110,#2286,.T.);
#5245=EDGE_CURVE('',#4108,#4110,#2287,.T.);
#5246=EDGE_CURVE('',#4111,#4107,#284,.T.);
#5247=EDGE_CURVE('',#4111,#4112,#2288,.T.);
#5248=EDGE_CURVE('',#4112,#4109,#285,.T.);
#5249=EDGE_CURVE('',#4113,#4111,#286,.T.);
#5250=EDGE_CURVE('',#4113,#4114,#2289,.T.);
#5251=EDGE_CURVE('',#4114,#4112,#287,.T.);
#5252=EDGE_CURVE('',#4115,#4113,#288,.T.);
#5253=EDGE_CURVE('',#4115,#4116,#2290,.T.);
#5254=EDGE_CURVE('',#4116,#4114,#289,.T.);
#5255=EDGE_CURVE('',#4117,#4115,#290,.T.);
#5256=EDGE_CURVE('',#4117,#4118,#2291,.T.);
#5257=EDGE_CURVE('',#4118,#4116,#291,.T.);
#5258=EDGE_CURVE('',#4119,#4117,#292,.T.);
#5259=EDGE_CURVE('',#4119,#4120,#2292,.T.);
#5260=EDGE_CURVE('',#4120,#4118,#293,.T.);
#5261=EDGE_CURVE('',#4121,#4119,#294,.T.);
#5262=EDGE_CURVE('',#4121,#4122,#2293,.T.);
#5263=EDGE_CURVE('',#4122,#4120,#295,.T.);
#5264=EDGE_CURVE('',#4123,#4121,#296,.T.);
#5265=EDGE_CURVE('',#4123,#4124,#2294,.T.);
#5266=EDGE_CURVE('',#4124,#4122,#297,.T.);
#5267=EDGE_CURVE('',#4125,#4123,#2295,.T.);
#5268=EDGE_CURVE('',#4125,#4126,#2296,.T.);
#5269=EDGE_CURVE('',#4126,#4124,#2297,.T.);
#5270=EDGE_CURVE('',#4108,#4125,#2298,.T.);
#5271=EDGE_CURVE('',#4110,#4126,#2299,.T.);
#5272=EDGE_CURVE('',#4127,#4128,#298,.T.);
#5273=EDGE_CURVE('',#4127,#4129,#2300,.T.);
#5274=EDGE_CURVE('',#4129,#4130,#299,.T.);
#5275=EDGE_CURVE('',#4128,#4130,#2301,.T.);
#5276=EDGE_CURVE('',#4131,#4127,#300,.T.);
#5277=EDGE_CURVE('',#4131,#4132,#2302,.T.);
#5278=EDGE_CURVE('',#4132,#4129,#301,.T.);
#5279=EDGE_CURVE('',#4133,#4131,#302,.T.);
#5280=EDGE_CURVE('',#4133,#4134,#2303,.T.);
#5281=EDGE_CURVE('',#4134,#4132,#303,.T.);
#5282=EDGE_CURVE('',#4135,#4133,#304,.T.);
#5283=EDGE_CURVE('',#4135,#4136,#2304,.T.);
#5284=EDGE_CURVE('',#4136,#4134,#305,.T.);
#5285=EDGE_CURVE('',#4137,#4135,#306,.T.);
#5286=EDGE_CURVE('',#4137,#4138,#2305,.T.);
#5287=EDGE_CURVE('',#4138,#4136,#307,.T.);
#5288=EDGE_CURVE('',#4139,#4137,#308,.T.);
#5289=EDGE_CURVE('',#4139,#4140,#2306,.T.);
#5290=EDGE_CURVE('',#4140,#4138,#309,.T.);
#5291=EDGE_CURVE('',#4141,#4139,#310,.T.);
#5292=EDGE_CURVE('',#4141,#4142,#2307,.T.);
#5293=EDGE_CURVE('',#4142,#4140,#311,.T.);
#5294=EDGE_CURVE('',#4143,#4141,#312,.T.);
#5295=EDGE_CURVE('',#4143,#4144,#2308,.T.);
#5296=EDGE_CURVE('',#4144,#4142,#313,.T.);
#5297=EDGE_CURVE('',#4145,#4143,#314,.T.);
#5298=EDGE_CURVE('',#4145,#4146,#2309,.T.);
#5299=EDGE_CURVE('',#4146,#4144,#315,.T.);
#5300=EDGE_CURVE('',#4147,#4145,#316,.T.);
#5301=EDGE_CURVE('',#4147,#4148,#2310,.T.);
#5302=EDGE_CURVE('',#4148,#4146,#317,.T.);
#5303=EDGE_CURVE('',#4149,#4147,#318,.T.);
#5304=EDGE_CURVE('',#4149,#4150,#2311,.T.);
#5305=EDGE_CURVE('',#4150,#4148,#319,.T.);
#5306=EDGE_CURVE('',#4151,#4149,#2312,.T.);
#5307=EDGE_CURVE('',#4151,#4152,#2313,.T.);
#5308=EDGE_CURVE('',#4152,#4150,#2314,.T.);
#5309=EDGE_CURVE('',#4153,#4151,#2315,.T.);
#5310=EDGE_CURVE('',#4153,#4154,#2316,.T.);
#5311=EDGE_CURVE('',#4154,#4152,#2317,.T.);
#5312=EDGE_CURVE('',#4128,#4153,#2318,.T.);
#5313=EDGE_CURVE('',#4130,#4154,#2319,.T.);
#5314=EDGE_CURVE('',#4155,#4156,#320,.T.);
#5315=EDGE_CURVE('',#4155,#4157,#2320,.T.);
#5316=EDGE_CURVE('',#4157,#4158,#321,.T.);
#5317=EDGE_CURVE('',#4156,#4158,#2321,.T.);
#5318=EDGE_CURVE('',#4159,#4155,#322,.T.);
#5319=EDGE_CURVE('',#4159,#4160,#2322,.T.);
#5320=EDGE_CURVE('',#4160,#4157,#323,.T.);
#5321=EDGE_CURVE('',#4161,#4159,#324,.T.);
#5322=EDGE_CURVE('',#4161,#4162,#2323,.T.);
#5323=EDGE_CURVE('',#4162,#4160,#325,.T.);
#5324=EDGE_CURVE('',#4163,#4161,#2324,.T.);
#5325=EDGE_CURVE('',#4163,#4164,#2325,.T.);
#5326=EDGE_CURVE('',#4164,#4162,#2326,.T.);
#5327=EDGE_CURVE('',#4165,#4163,#2327,.T.);
#5328=EDGE_CURVE('',#4165,#4166,#2328,.T.);
#5329=EDGE_CURVE('',#4166,#4164,#2329,.T.);
#5330=EDGE_CURVE('',#4167,#4165,#2330,.T.);
#5331=EDGE_CURVE('',#4167,#4168,#2331,.T.);
#5332=EDGE_CURVE('',#4168,#4166,#2332,.T.);
#5333=EDGE_CURVE('',#4169,#4167,#326,.T.);
#5334=EDGE_CURVE('',#4169,#4170,#2333,.T.);
#5335=EDGE_CURVE('',#4170,#4168,#327,.T.);
#5336=EDGE_CURVE('',#4171,#4169,#328,.T.);
#5337=EDGE_CURVE('',#4171,#4172,#2334,.T.);
#5338=EDGE_CURVE('',#4172,#4170,#329,.T.);
#5339=EDGE_CURVE('',#4173,#4171,#2335,.T.);
#5340=EDGE_CURVE('',#4173,#4174,#2336,.T.);
#5341=EDGE_CURVE('',#4174,#4172,#2337,.T.);
#5342=EDGE_CURVE('',#4175,#4173,#2338,.T.);
#5343=EDGE_CURVE('',#4175,#4176,#2339,.T.);
#5344=EDGE_CURVE('',#4176,#4174,#2340,.T.);
#5345=EDGE_CURVE('',#4177,#4175,#2341,.T.);
#5346=EDGE_CURVE('',#4177,#4178,#2342,.T.);
#5347=EDGE_CURVE('',#4178,#4176,#2343,.T.);
#5348=EDGE_CURVE('',#4179,#4177,#330,.T.);
#5349=EDGE_CURVE('',#4179,#4180,#2344,.T.);
#5350=EDGE_CURVE('',#4180,#4178,#331,.T.);
#5351=EDGE_CURVE('',#4181,#4179,#332,.T.);
#5352=EDGE_CURVE('',#4181,#4182,#2345,.T.);
#5353=EDGE_CURVE('',#4182,#4180,#333,.T.);
#5354=EDGE_CURVE('',#4183,#4181,#334,.T.);
#5355=EDGE_CURVE('',#4183,#4184,#2346,.T.);
#5356=EDGE_CURVE('',#4184,#4182,#335,.T.);
#5357=EDGE_CURVE('',#4185,#4183,#336,.T.);
#5358=EDGE_CURVE('',#4185,#4186,#2347,.T.);
#5359=EDGE_CURVE('',#4186,#4184,#337,.T.);
#5360=EDGE_CURVE('',#4187,#4185,#338,.T.);
#5361=EDGE_CURVE('',#4187,#4188,#2348,.T.);
#5362=EDGE_CURVE('',#4188,#4186,#339,.T.);
#5363=EDGE_CURVE('',#4189,#4187,#2349,.T.);
#5364=EDGE_CURVE('',#4189,#4190,#2350,.T.);
#5365=EDGE_CURVE('',#4190,#4188,#2351,.T.);
#5366=EDGE_CURVE('',#4156,#4189,#340,.T.);
#5367=EDGE_CURVE('',#4158,#4190,#341,.T.);
#5368=EDGE_CURVE('',#4191,#4192,#342,.T.);
#5369=EDGE_CURVE('',#4191,#4193,#2352,.T.);
#5370=EDGE_CURVE('',#4193,#4194,#343,.T.);
#5371=EDGE_CURVE('',#4192,#4194,#2353,.T.);
#5372=EDGE_CURVE('',#4195,#4191,#344,.T.);
#5373=EDGE_CURVE('',#4195,#4196,#2354,.T.);
#5374=EDGE_CURVE('',#4196,#4193,#345,.T.);
#5375=EDGE_CURVE('',#4197,#4195,#346,.T.);
#5376=EDGE_CURVE('',#4197,#4198,#2355,.T.);
#5377=EDGE_CURVE('',#4198,#4196,#347,.T.);
#5378=EDGE_CURVE('',#4199,#4197,#348,.T.);
#5379=EDGE_CURVE('',#4199,#4200,#2356,.T.);
#5380=EDGE_CURVE('',#4200,#4198,#349,.T.);
#5381=EDGE_CURVE('',#4201,#4199,#350,.T.);
#5382=EDGE_CURVE('',#4201,#4202,#2357,.T.);
#5383=EDGE_CURVE('',#4202,#4200,#351,.T.);
#5384=EDGE_CURVE('',#4203,#4201,#352,.T.);
#5385=EDGE_CURVE('',#4203,#4204,#2358,.T.);
#5386=EDGE_CURVE('',#4204,#4202,#353,.T.);
#5387=EDGE_CURVE('',#4205,#4203,#354,.T.);
#5388=EDGE_CURVE('',#4205,#4206,#2359,.T.);
#5389=EDGE_CURVE('',#4206,#4204,#355,.T.);
#5390=EDGE_CURVE('',#4192,#4205,#356,.T.);
#5391=EDGE_CURVE('',#4194,#4206,#357,.T.);
#5392=EDGE_CURVE('',#4207,#4208,#358,.T.);
#5393=EDGE_CURVE('',#4207,#4209,#2360,.T.);
#5394=EDGE_CURVE('',#4209,#4210,#359,.T.);
#5395=EDGE_CURVE('',#4208,#4210,#2361,.T.);
#5396=EDGE_CURVE('',#4211,#4207,#360,.T.);
#5397=EDGE_CURVE('',#4211,#4212,#2362,.T.);
#5398=EDGE_CURVE('',#4212,#4209,#361,.T.);
#5399=EDGE_CURVE('',#4213,#4211,#362,.T.);
#5400=EDGE_CURVE('',#4213,#4214,#2363,.T.);
#5401=EDGE_CURVE('',#4214,#4212,#363,.T.);
#5402=EDGE_CURVE('',#4215,#4213,#364,.T.);
#5403=EDGE_CURVE('',#4215,#4216,#2364,.T.);
#5404=EDGE_CURVE('',#4216,#4214,#365,.T.);
#5405=EDGE_CURVE('',#4217,#4215,#366,.T.);
#5406=EDGE_CURVE('',#4217,#4218,#2365,.T.);
#5407=EDGE_CURVE('',#4218,#4216,#367,.T.);
#5408=EDGE_CURVE('',#4219,#4217,#368,.T.);
#5409=EDGE_CURVE('',#4219,#4220,#2366,.T.);
#5410=EDGE_CURVE('',#4220,#4218,#369,.T.);
#5411=EDGE_CURVE('',#4221,#4219,#370,.T.);
#5412=EDGE_CURVE('',#4221,#4222,#2367,.T.);
#5413=EDGE_CURVE('',#4222,#4220,#371,.T.);
#5414=EDGE_CURVE('',#4223,#4221,#372,.T.);
#5415=EDGE_CURVE('',#4223,#4224,#2368,.T.);
#5416=EDGE_CURVE('',#4224,#4222,#373,.T.);
#5417=EDGE_CURVE('',#4208,#4223,#374,.T.);
#5418=EDGE_CURVE('',#4210,#4224,#375,.T.);
#5419=EDGE_CURVE('',#4225,#4226,#376,.T.);
#5420=EDGE_CURVE('',#4225,#4227,#2369,.T.);
#5421=EDGE_CURVE('',#4227,#4228,#377,.T.);
#5422=EDGE_CURVE('',#4226,#4228,#2370,.T.);
#5423=EDGE_CURVE('',#4229,#4225,#378,.T.);
#5424=EDGE_CURVE('',#4229,#4230,#2371,.T.);
#5425=EDGE_CURVE('',#4230,#4227,#379,.T.);
#5426=EDGE_CURVE('',#4231,#4229,#380,.T.);
#5427=EDGE_CURVE('',#4231,#4232,#2372,.T.);
#5428=EDGE_CURVE('',#4232,#4230,#381,.T.);
#5429=EDGE_CURVE('',#4233,#4231,#382,.T.);
#5430=EDGE_CURVE('',#4233,#4234,#2373,.T.);
#5431=EDGE_CURVE('',#4234,#4232,#383,.T.);
#5432=EDGE_CURVE('',#4235,#4233,#384,.T.);
#5433=EDGE_CURVE('',#4235,#4236,#2374,.T.);
#5434=EDGE_CURVE('',#4236,#4234,#385,.T.);
#5435=EDGE_CURVE('',#4237,#4235,#386,.T.);
#5436=EDGE_CURVE('',#4237,#4238,#2375,.T.);
#5437=EDGE_CURVE('',#4238,#4236,#387,.T.);
#5438=EDGE_CURVE('',#4239,#4237,#388,.T.);
#5439=EDGE_CURVE('',#4239,#4240,#2376,.T.);
#5440=EDGE_CURVE('',#4240,#4238,#389,.T.);
#5441=EDGE_CURVE('',#4226,#4239,#390,.T.);
#5442=EDGE_CURVE('',#4228,#4240,#391,.T.);
#5443=EDGE_CURVE('',#4241,#4242,#2377,.T.);
#5444=EDGE_CURVE('',#4241,#4243,#2378,.T.);
#5445=EDGE_CURVE('',#4243,#4244,#2379,.T.);
#5446=EDGE_CURVE('',#4242,#4244,#2380,.T.);
#5447=EDGE_CURVE('',#4245,#4241,#2381,.T.);
#5448=EDGE_CURVE('',#4245,#4246,#2382,.T.);
#5449=EDGE_CURVE('',#4246,#4243,#2383,.T.);
#5450=EDGE_CURVE('',#4247,#4245,#2384,.T.);
#5451=EDGE_CURVE('',#4247,#4248,#2385,.T.);
#5452=EDGE_CURVE('',#4248,#4246,#2386,.T.);
#5453=EDGE_CURVE('',#4249,#4247,#392,.T.);
#5454=EDGE_CURVE('',#4249,#4250,#2387,.T.);
#5455=EDGE_CURVE('',#4250,#4248,#393,.T.);
#5456=EDGE_CURVE('',#4251,#4249,#394,.T.);
#5457=EDGE_CURVE('',#4251,#4252,#2388,.T.);
#5458=EDGE_CURVE('',#4252,#4250,#395,.T.);
#5459=EDGE_CURVE('',#4253,#4251,#396,.T.);
#5460=EDGE_CURVE('',#4253,#4254,#2389,.T.);
#5461=EDGE_CURVE('',#4254,#4252,#397,.T.);
#5462=EDGE_CURVE('',#4255,#4253,#398,.T.);
#5463=EDGE_CURVE('',#4255,#4256,#2390,.T.);
#5464=EDGE_CURVE('',#4256,#4254,#399,.T.);
#5465=EDGE_CURVE('',#4257,#4255,#400,.T.);
#5466=EDGE_CURVE('',#4257,#4258,#2391,.T.);
#5467=EDGE_CURVE('',#4258,#4256,#401,.T.);
#5468=EDGE_CURVE('',#4259,#4257,#402,.T.);
#5469=EDGE_CURVE('',#4259,#4260,#2392,.T.);
#5470=EDGE_CURVE('',#4260,#4258,#403,.T.);
#5471=EDGE_CURVE('',#4261,#4259,#404,.T.);
#5472=EDGE_CURVE('',#4261,#4262,#2393,.T.);
#5473=EDGE_CURVE('',#4262,#4260,#405,.T.);
#5474=EDGE_CURVE('',#4263,#4261,#406,.T.);
#5475=EDGE_CURVE('',#4263,#4264,#2394,.T.);
#5476=EDGE_CURVE('',#4264,#4262,#407,.T.);
#5477=EDGE_CURVE('',#4265,#4263,#408,.T.);
#5478=EDGE_CURVE('',#4265,#4266,#2395,.T.);
#5479=EDGE_CURVE('',#4266,#4264,#409,.T.);
#5480=EDGE_CURVE('',#4267,#4265,#2396,.T.);
#5481=EDGE_CURVE('',#4267,#4268,#2397,.T.);
#5482=EDGE_CURVE('',#4268,#4266,#2398,.T.);
#5483=EDGE_CURVE('',#4242,#4267,#2399,.T.);
#5484=EDGE_CURVE('',#4244,#4268,#2400,.T.);
#5485=EDGE_CURVE('',#4269,#4270,#410,.T.);
#5486=EDGE_CURVE('',#4269,#4271,#2401,.T.);
#5487=EDGE_CURVE('',#4271,#4272,#411,.T.);
#5488=EDGE_CURVE('',#4270,#4272,#2402,.T.);
#5489=EDGE_CURVE('',#4273,#4269,#412,.T.);
#5490=EDGE_CURVE('',#4273,#4274,#2403,.T.);
#5491=EDGE_CURVE('',#4274,#4271,#413,.T.);
#5492=EDGE_CURVE('',#4275,#4273,#414,.T.);
#5493=EDGE_CURVE('',#4275,#4276,#2404,.T.);
#5494=EDGE_CURVE('',#4276,#4274,#415,.T.);
#5495=EDGE_CURVE('',#4277,#4275,#416,.T.);
#5496=EDGE_CURVE('',#4277,#4278,#2405,.T.);
#5497=EDGE_CURVE('',#4278,#4276,#417,.T.);
#5498=EDGE_CURVE('',#4279,#4277,#418,.T.);
#5499=EDGE_CURVE('',#4279,#4280,#2406,.T.);
#5500=EDGE_CURVE('',#4280,#4278,#419,.T.);
#5501=EDGE_CURVE('',#4281,#4279,#420,.T.);
#5502=EDGE_CURVE('',#4281,#4282,#2407,.T.);
#5503=EDGE_CURVE('',#4282,#4280,#421,.T.);
#5504=EDGE_CURVE('',#4283,#4281,#422,.T.);
#5505=EDGE_CURVE('',#4283,#4284,#2408,.T.);
#5506=EDGE_CURVE('',#4284,#4282,#423,.T.);
#5507=EDGE_CURVE('',#4285,#4283,#424,.T.);
#5508=EDGE_CURVE('',#4285,#4286,#2409,.T.);
#5509=EDGE_CURVE('',#4286,#4284,#425,.T.);
#5510=EDGE_CURVE('',#4287,#4285,#426,.T.);
#5511=EDGE_CURVE('',#4287,#4288,#2410,.T.);
#5512=EDGE_CURVE('',#4288,#4286,#427,.T.);
#5513=EDGE_CURVE('',#4270,#4287,#2411,.T.);
#5514=EDGE_CURVE('',#4272,#4288,#2412,.T.);
#5515=EDGE_CURVE('',#4289,#4290,#2413,.T.);
#5516=EDGE_CURVE('',#4289,#4291,#2414,.T.);
#5517=EDGE_CURVE('',#4291,#4292,#2415,.T.);
#5518=EDGE_CURVE('',#4290,#4292,#2416,.T.);
#5519=EDGE_CURVE('',#4293,#4289,#428,.T.);
#5520=EDGE_CURVE('',#4293,#4294,#2417,.T.);
#5521=EDGE_CURVE('',#4294,#4291,#429,.T.);
#5522=EDGE_CURVE('',#4295,#4293,#430,.T.);
#5523=EDGE_CURVE('',#4295,#4296,#2418,.T.);
#5524=EDGE_CURVE('',#4296,#4294,#431,.T.);
#5525=EDGE_CURVE('',#4297,#4295,#2419,.T.);
#5526=EDGE_CURVE('',#4297,#4298,#2420,.T.);
#5527=EDGE_CURVE('',#4298,#4296,#2421,.T.);
#5528=EDGE_CURVE('',#4299,#4297,#432,.T.);
#5529=EDGE_CURVE('',#4299,#4300,#2422,.T.);
#5530=EDGE_CURVE('',#4300,#4298,#433,.T.);
#5531=EDGE_CURVE('',#4301,#4299,#434,.T.);
#5532=EDGE_CURVE('',#4301,#4302,#2423,.T.);
#5533=EDGE_CURVE('',#4302,#4300,#435,.T.);
#5534=EDGE_CURVE('',#4303,#4301,#436,.T.);
#5535=EDGE_CURVE('',#4303,#4304,#2424,.T.);
#5536=EDGE_CURVE('',#4304,#4302,#437,.T.);
#5537=EDGE_CURVE('',#4305,#4303,#438,.T.);
#5538=EDGE_CURVE('',#4305,#4306,#2425,.T.);
#5539=EDGE_CURVE('',#4306,#4304,#439,.T.);
#5540=EDGE_CURVE('',#4307,#4305,#440,.T.);
#5541=EDGE_CURVE('',#4307,#4308,#2426,.T.);
#5542=EDGE_CURVE('',#4308,#4306,#441,.T.);
#5543=EDGE_CURVE('',#4309,#4307,#442,.T.);
#5544=EDGE_CURVE('',#4309,#4310,#2427,.T.);
#5545=EDGE_CURVE('',#4310,#4308,#443,.T.);
#5546=EDGE_CURVE('',#4311,#4309,#444,.T.);
#5547=EDGE_CURVE('',#4311,#4312,#2428,.T.);
#5548=EDGE_CURVE('',#4312,#4310,#445,.T.);
#5549=EDGE_CURVE('',#4313,#4311,#2429,.T.);
#5550=EDGE_CURVE('',#4313,#4314,#2430,.T.);
#5551=EDGE_CURVE('',#4314,#4312,#2431,.T.);
#5552=EDGE_CURVE('',#4315,#4313,#446,.T.);
#5553=EDGE_CURVE('',#4315,#4316,#2432,.T.);
#5554=EDGE_CURVE('',#4316,#4314,#447,.T.);
#5555=EDGE_CURVE('',#4317,#4315,#448,.T.);
#5556=EDGE_CURVE('',#4317,#4318,#2433,.T.);
#5557=EDGE_CURVE('',#4318,#4316,#449,.T.);
#5558=EDGE_CURVE('',#4319,#4317,#450,.T.);
#5559=EDGE_CURVE('',#4319,#4320,#2434,.T.);
#5560=EDGE_CURVE('',#4320,#4318,#451,.T.);
#5561=EDGE_CURVE('',#4321,#4319,#452,.T.);
#5562=EDGE_CURVE('',#4321,#4322,#2435,.T.);
#5563=EDGE_CURVE('',#4322,#4320,#453,.T.);
#5564=EDGE_CURVE('',#4323,#4321,#454,.T.);
#5565=EDGE_CURVE('',#4323,#4324,#2436,.T.);
#5566=EDGE_CURVE('',#4324,#4322,#455,.T.);
#5567=EDGE_CURVE('',#4325,#4323,#456,.T.);
#5568=EDGE_CURVE('',#4325,#4326,#2437,.T.);
#5569=EDGE_CURVE('',#4326,#4324,#457,.T.);
#5570=EDGE_CURVE('',#4327,#4325,#458,.T.);
#5571=EDGE_CURVE('',#4327,#4328,#2438,.T.);
#5572=EDGE_CURVE('',#4328,#4326,#459,.T.);
#5573=EDGE_CURVE('',#4329,#4327,#460,.T.);
#5574=EDGE_CURVE('',#4329,#4330,#2439,.T.);
#5575=EDGE_CURVE('',#4330,#4328,#461,.T.);
#5576=EDGE_CURVE('',#4331,#4329,#462,.T.);
#5577=EDGE_CURVE('',#4331,#4332,#2440,.T.);
#5578=EDGE_CURVE('',#4332,#4330,#463,.T.);
#5579=EDGE_CURVE('',#4333,#4331,#464,.T.);
#5580=EDGE_CURVE('',#4333,#4334,#2441,.T.);
#5581=EDGE_CURVE('',#4334,#4332,#465,.T.);
#5582=EDGE_CURVE('',#4335,#4333,#466,.T.);
#5583=EDGE_CURVE('',#4335,#4336,#2442,.T.);
#5584=EDGE_CURVE('',#4336,#4334,#467,.T.);
#5585=EDGE_CURVE('',#4337,#4335,#468,.T.);
#5586=EDGE_CURVE('',#4337,#4338,#2443,.T.);
#5587=EDGE_CURVE('',#4338,#4336,#469,.T.);
#5588=EDGE_CURVE('',#4339,#4337,#470,.T.);
#5589=EDGE_CURVE('',#4339,#4340,#2444,.T.);
#5590=EDGE_CURVE('',#4340,#4338,#471,.T.);
#5591=EDGE_CURVE('',#4341,#4339,#472,.T.);
#5592=EDGE_CURVE('',#4341,#4342,#2445,.T.);
#5593=EDGE_CURVE('',#4342,#4340,#473,.T.);
#5594=EDGE_CURVE('',#4290,#4341,#474,.T.);
#5595=EDGE_CURVE('',#4292,#4342,#475,.T.);
#5596=EDGE_CURVE('',#4343,#4344,#2446,.T.);
#5597=EDGE_CURVE('',#4343,#4345,#2447,.T.);
#5598=EDGE_CURVE('',#4345,#4346,#2448,.T.);
#5599=EDGE_CURVE('',#4344,#4346,#2449,.T.);
#5600=EDGE_CURVE('',#4347,#4343,#2450,.T.);
#5601=EDGE_CURVE('',#4347,#4348,#2451,.T.);
#5602=EDGE_CURVE('',#4348,#4345,#2452,.T.);
#5603=EDGE_CURVE('',#4349,#4347,#2453,.T.);
#5604=EDGE_CURVE('',#4349,#4350,#2454,.T.);
#5605=EDGE_CURVE('',#4350,#4348,#2455,.T.);
#5606=EDGE_CURVE('',#4351,#4349,#2456,.T.);
#5607=EDGE_CURVE('',#4351,#4352,#2457,.T.);
#5608=EDGE_CURVE('',#4352,#4350,#2458,.T.);
#5609=EDGE_CURVE('',#4353,#4351,#2459,.T.);
#5610=EDGE_CURVE('',#4353,#4354,#2460,.T.);
#5611=EDGE_CURVE('',#4354,#4352,#2461,.T.);
#5612=EDGE_CURVE('',#4344,#4353,#2462,.T.);
#5613=EDGE_CURVE('',#4346,#4354,#2463,.T.);
#5614=EDGE_CURVE('',#4355,#4356,#2464,.T.);
#5615=EDGE_CURVE('',#4355,#4357,#2465,.T.);
#5616=EDGE_CURVE('',#4357,#4358,#2466,.T.);
#5617=EDGE_CURVE('',#4356,#4358,#2467,.T.);
#5618=EDGE_CURVE('',#4359,#4355,#476,.T.);
#5619=EDGE_CURVE('',#4359,#4360,#2468,.T.);
#5620=EDGE_CURVE('',#4360,#4357,#477,.T.);
#5621=EDGE_CURVE('',#4361,#4359,#478,.T.);
#5622=EDGE_CURVE('',#4361,#4362,#2469,.T.);
#5623=EDGE_CURVE('',#4362,#4360,#479,.T.);
#5624=EDGE_CURVE('',#4363,#4361,#480,.T.);
#5625=EDGE_CURVE('',#4363,#4364,#2470,.T.);
#5626=EDGE_CURVE('',#4364,#4362,#481,.T.);
#5627=EDGE_CURVE('',#4365,#4363,#482,.T.);
#5628=EDGE_CURVE('',#4365,#4366,#2471,.T.);
#5629=EDGE_CURVE('',#4366,#4364,#483,.T.);
#5630=EDGE_CURVE('',#4367,#4365,#484,.T.);
#5631=EDGE_CURVE('',#4367,#4368,#2472,.T.);
#5632=EDGE_CURVE('',#4368,#4366,#485,.T.);
#5633=EDGE_CURVE('',#4369,#4367,#2473,.T.);
#5634=EDGE_CURVE('',#4369,#4370,#2474,.T.);
#5635=EDGE_CURVE('',#4370,#4368,#2475,.T.);
#5636=EDGE_CURVE('',#4371,#4369,#2476,.T.);
#5637=EDGE_CURVE('',#4371,#4372,#2477,.T.);
#5638=EDGE_CURVE('',#4372,#4370,#2478,.T.);
#5639=EDGE_CURVE('',#4373,#4371,#2479,.T.);
#5640=EDGE_CURVE('',#4373,#4374,#2480,.T.);
#5641=EDGE_CURVE('',#4374,#4372,#2481,.T.);
#5642=EDGE_CURVE('',#4375,#4373,#486,.T.);
#5643=EDGE_CURVE('',#4375,#4376,#2482,.T.);
#5644=EDGE_CURVE('',#4376,#4374,#487,.T.);
#5645=EDGE_CURVE('',#4377,#4375,#488,.T.);
#5646=EDGE_CURVE('',#4377,#4378,#2483,.T.);
#5647=EDGE_CURVE('',#4378,#4376,#489,.T.);
#5648=EDGE_CURVE('',#4379,#4377,#490,.T.);
#5649=EDGE_CURVE('',#4379,#4380,#2484,.T.);
#5650=EDGE_CURVE('',#4380,#4378,#491,.T.);
#5651=EDGE_CURVE('',#4381,#4379,#492,.T.);
#5652=EDGE_CURVE('',#4381,#4382,#2485,.T.);
#5653=EDGE_CURVE('',#4382,#4380,#493,.T.);
#5654=EDGE_CURVE('',#4383,#4381,#494,.T.);
#5655=EDGE_CURVE('',#4383,#4384,#2486,.T.);
#5656=EDGE_CURVE('',#4384,#4382,#495,.T.);
#5657=EDGE_CURVE('',#4385,#4383,#2487,.T.);
#5658=EDGE_CURVE('',#4385,#4386,#2488,.T.);
#5659=EDGE_CURVE('',#4386,#4384,#2489,.T.);
#5660=EDGE_CURVE('',#4387,#4385,#2490,.T.);
#5661=EDGE_CURVE('',#4387,#4388,#2491,.T.);
#5662=EDGE_CURVE('',#4388,#4386,#2492,.T.);
#5663=EDGE_CURVE('',#4389,#4387,#2493,.T.);
#5664=EDGE_CURVE('',#4389,#4390,#2494,.T.);
#5665=EDGE_CURVE('',#4390,#4388,#2495,.T.);
#5666=EDGE_CURVE('',#4356,#4389,#2496,.T.);
#5667=EDGE_CURVE('',#4358,#4390,#2497,.T.);
#5668=EDGE_CURVE('',#4391,#4392,#496,.T.);
#5669=EDGE_CURVE('',#4391,#4393,#2498,.T.);
#5670=EDGE_CURVE('',#4393,#4394,#497,.T.);
#5671=EDGE_CURVE('',#4392,#4394,#2499,.T.);
#5672=EDGE_CURVE('',#4395,#4391,#498,.T.);
#5673=EDGE_CURVE('',#4395,#4396,#2500,.T.);
#5674=EDGE_CURVE('',#4396,#4393,#499,.T.);
#5675=EDGE_CURVE('',#4397,#4395,#500,.T.);
#5676=EDGE_CURVE('',#4397,#4398,#2501,.T.);
#5677=EDGE_CURVE('',#4398,#4396,#501,.T.);
#5678=EDGE_CURVE('',#4399,#4397,#502,.T.);
#5679=EDGE_CURVE('',#4399,#4400,#2502,.T.);
#5680=EDGE_CURVE('',#4400,#4398,#503,.T.);
#5681=EDGE_CURVE('',#4401,#4399,#504,.T.);
#5682=EDGE_CURVE('',#4401,#4402,#2503,.T.);
#5683=EDGE_CURVE('',#4402,#4400,#505,.T.);
#5684=EDGE_CURVE('',#4403,#4401,#506,.T.);
#5685=EDGE_CURVE('',#4403,#4404,#2504,.T.);
#5686=EDGE_CURVE('',#4404,#4402,#507,.T.);
#5687=EDGE_CURVE('',#4405,#4403,#508,.T.);
#5688=EDGE_CURVE('',#4405,#4406,#2505,.T.);
#5689=EDGE_CURVE('',#4406,#4404,#509,.T.);
#5690=EDGE_CURVE('',#4392,#4405,#510,.T.);
#5691=EDGE_CURVE('',#4394,#4406,#511,.T.);
#5692=EDGE_CURVE('',#4407,#4408,#512,.T.);
#5693=EDGE_CURVE('',#4407,#4409,#2506,.T.);
#5694=EDGE_CURVE('',#4409,#4410,#513,.T.);
#5695=EDGE_CURVE('',#4408,#4410,#2507,.T.);
#5696=EDGE_CURVE('',#4411,#4407,#514,.T.);
#5697=EDGE_CURVE('',#4411,#4412,#2508,.T.);
#5698=EDGE_CURVE('',#4412,#4409,#515,.T.);
#5699=EDGE_CURVE('',#4413,#4411,#516,.T.);
#5700=EDGE_CURVE('',#4413,#4414,#2509,.T.);
#5701=EDGE_CURVE('',#4414,#4412,#517,.T.);
#5702=EDGE_CURVE('',#4415,#4413,#518,.T.);
#5703=EDGE_CURVE('',#4415,#4416,#2510,.T.);
#5704=EDGE_CURVE('',#4416,#4414,#519,.T.);
#5705=EDGE_CURVE('',#4417,#4415,#520,.T.);
#5706=EDGE_CURVE('',#4417,#4418,#2511,.T.);
#5707=EDGE_CURVE('',#4418,#4416,#521,.T.);
#5708=EDGE_CURVE('',#4419,#4417,#522,.T.);
#5709=EDGE_CURVE('',#4419,#4420,#2512,.T.);
#5710=EDGE_CURVE('',#4420,#4418,#523,.T.);
#5711=EDGE_CURVE('',#4421,#4419,#524,.T.);
#5712=EDGE_CURVE('',#4421,#4422,#2513,.T.);
#5713=EDGE_CURVE('',#4422,#4420,#525,.T.);
#5714=EDGE_CURVE('',#4423,#4421,#526,.T.);
#5715=EDGE_CURVE('',#4423,#4424,#2514,.T.);
#5716=EDGE_CURVE('',#4424,#4422,#527,.T.);
#5717=EDGE_CURVE('',#4425,#4423,#2515,.T.);
#5718=EDGE_CURVE('',#4425,#4426,#2516,.T.);
#5719=EDGE_CURVE('',#4426,#4424,#2517,.T.);
#5720=EDGE_CURVE('',#4427,#4425,#2518,.T.);
#5721=EDGE_CURVE('',#4427,#4428,#2519,.T.);
#5722=EDGE_CURVE('',#4428,#4426,#2520,.T.);
#5723=EDGE_CURVE('',#4429,#4427,#2521,.T.);
#5724=EDGE_CURVE('',#4429,#4430,#2522,.T.);
#5725=EDGE_CURVE('',#4430,#4428,#2523,.T.);
#5726=EDGE_CURVE('',#4431,#4429,#2524,.T.);
#5727=EDGE_CURVE('',#4431,#4432,#2525,.T.);
#5728=EDGE_CURVE('',#4432,#4430,#2526,.T.);
#5729=EDGE_CURVE('',#4408,#4431,#2527,.T.);
#5730=EDGE_CURVE('',#4410,#4432,#2528,.T.);
#5731=EDGE_CURVE('',#4433,#4434,#528,.T.);
#5732=EDGE_CURVE('',#4433,#4435,#2529,.T.);
#5733=EDGE_CURVE('',#4435,#4436,#529,.T.);
#5734=EDGE_CURVE('',#4434,#4436,#2530,.T.);
#5735=EDGE_CURVE('',#4437,#4433,#530,.T.);
#5736=EDGE_CURVE('',#4437,#4438,#2531,.T.);
#5737=EDGE_CURVE('',#4438,#4435,#531,.T.);
#5738=EDGE_CURVE('',#4439,#4437,#532,.T.);
#5739=EDGE_CURVE('',#4439,#4440,#2532,.T.);
#5740=EDGE_CURVE('',#4440,#4438,#533,.T.);
#5741=EDGE_CURVE('',#4441,#4439,#2533,.T.);
#5742=EDGE_CURVE('',#4441,#4442,#2534,.T.);
#5743=EDGE_CURVE('',#4442,#4440,#2535,.T.);
#5744=EDGE_CURVE('',#4434,#4441,#534,.T.);
#5745=EDGE_CURVE('',#4436,#4442,#535,.T.);
#5746=EDGE_CURVE('',#4443,#4444,#536,.T.);
#5747=EDGE_CURVE('',#4443,#4445,#2536,.T.);
#5748=EDGE_CURVE('',#4445,#4446,#537,.T.);
#5749=EDGE_CURVE('',#4444,#4446,#2537,.T.);
#5750=EDGE_CURVE('',#4447,#4443,#538,.T.);
#5751=EDGE_CURVE('',#4447,#4448,#2538,.T.);
#5752=EDGE_CURVE('',#4448,#4445,#539,.T.);
#5753=EDGE_CURVE('',#4449,#4447,#540,.T.);
#5754=EDGE_CURVE('',#4449,#4450,#2539,.T.);
#5755=EDGE_CURVE('',#4450,#4448,#541,.T.);
#5756=EDGE_CURVE('',#4451,#4449,#2540,.T.);
#5757=EDGE_CURVE('',#4451,#4452,#2541,.T.);
#5758=EDGE_CURVE('',#4452,#4450,#2542,.T.);
#5759=EDGE_CURVE('',#4453,#4451,#542,.T.);
#5760=EDGE_CURVE('',#4453,#4454,#2543,.T.);
#5761=EDGE_CURVE('',#4454,#4452,#543,.T.);
#5762=EDGE_CURVE('',#4455,#4453,#544,.T.);
#5763=EDGE_CURVE('',#4455,#4456,#2544,.T.);
#5764=EDGE_CURVE('',#4456,#4454,#545,.T.);
#5765=EDGE_CURVE('',#4457,#4455,#546,.T.);
#5766=EDGE_CURVE('',#4457,#4458,#2545,.T.);
#5767=EDGE_CURVE('',#4458,#4456,#547,.T.);
#5768=EDGE_CURVE('',#4459,#4457,#548,.T.);
#5769=EDGE_CURVE('',#4459,#4460,#2546,.T.);
#5770=EDGE_CURVE('',#4460,#4458,#549,.T.);
#5771=EDGE_CURVE('',#4461,#4459,#550,.T.);
#5772=EDGE_CURVE('',#4461,#4462,#2547,.T.);
#5773=EDGE_CURVE('',#4462,#4460,#551,.T.);
#5774=EDGE_CURVE('',#4463,#4461,#552,.T.);
#5775=EDGE_CURVE('',#4463,#4464,#2548,.T.);
#5776=EDGE_CURVE('',#4464,#4462,#553,.T.);
#5777=EDGE_CURVE('',#4465,#4463,#554,.T.);
#5778=EDGE_CURVE('',#4465,#4466,#2549,.T.);
#5779=EDGE_CURVE('',#4466,#4464,#555,.T.);
#5780=EDGE_CURVE('',#4467,#4465,#556,.T.);
#5781=EDGE_CURVE('',#4467,#4468,#2550,.T.);
#5782=EDGE_CURVE('',#4468,#4466,#557,.T.);
#5783=EDGE_CURVE('',#4469,#4467,#558,.T.);
#5784=EDGE_CURVE('',#4469,#4470,#2551,.T.);
#5785=EDGE_CURVE('',#4470,#4468,#559,.T.);
#5786=EDGE_CURVE('',#4471,#4469,#2552,.T.);
#5787=EDGE_CURVE('',#4471,#4472,#2553,.T.);
#5788=EDGE_CURVE('',#4472,#4470,#2554,.T.);
#5789=EDGE_CURVE('',#4444,#4471,#560,.T.);
#5790=EDGE_CURVE('',#4446,#4472,#561,.T.);
#5791=EDGE_CURVE('',#4473,#4474,#2555,.T.);
#5792=EDGE_CURVE('',#4473,#4475,#2556,.T.);
#5793=EDGE_CURVE('',#4475,#4476,#2557,.T.);
#5794=EDGE_CURVE('',#4474,#4476,#2558,.T.);
#5795=EDGE_CURVE('',#4477,#4473,#2559,.T.);
#5796=EDGE_CURVE('',#4477,#4478,#2560,.T.);
#5797=EDGE_CURVE('',#4478,#4475,#2561,.T.);
#5798=EDGE_CURVE('',#4479,#4477,#2562,.T.);
#5799=EDGE_CURVE('',#4479,#4480,#2563,.T.);
#5800=EDGE_CURVE('',#4480,#4478,#2564,.T.);
#5801=EDGE_CURVE('',#4481,#4479,#2565,.T.);
#5802=EDGE_CURVE('',#4481,#4482,#2566,.T.);
#5803=EDGE_CURVE('',#4482,#4480,#2567,.T.);
#5804=EDGE_CURVE('',#4483,#4481,#2568,.T.);
#5805=EDGE_CURVE('',#4483,#4484,#2569,.T.);
#5806=EDGE_CURVE('',#4484,#4482,#2570,.T.);
#5807=EDGE_CURVE('',#4485,#4483,#2571,.T.);
#5808=EDGE_CURVE('',#4485,#4486,#2572,.T.);
#5809=EDGE_CURVE('',#4486,#4484,#2573,.T.);
#5810=EDGE_CURVE('',#4487,#4485,#2574,.T.);
#5811=EDGE_CURVE('',#4487,#4488,#2575,.T.);
#5812=EDGE_CURVE('',#4488,#4486,#2576,.T.);
#5813=EDGE_CURVE('',#4474,#4487,#2577,.T.);
#5814=EDGE_CURVE('',#4476,#4488,#2578,.T.);
#5815=EDGE_CURVE('',#4489,#4490,#2579,.T.);
#5816=EDGE_CURVE('',#4489,#4491,#2580,.T.);
#5817=EDGE_CURVE('',#4491,#4492,#2581,.T.);
#5818=EDGE_CURVE('',#4490,#4492,#2582,.T.);
#5819=EDGE_CURVE('',#4493,#4489,#2583,.T.);
#5820=EDGE_CURVE('',#4493,#4494,#2584,.T.);
#5821=EDGE_CURVE('',#4494,#4491,#2585,.T.);
#5822=EDGE_CURVE('',#4495,#4493,#2586,.T.);
#5823=EDGE_CURVE('',#4495,#4496,#2587,.T.);
#5824=EDGE_CURVE('',#4496,#4494,#2588,.T.);
#5825=EDGE_CURVE('',#4490,#4495,#2589,.T.);
#5826=EDGE_CURVE('',#4492,#4496,#2590,.T.);
#5827=EDGE_CURVE('',#4497,#4498,#562,.T.);
#5828=EDGE_CURVE('',#4497,#4499,#2591,.T.);
#5829=EDGE_CURVE('',#4499,#4500,#563,.T.);
#5830=EDGE_CURVE('',#4498,#4500,#2592,.T.);
#5831=EDGE_CURVE('',#4501,#4497,#564,.T.);
#5832=EDGE_CURVE('',#4501,#4502,#2593,.T.);
#5833=EDGE_CURVE('',#4502,#4499,#565,.T.);
#5834=EDGE_CURVE('',#4503,#4501,#566,.T.);
#5835=EDGE_CURVE('',#4503,#4504,#2594,.T.);
#5836=EDGE_CURVE('',#4504,#4502,#567,.T.);
#5837=EDGE_CURVE('',#4505,#4503,#568,.T.);
#5838=EDGE_CURVE('',#4505,#4506,#2595,.T.);
#5839=EDGE_CURVE('',#4506,#4504,#569,.T.);
#5840=EDGE_CURVE('',#4507,#4505,#570,.T.);
#5841=EDGE_CURVE('',#4507,#4508,#2596,.T.);
#5842=EDGE_CURVE('',#4508,#4506,#571,.T.);
#5843=EDGE_CURVE('',#4509,#4507,#2597,.T.);
#5844=EDGE_CURVE('',#4509,#4510,#2598,.T.);
#5845=EDGE_CURVE('',#4510,#4508,#2599,.T.);
#5846=EDGE_CURVE('',#4511,#4509,#2600,.T.);
#5847=EDGE_CURVE('',#4511,#4512,#2601,.T.);
#5848=EDGE_CURVE('',#4512,#4510,#2602,.T.);
#5849=EDGE_CURVE('',#4513,#4511,#2603,.T.);
#5850=EDGE_CURVE('',#4513,#4514,#2604,.T.);
#5851=EDGE_CURVE('',#4514,#4512,#2605,.T.);
#5852=EDGE_CURVE('',#4515,#4513,#572,.T.);
#5853=EDGE_CURVE('',#4515,#4516,#2606,.T.);
#5854=EDGE_CURVE('',#4516,#4514,#573,.T.);
#5855=EDGE_CURVE('',#4517,#4515,#574,.T.);
#5856=EDGE_CURVE('',#4517,#4518,#2607,.T.);
#5857=EDGE_CURVE('',#4518,#4516,#575,.T.);
#5858=EDGE_CURVE('',#4519,#4517,#576,.T.);
#5859=EDGE_CURVE('',#4519,#4520,#2608,.T.);
#5860=EDGE_CURVE('',#4520,#4518,#577,.T.);
#5861=EDGE_CURVE('',#4521,#4519,#578,.T.);
#5862=EDGE_CURVE('',#4521,#4522,#2609,.T.);
#5863=EDGE_CURVE('',#4522,#4520,#579,.T.);
#5864=EDGE_CURVE('',#4523,#4521,#580,.T.);
#5865=EDGE_CURVE('',#4523,#4524,#2610,.T.);
#5866=EDGE_CURVE('',#4524,#4522,#581,.T.);
#5867=EDGE_CURVE('',#4525,#4523,#582,.T.);
#5868=EDGE_CURVE('',#4525,#4526,#2611,.T.);
#5869=EDGE_CURVE('',#4526,#4524,#583,.T.);
#5870=EDGE_CURVE('',#4527,#4525,#2612,.T.);
#5871=EDGE_CURVE('',#4527,#4528,#2613,.T.);
#5872=EDGE_CURVE('',#4528,#4526,#2614,.T.);
#5873=EDGE_CURVE('',#4529,#4527,#2615,.T.);
#5874=EDGE_CURVE('',#4529,#4530,#2616,.T.);
#5875=EDGE_CURVE('',#4530,#4528,#2617,.T.);
#5876=EDGE_CURVE('',#4498,#4529,#2618,.T.);
#5877=EDGE_CURVE('',#4500,#4530,#2619,.T.);
#5878=EDGE_CURVE('',#4531,#4532,#2620,.T.);
#5879=EDGE_CURVE('',#4531,#4533,#2621,.T.);
#5880=EDGE_CURVE('',#4533,#4534,#2622,.T.);
#5881=EDGE_CURVE('',#4532,#4534,#2623,.T.);
#5882=EDGE_CURVE('',#4535,#4531,#2624,.T.);
#5883=EDGE_CURVE('',#4535,#4536,#2625,.T.);
#5884=EDGE_CURVE('',#4536,#4533,#2626,.T.);
#5885=EDGE_CURVE('',#4537,#4535,#2627,.T.);
#5886=EDGE_CURVE('',#4537,#4538,#2628,.T.);
#5887=EDGE_CURVE('',#4538,#4536,#2629,.T.);
#5888=EDGE_CURVE('',#4539,#4537,#2630,.T.);
#5889=EDGE_CURVE('',#4539,#4540,#2631,.T.);
#5890=EDGE_CURVE('',#4540,#4538,#2632,.T.);
#5891=EDGE_CURVE('',#4541,#4539,#2633,.T.);
#5892=EDGE_CURVE('',#4541,#4542,#2634,.T.);
#5893=EDGE_CURVE('',#4542,#4540,#2635,.T.);
#5894=EDGE_CURVE('',#4543,#4541,#2636,.T.);
#5895=EDGE_CURVE('',#4543,#4544,#2637,.T.);
#5896=EDGE_CURVE('',#4544,#4542,#2638,.T.);
#5897=EDGE_CURVE('',#4545,#4543,#2639,.T.);
#5898=EDGE_CURVE('',#4545,#4546,#2640,.T.);
#5899=EDGE_CURVE('',#4546,#4544,#2641,.T.);
#5900=EDGE_CURVE('',#4547,#4545,#2642,.T.);
#5901=EDGE_CURVE('',#4547,#4548,#2643,.T.);
#5902=EDGE_CURVE('',#4548,#4546,#2644,.T.);
#5903=EDGE_CURVE('',#4549,#4547,#2645,.T.);
#5904=EDGE_CURVE('',#4549,#4550,#2646,.T.);
#5905=EDGE_CURVE('',#4550,#4548,#2647,.T.);
#5906=EDGE_CURVE('',#4551,#4549,#2648,.T.);
#5907=EDGE_CURVE('',#4551,#4552,#2649,.T.);
#5908=EDGE_CURVE('',#4552,#4550,#2650,.T.);
#5909=EDGE_CURVE('',#4553,#4551,#2651,.T.);
#5910=EDGE_CURVE('',#4553,#4554,#2652,.T.);
#5911=EDGE_CURVE('',#4554,#4552,#2653,.T.);
#5912=EDGE_CURVE('',#4532,#4553,#2654,.T.);
#5913=EDGE_CURVE('',#4534,#4554,#2655,.T.);
#5914=EDGE_CURVE('',#4555,#4556,#2656,.T.);
#5915=EDGE_CURVE('',#4555,#4557,#2657,.T.);
#5916=EDGE_CURVE('',#4557,#4558,#2658,.T.);
#5917=EDGE_CURVE('',#4556,#4558,#2659,.T.);
#5918=EDGE_CURVE('',#4559,#4555,#2660,.T.);
#5919=EDGE_CURVE('',#4559,#4560,#2661,.T.);
#5920=EDGE_CURVE('',#4560,#4557,#2662,.T.);
#5921=EDGE_CURVE('',#4561,#4559,#2663,.T.);
#5922=EDGE_CURVE('',#4561,#4562,#2664,.T.);
#5923=EDGE_CURVE('',#4562,#4560,#2665,.T.);
#5924=EDGE_CURVE('',#4563,#4561,#2666,.T.);
#5925=EDGE_CURVE('',#4563,#4564,#2667,.T.);
#5926=EDGE_CURVE('',#4564,#4562,#2668,.T.);
#5927=EDGE_CURVE('',#4565,#4563,#2669,.T.);
#5928=EDGE_CURVE('',#4565,#4566,#2670,.T.);
#5929=EDGE_CURVE('',#4566,#4564,#2671,.T.);
#5930=EDGE_CURVE('',#4567,#4565,#2672,.T.);
#5931=EDGE_CURVE('',#4567,#4568,#2673,.T.);
#5932=EDGE_CURVE('',#4568,#4566,#2674,.T.);
#5933=EDGE_CURVE('',#4569,#4567,#2675,.T.);
#5934=EDGE_CURVE('',#4569,#4570,#2676,.T.);
#5935=EDGE_CURVE('',#4570,#4568,#2677,.T.);
#5936=EDGE_CURVE('',#4571,#4569,#2678,.T.);
#5937=EDGE_CURVE('',#4571,#4572,#2679,.T.);
#5938=EDGE_CURVE('',#4572,#4570,#2680,.T.);
#5939=EDGE_CURVE('',#4573,#4571,#2681,.T.);
#5940=EDGE_CURVE('',#4573,#4574,#2682,.T.);
#5941=EDGE_CURVE('',#4574,#4572,#2683,.T.);
#5942=EDGE_CURVE('',#4575,#4573,#2684,.T.);
#5943=EDGE_CURVE('',#4575,#4576,#2685,.T.);
#5944=EDGE_CURVE('',#4576,#4574,#2686,.T.);
#5945=EDGE_CURVE('',#4577,#4575,#2687,.T.);
#5946=EDGE_CURVE('',#4577,#4578,#2688,.T.);
#5947=EDGE_CURVE('',#4578,#4576,#2689,.T.);
#5948=EDGE_CURVE('',#4556,#4577,#2690,.T.);
#5949=EDGE_CURVE('',#4558,#4578,#2691,.T.);
#5950=EDGE_CURVE('',#4579,#4579,#15,.T.);
#5951=EDGE_CURVE('',#4579,#4580,#2692,.T.);
#5952=EDGE_CURVE('',#4580,#4580,#16,.T.);
#5953=EDGE_CURVE('',#4581,#4581,#17,.T.);
#5954=EDGE_CURVE('',#4581,#4582,#2693,.T.);
#5955=EDGE_CURVE('',#4582,#4582,#18,.T.);
#5956=EDGE_CURVE('',#4583,#4584,#2694,.T.);
#5957=EDGE_CURVE('',#4585,#4583,#19,.T.);
#5958=EDGE_CURVE('',#4586,#4585,#2695,.T.);
#5959=EDGE_CURVE('',#4587,#4586,#20,.T.);
#5960=EDGE_CURVE('',#4588,#4587,#2696,.T.);
#5961=EDGE_CURVE('',#4588,#4589,#21,.T.);
#5962=EDGE_CURVE('',#4590,#4589,#2697,.T.);
#5963=EDGE_CURVE('',#4584,#4590,#22,.T.);
#5964=EDGE_CURVE('',#4591,#4585,#2698,.T.);
#5965=EDGE_CURVE('',#4591,#4592,#2699,.T.);
#5966=EDGE_CURVE('',#4592,#4593,#2700,.T.);
#5967=EDGE_CURVE('',#4593,#4594,#2701,.T.);
#5968=EDGE_CURVE('',#4594,#4595,#2702,.T.);
#5969=EDGE_CURVE('',#4595,#4596,#2703,.T.);
#5970=EDGE_CURVE('',#4596,#4586,#2704,.T.);
#5971=EDGE_CURVE('',#4588,#4597,#2705,.T.);
#5972=EDGE_CURVE('',#4597,#4598,#2706,.T.);
#5973=EDGE_CURVE('',#4598,#4599,#2707,.T.);
#5974=EDGE_CURVE('',#4599,#4600,#2708,.T.);
#5975=EDGE_CURVE('',#4600,#4601,#2709,.T.);
#5976=EDGE_CURVE('',#4602,#4601,#23,.T.);
#5977=EDGE_CURVE('',#4602,#4603,#2710,.T.);
#5978=EDGE_CURVE('',#4603,#4604,#2711,.T.);
#5979=EDGE_CURVE('',#4604,#4605,#24,.T.);
#5980=EDGE_CURVE('',#4605,#4606,#2712,.T.);
#5981=EDGE_CURVE('',#4606,#4607,#25,.T.);
#5982=EDGE_CURVE('',#4607,#4608,#2713,.T.);
#5983=EDGE_CURVE('',#4608,#4609,#2714,.T.);
#5984=EDGE_CURVE('',#4610,#4609,#26,.T.);
#5985=EDGE_CURVE('',#4610,#4611,#2715,.T.);
#5986=EDGE_CURVE('',#4611,#4612,#2716,.T.);
#5987=EDGE_CURVE('',#4612,#4613,#2717,.T.);
#5988=EDGE_CURVE('',#4613,#4614,#2718,.T.);
#5989=EDGE_CURVE('',#4614,#4615,#2719,.T.);
#5990=EDGE_CURVE('',#4616,#4615,#27,.T.);
#5991=EDGE_CURVE('',#4616,#4617,#2720,.T.);
#5992=EDGE_CURVE('',#4617,#4618,#2721,.T.);
#5993=EDGE_CURVE('',#4618,#4619,#28,.T.);
#5994=EDGE_CURVE('',#4619,#4620,#2722,.T.);
#5995=EDGE_CURVE('',#4620,#4621,#29,.T.);
#5996=EDGE_CURVE('',#4621,#4622,#2723,.T.);
#5997=EDGE_CURVE('',#4622,#4589,#2724,.T.);
#5998=EDGE_CURVE('',#4623,#4623,#30,.T.);
#5999=EDGE_CURVE('',#4624,#4624,#31,.T.);
#6000=EDGE_CURVE('',#4625,#4625,#32,.T.);
#6001=EDGE_CURVE('',#4626,#4596,#2725,.T.);
#6002=EDGE_CURVE('',#4587,#4626,#2726,.T.);
#6003=EDGE_CURVE('',#4627,#4590,#2727,.T.);
#6004=EDGE_CURVE('',#4628,#4627,#2728,.T.);
#6005=EDGE_CURVE('',#4629,#4628,#33,.T.);
#6006=EDGE_CURVE('',#4584,#4629,#2729,.T.);
#6007=EDGE_CURVE('',#4597,#4626,#2730,.T.);
#6008=EDGE_CURVE('',#4622,#4627,#2731,.T.);
#6009=EDGE_CURVE('',#4625,#4630,#2732,.T.);
#6010=EDGE_CURVE('',#4630,#4630,#34,.T.);
#6011=EDGE_CURVE('',#4631,#4632,#2733,.T.);
#6012=EDGE_CURVE('',#4633,#4631,#35,.T.);
#6013=EDGE_CURVE('',#4602,#4633,#2734,.T.);
#6014=EDGE_CURVE('',#4634,#4601,#2735,.T.);
#6015=EDGE_CURVE('',#4592,#4634,#36,.T.);
#6016=EDGE_CURVE('',#4632,#4591,#37,.T.);
#6017=EDGE_CURVE('',#4583,#4635,#2736,.T.);
#6018=EDGE_CURVE('',#4635,#4636,#38,.T.);
#6019=EDGE_CURVE('',#4636,#4637,#2737,.T.);
#6020=EDGE_CURVE('',#4637,#4638,#39,.T.);
#6021=EDGE_CURVE('',#4638,#4639,#2738,.T.);
#6022=EDGE_CURVE('',#4639,#4640,#40,.T.);
#6023=EDGE_CURVE('',#4640,#4641,#2739,.T.);
#6024=EDGE_CURVE('',#4641,#4642,#41,.T.);
#6025=EDGE_CURVE('',#4642,#4643,#2740,.T.);
#6026=EDGE_CURVE('',#4643,#4644,#42,.T.);
#6027=EDGE_CURVE('',#4644,#4645,#2741,.T.);
#6028=EDGE_CURVE('',#4645,#4646,#43,.T.);
#6029=EDGE_CURVE('',#4646,#4632,#2742,.T.);
#6030=EDGE_CURVE('',#4647,#4647,#44,.T.);
#6031=EDGE_CURVE('',#4648,#4648,#45,.T.);
#6032=EDGE_CURVE('',#4629,#4635,#2743,.T.);
#6033=EDGE_CURVE('',#4649,#4634,#2744,.T.);
#6034=EDGE_CURVE('',#4593,#4649,#2745,.T.);
#6035=EDGE_CURVE('',#4600,#4649,#2746,.T.);
#6036=EDGE_CURVE('',#4624,#4647,#2747,.T.);
#6037=EDGE_CURVE('',#4650,#4639,#2748,.T.);
#6038=EDGE_CURVE('',#4651,#4650,#46,.T.);
#6039=EDGE_CURVE('',#4616,#4651,#2749,.T.);
#6040=EDGE_CURVE('',#4652,#4615,#2750,.T.);
#6041=EDGE_CURVE('',#4653,#4652,#47,.T.);
#6042=EDGE_CURVE('',#4640,#4653,#2751,.T.);
#6043=EDGE_CURVE('',#4653,#4654,#2752,.T.);
#6044=EDGE_CURVE('',#4654,#4655,#2753,.T.);
#6045=EDGE_CURVE('',#4655,#4656,#2754,.T.);
#6046=EDGE_CURVE('',#4656,#4657,#2755,.T.);
#6047=EDGE_CURVE('',#4657,#4658,#2756,.T.);
#6048=EDGE_CURVE('',#4658,#4641,#2757,.T.);
#6049=EDGE_CURVE('',#4659,#4652,#2758,.T.);
#6050=EDGE_CURVE('',#4654,#4659,#2759,.T.);
#6051=EDGE_CURVE('',#4614,#4659,#2760,.T.);
#6052=EDGE_CURVE('',#4623,#4648,#2761,.T.);
#6053=EDGE_CURVE('',#4610,#4660,#2762,.T.);
#6054=EDGE_CURVE('',#4661,#4609,#2763,.T.);
#6055=EDGE_CURVE('',#4662,#4661,#48,.T.);
#6056=EDGE_CURVE('',#4642,#4662,#2764,.T.);
#6057=EDGE_CURVE('',#4660,#4658,#49,.T.);
#6058=EDGE_CURVE('',#4608,#4663,#2765,.T.);
#6059=EDGE_CURVE('',#4663,#4661,#2766,.T.);
#6060=EDGE_CURVE('',#4660,#4664,#2767,.T.);
#6061=EDGE_CURVE('',#4611,#4664,#2768,.T.);
#6062=EDGE_CURVE('',#4665,#4663,#2769,.T.);
#6063=EDGE_CURVE('',#4666,#4665,#50,.T.);
#6064=EDGE_CURVE('',#4662,#4666,#2770,.T.);
#6065=EDGE_CURVE('',#4664,#4657,#2771,.T.);
#6066=EDGE_CURVE('',#4666,#4643,#2772,.T.);
#6067=EDGE_CURVE('',#4667,#4638,#2773,.T.);
#6068=EDGE_CURVE('',#4667,#4650,#2774,.T.);
#6069=EDGE_CURVE('',#4628,#4668,#2775,.T.);
#6070=EDGE_CURVE('',#4669,#4621,#2776,.T.);
#6071=EDGE_CURVE('',#4668,#4669,#2777,.T.);
#6072=EDGE_CURVE('',#4670,#4595,#2778,.T.);
#6073=EDGE_CURVE('',#4598,#4670,#2779,.T.);
#6074=EDGE_CURVE('',#4671,#4620,#2780,.T.);
#6075=EDGE_CURVE('',#4671,#4669,#51,.T.);
#6076=EDGE_CURVE('',#4594,#4672,#2781,.T.);
#6077=EDGE_CURVE('',#4670,#4672,#2782,.T.);
#6078=EDGE_CURVE('',#4673,#4671,#2783,.T.);
#6079=EDGE_CURVE('',#4674,#4673,#52,.T.);
#6080=EDGE_CURVE('',#4674,#4675,#2784,.T.);
#6081=EDGE_CURVE('',#4676,#4675,#53,.T.);
#6082=EDGE_CURVE('',#4677,#4676,#2785,.T.);
#6083=EDGE_CURVE('',#4668,#4677,#54,.T.);
#6084=EDGE_CURVE('',#4672,#4599,#2786,.T.);
#6085=EDGE_CURVE('',#4633,#4678,#2787,.T.);
#6086=EDGE_CURVE('',#4603,#4678,#2788,.T.);
#6087=EDGE_CURVE('',#4679,#4680,#2789,.T.);
#6088=EDGE_CURVE('',#4681,#4679,#2790,.T.);
#6089=EDGE_CURVE('',#4604,#4681,#2791,.T.);
#6090=EDGE_CURVE('',#4678,#4680,#2792,.T.);
#6091=EDGE_CURVE('',#4682,#4631,#2793,.T.);
#6092=EDGE_CURVE('',#4680,#4682,#55,.T.);
#6093=EDGE_CURVE('',#4683,#4679,#56,.T.);
#6094=EDGE_CURVE('',#4684,#4683,#2794,.T.);
#6095=EDGE_CURVE('',#4685,#4684,#57,.T.);
#6096=EDGE_CURVE('',#4685,#4686,#2795,.T.);
#6097=EDGE_CURVE('',#4687,#4686,#58,.T.);
#6098=EDGE_CURVE('',#4688,#4687,#2796,.T.);
#6099=EDGE_CURVE('',#4681,#4688,#59,.T.);
#6100=EDGE_CURVE('',#4689,#4667,#60,.T.);
#6101=EDGE_CURVE('',#4690,#4689,#2797,.T.);
#6102=EDGE_CURVE('',#4651,#4690,#2798,.T.);
#6103=EDGE_CURVE('',#4691,#4613,#2799,.T.);
#6104=EDGE_CURVE('',#4655,#4691,#2800,.T.);
#6105=EDGE_CURVE('',#4675,#4689,#2801,.T.);
#6106=EDGE_CURVE('',#4618,#4674,#2802,.T.);
#6107=EDGE_CURVE('',#4617,#4690,#2803,.T.);
#6108=EDGE_CURVE('',#4676,#4637,#2804,.T.);
#6109=EDGE_CURVE('',#4692,#4691,#2805,.T.);
#6110=EDGE_CURVE('',#4692,#4656,#2806,.T.);
#6111=EDGE_CURVE('',#4665,#4685,#2807,.T.);
#6112=EDGE_CURVE('',#4686,#4607,#2808,.T.);
#6113=EDGE_CURVE('',#4612,#4692,#2809,.T.);
#6114=EDGE_CURVE('',#4684,#4644,#2810,.T.);
#6115=EDGE_CURVE('',#4687,#4606,#2811,.T.);
#6116=EDGE_CURVE('',#4688,#4605,#2812,.T.);
#6117=EDGE_CURVE('',#4673,#4619,#2813,.T.);
#6118=EDGE_CURVE('',#4677,#4636,#2814,.T.);
#6119=EDGE_CURVE('',#4682,#4646,#2815,.T.);
#6120=EDGE_CURVE('',#4683,#4645,#2816,.T.);
#6121=ORIENTED_EDGE('',*,*,#4693,.F.);
#6122=ORIENTED_EDGE('',*,*,#4694,.T.);
#6123=ORIENTED_EDGE('',*,*,#4695,.T.);
#6124=ORIENTED_EDGE('',*,*,#4696,.F.);
#6125=ORIENTED_EDGE('',*,*,#4697,.F.);
#6126=ORIENTED_EDGE('',*,*,#4698,.T.);
#6127=ORIENTED_EDGE('',*,*,#4699,.T.);
#6128=ORIENTED_EDGE('',*,*,#4694,.F.);
#6129=ORIENTED_EDGE('',*,*,#4700,.F.);
#6130=ORIENTED_EDGE('',*,*,#4701,.T.);
#6131=ORIENTED_EDGE('',*,*,#4702,.T.);
#6132=ORIENTED_EDGE('',*,*,#4698,.F.);
#6133=ORIENTED_EDGE('',*,*,#4703,.F.);
#6134=ORIENTED_EDGE('',*,*,#4704,.T.);
#6135=ORIENTED_EDGE('',*,*,#4705,.T.);
#6136=ORIENTED_EDGE('',*,*,#4701,.F.);
#6137=ORIENTED_EDGE('',*,*,#4706,.F.);
#6138=ORIENTED_EDGE('',*,*,#4707,.T.);
#6139=ORIENTED_EDGE('',*,*,#4708,.T.);
#6140=ORIENTED_EDGE('',*,*,#4704,.F.);
#6141=ORIENTED_EDGE('',*,*,#4709,.F.);
#6142=ORIENTED_EDGE('',*,*,#4710,.T.);
#6143=ORIENTED_EDGE('',*,*,#4711,.T.);
#6144=ORIENTED_EDGE('',*,*,#4707,.F.);
#6145=ORIENTED_EDGE('',*,*,#4712,.F.);
#6146=ORIENTED_EDGE('',*,*,#4713,.T.);
#6147=ORIENTED_EDGE('',*,*,#4714,.T.);
#6148=ORIENTED_EDGE('',*,*,#4710,.F.);
#6149=ORIENTED_EDGE('',*,*,#4715,.F.);
#6150=ORIENTED_EDGE('',*,*,#4716,.T.);
#6151=ORIENTED_EDGE('',*,*,#4717,.T.);
#6152=ORIENTED_EDGE('',*,*,#4713,.F.);
#6153=ORIENTED_EDGE('',*,*,#4718,.F.);
#6154=ORIENTED_EDGE('',*,*,#4719,.T.);
#6155=ORIENTED_EDGE('',*,*,#4720,.T.);
#6156=ORIENTED_EDGE('',*,*,#4716,.F.);
#6157=ORIENTED_EDGE('',*,*,#4721,.F.);
#6158=ORIENTED_EDGE('',*,*,#4722,.T.);
#6159=ORIENTED_EDGE('',*,*,#4723,.T.);
#6160=ORIENTED_EDGE('',*,*,#4719,.F.);
#6161=ORIENTED_EDGE('',*,*,#4724,.F.);
#6162=ORIENTED_EDGE('',*,*,#4725,.T.);
#6163=ORIENTED_EDGE('',*,*,#4726,.T.);
#6164=ORIENTED_EDGE('',*,*,#4722,.F.);
#6165=ORIENTED_EDGE('',*,*,#4727,.F.);
#6166=ORIENTED_EDGE('',*,*,#4696,.T.);
#6167=ORIENTED_EDGE('',*,*,#4728,.T.);
#6168=ORIENTED_EDGE('',*,*,#4725,.F.);
#6169=ORIENTED_EDGE('',*,*,#4728,.F.);
#6170=ORIENTED_EDGE('',*,*,#4695,.F.);
#6171=ORIENTED_EDGE('',*,*,#4699,.F.);
#6172=ORIENTED_EDGE('',*,*,#4702,.F.);
#6173=ORIENTED_EDGE('',*,*,#4705,.F.);
#6174=ORIENTED_EDGE('',*,*,#4708,.F.);
#6175=ORIENTED_EDGE('',*,*,#4711,.F.);
#6176=ORIENTED_EDGE('',*,*,#4714,.F.);
#6177=ORIENTED_EDGE('',*,*,#4717,.F.);
#6178=ORIENTED_EDGE('',*,*,#4720,.F.);
#6179=ORIENTED_EDGE('',*,*,#4723,.F.);
#6180=ORIENTED_EDGE('',*,*,#4726,.F.);
#6181=ORIENTED_EDGE('',*,*,#4729,.F.);
#6182=ORIENTED_EDGE('',*,*,#4730,.T.);
#6183=ORIENTED_EDGE('',*,*,#4731,.T.);
#6184=ORIENTED_EDGE('',*,*,#4732,.F.);
#6185=ORIENTED_EDGE('',*,*,#4733,.F.);
#6186=ORIENTED_EDGE('',*,*,#4734,.T.);
#6187=ORIENTED_EDGE('',*,*,#4735,.T.);
#6188=ORIENTED_EDGE('',*,*,#4730,.F.);
#6189=ORIENTED_EDGE('',*,*,#4736,.F.);
#6190=ORIENTED_EDGE('',*,*,#4737,.T.);
#6191=ORIENTED_EDGE('',*,*,#4738,.T.);
#6192=ORIENTED_EDGE('',*,*,#4734,.F.);
#6193=ORIENTED_EDGE('',*,*,#4739,.F.);
#6194=ORIENTED_EDGE('',*,*,#4740,.T.);
#6195=ORIENTED_EDGE('',*,*,#4741,.T.);
#6196=ORIENTED_EDGE('',*,*,#4737,.F.);
#6197=ORIENTED_EDGE('',*,*,#4742,.F.);
#6198=ORIENTED_EDGE('',*,*,#4743,.T.);
#6199=ORIENTED_EDGE('',*,*,#4744,.T.);
#6200=ORIENTED_EDGE('',*,*,#4740,.F.);
#6201=ORIENTED_EDGE('',*,*,#4745,.F.);
#6202=ORIENTED_EDGE('',*,*,#4746,.T.);
#6203=ORIENTED_EDGE('',*,*,#4747,.T.);
#6204=ORIENTED_EDGE('',*,*,#4743,.F.);
#6205=ORIENTED_EDGE('',*,*,#4748,.F.);
#6206=ORIENTED_EDGE('',*,*,#4749,.T.);
#6207=ORIENTED_EDGE('',*,*,#4750,.T.);
#6208=ORIENTED_EDGE('',*,*,#4746,.F.);
#6209=ORIENTED_EDGE('',*,*,#4751,.F.);
#6210=ORIENTED_EDGE('',*,*,#4732,.T.);
#6211=ORIENTED_EDGE('',*,*,#4752,.T.);
#6212=ORIENTED_EDGE('',*,*,#4749,.F.);
#6213=ORIENTED_EDGE('',*,*,#4753,.F.);
#6214=ORIENTED_EDGE('',*,*,#4754,.T.);
#6215=ORIENTED_EDGE('',*,*,#4755,.T.);
#6216=ORIENTED_EDGE('',*,*,#4756,.F.);
#6217=ORIENTED_EDGE('',*,*,#4757,.F.);
#6218=ORIENTED_EDGE('',*,*,#4758,.T.);
#6219=ORIENTED_EDGE('',*,*,#4759,.T.);
#6220=ORIENTED_EDGE('',*,*,#4754,.F.);
#6221=ORIENTED_EDGE('',*,*,#4760,.F.);
#6222=ORIENTED_EDGE('',*,*,#4761,.T.);
#6223=ORIENTED_EDGE('',*,*,#4762,.T.);
#6224=ORIENTED_EDGE('',*,*,#4758,.F.);
#6225=ORIENTED_EDGE('',*,*,#4763,.F.);
#6226=ORIENTED_EDGE('',*,*,#4764,.T.);
#6227=ORIENTED_EDGE('',*,*,#4765,.T.);
#6228=ORIENTED_EDGE('',*,*,#4761,.F.);
#6229=ORIENTED_EDGE('',*,*,#4766,.F.);
#6230=ORIENTED_EDGE('',*,*,#4767,.T.);
#6231=ORIENTED_EDGE('',*,*,#4768,.T.);
#6232=ORIENTED_EDGE('',*,*,#4764,.F.);
#6233=ORIENTED_EDGE('',*,*,#4769,.F.);
#6234=ORIENTED_EDGE('',*,*,#4770,.T.);
#6235=ORIENTED_EDGE('',*,*,#4771,.T.);
#6236=ORIENTED_EDGE('',*,*,#4767,.F.);
#6237=ORIENTED_EDGE('',*,*,#4772,.F.);
#6238=ORIENTED_EDGE('',*,*,#4773,.T.);
#6239=ORIENTED_EDGE('',*,*,#4774,.T.);
#6240=ORIENTED_EDGE('',*,*,#4770,.F.);
#6241=ORIENTED_EDGE('',*,*,#4775,.F.);
#6242=ORIENTED_EDGE('',*,*,#4776,.T.);
#6243=ORIENTED_EDGE('',*,*,#4777,.T.);
#6244=ORIENTED_EDGE('',*,*,#4773,.F.);
#6245=ORIENTED_EDGE('',*,*,#4778,.F.);
#6246=ORIENTED_EDGE('',*,*,#4779,.T.);
#6247=ORIENTED_EDGE('',*,*,#4780,.T.);
#6248=ORIENTED_EDGE('',*,*,#4776,.F.);
#6249=ORIENTED_EDGE('',*,*,#4781,.F.);
#6250=ORIENTED_EDGE('',*,*,#4782,.T.);
#6251=ORIENTED_EDGE('',*,*,#4783,.T.);
#6252=ORIENTED_EDGE('',*,*,#4779,.F.);
#6253=ORIENTED_EDGE('',*,*,#4784,.F.);
#6254=ORIENTED_EDGE('',*,*,#4785,.T.);
#6255=ORIENTED_EDGE('',*,*,#4786,.T.);
#6256=ORIENTED_EDGE('',*,*,#4782,.F.);
#6257=ORIENTED_EDGE('',*,*,#4787,.F.);
#6258=ORIENTED_EDGE('',*,*,#4788,.T.);
#6259=ORIENTED_EDGE('',*,*,#4789,.T.);
#6260=ORIENTED_EDGE('',*,*,#4785,.F.);
#6261=ORIENTED_EDGE('',*,*,#4790,.F.);
#6262=ORIENTED_EDGE('',*,*,#4791,.T.);
#6263=ORIENTED_EDGE('',*,*,#4792,.T.);
#6264=ORIENTED_EDGE('',*,*,#4788,.F.);
#6265=ORIENTED_EDGE('',*,*,#4793,.F.);
#6266=ORIENTED_EDGE('',*,*,#4794,.T.);
#6267=ORIENTED_EDGE('',*,*,#4795,.T.);
#6268=ORIENTED_EDGE('',*,*,#4791,.F.);
#6269=ORIENTED_EDGE('',*,*,#4796,.F.);
#6270=ORIENTED_EDGE('',*,*,#4797,.T.);
#6271=ORIENTED_EDGE('',*,*,#4798,.T.);
#6272=ORIENTED_EDGE('',*,*,#4794,.F.);
#6273=ORIENTED_EDGE('',*,*,#4799,.F.);
#6274=ORIENTED_EDGE('',*,*,#4800,.T.);
#6275=ORIENTED_EDGE('',*,*,#4801,.T.);
#6276=ORIENTED_EDGE('',*,*,#4797,.F.);
#6277=ORIENTED_EDGE('',*,*,#4802,.F.);
#6278=ORIENTED_EDGE('',*,*,#4803,.T.);
#6279=ORIENTED_EDGE('',*,*,#4804,.T.);
#6280=ORIENTED_EDGE('',*,*,#4800,.F.);
#6281=ORIENTED_EDGE('',*,*,#4805,.F.);
#6282=ORIENTED_EDGE('',*,*,#4806,.T.);
#6283=ORIENTED_EDGE('',*,*,#4807,.T.);
#6284=ORIENTED_EDGE('',*,*,#4803,.F.);
#6285=ORIENTED_EDGE('',*,*,#4808,.F.);
#6286=ORIENTED_EDGE('',*,*,#4756,.T.);
#6287=ORIENTED_EDGE('',*,*,#4809,.T.);
#6288=ORIENTED_EDGE('',*,*,#4806,.F.);
#6289=ORIENTED_EDGE('',*,*,#4809,.F.);
#6290=ORIENTED_EDGE('',*,*,#4755,.F.);
#6291=ORIENTED_EDGE('',*,*,#4759,.F.);
#6292=ORIENTED_EDGE('',*,*,#4762,.F.);
#6293=ORIENTED_EDGE('',*,*,#4765,.F.);
#6294=ORIENTED_EDGE('',*,*,#4768,.F.);
#6295=ORIENTED_EDGE('',*,*,#4771,.F.);
#6296=ORIENTED_EDGE('',*,*,#4774,.F.);
#6297=ORIENTED_EDGE('',*,*,#4777,.F.);
#6298=ORIENTED_EDGE('',*,*,#4780,.F.);
#6299=ORIENTED_EDGE('',*,*,#4783,.F.);
#6300=ORIENTED_EDGE('',*,*,#4786,.F.);
#6301=ORIENTED_EDGE('',*,*,#4789,.F.);
#6302=ORIENTED_EDGE('',*,*,#4792,.F.);
#6303=ORIENTED_EDGE('',*,*,#4795,.F.);
#6304=ORIENTED_EDGE('',*,*,#4798,.F.);
#6305=ORIENTED_EDGE('',*,*,#4801,.F.);
#6306=ORIENTED_EDGE('',*,*,#4804,.F.);
#6307=ORIENTED_EDGE('',*,*,#4807,.F.);
#6308=ORIENTED_EDGE('',*,*,#4752,.F.);
#6309=ORIENTED_EDGE('',*,*,#4731,.F.);
#6310=ORIENTED_EDGE('',*,*,#4735,.F.);
#6311=ORIENTED_EDGE('',*,*,#4738,.F.);
#6312=ORIENTED_EDGE('',*,*,#4741,.F.);
#6313=ORIENTED_EDGE('',*,*,#4744,.F.);
#6314=ORIENTED_EDGE('',*,*,#4747,.F.);
#6315=ORIENTED_EDGE('',*,*,#4750,.F.);
#6316=ORIENTED_EDGE('',*,*,#4810,.F.);
#6317=ORIENTED_EDGE('',*,*,#4811,.T.);
#6318=ORIENTED_EDGE('',*,*,#4812,.T.);
#6319=ORIENTED_EDGE('',*,*,#4813,.F.);
#6320=ORIENTED_EDGE('',*,*,#4814,.F.);
#6321=ORIENTED_EDGE('',*,*,#4815,.T.);
#6322=ORIENTED_EDGE('',*,*,#4816,.T.);
#6323=ORIENTED_EDGE('',*,*,#4811,.F.);
#6324=ORIENTED_EDGE('',*,*,#4817,.F.);
#6325=ORIENTED_EDGE('',*,*,#4818,.T.);
#6326=ORIENTED_EDGE('',*,*,#4819,.T.);
#6327=ORIENTED_EDGE('',*,*,#4815,.F.);
#6328=ORIENTED_EDGE('',*,*,#4820,.F.);
#6329=ORIENTED_EDGE('',*,*,#4821,.T.);
#6330=ORIENTED_EDGE('',*,*,#4822,.T.);
#6331=ORIENTED_EDGE('',*,*,#4818,.F.);
#6332=ORIENTED_EDGE('',*,*,#4823,.F.);
#6333=ORIENTED_EDGE('',*,*,#4824,.T.);
#6334=ORIENTED_EDGE('',*,*,#4825,.T.);
#6335=ORIENTED_EDGE('',*,*,#4821,.F.);
#6336=ORIENTED_EDGE('',*,*,#4826,.F.);
#6337=ORIENTED_EDGE('',*,*,#4827,.T.);
#6338=ORIENTED_EDGE('',*,*,#4828,.T.);
#6339=ORIENTED_EDGE('',*,*,#4824,.F.);
#6340=ORIENTED_EDGE('',*,*,#4829,.F.);
#6341=ORIENTED_EDGE('',*,*,#4830,.T.);
#6342=ORIENTED_EDGE('',*,*,#4831,.T.);
#6343=ORIENTED_EDGE('',*,*,#4827,.F.);
#6344=ORIENTED_EDGE('',*,*,#4832,.F.);
#6345=ORIENTED_EDGE('',*,*,#4833,.T.);
#6346=ORIENTED_EDGE('',*,*,#4834,.T.);
#6347=ORIENTED_EDGE('',*,*,#4830,.F.);
#6348=ORIENTED_EDGE('',*,*,#4835,.F.);
#6349=ORIENTED_EDGE('',*,*,#4836,.T.);
#6350=ORIENTED_EDGE('',*,*,#4837,.T.);
#6351=ORIENTED_EDGE('',*,*,#4833,.F.);
#6352=ORIENTED_EDGE('',*,*,#4838,.F.);
#6353=ORIENTED_EDGE('',*,*,#4839,.T.);
#6354=ORIENTED_EDGE('',*,*,#4840,.T.);
#6355=ORIENTED_EDGE('',*,*,#4836,.F.);
#6356=ORIENTED_EDGE('',*,*,#4841,.F.);
#6357=ORIENTED_EDGE('',*,*,#4842,.T.);
#6358=ORIENTED_EDGE('',*,*,#4843,.T.);
#6359=ORIENTED_EDGE('',*,*,#4839,.F.);
#6360=ORIENTED_EDGE('',*,*,#4844,.F.);
#6361=ORIENTED_EDGE('',*,*,#4813,.T.);
#6362=ORIENTED_EDGE('',*,*,#4845,.T.);
#6363=ORIENTED_EDGE('',*,*,#4842,.F.);
#6364=ORIENTED_EDGE('',*,*,#4845,.F.);
#6365=ORIENTED_EDGE('',*,*,#4812,.F.);
#6366=ORIENTED_EDGE('',*,*,#4816,.F.);
#6367=ORIENTED_EDGE('',*,*,#4819,.F.);
#6368=ORIENTED_EDGE('',*,*,#4822,.F.);
#6369=ORIENTED_EDGE('',*,*,#4825,.F.);
#6370=ORIENTED_EDGE('',*,*,#4828,.F.);
#6371=ORIENTED_EDGE('',*,*,#4831,.F.);
#6372=ORIENTED_EDGE('',*,*,#4834,.F.);
#6373=ORIENTED_EDGE('',*,*,#4837,.F.);
#6374=ORIENTED_EDGE('',*,*,#4840,.F.);
#6375=ORIENTED_EDGE('',*,*,#4843,.F.);
#6376=ORIENTED_EDGE('',*,*,#4846,.F.);
#6377=ORIENTED_EDGE('',*,*,#4847,.T.);
#6378=ORIENTED_EDGE('',*,*,#4848,.T.);
#6379=ORIENTED_EDGE('',*,*,#4849,.F.);
#6380=ORIENTED_EDGE('',*,*,#4850,.F.);
#6381=ORIENTED_EDGE('',*,*,#4851,.T.);
#6382=ORIENTED_EDGE('',*,*,#4852,.T.);
#6383=ORIENTED_EDGE('',*,*,#4847,.F.);
#6384=ORIENTED_EDGE('',*,*,#4853,.F.);
#6385=ORIENTED_EDGE('',*,*,#4854,.T.);
#6386=ORIENTED_EDGE('',*,*,#4855,.T.);
#6387=ORIENTED_EDGE('',*,*,#4851,.F.);
#6388=ORIENTED_EDGE('',*,*,#4856,.F.);
#6389=ORIENTED_EDGE('',*,*,#4857,.T.);
#6390=ORIENTED_EDGE('',*,*,#4858,.T.);
#6391=ORIENTED_EDGE('',*,*,#4854,.F.);
#6392=ORIENTED_EDGE('',*,*,#4859,.F.);
#6393=ORIENTED_EDGE('',*,*,#4860,.T.);
#6394=ORIENTED_EDGE('',*,*,#4861,.T.);
#6395=ORIENTED_EDGE('',*,*,#4857,.F.);
#6396=ORIENTED_EDGE('',*,*,#4862,.F.);
#6397=ORIENTED_EDGE('',*,*,#4849,.T.);
#6398=ORIENTED_EDGE('',*,*,#4863,.T.);
#6399=ORIENTED_EDGE('',*,*,#4860,.F.);
#6400=ORIENTED_EDGE('',*,*,#4863,.F.);
#6401=ORIENTED_EDGE('',*,*,#4848,.F.);
#6402=ORIENTED_EDGE('',*,*,#4852,.F.);
#6403=ORIENTED_EDGE('',*,*,#4855,.F.);
#6404=ORIENTED_EDGE('',*,*,#4858,.F.);
#6405=ORIENTED_EDGE('',*,*,#4861,.F.);
#6406=ORIENTED_EDGE('',*,*,#4864,.F.);
#6407=ORIENTED_EDGE('',*,*,#4865,.T.);
#6408=ORIENTED_EDGE('',*,*,#4866,.T.);
#6409=ORIENTED_EDGE('',*,*,#4867,.F.);
#6410=ORIENTED_EDGE('',*,*,#4868,.F.);
#6411=ORIENTED_EDGE('',*,*,#4869,.T.);
#6412=ORIENTED_EDGE('',*,*,#4870,.T.);
#6413=ORIENTED_EDGE('',*,*,#4865,.F.);
#6414=ORIENTED_EDGE('',*,*,#4871,.F.);
#6415=ORIENTED_EDGE('',*,*,#4872,.T.);
#6416=ORIENTED_EDGE('',*,*,#4873,.T.);
#6417=ORIENTED_EDGE('',*,*,#4869,.F.);
#6418=ORIENTED_EDGE('',*,*,#4874,.F.);
#6419=ORIENTED_EDGE('',*,*,#4875,.T.);
#6420=ORIENTED_EDGE('',*,*,#4876,.T.);
#6421=ORIENTED_EDGE('',*,*,#4872,.F.);
#6422=ORIENTED_EDGE('',*,*,#4877,.F.);
#6423=ORIENTED_EDGE('',*,*,#4878,.T.);
#6424=ORIENTED_EDGE('',*,*,#4879,.T.);
#6425=ORIENTED_EDGE('',*,*,#4875,.F.);
#6426=ORIENTED_EDGE('',*,*,#4880,.F.);
#6427=ORIENTED_EDGE('',*,*,#4881,.T.);
#6428=ORIENTED_EDGE('',*,*,#4882,.T.);
#6429=ORIENTED_EDGE('',*,*,#4878,.F.);
#6430=ORIENTED_EDGE('',*,*,#4883,.F.);
#6431=ORIENTED_EDGE('',*,*,#4884,.T.);
#6432=ORIENTED_EDGE('',*,*,#4885,.T.);
#6433=ORIENTED_EDGE('',*,*,#4881,.F.);
#6434=ORIENTED_EDGE('',*,*,#4886,.F.);
#6435=ORIENTED_EDGE('',*,*,#4887,.T.);
#6436=ORIENTED_EDGE('',*,*,#4888,.T.);
#6437=ORIENTED_EDGE('',*,*,#4884,.F.);
#6438=ORIENTED_EDGE('',*,*,#4889,.F.);
#6439=ORIENTED_EDGE('',*,*,#4867,.T.);
#6440=ORIENTED_EDGE('',*,*,#4890,.T.);
#6441=ORIENTED_EDGE('',*,*,#4887,.F.);
#6442=ORIENTED_EDGE('',*,*,#4891,.F.);
#6443=ORIENTED_EDGE('',*,*,#4892,.T.);
#6444=ORIENTED_EDGE('',*,*,#4893,.T.);
#6445=ORIENTED_EDGE('',*,*,#4894,.F.);
#6446=ORIENTED_EDGE('',*,*,#4895,.F.);
#6447=ORIENTED_EDGE('',*,*,#4896,.T.);
#6448=ORIENTED_EDGE('',*,*,#4897,.T.);
#6449=ORIENTED_EDGE('',*,*,#4892,.F.);
#6450=ORIENTED_EDGE('',*,*,#4898,.F.);
#6451=ORIENTED_EDGE('',*,*,#4899,.T.);
#6452=ORIENTED_EDGE('',*,*,#4900,.T.);
#6453=ORIENTED_EDGE('',*,*,#4896,.F.);
#6454=ORIENTED_EDGE('',*,*,#4901,.F.);
#6455=ORIENTED_EDGE('',*,*,#4902,.T.);
#6456=ORIENTED_EDGE('',*,*,#4903,.T.);
#6457=ORIENTED_EDGE('',*,*,#4899,.F.);
#6458=ORIENTED_EDGE('',*,*,#4904,.F.);
#6459=ORIENTED_EDGE('',*,*,#4905,.T.);
#6460=ORIENTED_EDGE('',*,*,#4906,.T.);
#6461=ORIENTED_EDGE('',*,*,#4902,.F.);
#6462=ORIENTED_EDGE('',*,*,#4907,.F.);
#6463=ORIENTED_EDGE('',*,*,#4908,.T.);
#6464=ORIENTED_EDGE('',*,*,#4909,.T.);
#6465=ORIENTED_EDGE('',*,*,#4905,.F.);
#6466=ORIENTED_EDGE('',*,*,#4910,.F.);
#6467=ORIENTED_EDGE('',*,*,#4911,.T.);
#6468=ORIENTED_EDGE('',*,*,#4912,.T.);
#6469=ORIENTED_EDGE('',*,*,#4908,.F.);
#6470=ORIENTED_EDGE('',*,*,#4913,.F.);
#6471=ORIENTED_EDGE('',*,*,#4914,.T.);
#6472=ORIENTED_EDGE('',*,*,#4915,.T.);
#6473=ORIENTED_EDGE('',*,*,#4911,.F.);
#6474=ORIENTED_EDGE('',*,*,#4916,.F.);
#6475=ORIENTED_EDGE('',*,*,#4917,.T.);
#6476=ORIENTED_EDGE('',*,*,#4918,.T.);
#6477=ORIENTED_EDGE('',*,*,#4914,.F.);
#6478=ORIENTED_EDGE('',*,*,#4919,.F.);
#6479=ORIENTED_EDGE('',*,*,#4920,.T.);
#6480=ORIENTED_EDGE('',*,*,#4921,.T.);
#6481=ORIENTED_EDGE('',*,*,#4917,.F.);
#6482=ORIENTED_EDGE('',*,*,#4922,.F.);
#6483=ORIENTED_EDGE('',*,*,#4894,.T.);
#6484=ORIENTED_EDGE('',*,*,#4923,.T.);
#6485=ORIENTED_EDGE('',*,*,#4920,.F.);
#6486=ORIENTED_EDGE('',*,*,#4923,.F.);
#6487=ORIENTED_EDGE('',*,*,#4893,.F.);
#6488=ORIENTED_EDGE('',*,*,#4897,.F.);
#6489=ORIENTED_EDGE('',*,*,#4900,.F.);
#6490=ORIENTED_EDGE('',*,*,#4903,.F.);
#6491=ORIENTED_EDGE('',*,*,#4906,.F.);
#6492=ORIENTED_EDGE('',*,*,#4909,.F.);
#6493=ORIENTED_EDGE('',*,*,#4912,.F.);
#6494=ORIENTED_EDGE('',*,*,#4915,.F.);
#6495=ORIENTED_EDGE('',*,*,#4918,.F.);
#6496=ORIENTED_EDGE('',*,*,#4921,.F.);
#6497=ORIENTED_EDGE('',*,*,#4890,.F.);
#6498=ORIENTED_EDGE('',*,*,#4866,.F.);
#6499=ORIENTED_EDGE('',*,*,#4870,.F.);
#6500=ORIENTED_EDGE('',*,*,#4873,.F.);
#6501=ORIENTED_EDGE('',*,*,#4876,.F.);
#6502=ORIENTED_EDGE('',*,*,#4879,.F.);
#6503=ORIENTED_EDGE('',*,*,#4882,.F.);
#6504=ORIENTED_EDGE('',*,*,#4885,.F.);
#6505=ORIENTED_EDGE('',*,*,#4888,.F.);
#6506=ORIENTED_EDGE('',*,*,#4924,.F.);
#6507=ORIENTED_EDGE('',*,*,#4925,.T.);
#6508=ORIENTED_EDGE('',*,*,#4926,.T.);
#6509=ORIENTED_EDGE('',*,*,#4927,.F.);
#6510=ORIENTED_EDGE('',*,*,#4928,.F.);
#6511=ORIENTED_EDGE('',*,*,#4929,.T.);
#6512=ORIENTED_EDGE('',*,*,#4930,.T.);
#6513=ORIENTED_EDGE('',*,*,#4925,.F.);
#6514=ORIENTED_EDGE('',*,*,#4931,.F.);
#6515=ORIENTED_EDGE('',*,*,#4932,.T.);
#6516=ORIENTED_EDGE('',*,*,#4933,.T.);
#6517=ORIENTED_EDGE('',*,*,#4929,.F.);
#6518=ORIENTED_EDGE('',*,*,#4934,.F.);
#6519=ORIENTED_EDGE('',*,*,#4935,.T.);
#6520=ORIENTED_EDGE('',*,*,#4936,.T.);
#6521=ORIENTED_EDGE('',*,*,#4932,.F.);
#6522=ORIENTED_EDGE('',*,*,#4937,.F.);
#6523=ORIENTED_EDGE('',*,*,#4938,.T.);
#6524=ORIENTED_EDGE('',*,*,#4939,.T.);
#6525=ORIENTED_EDGE('',*,*,#4935,.F.);
#6526=ORIENTED_EDGE('',*,*,#4940,.F.);
#6527=ORIENTED_EDGE('',*,*,#4941,.T.);
#6528=ORIENTED_EDGE('',*,*,#4942,.T.);
#6529=ORIENTED_EDGE('',*,*,#4938,.F.);
#6530=ORIENTED_EDGE('',*,*,#4943,.F.);
#6531=ORIENTED_EDGE('',*,*,#4944,.T.);
#6532=ORIENTED_EDGE('',*,*,#4945,.T.);
#6533=ORIENTED_EDGE('',*,*,#4941,.F.);
#6534=ORIENTED_EDGE('',*,*,#4946,.F.);
#6535=ORIENTED_EDGE('',*,*,#4947,.T.);
#6536=ORIENTED_EDGE('',*,*,#4948,.T.);
#6537=ORIENTED_EDGE('',*,*,#4944,.F.);
#6538=ORIENTED_EDGE('',*,*,#4949,.F.);
#6539=ORIENTED_EDGE('',*,*,#4950,.T.);
#6540=ORIENTED_EDGE('',*,*,#4951,.T.);
#6541=ORIENTED_EDGE('',*,*,#4947,.F.);
#6542=ORIENTED_EDGE('',*,*,#4952,.F.);
#6543=ORIENTED_EDGE('',*,*,#4927,.T.);
#6544=ORIENTED_EDGE('',*,*,#4953,.T.);
#6545=ORIENTED_EDGE('',*,*,#4950,.F.);
#6546=ORIENTED_EDGE('',*,*,#4954,.F.);
#6547=ORIENTED_EDGE('',*,*,#4955,.T.);
#6548=ORIENTED_EDGE('',*,*,#4956,.T.);
#6549=ORIENTED_EDGE('',*,*,#4957,.F.);
#6550=ORIENTED_EDGE('',*,*,#4958,.F.);
#6551=ORIENTED_EDGE('',*,*,#4959,.T.);
#6552=ORIENTED_EDGE('',*,*,#4960,.T.);
#6553=ORIENTED_EDGE('',*,*,#4955,.F.);
#6554=ORIENTED_EDGE('',*,*,#4961,.F.);
#6555=ORIENTED_EDGE('',*,*,#4962,.T.);
#6556=ORIENTED_EDGE('',*,*,#4963,.T.);
#6557=ORIENTED_EDGE('',*,*,#4959,.F.);
#6558=ORIENTED_EDGE('',*,*,#4964,.F.);
#6559=ORIENTED_EDGE('',*,*,#4965,.T.);
#6560=ORIENTED_EDGE('',*,*,#4966,.T.);
#6561=ORIENTED_EDGE('',*,*,#4962,.F.);
#6562=ORIENTED_EDGE('',*,*,#4967,.F.);
#6563=ORIENTED_EDGE('',*,*,#4968,.T.);
#6564=ORIENTED_EDGE('',*,*,#4969,.T.);
#6565=ORIENTED_EDGE('',*,*,#4965,.F.);
#6566=ORIENTED_EDGE('',*,*,#4970,.F.);
#6567=ORIENTED_EDGE('',*,*,#4971,.T.);
#6568=ORIENTED_EDGE('',*,*,#4972,.T.);
#6569=ORIENTED_EDGE('',*,*,#4968,.F.);
#6570=ORIENTED_EDGE('',*,*,#4973,.F.);
#6571=ORIENTED_EDGE('',*,*,#4974,.T.);
#6572=ORIENTED_EDGE('',*,*,#4975,.T.);
#6573=ORIENTED_EDGE('',*,*,#4971,.F.);
#6574=ORIENTED_EDGE('',*,*,#4976,.F.);
#6575=ORIENTED_EDGE('',*,*,#4977,.T.);
#6576=ORIENTED_EDGE('',*,*,#4978,.T.);
#6577=ORIENTED_EDGE('',*,*,#4974,.F.);
#6578=ORIENTED_EDGE('',*,*,#4979,.F.);
#6579=ORIENTED_EDGE('',*,*,#4980,.T.);
#6580=ORIENTED_EDGE('',*,*,#4981,.T.);
#6581=ORIENTED_EDGE('',*,*,#4977,.F.);
#6582=ORIENTED_EDGE('',*,*,#4982,.F.);
#6583=ORIENTED_EDGE('',*,*,#4983,.T.);
#6584=ORIENTED_EDGE('',*,*,#4984,.T.);
#6585=ORIENTED_EDGE('',*,*,#4980,.F.);
#6586=ORIENTED_EDGE('',*,*,#4985,.F.);
#6587=ORIENTED_EDGE('',*,*,#4986,.T.);
#6588=ORIENTED_EDGE('',*,*,#4987,.T.);
#6589=ORIENTED_EDGE('',*,*,#4983,.F.);
#6590=ORIENTED_EDGE('',*,*,#4988,.F.);
#6591=ORIENTED_EDGE('',*,*,#4957,.T.);
#6592=ORIENTED_EDGE('',*,*,#4989,.T.);
#6593=ORIENTED_EDGE('',*,*,#4986,.F.);
#6594=ORIENTED_EDGE('',*,*,#4989,.F.);
#6595=ORIENTED_EDGE('',*,*,#4956,.F.);
#6596=ORIENTED_EDGE('',*,*,#4960,.F.);
#6597=ORIENTED_EDGE('',*,*,#4963,.F.);
#6598=ORIENTED_EDGE('',*,*,#4966,.F.);
#6599=ORIENTED_EDGE('',*,*,#4969,.F.);
#6600=ORIENTED_EDGE('',*,*,#4972,.F.);
#6601=ORIENTED_EDGE('',*,*,#4975,.F.);
#6602=ORIENTED_EDGE('',*,*,#4978,.F.);
#6603=ORIENTED_EDGE('',*,*,#4981,.F.);
#6604=ORIENTED_EDGE('',*,*,#4984,.F.);
#6605=ORIENTED_EDGE('',*,*,#4987,.F.);
#6606=ORIENTED_EDGE('',*,*,#4953,.F.);
#6607=ORIENTED_EDGE('',*,*,#4926,.F.);
#6608=ORIENTED_EDGE('',*,*,#4930,.F.);
#6609=ORIENTED_EDGE('',*,*,#4933,.F.);
#6610=ORIENTED_EDGE('',*,*,#4936,.F.);
#6611=ORIENTED_EDGE('',*,*,#4939,.F.);
#6612=ORIENTED_EDGE('',*,*,#4942,.F.);
#6613=ORIENTED_EDGE('',*,*,#4945,.F.);
#6614=ORIENTED_EDGE('',*,*,#4948,.F.);
#6615=ORIENTED_EDGE('',*,*,#4951,.F.);
#6616=ORIENTED_EDGE('',*,*,#4990,.F.);
#6617=ORIENTED_EDGE('',*,*,#4991,.T.);
#6618=ORIENTED_EDGE('',*,*,#4992,.T.);
#6619=ORIENTED_EDGE('',*,*,#4993,.F.);
#6620=ORIENTED_EDGE('',*,*,#4994,.F.);
#6621=ORIENTED_EDGE('',*,*,#4995,.T.);
#6622=ORIENTED_EDGE('',*,*,#4996,.T.);
#6623=ORIENTED_EDGE('',*,*,#4991,.F.);
#6624=ORIENTED_EDGE('',*,*,#4997,.F.);
#6625=ORIENTED_EDGE('',*,*,#4998,.T.);
#6626=ORIENTED_EDGE('',*,*,#4999,.T.);
#6627=ORIENTED_EDGE('',*,*,#4995,.F.);
#6628=ORIENTED_EDGE('',*,*,#5000,.F.);
#6629=ORIENTED_EDGE('',*,*,#5001,.T.);
#6630=ORIENTED_EDGE('',*,*,#5002,.T.);
#6631=ORIENTED_EDGE('',*,*,#4998,.F.);
#6632=ORIENTED_EDGE('',*,*,#5003,.F.);
#6633=ORIENTED_EDGE('',*,*,#5004,.T.);
#6634=ORIENTED_EDGE('',*,*,#5005,.T.);
#6635=ORIENTED_EDGE('',*,*,#5001,.F.);
#6636=ORIENTED_EDGE('',*,*,#5006,.F.);
#6637=ORIENTED_EDGE('',*,*,#5007,.T.);
#6638=ORIENTED_EDGE('',*,*,#5008,.T.);
#6639=ORIENTED_EDGE('',*,*,#5004,.F.);
#6640=ORIENTED_EDGE('',*,*,#5009,.F.);
#6641=ORIENTED_EDGE('',*,*,#5010,.T.);
#6642=ORIENTED_EDGE('',*,*,#5011,.T.);
#6643=ORIENTED_EDGE('',*,*,#5007,.F.);
#6644=ORIENTED_EDGE('',*,*,#5012,.F.);
#6645=ORIENTED_EDGE('',*,*,#5013,.T.);
#6646=ORIENTED_EDGE('',*,*,#5014,.T.);
#6647=ORIENTED_EDGE('',*,*,#5010,.F.);
#6648=ORIENTED_EDGE('',*,*,#5015,.F.);
#6649=ORIENTED_EDGE('',*,*,#5016,.T.);
#6650=ORIENTED_EDGE('',*,*,#5017,.T.);
#6651=ORIENTED_EDGE('',*,*,#5013,.F.);
#6652=ORIENTED_EDGE('',*,*,#5018,.F.);
#6653=ORIENTED_EDGE('',*,*,#4993,.T.);
#6654=ORIENTED_EDGE('',*,*,#5019,.T.);
#6655=ORIENTED_EDGE('',*,*,#5016,.F.);
#6656=ORIENTED_EDGE('',*,*,#5019,.F.);
#6657=ORIENTED_EDGE('',*,*,#4992,.F.);
#6658=ORIENTED_EDGE('',*,*,#4996,.F.);
#6659=ORIENTED_EDGE('',*,*,#4999,.F.);
#6660=ORIENTED_EDGE('',*,*,#5002,.F.);
#6661=ORIENTED_EDGE('',*,*,#5005,.F.);
#6662=ORIENTED_EDGE('',*,*,#5008,.F.);
#6663=ORIENTED_EDGE('',*,*,#5011,.F.);
#6664=ORIENTED_EDGE('',*,*,#5014,.F.);
#6665=ORIENTED_EDGE('',*,*,#5017,.F.);
#6666=ORIENTED_EDGE('',*,*,#5020,.F.);
#6667=ORIENTED_EDGE('',*,*,#5021,.T.);
#6668=ORIENTED_EDGE('',*,*,#5022,.T.);
#6669=ORIENTED_EDGE('',*,*,#5023,.F.);
#6670=ORIENTED_EDGE('',*,*,#5024,.F.);
#6671=ORIENTED_EDGE('',*,*,#5025,.T.);
#6672=ORIENTED_EDGE('',*,*,#5026,.T.);
#6673=ORIENTED_EDGE('',*,*,#5021,.F.);
#6674=ORIENTED_EDGE('',*,*,#5027,.F.);
#6675=ORIENTED_EDGE('',*,*,#5028,.T.);
#6676=ORIENTED_EDGE('',*,*,#5029,.T.);
#6677=ORIENTED_EDGE('',*,*,#5025,.F.);
#6678=ORIENTED_EDGE('',*,*,#5030,.F.);
#6679=ORIENTED_EDGE('',*,*,#5031,.T.);
#6680=ORIENTED_EDGE('',*,*,#5032,.T.);
#6681=ORIENTED_EDGE('',*,*,#5028,.F.);
#6682=ORIENTED_EDGE('',*,*,#5033,.F.);
#6683=ORIENTED_EDGE('',*,*,#5023,.T.);
#6684=ORIENTED_EDGE('',*,*,#5034,.T.);
#6685=ORIENTED_EDGE('',*,*,#5031,.F.);
#6686=ORIENTED_EDGE('',*,*,#5035,.F.);
#6687=ORIENTED_EDGE('',*,*,#5036,.T.);
#6688=ORIENTED_EDGE('',*,*,#5037,.T.);
#6689=ORIENTED_EDGE('',*,*,#5038,.F.);
#6690=ORIENTED_EDGE('',*,*,#5039,.F.);
#6691=ORIENTED_EDGE('',*,*,#5040,.T.);
#6692=ORIENTED_EDGE('',*,*,#5041,.T.);
#6693=ORIENTED_EDGE('',*,*,#5036,.F.);
#6694=ORIENTED_EDGE('',*,*,#5042,.F.);
#6695=ORIENTED_EDGE('',*,*,#5043,.T.);
#6696=ORIENTED_EDGE('',*,*,#5044,.T.);
#6697=ORIENTED_EDGE('',*,*,#5040,.F.);
#6698=ORIENTED_EDGE('',*,*,#5045,.F.);
#6699=ORIENTED_EDGE('',*,*,#5046,.T.);
#6700=ORIENTED_EDGE('',*,*,#5047,.T.);
#6701=ORIENTED_EDGE('',*,*,#5043,.F.);
#6702=ORIENTED_EDGE('',*,*,#5048,.F.);
#6703=ORIENTED_EDGE('',*,*,#5049,.T.);
#6704=ORIENTED_EDGE('',*,*,#5050,.T.);
#6705=ORIENTED_EDGE('',*,*,#5046,.F.);
#6706=ORIENTED_EDGE('',*,*,#5051,.F.);
#6707=ORIENTED_EDGE('',*,*,#5052,.T.);
#6708=ORIENTED_EDGE('',*,*,#5053,.T.);
#6709=ORIENTED_EDGE('',*,*,#5049,.F.);
#6710=ORIENTED_EDGE('',*,*,#5054,.F.);
#6711=ORIENTED_EDGE('',*,*,#5055,.T.);
#6712=ORIENTED_EDGE('',*,*,#5056,.T.);
#6713=ORIENTED_EDGE('',*,*,#5052,.F.);
#6714=ORIENTED_EDGE('',*,*,#5057,.F.);
#6715=ORIENTED_EDGE('',*,*,#5038,.T.);
#6716=ORIENTED_EDGE('',*,*,#5058,.T.);
#6717=ORIENTED_EDGE('',*,*,#5055,.F.);
#6718=ORIENTED_EDGE('',*,*,#5058,.F.);
#6719=ORIENTED_EDGE('',*,*,#5037,.F.);
#6720=ORIENTED_EDGE('',*,*,#5041,.F.);
#6721=ORIENTED_EDGE('',*,*,#5044,.F.);
#6722=ORIENTED_EDGE('',*,*,#5047,.F.);
#6723=ORIENTED_EDGE('',*,*,#5050,.F.);
#6724=ORIENTED_EDGE('',*,*,#5053,.F.);
#6725=ORIENTED_EDGE('',*,*,#5056,.F.);
#6726=ORIENTED_EDGE('',*,*,#5034,.F.);
#6727=ORIENTED_EDGE('',*,*,#5022,.F.);
#6728=ORIENTED_EDGE('',*,*,#5026,.F.);
#6729=ORIENTED_EDGE('',*,*,#5029,.F.);
#6730=ORIENTED_EDGE('',*,*,#5032,.F.);
#6731=ORIENTED_EDGE('',*,*,#5059,.F.);
#6732=ORIENTED_EDGE('',*,*,#5060,.T.);
#6733=ORIENTED_EDGE('',*,*,#5061,.T.);
#6734=ORIENTED_EDGE('',*,*,#5062,.F.);
#6735=ORIENTED_EDGE('',*,*,#5063,.F.);
#6736=ORIENTED_EDGE('',*,*,#5064,.T.);
#6737=ORIENTED_EDGE('',*,*,#5065,.T.);
#6738=ORIENTED_EDGE('',*,*,#5060,.F.);
#6739=ORIENTED_EDGE('',*,*,#5066,.F.);
#6740=ORIENTED_EDGE('',*,*,#5067,.T.);
#6741=ORIENTED_EDGE('',*,*,#5068,.T.);
#6742=ORIENTED_EDGE('',*,*,#5064,.F.);
#6743=ORIENTED_EDGE('',*,*,#5069,.F.);
#6744=ORIENTED_EDGE('',*,*,#5070,.T.);
#6745=ORIENTED_EDGE('',*,*,#5071,.T.);
#6746=ORIENTED_EDGE('',*,*,#5067,.F.);
#6747=ORIENTED_EDGE('',*,*,#5072,.F.);
#6748=ORIENTED_EDGE('',*,*,#5073,.T.);
#6749=ORIENTED_EDGE('',*,*,#5074,.T.);
#6750=ORIENTED_EDGE('',*,*,#5070,.F.);
#6751=ORIENTED_EDGE('',*,*,#5075,.F.);
#6752=ORIENTED_EDGE('',*,*,#5076,.T.);
#6753=ORIENTED_EDGE('',*,*,#5077,.T.);
#6754=ORIENTED_EDGE('',*,*,#5073,.F.);
#6755=ORIENTED_EDGE('',*,*,#5078,.F.);
#6756=ORIENTED_EDGE('',*,*,#5079,.T.);
#6757=ORIENTED_EDGE('',*,*,#5080,.T.);
#6758=ORIENTED_EDGE('',*,*,#5076,.F.);
#6759=ORIENTED_EDGE('',*,*,#5081,.F.);
#6760=ORIENTED_EDGE('',*,*,#5082,.T.);
#6761=ORIENTED_EDGE('',*,*,#5083,.T.);
#6762=ORIENTED_EDGE('',*,*,#5079,.F.);
#6763=ORIENTED_EDGE('',*,*,#5084,.F.);
#6764=ORIENTED_EDGE('',*,*,#5085,.T.);
#6765=ORIENTED_EDGE('',*,*,#5086,.T.);
#6766=ORIENTED_EDGE('',*,*,#5082,.F.);
#6767=ORIENTED_EDGE('',*,*,#5087,.F.);
#6768=ORIENTED_EDGE('',*,*,#5088,.T.);
#6769=ORIENTED_EDGE('',*,*,#5089,.T.);
#6770=ORIENTED_EDGE('',*,*,#5085,.F.);
#6771=ORIENTED_EDGE('',*,*,#5090,.F.);
#6772=ORIENTED_EDGE('',*,*,#5091,.T.);
#6773=ORIENTED_EDGE('',*,*,#5092,.T.);
#6774=ORIENTED_EDGE('',*,*,#5088,.F.);
#6775=ORIENTED_EDGE('',*,*,#5093,.F.);
#6776=ORIENTED_EDGE('',*,*,#5094,.T.);
#6777=ORIENTED_EDGE('',*,*,#5095,.T.);
#6778=ORIENTED_EDGE('',*,*,#5091,.F.);
#6779=ORIENTED_EDGE('',*,*,#5096,.F.);
#6780=ORIENTED_EDGE('',*,*,#5097,.T.);
#6781=ORIENTED_EDGE('',*,*,#5098,.T.);
#6782=ORIENTED_EDGE('',*,*,#5094,.F.);
#6783=ORIENTED_EDGE('',*,*,#5099,.F.);
#6784=ORIENTED_EDGE('',*,*,#5100,.T.);
#6785=ORIENTED_EDGE('',*,*,#5101,.T.);
#6786=ORIENTED_EDGE('',*,*,#5097,.F.);
#6787=ORIENTED_EDGE('',*,*,#5102,.F.);
#6788=ORIENTED_EDGE('',*,*,#5062,.T.);
#6789=ORIENTED_EDGE('',*,*,#5103,.T.);
#6790=ORIENTED_EDGE('',*,*,#5100,.F.);
#6791=ORIENTED_EDGE('',*,*,#5103,.F.);
#6792=ORIENTED_EDGE('',*,*,#5061,.F.);
#6793=ORIENTED_EDGE('',*,*,#5065,.F.);
#6794=ORIENTED_EDGE('',*,*,#5068,.F.);
#6795=ORIENTED_EDGE('',*,*,#5071,.F.);
#6796=ORIENTED_EDGE('',*,*,#5074,.F.);
#6797=ORIENTED_EDGE('',*,*,#5077,.F.);
#6798=ORIENTED_EDGE('',*,*,#5080,.F.);
#6799=ORIENTED_EDGE('',*,*,#5083,.F.);
#6800=ORIENTED_EDGE('',*,*,#5086,.F.);
#6801=ORIENTED_EDGE('',*,*,#5089,.F.);
#6802=ORIENTED_EDGE('',*,*,#5092,.F.);
#6803=ORIENTED_EDGE('',*,*,#5095,.F.);
#6804=ORIENTED_EDGE('',*,*,#5098,.F.);
#6805=ORIENTED_EDGE('',*,*,#5101,.F.);
#6806=ORIENTED_EDGE('',*,*,#5104,.F.);
#6807=ORIENTED_EDGE('',*,*,#5105,.T.);
#6808=ORIENTED_EDGE('',*,*,#5106,.T.);
#6809=ORIENTED_EDGE('',*,*,#5107,.F.);
#6810=ORIENTED_EDGE('',*,*,#5108,.F.);
#6811=ORIENTED_EDGE('',*,*,#5109,.T.);
#6812=ORIENTED_EDGE('',*,*,#5110,.T.);
#6813=ORIENTED_EDGE('',*,*,#5105,.F.);
#6814=ORIENTED_EDGE('',*,*,#5111,.F.);
#6815=ORIENTED_EDGE('',*,*,#5112,.T.);
#6816=ORIENTED_EDGE('',*,*,#5113,.T.);
#6817=ORIENTED_EDGE('',*,*,#5109,.F.);
#6818=ORIENTED_EDGE('',*,*,#5114,.F.);
#6819=ORIENTED_EDGE('',*,*,#5115,.T.);
#6820=ORIENTED_EDGE('',*,*,#5116,.T.);
#6821=ORIENTED_EDGE('',*,*,#5112,.F.);
#6822=ORIENTED_EDGE('',*,*,#5117,.F.);
#6823=ORIENTED_EDGE('',*,*,#5118,.T.);
#6824=ORIENTED_EDGE('',*,*,#5119,.T.);
#6825=ORIENTED_EDGE('',*,*,#5115,.F.);
#6826=ORIENTED_EDGE('',*,*,#5120,.F.);
#6827=ORIENTED_EDGE('',*,*,#5121,.T.);
#6828=ORIENTED_EDGE('',*,*,#5122,.T.);
#6829=ORIENTED_EDGE('',*,*,#5118,.F.);
#6830=ORIENTED_EDGE('',*,*,#5123,.F.);
#6831=ORIENTED_EDGE('',*,*,#5124,.T.);
#6832=ORIENTED_EDGE('',*,*,#5125,.T.);
#6833=ORIENTED_EDGE('',*,*,#5121,.F.);
#6834=ORIENTED_EDGE('',*,*,#5126,.F.);
#6835=ORIENTED_EDGE('',*,*,#5127,.T.);
#6836=ORIENTED_EDGE('',*,*,#5128,.T.);
#6837=ORIENTED_EDGE('',*,*,#5124,.F.);
#6838=ORIENTED_EDGE('',*,*,#5129,.F.);
#6839=ORIENTED_EDGE('',*,*,#5130,.T.);
#6840=ORIENTED_EDGE('',*,*,#5131,.T.);
#6841=ORIENTED_EDGE('',*,*,#5127,.F.);
#6842=ORIENTED_EDGE('',*,*,#5132,.F.);
#6843=ORIENTED_EDGE('',*,*,#5133,.T.);
#6844=ORIENTED_EDGE('',*,*,#5134,.T.);
#6845=ORIENTED_EDGE('',*,*,#5130,.F.);
#6846=ORIENTED_EDGE('',*,*,#5135,.F.);
#6847=ORIENTED_EDGE('',*,*,#5136,.T.);
#6848=ORIENTED_EDGE('',*,*,#5137,.T.);
#6849=ORIENTED_EDGE('',*,*,#5133,.F.);
#6850=ORIENTED_EDGE('',*,*,#5138,.F.);
#6851=ORIENTED_EDGE('',*,*,#5107,.T.);
#6852=ORIENTED_EDGE('',*,*,#5139,.T.);
#6853=ORIENTED_EDGE('',*,*,#5136,.F.);
#6854=ORIENTED_EDGE('',*,*,#5139,.F.);
#6855=ORIENTED_EDGE('',*,*,#5106,.F.);
#6856=ORIENTED_EDGE('',*,*,#5110,.F.);
#6857=ORIENTED_EDGE('',*,*,#5113,.F.);
#6858=ORIENTED_EDGE('',*,*,#5116,.F.);
#6859=ORIENTED_EDGE('',*,*,#5119,.F.);
#6860=ORIENTED_EDGE('',*,*,#5122,.F.);
#6861=ORIENTED_EDGE('',*,*,#5125,.F.);
#6862=ORIENTED_EDGE('',*,*,#5128,.F.);
#6863=ORIENTED_EDGE('',*,*,#5131,.F.);
#6864=ORIENTED_EDGE('',*,*,#5134,.F.);
#6865=ORIENTED_EDGE('',*,*,#5137,.F.);
#6866=ORIENTED_EDGE('',*,*,#5140,.F.);
#6867=ORIENTED_EDGE('',*,*,#5141,.T.);
#6868=ORIENTED_EDGE('',*,*,#5142,.T.);
#6869=ORIENTED_EDGE('',*,*,#5143,.F.);
#6870=ORIENTED_EDGE('',*,*,#5144,.F.);
#6871=ORIENTED_EDGE('',*,*,#5145,.T.);
#6872=ORIENTED_EDGE('',*,*,#5146,.T.);
#6873=ORIENTED_EDGE('',*,*,#5141,.F.);
#6874=ORIENTED_EDGE('',*,*,#5147,.F.);
#6875=ORIENTED_EDGE('',*,*,#5148,.T.);
#6876=ORIENTED_EDGE('',*,*,#5149,.T.);
#6877=ORIENTED_EDGE('',*,*,#5145,.F.);
#6878=ORIENTED_EDGE('',*,*,#5150,.F.);
#6879=ORIENTED_EDGE('',*,*,#5151,.T.);
#6880=ORIENTED_EDGE('',*,*,#5152,.T.);
#6881=ORIENTED_EDGE('',*,*,#5148,.F.);
#6882=ORIENTED_EDGE('',*,*,#5153,.F.);
#6883=ORIENTED_EDGE('',*,*,#5154,.T.);
#6884=ORIENTED_EDGE('',*,*,#5155,.T.);
#6885=ORIENTED_EDGE('',*,*,#5151,.F.);
#6886=ORIENTED_EDGE('',*,*,#5156,.F.);
#6887=ORIENTED_EDGE('',*,*,#5157,.T.);
#6888=ORIENTED_EDGE('',*,*,#5158,.T.);
#6889=ORIENTED_EDGE('',*,*,#5154,.F.);
#6890=ORIENTED_EDGE('',*,*,#5159,.F.);
#6891=ORIENTED_EDGE('',*,*,#5160,.T.);
#6892=ORIENTED_EDGE('',*,*,#5161,.T.);
#6893=ORIENTED_EDGE('',*,*,#5157,.F.);
#6894=ORIENTED_EDGE('',*,*,#5162,.F.);
#6895=ORIENTED_EDGE('',*,*,#5143,.T.);
#6896=ORIENTED_EDGE('',*,*,#5163,.T.);
#6897=ORIENTED_EDGE('',*,*,#5160,.F.);
#6898=ORIENTED_EDGE('',*,*,#5163,.F.);
#6899=ORIENTED_EDGE('',*,*,#5142,.F.);
#6900=ORIENTED_EDGE('',*,*,#5146,.F.);
#6901=ORIENTED_EDGE('',*,*,#5149,.F.);
#6902=ORIENTED_EDGE('',*,*,#5152,.F.);
#6903=ORIENTED_EDGE('',*,*,#5155,.F.);
#6904=ORIENTED_EDGE('',*,*,#5158,.F.);
#6905=ORIENTED_EDGE('',*,*,#5161,.F.);
#6906=ORIENTED_EDGE('',*,*,#5020,.T.);
#6907=ORIENTED_EDGE('',*,*,#5033,.T.);
#6908=ORIENTED_EDGE('',*,*,#5030,.T.);
#6909=ORIENTED_EDGE('',*,*,#5027,.T.);
#6910=ORIENTED_EDGE('',*,*,#5024,.T.);
#6911=ORIENTED_EDGE('',*,*,#4924,.T.);
#6912=ORIENTED_EDGE('',*,*,#4952,.T.);
#6913=ORIENTED_EDGE('',*,*,#4949,.T.);
#6914=ORIENTED_EDGE('',*,*,#4946,.T.);
#6915=ORIENTED_EDGE('',*,*,#4943,.T.);
#6916=ORIENTED_EDGE('',*,*,#4940,.T.);
#6917=ORIENTED_EDGE('',*,*,#4937,.T.);
#6918=ORIENTED_EDGE('',*,*,#4934,.T.);
#6919=ORIENTED_EDGE('',*,*,#4931,.T.);
#6920=ORIENTED_EDGE('',*,*,#4928,.T.);
#6921=ORIENTED_EDGE('',*,*,#4864,.T.);
#6922=ORIENTED_EDGE('',*,*,#4889,.T.);
#6923=ORIENTED_EDGE('',*,*,#4886,.T.);
#6924=ORIENTED_EDGE('',*,*,#4883,.T.);
#6925=ORIENTED_EDGE('',*,*,#4880,.T.);
#6926=ORIENTED_EDGE('',*,*,#4877,.T.);
#6927=ORIENTED_EDGE('',*,*,#4874,.T.);
#6928=ORIENTED_EDGE('',*,*,#4871,.T.);
#6929=ORIENTED_EDGE('',*,*,#4868,.T.);
#6930=ORIENTED_EDGE('',*,*,#4729,.T.);
#6931=ORIENTED_EDGE('',*,*,#4751,.T.);
#6932=ORIENTED_EDGE('',*,*,#4748,.T.);
#6933=ORIENTED_EDGE('',*,*,#4745,.T.);
#6934=ORIENTED_EDGE('',*,*,#4742,.T.);
#6935=ORIENTED_EDGE('',*,*,#4739,.T.);
#6936=ORIENTED_EDGE('',*,*,#4736,.T.);
#6937=ORIENTED_EDGE('',*,*,#4733,.T.);
#6938=ORIENTED_EDGE('',*,*,#5164,.F.);
#6939=ORIENTED_EDGE('',*,*,#5165,.T.);
#6940=ORIENTED_EDGE('',*,*,#5166,.T.);
#6941=ORIENTED_EDGE('',*,*,#5167,.F.);
#6942=ORIENTED_EDGE('',*,*,#5168,.F.);
#6943=ORIENTED_EDGE('',*,*,#5169,.T.);
#6944=ORIENTED_EDGE('',*,*,#5170,.T.);
#6945=ORIENTED_EDGE('',*,*,#5165,.F.);
#6946=ORIENTED_EDGE('',*,*,#5171,.F.);
#6947=ORIENTED_EDGE('',*,*,#5172,.T.);
#6948=ORIENTED_EDGE('',*,*,#5173,.T.);
#6949=ORIENTED_EDGE('',*,*,#5169,.F.);
#6950=ORIENTED_EDGE('',*,*,#5174,.F.);
#6951=ORIENTED_EDGE('',*,*,#5175,.T.);
#6952=ORIENTED_EDGE('',*,*,#5176,.T.);
#6953=ORIENTED_EDGE('',*,*,#5172,.F.);
#6954=ORIENTED_EDGE('',*,*,#5177,.F.);
#6955=ORIENTED_EDGE('',*,*,#5178,.T.);
#6956=ORIENTED_EDGE('',*,*,#5179,.T.);
#6957=ORIENTED_EDGE('',*,*,#5175,.F.);
#6958=ORIENTED_EDGE('',*,*,#5180,.F.);
#6959=ORIENTED_EDGE('',*,*,#5181,.T.);
#6960=ORIENTED_EDGE('',*,*,#5182,.T.);
#6961=ORIENTED_EDGE('',*,*,#5178,.F.);
#6962=ORIENTED_EDGE('',*,*,#5183,.F.);
#6963=ORIENTED_EDGE('',*,*,#5184,.T.);
#6964=ORIENTED_EDGE('',*,*,#5185,.T.);
#6965=ORIENTED_EDGE('',*,*,#5181,.F.);
#6966=ORIENTED_EDGE('',*,*,#5186,.F.);
#6967=ORIENTED_EDGE('',*,*,#5167,.T.);
#6968=ORIENTED_EDGE('',*,*,#5187,.T.);
#6969=ORIENTED_EDGE('',*,*,#5184,.F.);
#6970=ORIENTED_EDGE('',*,*,#5188,.F.);
#6971=ORIENTED_EDGE('',*,*,#5189,.T.);
#6972=ORIENTED_EDGE('',*,*,#5190,.T.);
#6973=ORIENTED_EDGE('',*,*,#5191,.F.);
#6974=ORIENTED_EDGE('',*,*,#5192,.F.);
#6975=ORIENTED_EDGE('',*,*,#5193,.T.);
#6976=ORIENTED_EDGE('',*,*,#5194,.T.);
#6977=ORIENTED_EDGE('',*,*,#5189,.F.);
#6978=ORIENTED_EDGE('',*,*,#5195,.F.);
#6979=ORIENTED_EDGE('',*,*,#5196,.T.);
#6980=ORIENTED_EDGE('',*,*,#5197,.T.);
#6981=ORIENTED_EDGE('',*,*,#5193,.F.);
#6982=ORIENTED_EDGE('',*,*,#5198,.F.);
#6983=ORIENTED_EDGE('',*,*,#5199,.T.);
#6984=ORIENTED_EDGE('',*,*,#5200,.T.);
#6985=ORIENTED_EDGE('',*,*,#5196,.F.);
#6986=ORIENTED_EDGE('',*,*,#5201,.F.);
#6987=ORIENTED_EDGE('',*,*,#5202,.T.);
#6988=ORIENTED_EDGE('',*,*,#5203,.T.);
#6989=ORIENTED_EDGE('',*,*,#5199,.F.);
#6990=ORIENTED_EDGE('',*,*,#5204,.F.);
#6991=ORIENTED_EDGE('',*,*,#5205,.T.);
#6992=ORIENTED_EDGE('',*,*,#5206,.T.);
#6993=ORIENTED_EDGE('',*,*,#5202,.F.);
#6994=ORIENTED_EDGE('',*,*,#5207,.F.);
#6995=ORIENTED_EDGE('',*,*,#5208,.T.);
#6996=ORIENTED_EDGE('',*,*,#5209,.T.);
#6997=ORIENTED_EDGE('',*,*,#5205,.F.);
#6998=ORIENTED_EDGE('',*,*,#5210,.F.);
#6999=ORIENTED_EDGE('',*,*,#5211,.T.);
#7000=ORIENTED_EDGE('',*,*,#5212,.T.);
#7001=ORIENTED_EDGE('',*,*,#5208,.F.);
#7002=ORIENTED_EDGE('',*,*,#5213,.F.);
#7003=ORIENTED_EDGE('',*,*,#5191,.T.);
#7004=ORIENTED_EDGE('',*,*,#5214,.T.);
#7005=ORIENTED_EDGE('',*,*,#5211,.F.);
#7006=ORIENTED_EDGE('',*,*,#5214,.F.);
#7007=ORIENTED_EDGE('',*,*,#5190,.F.);
#7008=ORIENTED_EDGE('',*,*,#5194,.F.);
#7009=ORIENTED_EDGE('',*,*,#5197,.F.);
#7010=ORIENTED_EDGE('',*,*,#5200,.F.);
#7011=ORIENTED_EDGE('',*,*,#5203,.F.);
#7012=ORIENTED_EDGE('',*,*,#5206,.F.);
#7013=ORIENTED_EDGE('',*,*,#5209,.F.);
#7014=ORIENTED_EDGE('',*,*,#5212,.F.);
#7015=ORIENTED_EDGE('',*,*,#5187,.F.);
#7016=ORIENTED_EDGE('',*,*,#5166,.F.);
#7017=ORIENTED_EDGE('',*,*,#5170,.F.);
#7018=ORIENTED_EDGE('',*,*,#5173,.F.);
#7019=ORIENTED_EDGE('',*,*,#5176,.F.);
#7020=ORIENTED_EDGE('',*,*,#5179,.F.);
#7021=ORIENTED_EDGE('',*,*,#5182,.F.);
#7022=ORIENTED_EDGE('',*,*,#5185,.F.);
#7023=ORIENTED_EDGE('',*,*,#5215,.F.);
#7024=ORIENTED_EDGE('',*,*,#5216,.T.);
#7025=ORIENTED_EDGE('',*,*,#5217,.T.);
#7026=ORIENTED_EDGE('',*,*,#5218,.F.);
#7027=ORIENTED_EDGE('',*,*,#5219,.F.);
#7028=ORIENTED_EDGE('',*,*,#5220,.T.);
#7029=ORIENTED_EDGE('',*,*,#5221,.T.);
#7030=ORIENTED_EDGE('',*,*,#5216,.F.);
#7031=ORIENTED_EDGE('',*,*,#5222,.F.);
#7032=ORIENTED_EDGE('',*,*,#5223,.T.);
#7033=ORIENTED_EDGE('',*,*,#5224,.T.);
#7034=ORIENTED_EDGE('',*,*,#5220,.F.);
#7035=ORIENTED_EDGE('',*,*,#5225,.F.);
#7036=ORIENTED_EDGE('',*,*,#5226,.T.);
#7037=ORIENTED_EDGE('',*,*,#5227,.T.);
#7038=ORIENTED_EDGE('',*,*,#5223,.F.);
#7039=ORIENTED_EDGE('',*,*,#5228,.F.);
#7040=ORIENTED_EDGE('',*,*,#5229,.T.);
#7041=ORIENTED_EDGE('',*,*,#5230,.T.);
#7042=ORIENTED_EDGE('',*,*,#5226,.F.);
#7043=ORIENTED_EDGE('',*,*,#5231,.F.);
#7044=ORIENTED_EDGE('',*,*,#5232,.T.);
#7045=ORIENTED_EDGE('',*,*,#5233,.T.);
#7046=ORIENTED_EDGE('',*,*,#5229,.F.);
#7047=ORIENTED_EDGE('',*,*,#5234,.F.);
#7048=ORIENTED_EDGE('',*,*,#5235,.T.);
#7049=ORIENTED_EDGE('',*,*,#5236,.T.);
#7050=ORIENTED_EDGE('',*,*,#5232,.F.);
#7051=ORIENTED_EDGE('',*,*,#5237,.F.);
#7052=ORIENTED_EDGE('',*,*,#5238,.T.);
#7053=ORIENTED_EDGE('',*,*,#5239,.T.);
#7054=ORIENTED_EDGE('',*,*,#5235,.F.);
#7055=ORIENTED_EDGE('',*,*,#5240,.F.);
#7056=ORIENTED_EDGE('',*,*,#5218,.T.);
#7057=ORIENTED_EDGE('',*,*,#5241,.T.);
#7058=ORIENTED_EDGE('',*,*,#5238,.F.);
#7059=ORIENTED_EDGE('',*,*,#5242,.F.);
#7060=ORIENTED_EDGE('',*,*,#5243,.T.);
#7061=ORIENTED_EDGE('',*,*,#5244,.T.);
#7062=ORIENTED_EDGE('',*,*,#5245,.F.);
#7063=ORIENTED_EDGE('',*,*,#5246,.F.);
#7064=ORIENTED_EDGE('',*,*,#5247,.T.);
#7065=ORIENTED_EDGE('',*,*,#5248,.T.);
#7066=ORIENTED_EDGE('',*,*,#5243,.F.);
#7067=ORIENTED_EDGE('',*,*,#5249,.F.);
#7068=ORIENTED_EDGE('',*,*,#5250,.T.);
#7069=ORIENTED_EDGE('',*,*,#5251,.T.);
#7070=ORIENTED_EDGE('',*,*,#5247,.F.);
#7071=ORIENTED_EDGE('',*,*,#5252,.F.);
#7072=ORIENTED_EDGE('',*,*,#5253,.T.);
#7073=ORIENTED_EDGE('',*,*,#5254,.T.);
#7074=ORIENTED_EDGE('',*,*,#5250,.F.);
#7075=ORIENTED_EDGE('',*,*,#5255,.F.);
#7076=ORIENTED_EDGE('',*,*,#5256,.T.);
#7077=ORIENTED_EDGE('',*,*,#5257,.T.);
#7078=ORIENTED_EDGE('',*,*,#5253,.F.);
#7079=ORIENTED_EDGE('',*,*,#5258,.F.);
#7080=ORIENTED_EDGE('',*,*,#5259,.T.);
#7081=ORIENTED_EDGE('',*,*,#5260,.T.);
#7082=ORIENTED_EDGE('',*,*,#5256,.F.);
#7083=ORIENTED_EDGE('',*,*,#5261,.F.);
#7084=ORIENTED_EDGE('',*,*,#5262,.T.);
#7085=ORIENTED_EDGE('',*,*,#5263,.T.);
#7086=ORIENTED_EDGE('',*,*,#5259,.F.);
#7087=ORIENTED_EDGE('',*,*,#5264,.F.);
#7088=ORIENTED_EDGE('',*,*,#5265,.T.);
#7089=ORIENTED_EDGE('',*,*,#5266,.T.);
#7090=ORIENTED_EDGE('',*,*,#5262,.F.);
#7091=ORIENTED_EDGE('',*,*,#5267,.F.);
#7092=ORIENTED_EDGE('',*,*,#5268,.T.);
#7093=ORIENTED_EDGE('',*,*,#5269,.T.);
#7094=ORIENTED_EDGE('',*,*,#5265,.F.);
#7095=ORIENTED_EDGE('',*,*,#5270,.F.);
#7096=ORIENTED_EDGE('',*,*,#5245,.T.);
#7097=ORIENTED_EDGE('',*,*,#5271,.T.);
#7098=ORIENTED_EDGE('',*,*,#5268,.F.);
#7099=ORIENTED_EDGE('',*,*,#5272,.F.);
#7100=ORIENTED_EDGE('',*,*,#5273,.T.);
#7101=ORIENTED_EDGE('',*,*,#5274,.T.);
#7102=ORIENTED_EDGE('',*,*,#5275,.F.);
#7103=ORIENTED_EDGE('',*,*,#5276,.F.);
#7104=ORIENTED_EDGE('',*,*,#5277,.T.);
#7105=ORIENTED_EDGE('',*,*,#5278,.T.);
#7106=ORIENTED_EDGE('',*,*,#5273,.F.);
#7107=ORIENTED_EDGE('',*,*,#5279,.F.);
#7108=ORIENTED_EDGE('',*,*,#5280,.T.);
#7109=ORIENTED_EDGE('',*,*,#5281,.T.);
#7110=ORIENTED_EDGE('',*,*,#5277,.F.);
#7111=ORIENTED_EDGE('',*,*,#5282,.F.);
#7112=ORIENTED_EDGE('',*,*,#5283,.T.);
#7113=ORIENTED_EDGE('',*,*,#5284,.T.);
#7114=ORIENTED_EDGE('',*,*,#5280,.F.);
#7115=ORIENTED_EDGE('',*,*,#5285,.F.);
#7116=ORIENTED_EDGE('',*,*,#5286,.T.);
#7117=ORIENTED_EDGE('',*,*,#5287,.T.);
#7118=ORIENTED_EDGE('',*,*,#5283,.F.);
#7119=ORIENTED_EDGE('',*,*,#5288,.F.);
#7120=ORIENTED_EDGE('',*,*,#5289,.T.);
#7121=ORIENTED_EDGE('',*,*,#5290,.T.);
#7122=ORIENTED_EDGE('',*,*,#5286,.F.);
#7123=ORIENTED_EDGE('',*,*,#5291,.F.);
#7124=ORIENTED_EDGE('',*,*,#5292,.T.);
#7125=ORIENTED_EDGE('',*,*,#5293,.T.);
#7126=ORIENTED_EDGE('',*,*,#5289,.F.);
#7127=ORIENTED_EDGE('',*,*,#5294,.F.);
#7128=ORIENTED_EDGE('',*,*,#5295,.T.);
#7129=ORIENTED_EDGE('',*,*,#5296,.T.);
#7130=ORIENTED_EDGE('',*,*,#5292,.F.);
#7131=ORIENTED_EDGE('',*,*,#5297,.F.);
#7132=ORIENTED_EDGE('',*,*,#5298,.T.);
#7133=ORIENTED_EDGE('',*,*,#5299,.T.);
#7134=ORIENTED_EDGE('',*,*,#5295,.F.);
#7135=ORIENTED_EDGE('',*,*,#5300,.F.);
#7136=ORIENTED_EDGE('',*,*,#5301,.T.);
#7137=ORIENTED_EDGE('',*,*,#5302,.T.);
#7138=ORIENTED_EDGE('',*,*,#5298,.F.);
#7139=ORIENTED_EDGE('',*,*,#5303,.F.);
#7140=ORIENTED_EDGE('',*,*,#5304,.T.);
#7141=ORIENTED_EDGE('',*,*,#5305,.T.);
#7142=ORIENTED_EDGE('',*,*,#5301,.F.);
#7143=ORIENTED_EDGE('',*,*,#5306,.F.);
#7144=ORIENTED_EDGE('',*,*,#5307,.T.);
#7145=ORIENTED_EDGE('',*,*,#5308,.T.);
#7146=ORIENTED_EDGE('',*,*,#5304,.F.);
#7147=ORIENTED_EDGE('',*,*,#5309,.F.);
#7148=ORIENTED_EDGE('',*,*,#5310,.T.);
#7149=ORIENTED_EDGE('',*,*,#5311,.T.);
#7150=ORIENTED_EDGE('',*,*,#5307,.F.);
#7151=ORIENTED_EDGE('',*,*,#5312,.F.);
#7152=ORIENTED_EDGE('',*,*,#5275,.T.);
#7153=ORIENTED_EDGE('',*,*,#5313,.T.);
#7154=ORIENTED_EDGE('',*,*,#5310,.F.);
#7155=ORIENTED_EDGE('',*,*,#5313,.F.);
#7156=ORIENTED_EDGE('',*,*,#5274,.F.);
#7157=ORIENTED_EDGE('',*,*,#5278,.F.);
#7158=ORIENTED_EDGE('',*,*,#5281,.F.);
#7159=ORIENTED_EDGE('',*,*,#5284,.F.);
#7160=ORIENTED_EDGE('',*,*,#5287,.F.);
#7161=ORIENTED_EDGE('',*,*,#5290,.F.);
#7162=ORIENTED_EDGE('',*,*,#5293,.F.);
#7163=ORIENTED_EDGE('',*,*,#5296,.F.);
#7164=ORIENTED_EDGE('',*,*,#5299,.F.);
#7165=ORIENTED_EDGE('',*,*,#5302,.F.);
#7166=ORIENTED_EDGE('',*,*,#5305,.F.);
#7167=ORIENTED_EDGE('',*,*,#5308,.F.);
#7168=ORIENTED_EDGE('',*,*,#5311,.F.);
#7169=ORIENTED_EDGE('',*,*,#5271,.F.);
#7170=ORIENTED_EDGE('',*,*,#5244,.F.);
#7171=ORIENTED_EDGE('',*,*,#5248,.F.);
#7172=ORIENTED_EDGE('',*,*,#5251,.F.);
#7173=ORIENTED_EDGE('',*,*,#5254,.F.);
#7174=ORIENTED_EDGE('',*,*,#5257,.F.);
#7175=ORIENTED_EDGE('',*,*,#5260,.F.);
#7176=ORIENTED_EDGE('',*,*,#5263,.F.);
#7177=ORIENTED_EDGE('',*,*,#5266,.F.);
#7178=ORIENTED_EDGE('',*,*,#5269,.F.);
#7179=ORIENTED_EDGE('',*,*,#5241,.F.);
#7180=ORIENTED_EDGE('',*,*,#5217,.F.);
#7181=ORIENTED_EDGE('',*,*,#5221,.F.);
#7182=ORIENTED_EDGE('',*,*,#5224,.F.);
#7183=ORIENTED_EDGE('',*,*,#5227,.F.);
#7184=ORIENTED_EDGE('',*,*,#5230,.F.);
#7185=ORIENTED_EDGE('',*,*,#5233,.F.);
#7186=ORIENTED_EDGE('',*,*,#5236,.F.);
#7187=ORIENTED_EDGE('',*,*,#5239,.F.);
#7188=ORIENTED_EDGE('',*,*,#5314,.F.);
#7189=ORIENTED_EDGE('',*,*,#5315,.T.);
#7190=ORIENTED_EDGE('',*,*,#5316,.T.);
#7191=ORIENTED_EDGE('',*,*,#5317,.F.);
#7192=ORIENTED_EDGE('',*,*,#5318,.F.);
#7193=ORIENTED_EDGE('',*,*,#5319,.T.);
#7194=ORIENTED_EDGE('',*,*,#5320,.T.);
#7195=ORIENTED_EDGE('',*,*,#5315,.F.);
#7196=ORIENTED_EDGE('',*,*,#5321,.F.);
#7197=ORIENTED_EDGE('',*,*,#5322,.T.);
#7198=ORIENTED_EDGE('',*,*,#5323,.T.);
#7199=ORIENTED_EDGE('',*,*,#5319,.F.);
#7200=ORIENTED_EDGE('',*,*,#5324,.F.);
#7201=ORIENTED_EDGE('',*,*,#5325,.T.);
#7202=ORIENTED_EDGE('',*,*,#5326,.T.);
#7203=ORIENTED_EDGE('',*,*,#5322,.F.);
#7204=ORIENTED_EDGE('',*,*,#5327,.F.);
#7205=ORIENTED_EDGE('',*,*,#5328,.T.);
#7206=ORIENTED_EDGE('',*,*,#5329,.T.);
#7207=ORIENTED_EDGE('',*,*,#5325,.F.);
#7208=ORIENTED_EDGE('',*,*,#5330,.F.);
#7209=ORIENTED_EDGE('',*,*,#5331,.T.);
#7210=ORIENTED_EDGE('',*,*,#5332,.T.);
#7211=ORIENTED_EDGE('',*,*,#5328,.F.);
#7212=ORIENTED_EDGE('',*,*,#5333,.F.);
#7213=ORIENTED_EDGE('',*,*,#5334,.T.);
#7214=ORIENTED_EDGE('',*,*,#5335,.T.);
#7215=ORIENTED_EDGE('',*,*,#5331,.F.);
#7216=ORIENTED_EDGE('',*,*,#5336,.F.);
#7217=ORIENTED_EDGE('',*,*,#5337,.T.);
#7218=ORIENTED_EDGE('',*,*,#5338,.T.);
#7219=ORIENTED_EDGE('',*,*,#5334,.F.);
#7220=ORIENTED_EDGE('',*,*,#5339,.F.);
#7221=ORIENTED_EDGE('',*,*,#5340,.T.);
#7222=ORIENTED_EDGE('',*,*,#5341,.T.);
#7223=ORIENTED_EDGE('',*,*,#5337,.F.);
#7224=ORIENTED_EDGE('',*,*,#5342,.F.);
#7225=ORIENTED_EDGE('',*,*,#5343,.T.);
#7226=ORIENTED_EDGE('',*,*,#5344,.T.);
#7227=ORIENTED_EDGE('',*,*,#5340,.F.);
#7228=ORIENTED_EDGE('',*,*,#5345,.F.);
#7229=ORIENTED_EDGE('',*,*,#5346,.T.);
#7230=ORIENTED_EDGE('',*,*,#5347,.T.);
#7231=ORIENTED_EDGE('',*,*,#5343,.F.);
#7232=ORIENTED_EDGE('',*,*,#5348,.F.);
#7233=ORIENTED_EDGE('',*,*,#5349,.T.);
#7234=ORIENTED_EDGE('',*,*,#5350,.T.);
#7235=ORIENTED_EDGE('',*,*,#5346,.F.);
#7236=ORIENTED_EDGE('',*,*,#5351,.F.);
#7237=ORIENTED_EDGE('',*,*,#5352,.T.);
#7238=ORIENTED_EDGE('',*,*,#5353,.T.);
#7239=ORIENTED_EDGE('',*,*,#5349,.F.);
#7240=ORIENTED_EDGE('',*,*,#5354,.F.);
#7241=ORIENTED_EDGE('',*,*,#5355,.T.);
#7242=ORIENTED_EDGE('',*,*,#5356,.T.);
#7243=ORIENTED_EDGE('',*,*,#5352,.F.);
#7244=ORIENTED_EDGE('',*,*,#5357,.F.);
#7245=ORIENTED_EDGE('',*,*,#5358,.T.);
#7246=ORIENTED_EDGE('',*,*,#5359,.T.);
#7247=ORIENTED_EDGE('',*,*,#5355,.F.);
#7248=ORIENTED_EDGE('',*,*,#5360,.F.);
#7249=ORIENTED_EDGE('',*,*,#5361,.T.);
#7250=ORIENTED_EDGE('',*,*,#5362,.T.);
#7251=ORIENTED_EDGE('',*,*,#5358,.F.);
#7252=ORIENTED_EDGE('',*,*,#5363,.F.);
#7253=ORIENTED_EDGE('',*,*,#5364,.T.);
#7254=ORIENTED_EDGE('',*,*,#5365,.T.);
#7255=ORIENTED_EDGE('',*,*,#5361,.F.);
#7256=ORIENTED_EDGE('',*,*,#5366,.F.);
#7257=ORIENTED_EDGE('',*,*,#5317,.T.);
#7258=ORIENTED_EDGE('',*,*,#5367,.T.);
#7259=ORIENTED_EDGE('',*,*,#5364,.F.);
#7260=ORIENTED_EDGE('',*,*,#5367,.F.);
#7261=ORIENTED_EDGE('',*,*,#5316,.F.);
#7262=ORIENTED_EDGE('',*,*,#5320,.F.);
#7263=ORIENTED_EDGE('',*,*,#5323,.F.);
#7264=ORIENTED_EDGE('',*,*,#5326,.F.);
#7265=ORIENTED_EDGE('',*,*,#5329,.F.);
#7266=ORIENTED_EDGE('',*,*,#5332,.F.);
#7267=ORIENTED_EDGE('',*,*,#5335,.F.);
#7268=ORIENTED_EDGE('',*,*,#5338,.F.);
#7269=ORIENTED_EDGE('',*,*,#5341,.F.);
#7270=ORIENTED_EDGE('',*,*,#5344,.F.);
#7271=ORIENTED_EDGE('',*,*,#5347,.F.);
#7272=ORIENTED_EDGE('',*,*,#5350,.F.);
#7273=ORIENTED_EDGE('',*,*,#5353,.F.);
#7274=ORIENTED_EDGE('',*,*,#5356,.F.);
#7275=ORIENTED_EDGE('',*,*,#5359,.F.);
#7276=ORIENTED_EDGE('',*,*,#5362,.F.);
#7277=ORIENTED_EDGE('',*,*,#5365,.F.);
#7278=ORIENTED_EDGE('',*,*,#5368,.F.);
#7279=ORIENTED_EDGE('',*,*,#5369,.T.);
#7280=ORIENTED_EDGE('',*,*,#5370,.T.);
#7281=ORIENTED_EDGE('',*,*,#5371,.F.);
#7282=ORIENTED_EDGE('',*,*,#5372,.F.);
#7283=ORIENTED_EDGE('',*,*,#5373,.T.);
#7284=ORIENTED_EDGE('',*,*,#5374,.T.);
#7285=ORIENTED_EDGE('',*,*,#5369,.F.);
#7286=ORIENTED_EDGE('',*,*,#5375,.F.);
#7287=ORIENTED_EDGE('',*,*,#5376,.T.);
#7288=ORIENTED_EDGE('',*,*,#5377,.T.);
#7289=ORIENTED_EDGE('',*,*,#5373,.F.);
#7290=ORIENTED_EDGE('',*,*,#5378,.F.);
#7291=ORIENTED_EDGE('',*,*,#5379,.T.);
#7292=ORIENTED_EDGE('',*,*,#5380,.T.);
#7293=ORIENTED_EDGE('',*,*,#5376,.F.);
#7294=ORIENTED_EDGE('',*,*,#5381,.F.);
#7295=ORIENTED_EDGE('',*,*,#5382,.T.);
#7296=ORIENTED_EDGE('',*,*,#5383,.T.);
#7297=ORIENTED_EDGE('',*,*,#5379,.F.);
#7298=ORIENTED_EDGE('',*,*,#5384,.F.);
#7299=ORIENTED_EDGE('',*,*,#5385,.T.);
#7300=ORIENTED_EDGE('',*,*,#5386,.T.);
#7301=ORIENTED_EDGE('',*,*,#5382,.F.);
#7302=ORIENTED_EDGE('',*,*,#5387,.F.);
#7303=ORIENTED_EDGE('',*,*,#5388,.T.);
#7304=ORIENTED_EDGE('',*,*,#5389,.T.);
#7305=ORIENTED_EDGE('',*,*,#5385,.F.);
#7306=ORIENTED_EDGE('',*,*,#5390,.F.);
#7307=ORIENTED_EDGE('',*,*,#5371,.T.);
#7308=ORIENTED_EDGE('',*,*,#5391,.T.);
#7309=ORIENTED_EDGE('',*,*,#5388,.F.);
#7310=ORIENTED_EDGE('',*,*,#5392,.F.);
#7311=ORIENTED_EDGE('',*,*,#5393,.T.);
#7312=ORIENTED_EDGE('',*,*,#5394,.T.);
#7313=ORIENTED_EDGE('',*,*,#5395,.F.);
#7314=ORIENTED_EDGE('',*,*,#5396,.F.);
#7315=ORIENTED_EDGE('',*,*,#5397,.T.);
#7316=ORIENTED_EDGE('',*,*,#5398,.T.);
#7317=ORIENTED_EDGE('',*,*,#5393,.F.);
#7318=ORIENTED_EDGE('',*,*,#5399,.F.);
#7319=ORIENTED_EDGE('',*,*,#5400,.T.);
#7320=ORIENTED_EDGE('',*,*,#5401,.T.);
#7321=ORIENTED_EDGE('',*,*,#5397,.F.);
#7322=ORIENTED_EDGE('',*,*,#5402,.F.);
#7323=ORIENTED_EDGE('',*,*,#5403,.T.);
#7324=ORIENTED_EDGE('',*,*,#5404,.T.);
#7325=ORIENTED_EDGE('',*,*,#5400,.F.);
#7326=ORIENTED_EDGE('',*,*,#5405,.F.);
#7327=ORIENTED_EDGE('',*,*,#5406,.T.);
#7328=ORIENTED_EDGE('',*,*,#5407,.T.);
#7329=ORIENTED_EDGE('',*,*,#5403,.F.);
#7330=ORIENTED_EDGE('',*,*,#5408,.F.);
#7331=ORIENTED_EDGE('',*,*,#5409,.T.);
#7332=ORIENTED_EDGE('',*,*,#5410,.T.);
#7333=ORIENTED_EDGE('',*,*,#5406,.F.);
#7334=ORIENTED_EDGE('',*,*,#5411,.F.);
#7335=ORIENTED_EDGE('',*,*,#5412,.T.);
#7336=ORIENTED_EDGE('',*,*,#5413,.T.);
#7337=ORIENTED_EDGE('',*,*,#5409,.F.);
#7338=ORIENTED_EDGE('',*,*,#5414,.F.);
#7339=ORIENTED_EDGE('',*,*,#5415,.T.);
#7340=ORIENTED_EDGE('',*,*,#5416,.T.);
#7341=ORIENTED_EDGE('',*,*,#5412,.F.);
#7342=ORIENTED_EDGE('',*,*,#5417,.F.);
#7343=ORIENTED_EDGE('',*,*,#5395,.T.);
#7344=ORIENTED_EDGE('',*,*,#5418,.T.);
#7345=ORIENTED_EDGE('',*,*,#5415,.F.);
#7346=ORIENTED_EDGE('',*,*,#5418,.F.);
#7347=ORIENTED_EDGE('',*,*,#5394,.F.);
#7348=ORIENTED_EDGE('',*,*,#5398,.F.);
#7349=ORIENTED_EDGE('',*,*,#5401,.F.);
#7350=ORIENTED_EDGE('',*,*,#5404,.F.);
#7351=ORIENTED_EDGE('',*,*,#5407,.F.);
#7352=ORIENTED_EDGE('',*,*,#5410,.F.);
#7353=ORIENTED_EDGE('',*,*,#5413,.F.);
#7354=ORIENTED_EDGE('',*,*,#5416,.F.);
#7355=ORIENTED_EDGE('',*,*,#5391,.F.);
#7356=ORIENTED_EDGE('',*,*,#5370,.F.);
#7357=ORIENTED_EDGE('',*,*,#5374,.F.);
#7358=ORIENTED_EDGE('',*,*,#5377,.F.);
#7359=ORIENTED_EDGE('',*,*,#5380,.F.);
#7360=ORIENTED_EDGE('',*,*,#5383,.F.);
#7361=ORIENTED_EDGE('',*,*,#5386,.F.);
#7362=ORIENTED_EDGE('',*,*,#5389,.F.);
#7363=ORIENTED_EDGE('',*,*,#5419,.F.);
#7364=ORIENTED_EDGE('',*,*,#5420,.T.);
#7365=ORIENTED_EDGE('',*,*,#5421,.T.);
#7366=ORIENTED_EDGE('',*,*,#5422,.F.);
#7367=ORIENTED_EDGE('',*,*,#5423,.F.);
#7368=ORIENTED_EDGE('',*,*,#5424,.T.);
#7369=ORIENTED_EDGE('',*,*,#5425,.T.);
#7370=ORIENTED_EDGE('',*,*,#5420,.F.);
#7371=ORIENTED_EDGE('',*,*,#5426,.F.);
#7372=ORIENTED_EDGE('',*,*,#5427,.T.);
#7373=ORIENTED_EDGE('',*,*,#5428,.T.);
#7374=ORIENTED_EDGE('',*,*,#5424,.F.);
#7375=ORIENTED_EDGE('',*,*,#5429,.F.);
#7376=ORIENTED_EDGE('',*,*,#5430,.T.);
#7377=ORIENTED_EDGE('',*,*,#5431,.T.);
#7378=ORIENTED_EDGE('',*,*,#5427,.F.);
#7379=ORIENTED_EDGE('',*,*,#5432,.F.);
#7380=ORIENTED_EDGE('',*,*,#5433,.T.);
#7381=ORIENTED_EDGE('',*,*,#5434,.T.);
#7382=ORIENTED_EDGE('',*,*,#5430,.F.);
#7383=ORIENTED_EDGE('',*,*,#5435,.F.);
#7384=ORIENTED_EDGE('',*,*,#5436,.T.);
#7385=ORIENTED_EDGE('',*,*,#5437,.T.);
#7386=ORIENTED_EDGE('',*,*,#5433,.F.);
#7387=ORIENTED_EDGE('',*,*,#5438,.F.);
#7388=ORIENTED_EDGE('',*,*,#5439,.T.);
#7389=ORIENTED_EDGE('',*,*,#5440,.T.);
#7390=ORIENTED_EDGE('',*,*,#5436,.F.);
#7391=ORIENTED_EDGE('',*,*,#5441,.F.);
#7392=ORIENTED_EDGE('',*,*,#5422,.T.);
#7393=ORIENTED_EDGE('',*,*,#5442,.T.);
#7394=ORIENTED_EDGE('',*,*,#5439,.F.);
#7395=ORIENTED_EDGE('',*,*,#5443,.F.);
#7396=ORIENTED_EDGE('',*,*,#5444,.T.);
#7397=ORIENTED_EDGE('',*,*,#5445,.T.);
#7398=ORIENTED_EDGE('',*,*,#5446,.F.);
#7399=ORIENTED_EDGE('',*,*,#5447,.F.);
#7400=ORIENTED_EDGE('',*,*,#5448,.T.);
#7401=ORIENTED_EDGE('',*,*,#5449,.T.);
#7402=ORIENTED_EDGE('',*,*,#5444,.F.);
#7403=ORIENTED_EDGE('',*,*,#5450,.F.);
#7404=ORIENTED_EDGE('',*,*,#5451,.T.);
#7405=ORIENTED_EDGE('',*,*,#5452,.T.);
#7406=ORIENTED_EDGE('',*,*,#5448,.F.);
#7407=ORIENTED_EDGE('',*,*,#5453,.F.);
#7408=ORIENTED_EDGE('',*,*,#5454,.T.);
#7409=ORIENTED_EDGE('',*,*,#5455,.T.);
#7410=ORIENTED_EDGE('',*,*,#5451,.F.);
#7411=ORIENTED_EDGE('',*,*,#5456,.F.);
#7412=ORIENTED_EDGE('',*,*,#5457,.T.);
#7413=ORIENTED_EDGE('',*,*,#5458,.T.);
#7414=ORIENTED_EDGE('',*,*,#5454,.F.);
#7415=ORIENTED_EDGE('',*,*,#5459,.F.);
#7416=ORIENTED_EDGE('',*,*,#5460,.T.);
#7417=ORIENTED_EDGE('',*,*,#5461,.T.);
#7418=ORIENTED_EDGE('',*,*,#5457,.F.);
#7419=ORIENTED_EDGE('',*,*,#5462,.F.);
#7420=ORIENTED_EDGE('',*,*,#5463,.T.);
#7421=ORIENTED_EDGE('',*,*,#5464,.T.);
#7422=ORIENTED_EDGE('',*,*,#5460,.F.);
#7423=ORIENTED_EDGE('',*,*,#5465,.F.);
#7424=ORIENTED_EDGE('',*,*,#5466,.T.);
#7425=ORIENTED_EDGE('',*,*,#5467,.T.);
#7426=ORIENTED_EDGE('',*,*,#5463,.F.);
#7427=ORIENTED_EDGE('',*,*,#5468,.F.);
#7428=ORIENTED_EDGE('',*,*,#5469,.T.);
#7429=ORIENTED_EDGE('',*,*,#5470,.T.);
#7430=ORIENTED_EDGE('',*,*,#5466,.F.);
#7431=ORIENTED_EDGE('',*,*,#5471,.F.);
#7432=ORIENTED_EDGE('',*,*,#5472,.T.);
#7433=ORIENTED_EDGE('',*,*,#5473,.T.);
#7434=ORIENTED_EDGE('',*,*,#5469,.F.);
#7435=ORIENTED_EDGE('',*,*,#5474,.F.);
#7436=ORIENTED_EDGE('',*,*,#5475,.T.);
#7437=ORIENTED_EDGE('',*,*,#5476,.T.);
#7438=ORIENTED_EDGE('',*,*,#5472,.F.);
#7439=ORIENTED_EDGE('',*,*,#5477,.F.);
#7440=ORIENTED_EDGE('',*,*,#5478,.T.);
#7441=ORIENTED_EDGE('',*,*,#5479,.T.);
#7442=ORIENTED_EDGE('',*,*,#5475,.F.);
#7443=ORIENTED_EDGE('',*,*,#5480,.F.);
#7444=ORIENTED_EDGE('',*,*,#5481,.T.);
#7445=ORIENTED_EDGE('',*,*,#5482,.T.);
#7446=ORIENTED_EDGE('',*,*,#5478,.F.);
#7447=ORIENTED_EDGE('',*,*,#5483,.F.);
#7448=ORIENTED_EDGE('',*,*,#5446,.T.);
#7449=ORIENTED_EDGE('',*,*,#5484,.T.);
#7450=ORIENTED_EDGE('',*,*,#5481,.F.);
#7451=ORIENTED_EDGE('',*,*,#5484,.F.);
#7452=ORIENTED_EDGE('',*,*,#5445,.F.);
#7453=ORIENTED_EDGE('',*,*,#5449,.F.);
#7454=ORIENTED_EDGE('',*,*,#5452,.F.);
#7455=ORIENTED_EDGE('',*,*,#5455,.F.);
#7456=ORIENTED_EDGE('',*,*,#5458,.F.);
#7457=ORIENTED_EDGE('',*,*,#5461,.F.);
#7458=ORIENTED_EDGE('',*,*,#5464,.F.);
#7459=ORIENTED_EDGE('',*,*,#5467,.F.);
#7460=ORIENTED_EDGE('',*,*,#5470,.F.);
#7461=ORIENTED_EDGE('',*,*,#5473,.F.);
#7462=ORIENTED_EDGE('',*,*,#5476,.F.);
#7463=ORIENTED_EDGE('',*,*,#5479,.F.);
#7464=ORIENTED_EDGE('',*,*,#5482,.F.);
#7465=ORIENTED_EDGE('',*,*,#5442,.F.);
#7466=ORIENTED_EDGE('',*,*,#5421,.F.);
#7467=ORIENTED_EDGE('',*,*,#5425,.F.);
#7468=ORIENTED_EDGE('',*,*,#5428,.F.);
#7469=ORIENTED_EDGE('',*,*,#5431,.F.);
#7470=ORIENTED_EDGE('',*,*,#5434,.F.);
#7471=ORIENTED_EDGE('',*,*,#5437,.F.);
#7472=ORIENTED_EDGE('',*,*,#5440,.F.);
#7473=ORIENTED_EDGE('',*,*,#5485,.F.);
#7474=ORIENTED_EDGE('',*,*,#5486,.T.);
#7475=ORIENTED_EDGE('',*,*,#5487,.T.);
#7476=ORIENTED_EDGE('',*,*,#5488,.F.);
#7477=ORIENTED_EDGE('',*,*,#5489,.F.);
#7478=ORIENTED_EDGE('',*,*,#5490,.T.);
#7479=ORIENTED_EDGE('',*,*,#5491,.T.);
#7480=ORIENTED_EDGE('',*,*,#5486,.F.);
#7481=ORIENTED_EDGE('',*,*,#5492,.F.);
#7482=ORIENTED_EDGE('',*,*,#5493,.T.);
#7483=ORIENTED_EDGE('',*,*,#5494,.T.);
#7484=ORIENTED_EDGE('',*,*,#5490,.F.);
#7485=ORIENTED_EDGE('',*,*,#5495,.F.);
#7486=ORIENTED_EDGE('',*,*,#5496,.T.);
#7487=ORIENTED_EDGE('',*,*,#5497,.T.);
#7488=ORIENTED_EDGE('',*,*,#5493,.F.);
#7489=ORIENTED_EDGE('',*,*,#5498,.F.);
#7490=ORIENTED_EDGE('',*,*,#5499,.T.);
#7491=ORIENTED_EDGE('',*,*,#5500,.T.);
#7492=ORIENTED_EDGE('',*,*,#5496,.F.);
#7493=ORIENTED_EDGE('',*,*,#5501,.F.);
#7494=ORIENTED_EDGE('',*,*,#5502,.T.);
#7495=ORIENTED_EDGE('',*,*,#5503,.T.);
#7496=ORIENTED_EDGE('',*,*,#5499,.F.);
#7497=ORIENTED_EDGE('',*,*,#5504,.F.);
#7498=ORIENTED_EDGE('',*,*,#5505,.T.);
#7499=ORIENTED_EDGE('',*,*,#5506,.T.);
#7500=ORIENTED_EDGE('',*,*,#5502,.F.);
#7501=ORIENTED_EDGE('',*,*,#5507,.F.);
#7502=ORIENTED_EDGE('',*,*,#5508,.T.);
#7503=ORIENTED_EDGE('',*,*,#5509,.T.);
#7504=ORIENTED_EDGE('',*,*,#5505,.F.);
#7505=ORIENTED_EDGE('',*,*,#5510,.F.);
#7506=ORIENTED_EDGE('',*,*,#5511,.T.);
#7507=ORIENTED_EDGE('',*,*,#5512,.T.);
#7508=ORIENTED_EDGE('',*,*,#5508,.F.);
#7509=ORIENTED_EDGE('',*,*,#5513,.F.);
#7510=ORIENTED_EDGE('',*,*,#5488,.T.);
#7511=ORIENTED_EDGE('',*,*,#5514,.T.);
#7512=ORIENTED_EDGE('',*,*,#5511,.F.);
#7513=ORIENTED_EDGE('',*,*,#5515,.F.);
#7514=ORIENTED_EDGE('',*,*,#5516,.T.);
#7515=ORIENTED_EDGE('',*,*,#5517,.T.);
#7516=ORIENTED_EDGE('',*,*,#5518,.F.);
#7517=ORIENTED_EDGE('',*,*,#5519,.F.);
#7518=ORIENTED_EDGE('',*,*,#5520,.T.);
#7519=ORIENTED_EDGE('',*,*,#5521,.T.);
#7520=ORIENTED_EDGE('',*,*,#5516,.F.);
#7521=ORIENTED_EDGE('',*,*,#5522,.F.);
#7522=ORIENTED_EDGE('',*,*,#5523,.T.);
#7523=ORIENTED_EDGE('',*,*,#5524,.T.);
#7524=ORIENTED_EDGE('',*,*,#5520,.F.);
#7525=ORIENTED_EDGE('',*,*,#5525,.F.);
#7526=ORIENTED_EDGE('',*,*,#5526,.T.);
#7527=ORIENTED_EDGE('',*,*,#5527,.T.);
#7528=ORIENTED_EDGE('',*,*,#5523,.F.);
#7529=ORIENTED_EDGE('',*,*,#5528,.F.);
#7530=ORIENTED_EDGE('',*,*,#5529,.T.);
#7531=ORIENTED_EDGE('',*,*,#5530,.T.);
#7532=ORIENTED_EDGE('',*,*,#5526,.F.);
#7533=ORIENTED_EDGE('',*,*,#5531,.F.);
#7534=ORIENTED_EDGE('',*,*,#5532,.T.);
#7535=ORIENTED_EDGE('',*,*,#5533,.T.);
#7536=ORIENTED_EDGE('',*,*,#5529,.F.);
#7537=ORIENTED_EDGE('',*,*,#5534,.F.);
#7538=ORIENTED_EDGE('',*,*,#5535,.T.);
#7539=ORIENTED_EDGE('',*,*,#5536,.T.);
#7540=ORIENTED_EDGE('',*,*,#5532,.F.);
#7541=ORIENTED_EDGE('',*,*,#5537,.F.);
#7542=ORIENTED_EDGE('',*,*,#5538,.T.);
#7543=ORIENTED_EDGE('',*,*,#5539,.T.);
#7544=ORIENTED_EDGE('',*,*,#5535,.F.);
#7545=ORIENTED_EDGE('',*,*,#5540,.F.);
#7546=ORIENTED_EDGE('',*,*,#5541,.T.);
#7547=ORIENTED_EDGE('',*,*,#5542,.T.);
#7548=ORIENTED_EDGE('',*,*,#5538,.F.);
#7549=ORIENTED_EDGE('',*,*,#5543,.F.);
#7550=ORIENTED_EDGE('',*,*,#5544,.T.);
#7551=ORIENTED_EDGE('',*,*,#5545,.T.);
#7552=ORIENTED_EDGE('',*,*,#5541,.F.);
#7553=ORIENTED_EDGE('',*,*,#5546,.F.);
#7554=ORIENTED_EDGE('',*,*,#5547,.T.);
#7555=ORIENTED_EDGE('',*,*,#5548,.T.);
#7556=ORIENTED_EDGE('',*,*,#5544,.F.);
#7557=ORIENTED_EDGE('',*,*,#5549,.F.);
#7558=ORIENTED_EDGE('',*,*,#5550,.T.);
#7559=ORIENTED_EDGE('',*,*,#5551,.T.);
#7560=ORIENTED_EDGE('',*,*,#5547,.F.);
#7561=ORIENTED_EDGE('',*,*,#5552,.F.);
#7562=ORIENTED_EDGE('',*,*,#5553,.T.);
#7563=ORIENTED_EDGE('',*,*,#5554,.T.);
#7564=ORIENTED_EDGE('',*,*,#5550,.F.);
#7565=ORIENTED_EDGE('',*,*,#5555,.F.);
#7566=ORIENTED_EDGE('',*,*,#5556,.T.);
#7567=ORIENTED_EDGE('',*,*,#5557,.T.);
#7568=ORIENTED_EDGE('',*,*,#5553,.F.);
#7569=ORIENTED_EDGE('',*,*,#5558,.F.);
#7570=ORIENTED_EDGE('',*,*,#5559,.T.);
#7571=ORIENTED_EDGE('',*,*,#5560,.T.);
#7572=ORIENTED_EDGE('',*,*,#5556,.F.);
#7573=ORIENTED_EDGE('',*,*,#5561,.F.);
#7574=ORIENTED_EDGE('',*,*,#5562,.T.);
#7575=ORIENTED_EDGE('',*,*,#5563,.T.);
#7576=ORIENTED_EDGE('',*,*,#5559,.F.);
#7577=ORIENTED_EDGE('',*,*,#5564,.F.);
#7578=ORIENTED_EDGE('',*,*,#5565,.T.);
#7579=ORIENTED_EDGE('',*,*,#5566,.T.);
#7580=ORIENTED_EDGE('',*,*,#5562,.F.);
#7581=ORIENTED_EDGE('',*,*,#5567,.F.);
#7582=ORIENTED_EDGE('',*,*,#5568,.T.);
#7583=ORIENTED_EDGE('',*,*,#5569,.T.);
#7584=ORIENTED_EDGE('',*,*,#5565,.F.);
#7585=ORIENTED_EDGE('',*,*,#5570,.F.);
#7586=ORIENTED_EDGE('',*,*,#5571,.T.);
#7587=ORIENTED_EDGE('',*,*,#5572,.T.);
#7588=ORIENTED_EDGE('',*,*,#5568,.F.);
#7589=ORIENTED_EDGE('',*,*,#5573,.F.);
#7590=ORIENTED_EDGE('',*,*,#5574,.T.);
#7591=ORIENTED_EDGE('',*,*,#5575,.T.);
#7592=ORIENTED_EDGE('',*,*,#5571,.F.);
#7593=ORIENTED_EDGE('',*,*,#5576,.F.);
#7594=ORIENTED_EDGE('',*,*,#5577,.T.);
#7595=ORIENTED_EDGE('',*,*,#5578,.T.);
#7596=ORIENTED_EDGE('',*,*,#5574,.F.);
#7597=ORIENTED_EDGE('',*,*,#5579,.F.);
#7598=ORIENTED_EDGE('',*,*,#5580,.T.);
#7599=ORIENTED_EDGE('',*,*,#5581,.T.);
#7600=ORIENTED_EDGE('',*,*,#5577,.F.);
#7601=ORIENTED_EDGE('',*,*,#5582,.F.);
#7602=ORIENTED_EDGE('',*,*,#5583,.T.);
#7603=ORIENTED_EDGE('',*,*,#5584,.T.);
#7604=ORIENTED_EDGE('',*,*,#5580,.F.);
#7605=ORIENTED_EDGE('',*,*,#5585,.F.);
#7606=ORIENTED_EDGE('',*,*,#5586,.T.);
#7607=ORIENTED_EDGE('',*,*,#5587,.T.);
#7608=ORIENTED_EDGE('',*,*,#5583,.F.);
#7609=ORIENTED_EDGE('',*,*,#5588,.F.);
#7610=ORIENTED_EDGE('',*,*,#5589,.T.);
#7611=ORIENTED_EDGE('',*,*,#5590,.T.);
#7612=ORIENTED_EDGE('',*,*,#5586,.F.);
#7613=ORIENTED_EDGE('',*,*,#5591,.F.);
#7614=ORIENTED_EDGE('',*,*,#5592,.T.);
#7615=ORIENTED_EDGE('',*,*,#5593,.T.);
#7616=ORIENTED_EDGE('',*,*,#5589,.F.);
#7617=ORIENTED_EDGE('',*,*,#5594,.F.);
#7618=ORIENTED_EDGE('',*,*,#5518,.T.);
#7619=ORIENTED_EDGE('',*,*,#5595,.T.);
#7620=ORIENTED_EDGE('',*,*,#5592,.F.);
#7621=ORIENTED_EDGE('',*,*,#5595,.F.);
#7622=ORIENTED_EDGE('',*,*,#5517,.F.);
#7623=ORIENTED_EDGE('',*,*,#5521,.F.);
#7624=ORIENTED_EDGE('',*,*,#5524,.F.);
#7625=ORIENTED_EDGE('',*,*,#5527,.F.);
#7626=ORIENTED_EDGE('',*,*,#5530,.F.);
#7627=ORIENTED_EDGE('',*,*,#5533,.F.);
#7628=ORIENTED_EDGE('',*,*,#5536,.F.);
#7629=ORIENTED_EDGE('',*,*,#5539,.F.);
#7630=ORIENTED_EDGE('',*,*,#5542,.F.);
#7631=ORIENTED_EDGE('',*,*,#5545,.F.);
#7632=ORIENTED_EDGE('',*,*,#5548,.F.);
#7633=ORIENTED_EDGE('',*,*,#5551,.F.);
#7634=ORIENTED_EDGE('',*,*,#5554,.F.);
#7635=ORIENTED_EDGE('',*,*,#5557,.F.);
#7636=ORIENTED_EDGE('',*,*,#5560,.F.);
#7637=ORIENTED_EDGE('',*,*,#5563,.F.);
#7638=ORIENTED_EDGE('',*,*,#5566,.F.);
#7639=ORIENTED_EDGE('',*,*,#5569,.F.);
#7640=ORIENTED_EDGE('',*,*,#5572,.F.);
#7641=ORIENTED_EDGE('',*,*,#5575,.F.);
#7642=ORIENTED_EDGE('',*,*,#5578,.F.);
#7643=ORIENTED_EDGE('',*,*,#5581,.F.);
#7644=ORIENTED_EDGE('',*,*,#5584,.F.);
#7645=ORIENTED_EDGE('',*,*,#5587,.F.);
#7646=ORIENTED_EDGE('',*,*,#5590,.F.);
#7647=ORIENTED_EDGE('',*,*,#5593,.F.);
#7648=ORIENTED_EDGE('',*,*,#5514,.F.);
#7649=ORIENTED_EDGE('',*,*,#5487,.F.);
#7650=ORIENTED_EDGE('',*,*,#5491,.F.);
#7651=ORIENTED_EDGE('',*,*,#5494,.F.);
#7652=ORIENTED_EDGE('',*,*,#5497,.F.);
#7653=ORIENTED_EDGE('',*,*,#5500,.F.);
#7654=ORIENTED_EDGE('',*,*,#5503,.F.);
#7655=ORIENTED_EDGE('',*,*,#5506,.F.);
#7656=ORIENTED_EDGE('',*,*,#5509,.F.);
#7657=ORIENTED_EDGE('',*,*,#5512,.F.);
#7658=ORIENTED_EDGE('',*,*,#5596,.F.);
#7659=ORIENTED_EDGE('',*,*,#5597,.T.);
#7660=ORIENTED_EDGE('',*,*,#5598,.T.);
#7661=ORIENTED_EDGE('',*,*,#5599,.F.);
#7662=ORIENTED_EDGE('',*,*,#5600,.F.);
#7663=ORIENTED_EDGE('',*,*,#5601,.T.);
#7664=ORIENTED_EDGE('',*,*,#5602,.T.);
#7665=ORIENTED_EDGE('',*,*,#5597,.F.);
#7666=ORIENTED_EDGE('',*,*,#5603,.F.);
#7667=ORIENTED_EDGE('',*,*,#5604,.T.);
#7668=ORIENTED_EDGE('',*,*,#5605,.T.);
#7669=ORIENTED_EDGE('',*,*,#5601,.F.);
#7670=ORIENTED_EDGE('',*,*,#5606,.F.);
#7671=ORIENTED_EDGE('',*,*,#5607,.T.);
#7672=ORIENTED_EDGE('',*,*,#5608,.T.);
#7673=ORIENTED_EDGE('',*,*,#5604,.F.);
#7674=ORIENTED_EDGE('',*,*,#5609,.F.);
#7675=ORIENTED_EDGE('',*,*,#5610,.T.);
#7676=ORIENTED_EDGE('',*,*,#5611,.T.);
#7677=ORIENTED_EDGE('',*,*,#5607,.F.);
#7678=ORIENTED_EDGE('',*,*,#5612,.F.);
#7679=ORIENTED_EDGE('',*,*,#5599,.T.);
#7680=ORIENTED_EDGE('',*,*,#5613,.T.);
#7681=ORIENTED_EDGE('',*,*,#5610,.F.);
#7682=ORIENTED_EDGE('',*,*,#5613,.F.);
#7683=ORIENTED_EDGE('',*,*,#5598,.F.);
#7684=ORIENTED_EDGE('',*,*,#5602,.F.);
#7685=ORIENTED_EDGE('',*,*,#5605,.F.);
#7686=ORIENTED_EDGE('',*,*,#5608,.F.);
#7687=ORIENTED_EDGE('',*,*,#5611,.F.);
#7688=ORIENTED_EDGE('',*,*,#5614,.F.);
#7689=ORIENTED_EDGE('',*,*,#5615,.T.);
#7690=ORIENTED_EDGE('',*,*,#5616,.T.);
#7691=ORIENTED_EDGE('',*,*,#5617,.F.);
#7692=ORIENTED_EDGE('',*,*,#5618,.F.);
#7693=ORIENTED_EDGE('',*,*,#5619,.T.);
#7694=ORIENTED_EDGE('',*,*,#5620,.T.);
#7695=ORIENTED_EDGE('',*,*,#5615,.F.);
#7696=ORIENTED_EDGE('',*,*,#5621,.F.);
#7697=ORIENTED_EDGE('',*,*,#5622,.T.);
#7698=ORIENTED_EDGE('',*,*,#5623,.T.);
#7699=ORIENTED_EDGE('',*,*,#5619,.F.);
#7700=ORIENTED_EDGE('',*,*,#5624,.F.);
#7701=ORIENTED_EDGE('',*,*,#5625,.T.);
#7702=ORIENTED_EDGE('',*,*,#5626,.T.);
#7703=ORIENTED_EDGE('',*,*,#5622,.F.);
#7704=ORIENTED_EDGE('',*,*,#5627,.F.);
#7705=ORIENTED_EDGE('',*,*,#5628,.T.);
#7706=ORIENTED_EDGE('',*,*,#5629,.T.);
#7707=ORIENTED_EDGE('',*,*,#5625,.F.);
#7708=ORIENTED_EDGE('',*,*,#5630,.F.);
#7709=ORIENTED_EDGE('',*,*,#5631,.T.);
#7710=ORIENTED_EDGE('',*,*,#5632,.T.);
#7711=ORIENTED_EDGE('',*,*,#5628,.F.);
#7712=ORIENTED_EDGE('',*,*,#5633,.F.);
#7713=ORIENTED_EDGE('',*,*,#5634,.T.);
#7714=ORIENTED_EDGE('',*,*,#5635,.T.);
#7715=ORIENTED_EDGE('',*,*,#5631,.F.);
#7716=ORIENTED_EDGE('',*,*,#5636,.F.);
#7717=ORIENTED_EDGE('',*,*,#5637,.T.);
#7718=ORIENTED_EDGE('',*,*,#5638,.T.);
#7719=ORIENTED_EDGE('',*,*,#5634,.F.);
#7720=ORIENTED_EDGE('',*,*,#5639,.F.);
#7721=ORIENTED_EDGE('',*,*,#5640,.T.);
#7722=ORIENTED_EDGE('',*,*,#5641,.T.);
#7723=ORIENTED_EDGE('',*,*,#5637,.F.);
#7724=ORIENTED_EDGE('',*,*,#5642,.F.);
#7725=ORIENTED_EDGE('',*,*,#5643,.T.);
#7726=ORIENTED_EDGE('',*,*,#5644,.T.);
#7727=ORIENTED_EDGE('',*,*,#5640,.F.);
#7728=ORIENTED_EDGE('',*,*,#5645,.F.);
#7729=ORIENTED_EDGE('',*,*,#5646,.T.);
#7730=ORIENTED_EDGE('',*,*,#5647,.T.);
#7731=ORIENTED_EDGE('',*,*,#5643,.F.);
#7732=ORIENTED_EDGE('',*,*,#5648,.F.);
#7733=ORIENTED_EDGE('',*,*,#5649,.T.);
#7734=ORIENTED_EDGE('',*,*,#5650,.T.);
#7735=ORIENTED_EDGE('',*,*,#5646,.F.);
#7736=ORIENTED_EDGE('',*,*,#5651,.F.);
#7737=ORIENTED_EDGE('',*,*,#5652,.T.);
#7738=ORIENTED_EDGE('',*,*,#5653,.T.);
#7739=ORIENTED_EDGE('',*,*,#5649,.F.);
#7740=ORIENTED_EDGE('',*,*,#5654,.F.);
#7741=ORIENTED_EDGE('',*,*,#5655,.T.);
#7742=ORIENTED_EDGE('',*,*,#5656,.T.);
#7743=ORIENTED_EDGE('',*,*,#5652,.F.);
#7744=ORIENTED_EDGE('',*,*,#5657,.F.);
#7745=ORIENTED_EDGE('',*,*,#5658,.T.);
#7746=ORIENTED_EDGE('',*,*,#5659,.T.);
#7747=ORIENTED_EDGE('',*,*,#5655,.F.);
#7748=ORIENTED_EDGE('',*,*,#5660,.F.);
#7749=ORIENTED_EDGE('',*,*,#5661,.T.);
#7750=ORIENTED_EDGE('',*,*,#5662,.T.);
#7751=ORIENTED_EDGE('',*,*,#5658,.F.);
#7752=ORIENTED_EDGE('',*,*,#5663,.F.);
#7753=ORIENTED_EDGE('',*,*,#5664,.T.);
#7754=ORIENTED_EDGE('',*,*,#5665,.T.);
#7755=ORIENTED_EDGE('',*,*,#5661,.F.);
#7756=ORIENTED_EDGE('',*,*,#5666,.F.);
#7757=ORIENTED_EDGE('',*,*,#5617,.T.);
#7758=ORIENTED_EDGE('',*,*,#5667,.T.);
#7759=ORIENTED_EDGE('',*,*,#5664,.F.);
#7760=ORIENTED_EDGE('',*,*,#5667,.F.);
#7761=ORIENTED_EDGE('',*,*,#5616,.F.);
#7762=ORIENTED_EDGE('',*,*,#5620,.F.);
#7763=ORIENTED_EDGE('',*,*,#5623,.F.);
#7764=ORIENTED_EDGE('',*,*,#5626,.F.);
#7765=ORIENTED_EDGE('',*,*,#5629,.F.);
#7766=ORIENTED_EDGE('',*,*,#5632,.F.);
#7767=ORIENTED_EDGE('',*,*,#5635,.F.);
#7768=ORIENTED_EDGE('',*,*,#5638,.F.);
#7769=ORIENTED_EDGE('',*,*,#5641,.F.);
#7770=ORIENTED_EDGE('',*,*,#5644,.F.);
#7771=ORIENTED_EDGE('',*,*,#5647,.F.);
#7772=ORIENTED_EDGE('',*,*,#5650,.F.);
#7773=ORIENTED_EDGE('',*,*,#5653,.F.);
#7774=ORIENTED_EDGE('',*,*,#5656,.F.);
#7775=ORIENTED_EDGE('',*,*,#5659,.F.);
#7776=ORIENTED_EDGE('',*,*,#5662,.F.);
#7777=ORIENTED_EDGE('',*,*,#5665,.F.);
#7778=ORIENTED_EDGE('',*,*,#5668,.F.);
#7779=ORIENTED_EDGE('',*,*,#5669,.T.);
#7780=ORIENTED_EDGE('',*,*,#5670,.T.);
#7781=ORIENTED_EDGE('',*,*,#5671,.F.);
#7782=ORIENTED_EDGE('',*,*,#5672,.F.);
#7783=ORIENTED_EDGE('',*,*,#5673,.T.);
#7784=ORIENTED_EDGE('',*,*,#5674,.T.);
#7785=ORIENTED_EDGE('',*,*,#5669,.F.);
#7786=ORIENTED_EDGE('',*,*,#5675,.F.);
#7787=ORIENTED_EDGE('',*,*,#5676,.T.);
#7788=ORIENTED_EDGE('',*,*,#5677,.T.);
#7789=ORIENTED_EDGE('',*,*,#5673,.F.);
#7790=ORIENTED_EDGE('',*,*,#5678,.F.);
#7791=ORIENTED_EDGE('',*,*,#5679,.T.);
#7792=ORIENTED_EDGE('',*,*,#5680,.T.);
#7793=ORIENTED_EDGE('',*,*,#5676,.F.);
#7794=ORIENTED_EDGE('',*,*,#5681,.F.);
#7795=ORIENTED_EDGE('',*,*,#5682,.T.);
#7796=ORIENTED_EDGE('',*,*,#5683,.T.);
#7797=ORIENTED_EDGE('',*,*,#5679,.F.);
#7798=ORIENTED_EDGE('',*,*,#5684,.F.);
#7799=ORIENTED_EDGE('',*,*,#5685,.T.);
#7800=ORIENTED_EDGE('',*,*,#5686,.T.);
#7801=ORIENTED_EDGE('',*,*,#5682,.F.);
#7802=ORIENTED_EDGE('',*,*,#5687,.F.);
#7803=ORIENTED_EDGE('',*,*,#5688,.T.);
#7804=ORIENTED_EDGE('',*,*,#5689,.T.);
#7805=ORIENTED_EDGE('',*,*,#5685,.F.);
#7806=ORIENTED_EDGE('',*,*,#5690,.F.);
#7807=ORIENTED_EDGE('',*,*,#5671,.T.);
#7808=ORIENTED_EDGE('',*,*,#5691,.T.);
#7809=ORIENTED_EDGE('',*,*,#5688,.F.);
#7810=ORIENTED_EDGE('',*,*,#5692,.F.);
#7811=ORIENTED_EDGE('',*,*,#5693,.T.);
#7812=ORIENTED_EDGE('',*,*,#5694,.T.);
#7813=ORIENTED_EDGE('',*,*,#5695,.F.);
#7814=ORIENTED_EDGE('',*,*,#5696,.F.);
#7815=ORIENTED_EDGE('',*,*,#5697,.T.);
#7816=ORIENTED_EDGE('',*,*,#5698,.T.);
#7817=ORIENTED_EDGE('',*,*,#5693,.F.);
#7818=ORIENTED_EDGE('',*,*,#5699,.F.);
#7819=ORIENTED_EDGE('',*,*,#5700,.T.);
#7820=ORIENTED_EDGE('',*,*,#5701,.T.);
#7821=ORIENTED_EDGE('',*,*,#5697,.F.);
#7822=ORIENTED_EDGE('',*,*,#5702,.F.);
#7823=ORIENTED_EDGE('',*,*,#5703,.T.);
#7824=ORIENTED_EDGE('',*,*,#5704,.T.);
#7825=ORIENTED_EDGE('',*,*,#5700,.F.);
#7826=ORIENTED_EDGE('',*,*,#5705,.F.);
#7827=ORIENTED_EDGE('',*,*,#5706,.T.);
#7828=ORIENTED_EDGE('',*,*,#5707,.T.);
#7829=ORIENTED_EDGE('',*,*,#5703,.F.);
#7830=ORIENTED_EDGE('',*,*,#5708,.F.);
#7831=ORIENTED_EDGE('',*,*,#5709,.T.);
#7832=ORIENTED_EDGE('',*,*,#5710,.T.);
#7833=ORIENTED_EDGE('',*,*,#5706,.F.);
#7834=ORIENTED_EDGE('',*,*,#5711,.F.);
#7835=ORIENTED_EDGE('',*,*,#5712,.T.);
#7836=ORIENTED_EDGE('',*,*,#5713,.T.);
#7837=ORIENTED_EDGE('',*,*,#5709,.F.);
#7838=ORIENTED_EDGE('',*,*,#5714,.F.);
#7839=ORIENTED_EDGE('',*,*,#5715,.T.);
#7840=ORIENTED_EDGE('',*,*,#5716,.T.);
#7841=ORIENTED_EDGE('',*,*,#5712,.F.);
#7842=ORIENTED_EDGE('',*,*,#5717,.F.);
#7843=ORIENTED_EDGE('',*,*,#5718,.T.);
#7844=ORIENTED_EDGE('',*,*,#5719,.T.);
#7845=ORIENTED_EDGE('',*,*,#5715,.F.);
#7846=ORIENTED_EDGE('',*,*,#5720,.F.);
#7847=ORIENTED_EDGE('',*,*,#5721,.T.);
#7848=ORIENTED_EDGE('',*,*,#5722,.T.);
#7849=ORIENTED_EDGE('',*,*,#5718,.F.);
#7850=ORIENTED_EDGE('',*,*,#5723,.F.);
#7851=ORIENTED_EDGE('',*,*,#5724,.T.);
#7852=ORIENTED_EDGE('',*,*,#5725,.T.);
#7853=ORIENTED_EDGE('',*,*,#5721,.F.);
#7854=ORIENTED_EDGE('',*,*,#5726,.F.);
#7855=ORIENTED_EDGE('',*,*,#5727,.T.);
#7856=ORIENTED_EDGE('',*,*,#5728,.T.);
#7857=ORIENTED_EDGE('',*,*,#5724,.F.);
#7858=ORIENTED_EDGE('',*,*,#5729,.F.);
#7859=ORIENTED_EDGE('',*,*,#5695,.T.);
#7860=ORIENTED_EDGE('',*,*,#5730,.T.);
#7861=ORIENTED_EDGE('',*,*,#5727,.F.);
#7862=ORIENTED_EDGE('',*,*,#5730,.F.);
#7863=ORIENTED_EDGE('',*,*,#5694,.F.);
#7864=ORIENTED_EDGE('',*,*,#5698,.F.);
#7865=ORIENTED_EDGE('',*,*,#5701,.F.);
#7866=ORIENTED_EDGE('',*,*,#5704,.F.);
#7867=ORIENTED_EDGE('',*,*,#5707,.F.);
#7868=ORIENTED_EDGE('',*,*,#5710,.F.);
#7869=ORIENTED_EDGE('',*,*,#5713,.F.);
#7870=ORIENTED_EDGE('',*,*,#5716,.F.);
#7871=ORIENTED_EDGE('',*,*,#5719,.F.);
#7872=ORIENTED_EDGE('',*,*,#5722,.F.);
#7873=ORIENTED_EDGE('',*,*,#5725,.F.);
#7874=ORIENTED_EDGE('',*,*,#5728,.F.);
#7875=ORIENTED_EDGE('',*,*,#5691,.F.);
#7876=ORIENTED_EDGE('',*,*,#5670,.F.);
#7877=ORIENTED_EDGE('',*,*,#5674,.F.);
#7878=ORIENTED_EDGE('',*,*,#5677,.F.);
#7879=ORIENTED_EDGE('',*,*,#5680,.F.);
#7880=ORIENTED_EDGE('',*,*,#5683,.F.);
#7881=ORIENTED_EDGE('',*,*,#5686,.F.);
#7882=ORIENTED_EDGE('',*,*,#5689,.F.);
#7883=ORIENTED_EDGE('',*,*,#5731,.F.);
#7884=ORIENTED_EDGE('',*,*,#5732,.T.);
#7885=ORIENTED_EDGE('',*,*,#5733,.T.);
#7886=ORIENTED_EDGE('',*,*,#5734,.F.);
#7887=ORIENTED_EDGE('',*,*,#5735,.F.);
#7888=ORIENTED_EDGE('',*,*,#5736,.T.);
#7889=ORIENTED_EDGE('',*,*,#5737,.T.);
#7890=ORIENTED_EDGE('',*,*,#5732,.F.);
#7891=ORIENTED_EDGE('',*,*,#5738,.F.);
#7892=ORIENTED_EDGE('',*,*,#5739,.T.);
#7893=ORIENTED_EDGE('',*,*,#5740,.T.);
#7894=ORIENTED_EDGE('',*,*,#5736,.F.);
#7895=ORIENTED_EDGE('',*,*,#5741,.F.);
#7896=ORIENTED_EDGE('',*,*,#5742,.T.);
#7897=ORIENTED_EDGE('',*,*,#5743,.T.);
#7898=ORIENTED_EDGE('',*,*,#5739,.F.);
#7899=ORIENTED_EDGE('',*,*,#5744,.F.);
#7900=ORIENTED_EDGE('',*,*,#5734,.T.);
#7901=ORIENTED_EDGE('',*,*,#5745,.T.);
#7902=ORIENTED_EDGE('',*,*,#5742,.F.);
#7903=ORIENTED_EDGE('',*,*,#5746,.F.);
#7904=ORIENTED_EDGE('',*,*,#5747,.T.);
#7905=ORIENTED_EDGE('',*,*,#5748,.T.);
#7906=ORIENTED_EDGE('',*,*,#5749,.F.);
#7907=ORIENTED_EDGE('',*,*,#5750,.F.);
#7908=ORIENTED_EDGE('',*,*,#5751,.T.);
#7909=ORIENTED_EDGE('',*,*,#5752,.T.);
#7910=ORIENTED_EDGE('',*,*,#5747,.F.);
#7911=ORIENTED_EDGE('',*,*,#5753,.F.);
#7912=ORIENTED_EDGE('',*,*,#5754,.T.);
#7913=ORIENTED_EDGE('',*,*,#5755,.T.);
#7914=ORIENTED_EDGE('',*,*,#5751,.F.);
#7915=ORIENTED_EDGE('',*,*,#5756,.F.);
#7916=ORIENTED_EDGE('',*,*,#5757,.T.);
#7917=ORIENTED_EDGE('',*,*,#5758,.T.);
#7918=ORIENTED_EDGE('',*,*,#5754,.F.);
#7919=ORIENTED_EDGE('',*,*,#5759,.F.);
#7920=ORIENTED_EDGE('',*,*,#5760,.T.);
#7921=ORIENTED_EDGE('',*,*,#5761,.T.);
#7922=ORIENTED_EDGE('',*,*,#5757,.F.);
#7923=ORIENTED_EDGE('',*,*,#5762,.F.);
#7924=ORIENTED_EDGE('',*,*,#5763,.T.);
#7925=ORIENTED_EDGE('',*,*,#5764,.T.);
#7926=ORIENTED_EDGE('',*,*,#5760,.F.);
#7927=ORIENTED_EDGE('',*,*,#5765,.F.);
#7928=ORIENTED_EDGE('',*,*,#5766,.T.);
#7929=ORIENTED_EDGE('',*,*,#5767,.T.);
#7930=ORIENTED_EDGE('',*,*,#5763,.F.);
#7931=ORIENTED_EDGE('',*,*,#5768,.F.);
#7932=ORIENTED_EDGE('',*,*,#5769,.T.);
#7933=ORIENTED_EDGE('',*,*,#5770,.T.);
#7934=ORIENTED_EDGE('',*,*,#5766,.F.);
#7935=ORIENTED_EDGE('',*,*,#5771,.F.);
#7936=ORIENTED_EDGE('',*,*,#5772,.T.);
#7937=ORIENTED_EDGE('',*,*,#5773,.T.);
#7938=ORIENTED_EDGE('',*,*,#5769,.F.);
#7939=ORIENTED_EDGE('',*,*,#5774,.F.);
#7940=ORIENTED_EDGE('',*,*,#5775,.T.);
#7941=ORIENTED_EDGE('',*,*,#5776,.T.);
#7942=ORIENTED_EDGE('',*,*,#5772,.F.);
#7943=ORIENTED_EDGE('',*,*,#5777,.F.);
#7944=ORIENTED_EDGE('',*,*,#5778,.T.);
#7945=ORIENTED_EDGE('',*,*,#5779,.T.);
#7946=ORIENTED_EDGE('',*,*,#5775,.F.);
#7947=ORIENTED_EDGE('',*,*,#5780,.F.);
#7948=ORIENTED_EDGE('',*,*,#5781,.T.);
#7949=ORIENTED_EDGE('',*,*,#5782,.T.);
#7950=ORIENTED_EDGE('',*,*,#5778,.F.);
#7951=ORIENTED_EDGE('',*,*,#5783,.F.);
#7952=ORIENTED_EDGE('',*,*,#5784,.T.);
#7953=ORIENTED_EDGE('',*,*,#5785,.T.);
#7954=ORIENTED_EDGE('',*,*,#5781,.F.);
#7955=ORIENTED_EDGE('',*,*,#5786,.F.);
#7956=ORIENTED_EDGE('',*,*,#5787,.T.);
#7957=ORIENTED_EDGE('',*,*,#5788,.T.);
#7958=ORIENTED_EDGE('',*,*,#5784,.F.);
#7959=ORIENTED_EDGE('',*,*,#5789,.F.);
#7960=ORIENTED_EDGE('',*,*,#5749,.T.);
#7961=ORIENTED_EDGE('',*,*,#5790,.T.);
#7962=ORIENTED_EDGE('',*,*,#5787,.F.);
#7963=ORIENTED_EDGE('',*,*,#5790,.F.);
#7964=ORIENTED_EDGE('',*,*,#5748,.F.);
#7965=ORIENTED_EDGE('',*,*,#5752,.F.);
#7966=ORIENTED_EDGE('',*,*,#5755,.F.);
#7967=ORIENTED_EDGE('',*,*,#5758,.F.);
#7968=ORIENTED_EDGE('',*,*,#5761,.F.);
#7969=ORIENTED_EDGE('',*,*,#5764,.F.);
#7970=ORIENTED_EDGE('',*,*,#5767,.F.);
#7971=ORIENTED_EDGE('',*,*,#5770,.F.);
#7972=ORIENTED_EDGE('',*,*,#5773,.F.);
#7973=ORIENTED_EDGE('',*,*,#5776,.F.);
#7974=ORIENTED_EDGE('',*,*,#5779,.F.);
#7975=ORIENTED_EDGE('',*,*,#5782,.F.);
#7976=ORIENTED_EDGE('',*,*,#5785,.F.);
#7977=ORIENTED_EDGE('',*,*,#5788,.F.);
#7978=ORIENTED_EDGE('',*,*,#5745,.F.);
#7979=ORIENTED_EDGE('',*,*,#5733,.F.);
#7980=ORIENTED_EDGE('',*,*,#5737,.F.);
#7981=ORIENTED_EDGE('',*,*,#5740,.F.);
#7982=ORIENTED_EDGE('',*,*,#5743,.F.);
#7983=ORIENTED_EDGE('',*,*,#5791,.F.);
#7984=ORIENTED_EDGE('',*,*,#5792,.T.);
#7985=ORIENTED_EDGE('',*,*,#5793,.T.);
#7986=ORIENTED_EDGE('',*,*,#5794,.F.);
#7987=ORIENTED_EDGE('',*,*,#5795,.F.);
#7988=ORIENTED_EDGE('',*,*,#5796,.T.);
#7989=ORIENTED_EDGE('',*,*,#5797,.T.);
#7990=ORIENTED_EDGE('',*,*,#5792,.F.);
#7991=ORIENTED_EDGE('',*,*,#5798,.F.);
#7992=ORIENTED_EDGE('',*,*,#5799,.T.);
#7993=ORIENTED_EDGE('',*,*,#5800,.T.);
#7994=ORIENTED_EDGE('',*,*,#5796,.F.);
#7995=ORIENTED_EDGE('',*,*,#5801,.F.);
#7996=ORIENTED_EDGE('',*,*,#5802,.T.);
#7997=ORIENTED_EDGE('',*,*,#5803,.T.);
#7998=ORIENTED_EDGE('',*,*,#5799,.F.);
#7999=ORIENTED_EDGE('',*,*,#5804,.F.);
#8000=ORIENTED_EDGE('',*,*,#5805,.T.);
#8001=ORIENTED_EDGE('',*,*,#5806,.T.);
#8002=ORIENTED_EDGE('',*,*,#5802,.F.);
#8003=ORIENTED_EDGE('',*,*,#5807,.F.);
#8004=ORIENTED_EDGE('',*,*,#5808,.T.);
#8005=ORIENTED_EDGE('',*,*,#5809,.T.);
#8006=ORIENTED_EDGE('',*,*,#5805,.F.);
#8007=ORIENTED_EDGE('',*,*,#5810,.F.);
#8008=ORIENTED_EDGE('',*,*,#5811,.T.);
#8009=ORIENTED_EDGE('',*,*,#5812,.T.);
#8010=ORIENTED_EDGE('',*,*,#5808,.F.);
#8011=ORIENTED_EDGE('',*,*,#5813,.F.);
#8012=ORIENTED_EDGE('',*,*,#5794,.T.);
#8013=ORIENTED_EDGE('',*,*,#5814,.T.);
#8014=ORIENTED_EDGE('',*,*,#5811,.F.);
#8015=ORIENTED_EDGE('',*,*,#5814,.F.);
#8016=ORIENTED_EDGE('',*,*,#5793,.F.);
#8017=ORIENTED_EDGE('',*,*,#5797,.F.);
#8018=ORIENTED_EDGE('',*,*,#5800,.F.);
#8019=ORIENTED_EDGE('',*,*,#5803,.F.);
#8020=ORIENTED_EDGE('',*,*,#5806,.F.);
#8021=ORIENTED_EDGE('',*,*,#5809,.F.);
#8022=ORIENTED_EDGE('',*,*,#5812,.F.);
#8023=ORIENTED_EDGE('',*,*,#5815,.F.);
#8024=ORIENTED_EDGE('',*,*,#5816,.T.);
#8025=ORIENTED_EDGE('',*,*,#5817,.T.);
#8026=ORIENTED_EDGE('',*,*,#5818,.F.);
#8027=ORIENTED_EDGE('',*,*,#5819,.F.);
#8028=ORIENTED_EDGE('',*,*,#5820,.T.);
#8029=ORIENTED_EDGE('',*,*,#5821,.T.);
#8030=ORIENTED_EDGE('',*,*,#5816,.F.);
#8031=ORIENTED_EDGE('',*,*,#5822,.F.);
#8032=ORIENTED_EDGE('',*,*,#5823,.T.);
#8033=ORIENTED_EDGE('',*,*,#5824,.T.);
#8034=ORIENTED_EDGE('',*,*,#5820,.F.);
#8035=ORIENTED_EDGE('',*,*,#5825,.F.);
#8036=ORIENTED_EDGE('',*,*,#5818,.T.);
#8037=ORIENTED_EDGE('',*,*,#5826,.T.);
#8038=ORIENTED_EDGE('',*,*,#5823,.F.);
#8039=ORIENTED_EDGE('',*,*,#5826,.F.);
#8040=ORIENTED_EDGE('',*,*,#5817,.F.);
#8041=ORIENTED_EDGE('',*,*,#5821,.F.);
#8042=ORIENTED_EDGE('',*,*,#5824,.F.);
#8043=ORIENTED_EDGE('',*,*,#5731,.T.);
#8044=ORIENTED_EDGE('',*,*,#5744,.T.);
#8045=ORIENTED_EDGE('',*,*,#5741,.T.);
#8046=ORIENTED_EDGE('',*,*,#5738,.T.);
#8047=ORIENTED_EDGE('',*,*,#5735,.T.);
#8048=ORIENTED_EDGE('',*,*,#5668,.T.);
#8049=ORIENTED_EDGE('',*,*,#5690,.T.);
#8050=ORIENTED_EDGE('',*,*,#5687,.T.);
#8051=ORIENTED_EDGE('',*,*,#5684,.T.);
#8052=ORIENTED_EDGE('',*,*,#5681,.T.);
#8053=ORIENTED_EDGE('',*,*,#5678,.T.);
#8054=ORIENTED_EDGE('',*,*,#5675,.T.);
#8055=ORIENTED_EDGE('',*,*,#5672,.T.);
#8056=ORIENTED_EDGE('',*,*,#5485,.T.);
#8057=ORIENTED_EDGE('',*,*,#5513,.T.);
#8058=ORIENTED_EDGE('',*,*,#5510,.T.);
#8059=ORIENTED_EDGE('',*,*,#5507,.T.);
#8060=ORIENTED_EDGE('',*,*,#5504,.T.);
#8061=ORIENTED_EDGE('',*,*,#5501,.T.);
#8062=ORIENTED_EDGE('',*,*,#5498,.T.);
#8063=ORIENTED_EDGE('',*,*,#5495,.T.);
#8064=ORIENTED_EDGE('',*,*,#5492,.T.);
#8065=ORIENTED_EDGE('',*,*,#5489,.T.);
#8066=ORIENTED_EDGE('',*,*,#5419,.T.);
#8067=ORIENTED_EDGE('',*,*,#5441,.T.);
#8068=ORIENTED_EDGE('',*,*,#5438,.T.);
#8069=ORIENTED_EDGE('',*,*,#5435,.T.);
#8070=ORIENTED_EDGE('',*,*,#5432,.T.);
#8071=ORIENTED_EDGE('',*,*,#5429,.T.);
#8072=ORIENTED_EDGE('',*,*,#5426,.T.);
#8073=ORIENTED_EDGE('',*,*,#5423,.T.);
#8074=ORIENTED_EDGE('',*,*,#5368,.T.);
#8075=ORIENTED_EDGE('',*,*,#5390,.T.);
#8076=ORIENTED_EDGE('',*,*,#5387,.T.);
#8077=ORIENTED_EDGE('',*,*,#5384,.T.);
#8078=ORIENTED_EDGE('',*,*,#5381,.T.);
#8079=ORIENTED_EDGE('',*,*,#5378,.T.);
#8080=ORIENTED_EDGE('',*,*,#5375,.T.);
#8081=ORIENTED_EDGE('',*,*,#5372,.T.);
#8082=ORIENTED_EDGE('',*,*,#5242,.T.);
#8083=ORIENTED_EDGE('',*,*,#5270,.T.);
#8084=ORIENTED_EDGE('',*,*,#5267,.T.);
#8085=ORIENTED_EDGE('',*,*,#5264,.T.);
#8086=ORIENTED_EDGE('',*,*,#5261,.T.);
#8087=ORIENTED_EDGE('',*,*,#5258,.T.);
#8088=ORIENTED_EDGE('',*,*,#5255,.T.);
#8089=ORIENTED_EDGE('',*,*,#5252,.T.);
#8090=ORIENTED_EDGE('',*,*,#5249,.T.);
#8091=ORIENTED_EDGE('',*,*,#5246,.T.);
#8092=ORIENTED_EDGE('',*,*,#5215,.T.);
#8093=ORIENTED_EDGE('',*,*,#5240,.T.);
#8094=ORIENTED_EDGE('',*,*,#5237,.T.);
#8095=ORIENTED_EDGE('',*,*,#5234,.T.);
#8096=ORIENTED_EDGE('',*,*,#5231,.T.);
#8097=ORIENTED_EDGE('',*,*,#5228,.T.);
#8098=ORIENTED_EDGE('',*,*,#5225,.T.);
#8099=ORIENTED_EDGE('',*,*,#5222,.T.);
#8100=ORIENTED_EDGE('',*,*,#5219,.T.);
#8101=ORIENTED_EDGE('',*,*,#5164,.T.);
#8102=ORIENTED_EDGE('',*,*,#5186,.T.);
#8103=ORIENTED_EDGE('',*,*,#5183,.T.);
#8104=ORIENTED_EDGE('',*,*,#5180,.T.);
#8105=ORIENTED_EDGE('',*,*,#5177,.T.);
#8106=ORIENTED_EDGE('',*,*,#5174,.T.);
#8107=ORIENTED_EDGE('',*,*,#5171,.T.);
#8108=ORIENTED_EDGE('',*,*,#5168,.T.);
#8109=ORIENTED_EDGE('',*,*,#5827,.F.);
#8110=ORIENTED_EDGE('',*,*,#5828,.T.);
#8111=ORIENTED_EDGE('',*,*,#5829,.T.);
#8112=ORIENTED_EDGE('',*,*,#5830,.F.);
#8113=ORIENTED_EDGE('',*,*,#5831,.F.);
#8114=ORIENTED_EDGE('',*,*,#5832,.T.);
#8115=ORIENTED_EDGE('',*,*,#5833,.T.);
#8116=ORIENTED_EDGE('',*,*,#5828,.F.);
#8117=ORIENTED_EDGE('',*,*,#5834,.F.);
#8118=ORIENTED_EDGE('',*,*,#5835,.T.);
#8119=ORIENTED_EDGE('',*,*,#5836,.T.);
#8120=ORIENTED_EDGE('',*,*,#5832,.F.);
#8121=ORIENTED_EDGE('',*,*,#5837,.F.);
#8122=ORIENTED_EDGE('',*,*,#5838,.T.);
#8123=ORIENTED_EDGE('',*,*,#5839,.T.);
#8124=ORIENTED_EDGE('',*,*,#5835,.F.);
#8125=ORIENTED_EDGE('',*,*,#5840,.F.);
#8126=ORIENTED_EDGE('',*,*,#5841,.T.);
#8127=ORIENTED_EDGE('',*,*,#5842,.T.);
#8128=ORIENTED_EDGE('',*,*,#5838,.F.);
#8129=ORIENTED_EDGE('',*,*,#5843,.F.);
#8130=ORIENTED_EDGE('',*,*,#5844,.T.);
#8131=ORIENTED_EDGE('',*,*,#5845,.T.);
#8132=ORIENTED_EDGE('',*,*,#5841,.F.);
#8133=ORIENTED_EDGE('',*,*,#5846,.F.);
#8134=ORIENTED_EDGE('',*,*,#5847,.T.);
#8135=ORIENTED_EDGE('',*,*,#5848,.T.);
#8136=ORIENTED_EDGE('',*,*,#5844,.F.);
#8137=ORIENTED_EDGE('',*,*,#5849,.F.);
#8138=ORIENTED_EDGE('',*,*,#5850,.T.);
#8139=ORIENTED_EDGE('',*,*,#5851,.T.);
#8140=ORIENTED_EDGE('',*,*,#5847,.F.);
#8141=ORIENTED_EDGE('',*,*,#5852,.F.);
#8142=ORIENTED_EDGE('',*,*,#5853,.T.);
#8143=ORIENTED_EDGE('',*,*,#5854,.T.);
#8144=ORIENTED_EDGE('',*,*,#5850,.F.);
#8145=ORIENTED_EDGE('',*,*,#5855,.F.);
#8146=ORIENTED_EDGE('',*,*,#5856,.T.);
#8147=ORIENTED_EDGE('',*,*,#5857,.T.);
#8148=ORIENTED_EDGE('',*,*,#5853,.F.);
#8149=ORIENTED_EDGE('',*,*,#5858,.F.);
#8150=ORIENTED_EDGE('',*,*,#5859,.T.);
#8151=ORIENTED_EDGE('',*,*,#5860,.T.);
#8152=ORIENTED_EDGE('',*,*,#5856,.F.);
#8153=ORIENTED_EDGE('',*,*,#5861,.F.);
#8154=ORIENTED_EDGE('',*,*,#5862,.T.);
#8155=ORIENTED_EDGE('',*,*,#5863,.T.);
#8156=ORIENTED_EDGE('',*,*,#5859,.F.);
#8157=ORIENTED_EDGE('',*,*,#5864,.F.);
#8158=ORIENTED_EDGE('',*,*,#5865,.T.);
#8159=ORIENTED_EDGE('',*,*,#5866,.T.);
#8160=ORIENTED_EDGE('',*,*,#5862,.F.);
#8161=ORIENTED_EDGE('',*,*,#5867,.F.);
#8162=ORIENTED_EDGE('',*,*,#5868,.T.);
#8163=ORIENTED_EDGE('',*,*,#5869,.T.);
#8164=ORIENTED_EDGE('',*,*,#5865,.F.);
#8165=ORIENTED_EDGE('',*,*,#5870,.F.);
#8166=ORIENTED_EDGE('',*,*,#5871,.T.);
#8167=ORIENTED_EDGE('',*,*,#5872,.T.);
#8168=ORIENTED_EDGE('',*,*,#5868,.F.);
#8169=ORIENTED_EDGE('',*,*,#5873,.F.);
#8170=ORIENTED_EDGE('',*,*,#5874,.T.);
#8171=ORIENTED_EDGE('',*,*,#5875,.T.);
#8172=ORIENTED_EDGE('',*,*,#5871,.F.);
#8173=ORIENTED_EDGE('',*,*,#5876,.F.);
#8174=ORIENTED_EDGE('',*,*,#5830,.T.);
#8175=ORIENTED_EDGE('',*,*,#5877,.T.);
#8176=ORIENTED_EDGE('',*,*,#5874,.F.);
#8177=ORIENTED_EDGE('',*,*,#5877,.F.);
#8178=ORIENTED_EDGE('',*,*,#5829,.F.);
#8179=ORIENTED_EDGE('',*,*,#5833,.F.);
#8180=ORIENTED_EDGE('',*,*,#5836,.F.);
#8181=ORIENTED_EDGE('',*,*,#5839,.F.);
#8182=ORIENTED_EDGE('',*,*,#5842,.F.);
#8183=ORIENTED_EDGE('',*,*,#5845,.F.);
#8184=ORIENTED_EDGE('',*,*,#5848,.F.);
#8185=ORIENTED_EDGE('',*,*,#5851,.F.);
#8186=ORIENTED_EDGE('',*,*,#5854,.F.);
#8187=ORIENTED_EDGE('',*,*,#5857,.F.);
#8188=ORIENTED_EDGE('',*,*,#5860,.F.);
#8189=ORIENTED_EDGE('',*,*,#5863,.F.);
#8190=ORIENTED_EDGE('',*,*,#5866,.F.);
#8191=ORIENTED_EDGE('',*,*,#5869,.F.);
#8192=ORIENTED_EDGE('',*,*,#5872,.F.);
#8193=ORIENTED_EDGE('',*,*,#5875,.F.);
#8194=ORIENTED_EDGE('',*,*,#5878,.F.);
#8195=ORIENTED_EDGE('',*,*,#5879,.T.);
#8196=ORIENTED_EDGE('',*,*,#5880,.T.);
#8197=ORIENTED_EDGE('',*,*,#5881,.F.);
#8198=ORIENTED_EDGE('',*,*,#5882,.F.);
#8199=ORIENTED_EDGE('',*,*,#5883,.T.);
#8200=ORIENTED_EDGE('',*,*,#5884,.T.);
#8201=ORIENTED_EDGE('',*,*,#5879,.F.);
#8202=ORIENTED_EDGE('',*,*,#5885,.F.);
#8203=ORIENTED_EDGE('',*,*,#5886,.T.);
#8204=ORIENTED_EDGE('',*,*,#5887,.T.);
#8205=ORIENTED_EDGE('',*,*,#5883,.F.);
#8206=ORIENTED_EDGE('',*,*,#5888,.F.);
#8207=ORIENTED_EDGE('',*,*,#5889,.T.);
#8208=ORIENTED_EDGE('',*,*,#5890,.T.);
#8209=ORIENTED_EDGE('',*,*,#5886,.F.);
#8210=ORIENTED_EDGE('',*,*,#5891,.F.);
#8211=ORIENTED_EDGE('',*,*,#5892,.T.);
#8212=ORIENTED_EDGE('',*,*,#5893,.T.);
#8213=ORIENTED_EDGE('',*,*,#5889,.F.);
#8214=ORIENTED_EDGE('',*,*,#5894,.F.);
#8215=ORIENTED_EDGE('',*,*,#5895,.T.);
#8216=ORIENTED_EDGE('',*,*,#5896,.T.);
#8217=ORIENTED_EDGE('',*,*,#5892,.F.);
#8218=ORIENTED_EDGE('',*,*,#5897,.F.);
#8219=ORIENTED_EDGE('',*,*,#5898,.T.);
#8220=ORIENTED_EDGE('',*,*,#5899,.T.);
#8221=ORIENTED_EDGE('',*,*,#5895,.F.);
#8222=ORIENTED_EDGE('',*,*,#5900,.F.);
#8223=ORIENTED_EDGE('',*,*,#5901,.T.);
#8224=ORIENTED_EDGE('',*,*,#5902,.T.);
#8225=ORIENTED_EDGE('',*,*,#5898,.F.);
#8226=ORIENTED_EDGE('',*,*,#5903,.F.);
#8227=ORIENTED_EDGE('',*,*,#5904,.T.);
#8228=ORIENTED_EDGE('',*,*,#5905,.T.);
#8229=ORIENTED_EDGE('',*,*,#5901,.F.);
#8230=ORIENTED_EDGE('',*,*,#5906,.F.);
#8231=ORIENTED_EDGE('',*,*,#5907,.T.);
#8232=ORIENTED_EDGE('',*,*,#5908,.T.);
#8233=ORIENTED_EDGE('',*,*,#5904,.F.);
#8234=ORIENTED_EDGE('',*,*,#5909,.F.);
#8235=ORIENTED_EDGE('',*,*,#5910,.T.);
#8236=ORIENTED_EDGE('',*,*,#5911,.T.);
#8237=ORIENTED_EDGE('',*,*,#5907,.F.);
#8238=ORIENTED_EDGE('',*,*,#5912,.F.);
#8239=ORIENTED_EDGE('',*,*,#5881,.T.);
#8240=ORIENTED_EDGE('',*,*,#5913,.T.);
#8241=ORIENTED_EDGE('',*,*,#5910,.F.);
#8242=ORIENTED_EDGE('',*,*,#5913,.F.);
#8243=ORIENTED_EDGE('',*,*,#5880,.F.);
#8244=ORIENTED_EDGE('',*,*,#5884,.F.);
#8245=ORIENTED_EDGE('',*,*,#5887,.F.);
#8246=ORIENTED_EDGE('',*,*,#5890,.F.);
#8247=ORIENTED_EDGE('',*,*,#5893,.F.);
#8248=ORIENTED_EDGE('',*,*,#5896,.F.);
#8249=ORIENTED_EDGE('',*,*,#5899,.F.);
#8250=ORIENTED_EDGE('',*,*,#5902,.F.);
#8251=ORIENTED_EDGE('',*,*,#5905,.F.);
#8252=ORIENTED_EDGE('',*,*,#5908,.F.);
#8253=ORIENTED_EDGE('',*,*,#5911,.F.);
#8254=ORIENTED_EDGE('',*,*,#5914,.F.);
#8255=ORIENTED_EDGE('',*,*,#5915,.T.);
#8256=ORIENTED_EDGE('',*,*,#5916,.T.);
#8257=ORIENTED_EDGE('',*,*,#5917,.F.);
#8258=ORIENTED_EDGE('',*,*,#5918,.F.);
#8259=ORIENTED_EDGE('',*,*,#5919,.T.);
#8260=ORIENTED_EDGE('',*,*,#5920,.T.);
#8261=ORIENTED_EDGE('',*,*,#5915,.F.);
#8262=ORIENTED_EDGE('',*,*,#5921,.F.);
#8263=ORIENTED_EDGE('',*,*,#5922,.T.);
#8264=ORIENTED_EDGE('',*,*,#5923,.T.);
#8265=ORIENTED_EDGE('',*,*,#5919,.F.);
#8266=ORIENTED_EDGE('',*,*,#5924,.F.);
#8267=ORIENTED_EDGE('',*,*,#5925,.T.);
#8268=ORIENTED_EDGE('',*,*,#5926,.T.);
#8269=ORIENTED_EDGE('',*,*,#5922,.F.);
#8270=ORIENTED_EDGE('',*,*,#5927,.F.);
#8271=ORIENTED_EDGE('',*,*,#5928,.T.);
#8272=ORIENTED_EDGE('',*,*,#5929,.T.);
#8273=ORIENTED_EDGE('',*,*,#5925,.F.);
#8274=ORIENTED_EDGE('',*,*,#5930,.F.);
#8275=ORIENTED_EDGE('',*,*,#5931,.T.);
#8276=ORIENTED_EDGE('',*,*,#5932,.T.);
#8277=ORIENTED_EDGE('',*,*,#5928,.F.);
#8278=ORIENTED_EDGE('',*,*,#5933,.F.);
#8279=ORIENTED_EDGE('',*,*,#5934,.T.);
#8280=ORIENTED_EDGE('',*,*,#5935,.T.);
#8281=ORIENTED_EDGE('',*,*,#5931,.F.);
#8282=ORIENTED_EDGE('',*,*,#5936,.F.);
#8283=ORIENTED_EDGE('',*,*,#5937,.T.);
#8284=ORIENTED_EDGE('',*,*,#5938,.T.);
#8285=ORIENTED_EDGE('',*,*,#5934,.F.);
#8286=ORIENTED_EDGE('',*,*,#5939,.F.);
#8287=ORIENTED_EDGE('',*,*,#5940,.T.);
#8288=ORIENTED_EDGE('',*,*,#5941,.T.);
#8289=ORIENTED_EDGE('',*,*,#5937,.F.);
#8290=ORIENTED_EDGE('',*,*,#5942,.F.);
#8291=ORIENTED_EDGE('',*,*,#5943,.T.);
#8292=ORIENTED_EDGE('',*,*,#5944,.T.);
#8293=ORIENTED_EDGE('',*,*,#5940,.F.);
#8294=ORIENTED_EDGE('',*,*,#5945,.F.);
#8295=ORIENTED_EDGE('',*,*,#5946,.T.);
#8296=ORIENTED_EDGE('',*,*,#5947,.T.);
#8297=ORIENTED_EDGE('',*,*,#5943,.F.);
#8298=ORIENTED_EDGE('',*,*,#5948,.F.);
#8299=ORIENTED_EDGE('',*,*,#5917,.T.);
#8300=ORIENTED_EDGE('',*,*,#5949,.T.);
#8301=ORIENTED_EDGE('',*,*,#5946,.F.);
#8302=ORIENTED_EDGE('',*,*,#5949,.F.);
#8303=ORIENTED_EDGE('',*,*,#5916,.F.);
#8304=ORIENTED_EDGE('',*,*,#5920,.F.);
#8305=ORIENTED_EDGE('',*,*,#5923,.F.);
#8306=ORIENTED_EDGE('',*,*,#5926,.F.);
#8307=ORIENTED_EDGE('',*,*,#5929,.F.);
#8308=ORIENTED_EDGE('',*,*,#5932,.F.);
#8309=ORIENTED_EDGE('',*,*,#5935,.F.);
#8310=ORIENTED_EDGE('',*,*,#5938,.F.);
#8311=ORIENTED_EDGE('',*,*,#5941,.F.);
#8312=ORIENTED_EDGE('',*,*,#5944,.F.);
#8313=ORIENTED_EDGE('',*,*,#5947,.F.);
#8314=ORIENTED_EDGE('',*,*,#5950,.F.);
#8315=ORIENTED_EDGE('',*,*,#5951,.T.);
#8316=ORIENTED_EDGE('',*,*,#5952,.F.);
#8317=ORIENTED_EDGE('',*,*,#5951,.F.);
#8318=ORIENTED_EDGE('',*,*,#5953,.F.);
#8319=ORIENTED_EDGE('',*,*,#5954,.T.);
#8320=ORIENTED_EDGE('',*,*,#5955,.F.);
#8321=ORIENTED_EDGE('',*,*,#5954,.F.);
#8322=ORIENTED_EDGE('',*,*,#5956,.F.);
#8323=ORIENTED_EDGE('',*,*,#5957,.F.);
#8324=ORIENTED_EDGE('',*,*,#5958,.F.);
#8325=ORIENTED_EDGE('',*,*,#5959,.F.);
#8326=ORIENTED_EDGE('',*,*,#5960,.F.);
#8327=ORIENTED_EDGE('',*,*,#5961,.T.);
#8328=ORIENTED_EDGE('',*,*,#5962,.F.);
#8329=ORIENTED_EDGE('',*,*,#5963,.F.);
#8330=ORIENTED_EDGE('',*,*,#5958,.T.);
#8331=ORIENTED_EDGE('',*,*,#5964,.F.);
#8332=ORIENTED_EDGE('',*,*,#5965,.T.);
#8333=ORIENTED_EDGE('',*,*,#5966,.T.);
#8334=ORIENTED_EDGE('',*,*,#5967,.T.);
#8335=ORIENTED_EDGE('',*,*,#5968,.T.);
#8336=ORIENTED_EDGE('',*,*,#5969,.T.);
#8337=ORIENTED_EDGE('',*,*,#5970,.T.);
#8338=ORIENTED_EDGE('',*,*,#5971,.T.);
#8339=ORIENTED_EDGE('',*,*,#5972,.T.);
#8340=ORIENTED_EDGE('',*,*,#5973,.T.);
#8341=ORIENTED_EDGE('',*,*,#5974,.T.);
#8342=ORIENTED_EDGE('',*,*,#5975,.T.);
#8343=ORIENTED_EDGE('',*,*,#5976,.F.);
#8344=ORIENTED_EDGE('',*,*,#5977,.T.);
#8345=ORIENTED_EDGE('',*,*,#5978,.T.);
#8346=ORIENTED_EDGE('',*,*,#5979,.T.);
#8347=ORIENTED_EDGE('',*,*,#5980,.T.);
#8348=ORIENTED_EDGE('',*,*,#5981,.T.);
#8349=ORIENTED_EDGE('',*,*,#5982,.T.);
#8350=ORIENTED_EDGE('',*,*,#5983,.T.);
#8351=ORIENTED_EDGE('',*,*,#5984,.F.);
#8352=ORIENTED_EDGE('',*,*,#5985,.T.);
#8353=ORIENTED_EDGE('',*,*,#5986,.T.);
#8354=ORIENTED_EDGE('',*,*,#5987,.T.);
#8355=ORIENTED_EDGE('',*,*,#5988,.T.);
#8356=ORIENTED_EDGE('',*,*,#5989,.T.);
#8357=ORIENTED_EDGE('',*,*,#5990,.F.);
#8358=ORIENTED_EDGE('',*,*,#5991,.T.);
#8359=ORIENTED_EDGE('',*,*,#5992,.T.);
#8360=ORIENTED_EDGE('',*,*,#5993,.T.);
#8361=ORIENTED_EDGE('',*,*,#5994,.T.);
#8362=ORIENTED_EDGE('',*,*,#5995,.T.);
#8363=ORIENTED_EDGE('',*,*,#5996,.T.);
#8364=ORIENTED_EDGE('',*,*,#5997,.T.);
#8365=ORIENTED_EDGE('',*,*,#5961,.F.);
#8366=ORIENTED_EDGE('',*,*,#5950,.T.);
#8367=ORIENTED_EDGE('',*,*,#5953,.T.);
#8368=ORIENTED_EDGE('',*,*,#5998,.T.);
#8369=ORIENTED_EDGE('',*,*,#5999,.T.);
#8370=ORIENTED_EDGE('',*,*,#6000,.T.);
#8371=ORIENTED_EDGE('',*,*,#5959,.T.);
#8372=ORIENTED_EDGE('',*,*,#5970,.F.);
#8373=ORIENTED_EDGE('',*,*,#6001,.F.);
#8374=ORIENTED_EDGE('',*,*,#6002,.F.);
#8375=ORIENTED_EDGE('',*,*,#5963,.T.);
#8376=ORIENTED_EDGE('',*,*,#6003,.F.);
#8377=ORIENTED_EDGE('',*,*,#6004,.F.);
#8378=ORIENTED_EDGE('',*,*,#6005,.F.);
#8379=ORIENTED_EDGE('',*,*,#6006,.F.);
#8380=ORIENTED_EDGE('',*,*,#5960,.T.);
#8381=ORIENTED_EDGE('',*,*,#6002,.T.);
#8382=ORIENTED_EDGE('',*,*,#6007,.F.);
#8383=ORIENTED_EDGE('',*,*,#5971,.F.);
#8384=ORIENTED_EDGE('',*,*,#5962,.T.);
#8385=ORIENTED_EDGE('',*,*,#5997,.F.);
#8386=ORIENTED_EDGE('',*,*,#6008,.T.);
#8387=ORIENTED_EDGE('',*,*,#6003,.T.);
#8388=ORIENTED_EDGE('',*,*,#6000,.F.);
#8389=ORIENTED_EDGE('',*,*,#6009,.T.);
#8390=ORIENTED_EDGE('',*,*,#6010,.F.);
#8391=ORIENTED_EDGE('',*,*,#6009,.F.);
#8392=ORIENTED_EDGE('',*,*,#6011,.F.);
#8393=ORIENTED_EDGE('',*,*,#6012,.F.);
#8394=ORIENTED_EDGE('',*,*,#6013,.F.);
#8395=ORIENTED_EDGE('',*,*,#5976,.T.);
#8396=ORIENTED_EDGE('',*,*,#6014,.F.);
#8397=ORIENTED_EDGE('',*,*,#6015,.F.);
#8398=ORIENTED_EDGE('',*,*,#5965,.F.);
#8399=ORIENTED_EDGE('',*,*,#6016,.F.);
#8400=ORIENTED_EDGE('',*,*,#6017,.T.);
#8401=ORIENTED_EDGE('',*,*,#6018,.T.);
#8402=ORIENTED_EDGE('',*,*,#6019,.T.);
#8403=ORIENTED_EDGE('',*,*,#6020,.T.);
#8404=ORIENTED_EDGE('',*,*,#6021,.T.);
#8405=ORIENTED_EDGE('',*,*,#6022,.T.);
#8406=ORIENTED_EDGE('',*,*,#6023,.T.);
#8407=ORIENTED_EDGE('',*,*,#6024,.T.);
#8408=ORIENTED_EDGE('',*,*,#6025,.T.);
#8409=ORIENTED_EDGE('',*,*,#6026,.T.);
#8410=ORIENTED_EDGE('',*,*,#6027,.T.);
#8411=ORIENTED_EDGE('',*,*,#6028,.T.);
#8412=ORIENTED_EDGE('',*,*,#6029,.T.);
#8413=ORIENTED_EDGE('',*,*,#6016,.T.);
#8414=ORIENTED_EDGE('',*,*,#5964,.T.);
#8415=ORIENTED_EDGE('',*,*,#5957,.T.);
#8416=ORIENTED_EDGE('',*,*,#5188,.T.);
#8417=ORIENTED_EDGE('',*,*,#5213,.T.);
#8418=ORIENTED_EDGE('',*,*,#5210,.T.);
#8419=ORIENTED_EDGE('',*,*,#5207,.T.);
#8420=ORIENTED_EDGE('',*,*,#5204,.T.);
#8421=ORIENTED_EDGE('',*,*,#5201,.T.);
#8422=ORIENTED_EDGE('',*,*,#5198,.T.);
#8423=ORIENTED_EDGE('',*,*,#5195,.T.);
#8424=ORIENTED_EDGE('',*,*,#5192,.T.);
#8425=ORIENTED_EDGE('',*,*,#5272,.T.);
#8426=ORIENTED_EDGE('',*,*,#5312,.T.);
#8427=ORIENTED_EDGE('',*,*,#5309,.T.);
#8428=ORIENTED_EDGE('',*,*,#5306,.T.);
#8429=ORIENTED_EDGE('',*,*,#5303,.T.);
#8430=ORIENTED_EDGE('',*,*,#5300,.T.);
#8431=ORIENTED_EDGE('',*,*,#5297,.T.);
#8432=ORIENTED_EDGE('',*,*,#5294,.T.);
#8433=ORIENTED_EDGE('',*,*,#5291,.T.);
#8434=ORIENTED_EDGE('',*,*,#5288,.T.);
#8435=ORIENTED_EDGE('',*,*,#5285,.T.);
#8436=ORIENTED_EDGE('',*,*,#5282,.T.);
#8437=ORIENTED_EDGE('',*,*,#5279,.T.);
#8438=ORIENTED_EDGE('',*,*,#5276,.T.);
#8439=ORIENTED_EDGE('',*,*,#5314,.T.);
#8440=ORIENTED_EDGE('',*,*,#5366,.T.);
#8441=ORIENTED_EDGE('',*,*,#5363,.T.);
#8442=ORIENTED_EDGE('',*,*,#5360,.T.);
#8443=ORIENTED_EDGE('',*,*,#5357,.T.);
#8444=ORIENTED_EDGE('',*,*,#5354,.T.);
#8445=ORIENTED_EDGE('',*,*,#5351,.T.);
#8446=ORIENTED_EDGE('',*,*,#5348,.T.);
#8447=ORIENTED_EDGE('',*,*,#5345,.T.);
#8448=ORIENTED_EDGE('',*,*,#5342,.T.);
#8449=ORIENTED_EDGE('',*,*,#5339,.T.);
#8450=ORIENTED_EDGE('',*,*,#5336,.T.);
#8451=ORIENTED_EDGE('',*,*,#5333,.T.);
#8452=ORIENTED_EDGE('',*,*,#5330,.T.);
#8453=ORIENTED_EDGE('',*,*,#5327,.T.);
#8454=ORIENTED_EDGE('',*,*,#5324,.T.);
#8455=ORIENTED_EDGE('',*,*,#5321,.T.);
#8456=ORIENTED_EDGE('',*,*,#5318,.T.);
#8457=ORIENTED_EDGE('',*,*,#5392,.T.);
#8458=ORIENTED_EDGE('',*,*,#5417,.T.);
#8459=ORIENTED_EDGE('',*,*,#5414,.T.);
#8460=ORIENTED_EDGE('',*,*,#5411,.T.);
#8461=ORIENTED_EDGE('',*,*,#5408,.T.);
#8462=ORIENTED_EDGE('',*,*,#5405,.T.);
#8463=ORIENTED_EDGE('',*,*,#5402,.T.);
#8464=ORIENTED_EDGE('',*,*,#5399,.T.);
#8465=ORIENTED_EDGE('',*,*,#5396,.T.);
#8466=ORIENTED_EDGE('',*,*,#5443,.T.);
#8467=ORIENTED_EDGE('',*,*,#5483,.T.);
#8468=ORIENTED_EDGE('',*,*,#5480,.T.);
#8469=ORIENTED_EDGE('',*,*,#5477,.T.);
#8470=ORIENTED_EDGE('',*,*,#5474,.T.);
#8471=ORIENTED_EDGE('',*,*,#5471,.T.);
#8472=ORIENTED_EDGE('',*,*,#5468,.T.);
#8473=ORIENTED_EDGE('',*,*,#5465,.T.);
#8474=ORIENTED_EDGE('',*,*,#5462,.T.);
#8475=ORIENTED_EDGE('',*,*,#5459,.T.);
#8476=ORIENTED_EDGE('',*,*,#5456,.T.);
#8477=ORIENTED_EDGE('',*,*,#5453,.T.);
#8478=ORIENTED_EDGE('',*,*,#5450,.T.);
#8479=ORIENTED_EDGE('',*,*,#5447,.T.);
#8480=ORIENTED_EDGE('',*,*,#5515,.T.);
#8481=ORIENTED_EDGE('',*,*,#5594,.T.);
#8482=ORIENTED_EDGE('',*,*,#5591,.T.);
#8483=ORIENTED_EDGE('',*,*,#5588,.T.);
#8484=ORIENTED_EDGE('',*,*,#5585,.T.);
#8485=ORIENTED_EDGE('',*,*,#5582,.T.);
#8486=ORIENTED_EDGE('',*,*,#5579,.T.);
#8487=ORIENTED_EDGE('',*,*,#5576,.T.);
#8488=ORIENTED_EDGE('',*,*,#5573,.T.);
#8489=ORIENTED_EDGE('',*,*,#5570,.T.);
#8490=ORIENTED_EDGE('',*,*,#5567,.T.);
#8491=ORIENTED_EDGE('',*,*,#5564,.T.);
#8492=ORIENTED_EDGE('',*,*,#5561,.T.);
#8493=ORIENTED_EDGE('',*,*,#5558,.T.);
#8494=ORIENTED_EDGE('',*,*,#5555,.T.);
#8495=ORIENTED_EDGE('',*,*,#5552,.T.);
#8496=ORIENTED_EDGE('',*,*,#5549,.T.);
#8497=ORIENTED_EDGE('',*,*,#5546,.T.);
#8498=ORIENTED_EDGE('',*,*,#5543,.T.);
#8499=ORIENTED_EDGE('',*,*,#5540,.T.);
#8500=ORIENTED_EDGE('',*,*,#5537,.T.);
#8501=ORIENTED_EDGE('',*,*,#5534,.T.);
#8502=ORIENTED_EDGE('',*,*,#5531,.T.);
#8503=ORIENTED_EDGE('',*,*,#5528,.T.);
#8504=ORIENTED_EDGE('',*,*,#5525,.T.);
#8505=ORIENTED_EDGE('',*,*,#5522,.T.);
#8506=ORIENTED_EDGE('',*,*,#5519,.T.);
#8507=ORIENTED_EDGE('',*,*,#5596,.T.);
#8508=ORIENTED_EDGE('',*,*,#5612,.T.);
#8509=ORIENTED_EDGE('',*,*,#5609,.T.);
#8510=ORIENTED_EDGE('',*,*,#5606,.T.);
#8511=ORIENTED_EDGE('',*,*,#5603,.T.);
#8512=ORIENTED_EDGE('',*,*,#5600,.T.);
#8513=ORIENTED_EDGE('',*,*,#5614,.T.);
#8514=ORIENTED_EDGE('',*,*,#5666,.T.);
#8515=ORIENTED_EDGE('',*,*,#5663,.T.);
#8516=ORIENTED_EDGE('',*,*,#5660,.T.);
#8517=ORIENTED_EDGE('',*,*,#5657,.T.);
#8518=ORIENTED_EDGE('',*,*,#5654,.T.);
#8519=ORIENTED_EDGE('',*,*,#5651,.T.);
#8520=ORIENTED_EDGE('',*,*,#5648,.T.);
#8521=ORIENTED_EDGE('',*,*,#5645,.T.);
#8522=ORIENTED_EDGE('',*,*,#5642,.T.);
#8523=ORIENTED_EDGE('',*,*,#5639,.T.);
#8524=ORIENTED_EDGE('',*,*,#5636,.T.);
#8525=ORIENTED_EDGE('',*,*,#5633,.T.);
#8526=ORIENTED_EDGE('',*,*,#5630,.T.);
#8527=ORIENTED_EDGE('',*,*,#5627,.T.);
#8528=ORIENTED_EDGE('',*,*,#5624,.T.);
#8529=ORIENTED_EDGE('',*,*,#5621,.T.);
#8530=ORIENTED_EDGE('',*,*,#5618,.T.);
#8531=ORIENTED_EDGE('',*,*,#5692,.T.);
#8532=ORIENTED_EDGE('',*,*,#5729,.T.);
#8533=ORIENTED_EDGE('',*,*,#5726,.T.);
#8534=ORIENTED_EDGE('',*,*,#5723,.T.);
#8535=ORIENTED_EDGE('',*,*,#5720,.T.);
#8536=ORIENTED_EDGE('',*,*,#5717,.T.);
#8537=ORIENTED_EDGE('',*,*,#5714,.T.);
#8538=ORIENTED_EDGE('',*,*,#5711,.T.);
#8539=ORIENTED_EDGE('',*,*,#5708,.T.);
#8540=ORIENTED_EDGE('',*,*,#5705,.T.);
#8541=ORIENTED_EDGE('',*,*,#5702,.T.);
#8542=ORIENTED_EDGE('',*,*,#5699,.T.);
#8543=ORIENTED_EDGE('',*,*,#5696,.T.);
#8544=ORIENTED_EDGE('',*,*,#5746,.T.);
#8545=ORIENTED_EDGE('',*,*,#5789,.T.);
#8546=ORIENTED_EDGE('',*,*,#5786,.T.);
#8547=ORIENTED_EDGE('',*,*,#5783,.T.);
#8548=ORIENTED_EDGE('',*,*,#5780,.T.);
#8549=ORIENTED_EDGE('',*,*,#5777,.T.);
#8550=ORIENTED_EDGE('',*,*,#5774,.T.);
#8551=ORIENTED_EDGE('',*,*,#5771,.T.);
#8552=ORIENTED_EDGE('',*,*,#5768,.T.);
#8553=ORIENTED_EDGE('',*,*,#5765,.T.);
#8554=ORIENTED_EDGE('',*,*,#5762,.T.);
#8555=ORIENTED_EDGE('',*,*,#5759,.T.);
#8556=ORIENTED_EDGE('',*,*,#5756,.T.);
#8557=ORIENTED_EDGE('',*,*,#5753,.T.);
#8558=ORIENTED_EDGE('',*,*,#5750,.T.);
#8559=ORIENTED_EDGE('',*,*,#5791,.T.);
#8560=ORIENTED_EDGE('',*,*,#5813,.T.);
#8561=ORIENTED_EDGE('',*,*,#5810,.T.);
#8562=ORIENTED_EDGE('',*,*,#5807,.T.);
#8563=ORIENTED_EDGE('',*,*,#5804,.T.);
#8564=ORIENTED_EDGE('',*,*,#5801,.T.);
#8565=ORIENTED_EDGE('',*,*,#5798,.T.);
#8566=ORIENTED_EDGE('',*,*,#5795,.T.);
#8567=ORIENTED_EDGE('',*,*,#5815,.T.);
#8568=ORIENTED_EDGE('',*,*,#5825,.T.);
#8569=ORIENTED_EDGE('',*,*,#5822,.T.);
#8570=ORIENTED_EDGE('',*,*,#5819,.T.);
#8571=ORIENTED_EDGE('',*,*,#6030,.T.);
#8572=ORIENTED_EDGE('',*,*,#6031,.T.);
#8573=ORIENTED_EDGE('',*,*,#6010,.T.);
#8574=ORIENTED_EDGE('',*,*,#5955,.T.);
#8575=ORIENTED_EDGE('',*,*,#5952,.T.);
#8576=ORIENTED_EDGE('',*,*,#5914,.T.);
#8577=ORIENTED_EDGE('',*,*,#5948,.T.);
#8578=ORIENTED_EDGE('',*,*,#5945,.T.);
#8579=ORIENTED_EDGE('',*,*,#5942,.T.);
#8580=ORIENTED_EDGE('',*,*,#5939,.T.);
#8581=ORIENTED_EDGE('',*,*,#5936,.T.);
#8582=ORIENTED_EDGE('',*,*,#5933,.T.);
#8583=ORIENTED_EDGE('',*,*,#5930,.T.);
#8584=ORIENTED_EDGE('',*,*,#5927,.T.);
#8585=ORIENTED_EDGE('',*,*,#5924,.T.);
#8586=ORIENTED_EDGE('',*,*,#5921,.T.);
#8587=ORIENTED_EDGE('',*,*,#5918,.T.);
#8588=ORIENTED_EDGE('',*,*,#5878,.T.);
#8589=ORIENTED_EDGE('',*,*,#5912,.T.);
#8590=ORIENTED_EDGE('',*,*,#5909,.T.);
#8591=ORIENTED_EDGE('',*,*,#5906,.T.);
#8592=ORIENTED_EDGE('',*,*,#5903,.T.);
#8593=ORIENTED_EDGE('',*,*,#5900,.T.);
#8594=ORIENTED_EDGE('',*,*,#5897,.T.);
#8595=ORIENTED_EDGE('',*,*,#5894,.T.);
#8596=ORIENTED_EDGE('',*,*,#5891,.T.);
#8597=ORIENTED_EDGE('',*,*,#5888,.T.);
#8598=ORIENTED_EDGE('',*,*,#5885,.T.);
#8599=ORIENTED_EDGE('',*,*,#5882,.T.);
#8600=ORIENTED_EDGE('',*,*,#5827,.T.);
#8601=ORIENTED_EDGE('',*,*,#5876,.T.);
#8602=ORIENTED_EDGE('',*,*,#5873,.T.);
#8603=ORIENTED_EDGE('',*,*,#5870,.T.);
#8604=ORIENTED_EDGE('',*,*,#5867,.T.);
#8605=ORIENTED_EDGE('',*,*,#5864,.T.);
#8606=ORIENTED_EDGE('',*,*,#5861,.T.);
#8607=ORIENTED_EDGE('',*,*,#5858,.T.);
#8608=ORIENTED_EDGE('',*,*,#5855,.T.);
#8609=ORIENTED_EDGE('',*,*,#5852,.T.);
#8610=ORIENTED_EDGE('',*,*,#5849,.T.);
#8611=ORIENTED_EDGE('',*,*,#5846,.T.);
#8612=ORIENTED_EDGE('',*,*,#5843,.T.);
#8613=ORIENTED_EDGE('',*,*,#5840,.T.);
#8614=ORIENTED_EDGE('',*,*,#5837,.T.);
#8615=ORIENTED_EDGE('',*,*,#5834,.T.);
#8616=ORIENTED_EDGE('',*,*,#5831,.T.);
#8617=ORIENTED_EDGE('',*,*,#5140,.T.);
#8618=ORIENTED_EDGE('',*,*,#5162,.T.);
#8619=ORIENTED_EDGE('',*,*,#5159,.T.);
#8620=ORIENTED_EDGE('',*,*,#5156,.T.);
#8621=ORIENTED_EDGE('',*,*,#5153,.T.);
#8622=ORIENTED_EDGE('',*,*,#5150,.T.);
#8623=ORIENTED_EDGE('',*,*,#5147,.T.);
#8624=ORIENTED_EDGE('',*,*,#5144,.T.);
#8625=ORIENTED_EDGE('',*,*,#5104,.T.);
#8626=ORIENTED_EDGE('',*,*,#5138,.T.);
#8627=ORIENTED_EDGE('',*,*,#5135,.T.);
#8628=ORIENTED_EDGE('',*,*,#5132,.T.);
#8629=ORIENTED_EDGE('',*,*,#5129,.T.);
#8630=ORIENTED_EDGE('',*,*,#5126,.T.);
#8631=ORIENTED_EDGE('',*,*,#5123,.T.);
#8632=ORIENTED_EDGE('',*,*,#5120,.T.);
#8633=ORIENTED_EDGE('',*,*,#5117,.T.);
#8634=ORIENTED_EDGE('',*,*,#5114,.T.);
#8635=ORIENTED_EDGE('',*,*,#5111,.T.);
#8636=ORIENTED_EDGE('',*,*,#5108,.T.);
#8637=ORIENTED_EDGE('',*,*,#5059,.T.);
#8638=ORIENTED_EDGE('',*,*,#5102,.T.);
#8639=ORIENTED_EDGE('',*,*,#5099,.T.);
#8640=ORIENTED_EDGE('',*,*,#5096,.T.);
#8641=ORIENTED_EDGE('',*,*,#5093,.T.);
#8642=ORIENTED_EDGE('',*,*,#5090,.T.);
#8643=ORIENTED_EDGE('',*,*,#5087,.T.);
#8644=ORIENTED_EDGE('',*,*,#5084,.T.);
#8645=ORIENTED_EDGE('',*,*,#5081,.T.);
#8646=ORIENTED_EDGE('',*,*,#5078,.T.);
#8647=ORIENTED_EDGE('',*,*,#5075,.T.);
#8648=ORIENTED_EDGE('',*,*,#5072,.T.);
#8649=ORIENTED_EDGE('',*,*,#5069,.T.);
#8650=ORIENTED_EDGE('',*,*,#5066,.T.);
#8651=ORIENTED_EDGE('',*,*,#5063,.T.);
#8652=ORIENTED_EDGE('',*,*,#5035,.T.);
#8653=ORIENTED_EDGE('',*,*,#5057,.T.);
#8654=ORIENTED_EDGE('',*,*,#5054,.T.);
#8655=ORIENTED_EDGE('',*,*,#5051,.T.);
#8656=ORIENTED_EDGE('',*,*,#5048,.T.);
#8657=ORIENTED_EDGE('',*,*,#5045,.T.);
#8658=ORIENTED_EDGE('',*,*,#5042,.T.);
#8659=ORIENTED_EDGE('',*,*,#5039,.T.);
#8660=ORIENTED_EDGE('',*,*,#4990,.T.);
#8661=ORIENTED_EDGE('',*,*,#5018,.T.);
#8662=ORIENTED_EDGE('',*,*,#5015,.T.);
#8663=ORIENTED_EDGE('',*,*,#5012,.T.);
#8664=ORIENTED_EDGE('',*,*,#5009,.T.);
#8665=ORIENTED_EDGE('',*,*,#5006,.T.);
#8666=ORIENTED_EDGE('',*,*,#5003,.T.);
#8667=ORIENTED_EDGE('',*,*,#5000,.T.);
#8668=ORIENTED_EDGE('',*,*,#4997,.T.);
#8669=ORIENTED_EDGE('',*,*,#4994,.T.);
#8670=ORIENTED_EDGE('',*,*,#4954,.T.);
#8671=ORIENTED_EDGE('',*,*,#4988,.T.);
#8672=ORIENTED_EDGE('',*,*,#4985,.T.);
#8673=ORIENTED_EDGE('',*,*,#4982,.T.);
#8674=ORIENTED_EDGE('',*,*,#4979,.T.);
#8675=ORIENTED_EDGE('',*,*,#4976,.T.);
#8676=ORIENTED_EDGE('',*,*,#4973,.T.);
#8677=ORIENTED_EDGE('',*,*,#4970,.T.);
#8678=ORIENTED_EDGE('',*,*,#4967,.T.);
#8679=ORIENTED_EDGE('',*,*,#4964,.T.);
#8680=ORIENTED_EDGE('',*,*,#4961,.T.);
#8681=ORIENTED_EDGE('',*,*,#4958,.T.);
#8682=ORIENTED_EDGE('',*,*,#4891,.T.);
#8683=ORIENTED_EDGE('',*,*,#4922,.T.);
#8684=ORIENTED_EDGE('',*,*,#4919,.T.);
#8685=ORIENTED_EDGE('',*,*,#4916,.T.);
#8686=ORIENTED_EDGE('',*,*,#4913,.T.);
#8687=ORIENTED_EDGE('',*,*,#4910,.T.);
#8688=ORIENTED_EDGE('',*,*,#4907,.T.);
#8689=ORIENTED_EDGE('',*,*,#4904,.T.);
#8690=ORIENTED_EDGE('',*,*,#4901,.T.);
#8691=ORIENTED_EDGE('',*,*,#4898,.T.);
#8692=ORIENTED_EDGE('',*,*,#4895,.T.);
#8693=ORIENTED_EDGE('',*,*,#4846,.T.);
#8694=ORIENTED_EDGE('',*,*,#4862,.T.);
#8695=ORIENTED_EDGE('',*,*,#4859,.T.);
#8696=ORIENTED_EDGE('',*,*,#4856,.T.);
#8697=ORIENTED_EDGE('',*,*,#4853,.T.);
#8698=ORIENTED_EDGE('',*,*,#4850,.T.);
#8699=ORIENTED_EDGE('',*,*,#4810,.T.);
#8700=ORIENTED_EDGE('',*,*,#4844,.T.);
#8701=ORIENTED_EDGE('',*,*,#4841,.T.);
#8702=ORIENTED_EDGE('',*,*,#4838,.T.);
#8703=ORIENTED_EDGE('',*,*,#4835,.T.);
#8704=ORIENTED_EDGE('',*,*,#4832,.T.);
#8705=ORIENTED_EDGE('',*,*,#4829,.T.);
#8706=ORIENTED_EDGE('',*,*,#4826,.T.);
#8707=ORIENTED_EDGE('',*,*,#4823,.T.);
#8708=ORIENTED_EDGE('',*,*,#4820,.T.);
#8709=ORIENTED_EDGE('',*,*,#4817,.T.);
#8710=ORIENTED_EDGE('',*,*,#4814,.T.);
#8711=ORIENTED_EDGE('',*,*,#4753,.T.);
#8712=ORIENTED_EDGE('',*,*,#4808,.T.);
#8713=ORIENTED_EDGE('',*,*,#4805,.T.);
#8714=ORIENTED_EDGE('',*,*,#4802,.T.);
#8715=ORIENTED_EDGE('',*,*,#4799,.T.);
#8716=ORIENTED_EDGE('',*,*,#4796,.T.);
#8717=ORIENTED_EDGE('',*,*,#4793,.T.);
#8718=ORIENTED_EDGE('',*,*,#4790,.T.);
#8719=ORIENTED_EDGE('',*,*,#4787,.T.);
#8720=ORIENTED_EDGE('',*,*,#4784,.T.);
#8721=ORIENTED_EDGE('',*,*,#4781,.T.);
#8722=ORIENTED_EDGE('',*,*,#4778,.T.);
#8723=ORIENTED_EDGE('',*,*,#4775,.T.);
#8724=ORIENTED_EDGE('',*,*,#4772,.T.);
#8725=ORIENTED_EDGE('',*,*,#4769,.T.);
#8726=ORIENTED_EDGE('',*,*,#4766,.T.);
#8727=ORIENTED_EDGE('',*,*,#4763,.T.);
#8728=ORIENTED_EDGE('',*,*,#4760,.T.);
#8729=ORIENTED_EDGE('',*,*,#4757,.T.);
#8730=ORIENTED_EDGE('',*,*,#4693,.T.);
#8731=ORIENTED_EDGE('',*,*,#4727,.T.);
#8732=ORIENTED_EDGE('',*,*,#4724,.T.);
#8733=ORIENTED_EDGE('',*,*,#4721,.T.);
#8734=ORIENTED_EDGE('',*,*,#4718,.T.);
#8735=ORIENTED_EDGE('',*,*,#4715,.T.);
#8736=ORIENTED_EDGE('',*,*,#4712,.T.);
#8737=ORIENTED_EDGE('',*,*,#4709,.T.);
#8738=ORIENTED_EDGE('',*,*,#4706,.T.);
#8739=ORIENTED_EDGE('',*,*,#4703,.T.);
#8740=ORIENTED_EDGE('',*,*,#4700,.T.);
#8741=ORIENTED_EDGE('',*,*,#4697,.T.);
#8742=ORIENTED_EDGE('',*,*,#5956,.T.);
#8743=ORIENTED_EDGE('',*,*,#6006,.T.);
#8744=ORIENTED_EDGE('',*,*,#6032,.T.);
#8745=ORIENTED_EDGE('',*,*,#6017,.F.);
#8746=ORIENTED_EDGE('',*,*,#6015,.T.);
#8747=ORIENTED_EDGE('',*,*,#6033,.F.);
#8748=ORIENTED_EDGE('',*,*,#6034,.F.);
#8749=ORIENTED_EDGE('',*,*,#5966,.F.);
#8750=ORIENTED_EDGE('',*,*,#6014,.T.);
#8751=ORIENTED_EDGE('',*,*,#5975,.F.);
#8752=ORIENTED_EDGE('',*,*,#6035,.T.);
#8753=ORIENTED_EDGE('',*,*,#6033,.T.);
#8754=ORIENTED_EDGE('',*,*,#5999,.F.);
#8755=ORIENTED_EDGE('',*,*,#6036,.T.);
#8756=ORIENTED_EDGE('',*,*,#6030,.F.);
#8757=ORIENTED_EDGE('',*,*,#6036,.F.);
#8758=ORIENTED_EDGE('',*,*,#6037,.F.);
#8759=ORIENTED_EDGE('',*,*,#6038,.F.);
#8760=ORIENTED_EDGE('',*,*,#6039,.F.);
#8761=ORIENTED_EDGE('',*,*,#5990,.T.);
#8762=ORIENTED_EDGE('',*,*,#6040,.F.);
#8763=ORIENTED_EDGE('',*,*,#6041,.F.);
#8764=ORIENTED_EDGE('',*,*,#6042,.F.);
#8765=ORIENTED_EDGE('',*,*,#6022,.F.);
#8766=ORIENTED_EDGE('',*,*,#6042,.T.);
#8767=ORIENTED_EDGE('',*,*,#6043,.T.);
#8768=ORIENTED_EDGE('',*,*,#6044,.T.);
#8769=ORIENTED_EDGE('',*,*,#6045,.T.);
#8770=ORIENTED_EDGE('',*,*,#6046,.T.);
#8771=ORIENTED_EDGE('',*,*,#6047,.T.);
#8772=ORIENTED_EDGE('',*,*,#6048,.T.);
#8773=ORIENTED_EDGE('',*,*,#6023,.F.);
#8774=ORIENTED_EDGE('',*,*,#6041,.T.);
#8775=ORIENTED_EDGE('',*,*,#6049,.F.);
#8776=ORIENTED_EDGE('',*,*,#6050,.F.);
#8777=ORIENTED_EDGE('',*,*,#6043,.F.);
#8778=ORIENTED_EDGE('',*,*,#6040,.T.);
#8779=ORIENTED_EDGE('',*,*,#5989,.F.);
#8780=ORIENTED_EDGE('',*,*,#6051,.T.);
#8781=ORIENTED_EDGE('',*,*,#6049,.T.);
#8782=ORIENTED_EDGE('',*,*,#5998,.F.);
#8783=ORIENTED_EDGE('',*,*,#6052,.T.);
#8784=ORIENTED_EDGE('',*,*,#6031,.F.);
#8785=ORIENTED_EDGE('',*,*,#6052,.F.);
#8786=ORIENTED_EDGE('',*,*,#6053,.F.);
#8787=ORIENTED_EDGE('',*,*,#5984,.T.);
#8788=ORIENTED_EDGE('',*,*,#6054,.F.);
#8789=ORIENTED_EDGE('',*,*,#6055,.F.);
#8790=ORIENTED_EDGE('',*,*,#6056,.F.);
#8791=ORIENTED_EDGE('',*,*,#6024,.F.);
#8792=ORIENTED_EDGE('',*,*,#6048,.F.);
#8793=ORIENTED_EDGE('',*,*,#6057,.F.);
#8794=ORIENTED_EDGE('',*,*,#6054,.T.);
#8795=ORIENTED_EDGE('',*,*,#5983,.F.);
#8796=ORIENTED_EDGE('',*,*,#6058,.T.);
#8797=ORIENTED_EDGE('',*,*,#6059,.T.);
#8798=ORIENTED_EDGE('',*,*,#6053,.T.);
#8799=ORIENTED_EDGE('',*,*,#6060,.T.);
#8800=ORIENTED_EDGE('',*,*,#6061,.F.);
#8801=ORIENTED_EDGE('',*,*,#5985,.F.);
#8802=ORIENTED_EDGE('',*,*,#6055,.T.);
#8803=ORIENTED_EDGE('',*,*,#6059,.F.);
#8804=ORIENTED_EDGE('',*,*,#6062,.F.);
#8805=ORIENTED_EDGE('',*,*,#6063,.F.);
#8806=ORIENTED_EDGE('',*,*,#6064,.F.);
#8807=ORIENTED_EDGE('',*,*,#6057,.T.);
#8808=ORIENTED_EDGE('',*,*,#6047,.F.);
#8809=ORIENTED_EDGE('',*,*,#6065,.F.);
#8810=ORIENTED_EDGE('',*,*,#6060,.F.);
#8811=ORIENTED_EDGE('',*,*,#6056,.T.);
#8812=ORIENTED_EDGE('',*,*,#6064,.T.);
#8813=ORIENTED_EDGE('',*,*,#6066,.T.);
#8814=ORIENTED_EDGE('',*,*,#6025,.F.);
#8815=ORIENTED_EDGE('',*,*,#6037,.T.);
#8816=ORIENTED_EDGE('',*,*,#6021,.F.);
#8817=ORIENTED_EDGE('',*,*,#6067,.F.);
#8818=ORIENTED_EDGE('',*,*,#6068,.T.);
#8819=ORIENTED_EDGE('',*,*,#6069,.F.);
#8820=ORIENTED_EDGE('',*,*,#6004,.T.);
#8821=ORIENTED_EDGE('',*,*,#6008,.F.);
#8822=ORIENTED_EDGE('',*,*,#5996,.F.);
#8823=ORIENTED_EDGE('',*,*,#6070,.F.);
#8824=ORIENTED_EDGE('',*,*,#6071,.F.);
#8825=ORIENTED_EDGE('',*,*,#5969,.F.);
#8826=ORIENTED_EDGE('',*,*,#6072,.F.);
#8827=ORIENTED_EDGE('',*,*,#6073,.F.);
#8828=ORIENTED_EDGE('',*,*,#5972,.F.);
#8829=ORIENTED_EDGE('',*,*,#6007,.T.);
#8830=ORIENTED_EDGE('',*,*,#6001,.T.);
#8831=ORIENTED_EDGE('',*,*,#6070,.T.);
#8832=ORIENTED_EDGE('',*,*,#5995,.F.);
#8833=ORIENTED_EDGE('',*,*,#6074,.F.);
#8834=ORIENTED_EDGE('',*,*,#6075,.T.);
#8835=ORIENTED_EDGE('',*,*,#6072,.T.);
#8836=ORIENTED_EDGE('',*,*,#5968,.F.);
#8837=ORIENTED_EDGE('',*,*,#6076,.T.);
#8838=ORIENTED_EDGE('',*,*,#6077,.F.);
#8839=ORIENTED_EDGE('',*,*,#6071,.T.);
#8840=ORIENTED_EDGE('',*,*,#6075,.F.);
#8841=ORIENTED_EDGE('',*,*,#6078,.F.);
#8842=ORIENTED_EDGE('',*,*,#6079,.F.);
#8843=ORIENTED_EDGE('',*,*,#6080,.T.);
#8844=ORIENTED_EDGE('',*,*,#6081,.F.);
#8845=ORIENTED_EDGE('',*,*,#6082,.F.);
#8846=ORIENTED_EDGE('',*,*,#6083,.F.);
#8847=ORIENTED_EDGE('',*,*,#5967,.F.);
#8848=ORIENTED_EDGE('',*,*,#6034,.T.);
#8849=ORIENTED_EDGE('',*,*,#6035,.F.);
#8850=ORIENTED_EDGE('',*,*,#5974,.F.);
#8851=ORIENTED_EDGE('',*,*,#6084,.F.);
#8852=ORIENTED_EDGE('',*,*,#6076,.F.);
#8853=ORIENTED_EDGE('',*,*,#6013,.T.);
#8854=ORIENTED_EDGE('',*,*,#6085,.T.);
#8855=ORIENTED_EDGE('',*,*,#6086,.F.);
#8856=ORIENTED_EDGE('',*,*,#5977,.F.);
#8857=ORIENTED_EDGE('',*,*,#6087,.F.);
#8858=ORIENTED_EDGE('',*,*,#6088,.F.);
#8859=ORIENTED_EDGE('',*,*,#6089,.F.);
#8860=ORIENTED_EDGE('',*,*,#5978,.F.);
#8861=ORIENTED_EDGE('',*,*,#6086,.T.);
#8862=ORIENTED_EDGE('',*,*,#6090,.T.);
#8863=ORIENTED_EDGE('',*,*,#6012,.T.);
#8864=ORIENTED_EDGE('',*,*,#6091,.F.);
#8865=ORIENTED_EDGE('',*,*,#6092,.F.);
#8866=ORIENTED_EDGE('',*,*,#6090,.F.);
#8867=ORIENTED_EDGE('',*,*,#6085,.F.);
#8868=ORIENTED_EDGE('',*,*,#6073,.T.);
#8869=ORIENTED_EDGE('',*,*,#6077,.T.);
#8870=ORIENTED_EDGE('',*,*,#6084,.T.);
#8871=ORIENTED_EDGE('',*,*,#5973,.F.);
#8872=ORIENTED_EDGE('',*,*,#6088,.T.);
#8873=ORIENTED_EDGE('',*,*,#6093,.F.);
#8874=ORIENTED_EDGE('',*,*,#6094,.F.);
#8875=ORIENTED_EDGE('',*,*,#6095,.F.);
#8876=ORIENTED_EDGE('',*,*,#6096,.T.);
#8877=ORIENTED_EDGE('',*,*,#6097,.F.);
#8878=ORIENTED_EDGE('',*,*,#6098,.F.);
#8879=ORIENTED_EDGE('',*,*,#6099,.F.);
#8880=ORIENTED_EDGE('',*,*,#6038,.T.);
#8881=ORIENTED_EDGE('',*,*,#6068,.F.);
#8882=ORIENTED_EDGE('',*,*,#6100,.F.);
#8883=ORIENTED_EDGE('',*,*,#6101,.F.);
#8884=ORIENTED_EDGE('',*,*,#6102,.F.);
#8885=ORIENTED_EDGE('',*,*,#6044,.F.);
#8886=ORIENTED_EDGE('',*,*,#6050,.T.);
#8887=ORIENTED_EDGE('',*,*,#6051,.F.);
#8888=ORIENTED_EDGE('',*,*,#5988,.F.);
#8889=ORIENTED_EDGE('',*,*,#6103,.F.);
#8890=ORIENTED_EDGE('',*,*,#6104,.F.);
#8891=ORIENTED_EDGE('',*,*,#6105,.F.);
#8892=ORIENTED_EDGE('',*,*,#6080,.F.);
#8893=ORIENTED_EDGE('',*,*,#6106,.F.);
#8894=ORIENTED_EDGE('',*,*,#5992,.F.);
#8895=ORIENTED_EDGE('',*,*,#6107,.T.);
#8896=ORIENTED_EDGE('',*,*,#6101,.T.);
#8897=ORIENTED_EDGE('',*,*,#6039,.T.);
#8898=ORIENTED_EDGE('',*,*,#6102,.T.);
#8899=ORIENTED_EDGE('',*,*,#6107,.F.);
#8900=ORIENTED_EDGE('',*,*,#5991,.F.);
#8901=ORIENTED_EDGE('',*,*,#6105,.T.);
#8902=ORIENTED_EDGE('',*,*,#6100,.T.);
#8903=ORIENTED_EDGE('',*,*,#6067,.T.);
#8904=ORIENTED_EDGE('',*,*,#6020,.F.);
#8905=ORIENTED_EDGE('',*,*,#6108,.F.);
#8906=ORIENTED_EDGE('',*,*,#6081,.T.);
#8907=ORIENTED_EDGE('',*,*,#6104,.T.);
#8908=ORIENTED_EDGE('',*,*,#6109,.F.);
#8909=ORIENTED_EDGE('',*,*,#6110,.T.);
#8910=ORIENTED_EDGE('',*,*,#6045,.F.);
#8911=ORIENTED_EDGE('',*,*,#6111,.F.);
#8912=ORIENTED_EDGE('',*,*,#6062,.T.);
#8913=ORIENTED_EDGE('',*,*,#6058,.F.);
#8914=ORIENTED_EDGE('',*,*,#5982,.F.);
#8915=ORIENTED_EDGE('',*,*,#6112,.F.);
#8916=ORIENTED_EDGE('',*,*,#6096,.F.);
#8917=ORIENTED_EDGE('',*,*,#6046,.F.);
#8918=ORIENTED_EDGE('',*,*,#6110,.F.);
#8919=ORIENTED_EDGE('',*,*,#6113,.F.);
#8920=ORIENTED_EDGE('',*,*,#5986,.F.);
#8921=ORIENTED_EDGE('',*,*,#6061,.T.);
#8922=ORIENTED_EDGE('',*,*,#6065,.T.);
#8923=ORIENTED_EDGE('',*,*,#6063,.T.);
#8924=ORIENTED_EDGE('',*,*,#6111,.T.);
#8925=ORIENTED_EDGE('',*,*,#6095,.T.);
#8926=ORIENTED_EDGE('',*,*,#6114,.T.);
#8927=ORIENTED_EDGE('',*,*,#6026,.F.);
#8928=ORIENTED_EDGE('',*,*,#6066,.F.);
#8929=ORIENTED_EDGE('',*,*,#6098,.T.);
#8930=ORIENTED_EDGE('',*,*,#6115,.T.);
#8931=ORIENTED_EDGE('',*,*,#5980,.F.);
#8932=ORIENTED_EDGE('',*,*,#6116,.F.);
#8933=ORIENTED_EDGE('',*,*,#6089,.T.);
#8934=ORIENTED_EDGE('',*,*,#6099,.T.);
#8935=ORIENTED_EDGE('',*,*,#6116,.T.);
#8936=ORIENTED_EDGE('',*,*,#5979,.F.);
#8937=ORIENTED_EDGE('',*,*,#6078,.T.);
#8938=ORIENTED_EDGE('',*,*,#6074,.T.);
#8939=ORIENTED_EDGE('',*,*,#5994,.F.);
#8940=ORIENTED_EDGE('',*,*,#6117,.F.);
#8941=ORIENTED_EDGE('',*,*,#6106,.T.);
#8942=ORIENTED_EDGE('',*,*,#6079,.T.);
#8943=ORIENTED_EDGE('',*,*,#6117,.T.);
#8944=ORIENTED_EDGE('',*,*,#5993,.F.);
#8945=ORIENTED_EDGE('',*,*,#6103,.T.);
#8946=ORIENTED_EDGE('',*,*,#5987,.F.);
#8947=ORIENTED_EDGE('',*,*,#6113,.T.);
#8948=ORIENTED_EDGE('',*,*,#6109,.T.);
#8949=ORIENTED_EDGE('',*,*,#6112,.T.);
#8950=ORIENTED_EDGE('',*,*,#5981,.F.);
#8951=ORIENTED_EDGE('',*,*,#6115,.F.);
#8952=ORIENTED_EDGE('',*,*,#6097,.T.);
#8953=ORIENTED_EDGE('',*,*,#6108,.T.);
#8954=ORIENTED_EDGE('',*,*,#6019,.F.);
#8955=ORIENTED_EDGE('',*,*,#6118,.F.);
#8956=ORIENTED_EDGE('',*,*,#6082,.T.);
#8957=ORIENTED_EDGE('',*,*,#6069,.T.);
#8958=ORIENTED_EDGE('',*,*,#6083,.T.);
#8959=ORIENTED_EDGE('',*,*,#6118,.T.);
#8960=ORIENTED_EDGE('',*,*,#6018,.F.);
#8961=ORIENTED_EDGE('',*,*,#6032,.F.);
#8962=ORIENTED_EDGE('',*,*,#6005,.T.);
#8963=ORIENTED_EDGE('',*,*,#6011,.T.);
#8964=ORIENTED_EDGE('',*,*,#6029,.F.);
#8965=ORIENTED_EDGE('',*,*,#6119,.F.);
#8966=ORIENTED_EDGE('',*,*,#6091,.T.);
#8967=ORIENTED_EDGE('',*,*,#6092,.T.);
#8968=ORIENTED_EDGE('',*,*,#6119,.T.);
#8969=ORIENTED_EDGE('',*,*,#6028,.F.);
#8970=ORIENTED_EDGE('',*,*,#6120,.F.);
#8971=ORIENTED_EDGE('',*,*,#6093,.T.);
#8972=ORIENTED_EDGE('',*,*,#6087,.T.);
#8973=ORIENTED_EDGE('',*,*,#6120,.T.);
#8974=ORIENTED_EDGE('',*,*,#6027,.F.);
#8975=ORIENTED_EDGE('',*,*,#6114,.F.);
#8976=ORIENTED_EDGE('',*,*,#6094,.T.);
#8977=PLANE('',#9777);
#8978=PLANE('',#9778);
#8979=PLANE('',#9779);
#8980=PLANE('',#9780);
#8981=PLANE('',#9781);
#8982=PLANE('',#9782);
#8983=PLANE('',#9783);
#8984=PLANE('',#9784);
#8985=PLANE('',#9785);
#8986=PLANE('',#9786);
#8987=PLANE('',#9787);
#8988=PLANE('',#9788);
#8989=PLANE('',#9789);
#8990=PLANE('',#9790);
#8991=PLANE('',#9791);
#8992=PLANE('',#9792);
#8993=PLANE('',#9793);
#8994=PLANE('',#9794);
#8995=PLANE('',#9795);
#8996=PLANE('',#9796);
#8997=PLANE('',#9797);
#8998=PLANE('',#9798);
#8999=PLANE('',#9799);
#9000=PLANE('',#9800);
#9001=PLANE('',#9801);
#9002=PLANE('',#9802);
#9003=PLANE('',#9803);
#9004=PLANE('',#9804);
#9005=PLANE('',#9805);
#9006=PLANE('',#9806);
#9007=PLANE('',#9807);
#9008=PLANE('',#9808);
#9009=PLANE('',#9809);
#9010=PLANE('',#9810);
#9011=PLANE('',#9811);
#9012=PLANE('',#9812);
#9013=PLANE('',#9813);
#9014=PLANE('',#9814);
#9015=PLANE('',#9815);
#9016=PLANE('',#9816);
#9017=PLANE('',#9817);
#9018=PLANE('',#9818);
#9019=PLANE('',#9819);
#9020=PLANE('',#9820);
#9021=PLANE('',#9821);
#9022=PLANE('',#9822);
#9023=PLANE('',#9823);
#9024=PLANE('',#9824);
#9025=PLANE('',#9825);
#9026=PLANE('',#9826);
#9027=PLANE('',#9827);
#9028=PLANE('',#9828);
#9029=PLANE('',#9829);
#9030=PLANE('',#9830);
#9031=PLANE('',#9831);
#9032=PLANE('',#9832);
#9033=PLANE('',#9833);
#9034=PLANE('',#9834);
#9035=PLANE('',#9835);
#9036=PLANE('',#9836);
#9037=PLANE('',#9837);
#9038=PLANE('',#9838);
#9039=PLANE('',#9839);
#9040=PLANE('',#9840);
#9041=PLANE('',#9841);
#9042=PLANE('',#9842);
#9043=PLANE('',#9843);
#9044=PLANE('',#9844);
#9045=PLANE('',#9845);
#9046=PLANE('',#9846);
#9047=PLANE('',#9847);
#9048=PLANE('',#9848);
#9049=PLANE('',#9849);
#9050=PLANE('',#9850);
#9051=PLANE('',#9851);
#9052=PLANE('',#9852);
#9053=PLANE('',#9853);
#9054=PLANE('',#9854);
#9055=PLANE('',#9855);
#9056=PLANE('',#9856);
#9057=PLANE('',#9857);
#9058=PLANE('',#9858);
#9059=PLANE('',#9859);
#9060=PLANE('',#9860);
#9061=PLANE('',#9861);
#9062=PLANE('',#9862);
#9063=PLANE('',#9863);
#9064=PLANE('',#9864);
#9065=PLANE('',#9865);
#9066=PLANE('',#9866);
#9067=PLANE('',#9867);
#9068=PLANE('',#9868);
#9069=PLANE('',#9869);
#9070=PLANE('',#9870);
#9071=PLANE('',#9871);
#9072=PLANE('',#9872);
#9073=PLANE('',#9873);
#9074=PLANE('',#9874);
#9075=PLANE('',#9875);
#9076=PLANE('',#9876);
#9077=PLANE('',#9877);
#9078=PLANE('',#9878);
#9079=PLANE('',#9879);
#9080=PLANE('',#9880);
#9081=PLANE('',#9881);
#9082=PLANE('',#9882);
#9083=PLANE('',#9883);
#9084=PLANE('',#9884);
#9085=PLANE('',#9885);
#9086=PLANE('',#9886);
#9087=PLANE('',#9887);
#9088=PLANE('',#9888);
#9089=PLANE('',#9889);
#9090=PLANE('',#9890);
#9091=PLANE('',#9891);
#9092=PLANE('',#9892);
#9093=PLANE('',#9893);
#9094=PLANE('',#9894);
#9095=PLANE('',#9895);
#9096=PLANE('',#9896);
#9097=PLANE('',#9897);
#9098=PLANE('',#9898);
#9099=PLANE('',#9899);
#9100=PLANE('',#9900);
#9101=PLANE('',#9901);
#9102=PLANE('',#9902);
#9103=PLANE('',#9903);
#9104=PLANE('',#9904);
#9105=PLANE('',#9905);
#9106=PLANE('',#9906);
#9107=PLANE('',#9907);
#9108=PLANE('',#9908);
#9109=PLANE('',#9909);
#9110=PLANE('',#9910);
#9111=PLANE('',#9911);
#9112=PLANE('',#9912);
#9113=PLANE('',#9913);
#9114=PLANE('',#9914);
#9115=PLANE('',#9915);
#9116=PLANE('',#9916);
#9117=PLANE('',#9917);
#9118=PLANE('',#9918);
#9119=PLANE('',#9919);
#9120=PLANE('',#9920);
#9121=PLANE('',#9921);
#9122=PLANE('',#9922);
#9123=PLANE('',#9923);
#9124=PLANE('',#9924);
#9125=PLANE('',#9925);
#9126=PLANE('',#9926);
#9127=PLANE('',#9927);
#9128=PLANE('',#9928);
#9129=PLANE('',#9929);
#9130=PLANE('',#9930);
#9131=PLANE('',#9931);
#9132=PLANE('',#9932);
#9133=PLANE('',#9933);
#9134=PLANE('',#9934);
#9135=PLANE('',#9935);
#9136=PLANE('',#9936);
#9137=PLANE('',#9937);
#9138=PLANE('',#9938);
#9139=PLANE('',#9939);
#9140=PLANE('',#9940);
#9141=PLANE('',#9941);
#9142=PLANE('',#9942);
#9143=PLANE('',#9943);
#9144=PLANE('',#9944);
#9145=PLANE('',#9945);
#9146=PLANE('',#9946);
#9147=PLANE('',#9947);
#9148=PLANE('',#9948);
#9149=PLANE('',#9949);
#9150=PLANE('',#9950);
#9151=PLANE('',#9951);
#9152=PLANE('',#9952);
#9153=PLANE('',#9953);
#9154=PLANE('',#9954);
#9155=PLANE('',#9955);
#9156=PLANE('',#9956);
#9157=PLANE('',#9957);
#9158=PLANE('',#9958);
#9159=PLANE('',#9959);
#9160=PLANE('',#9960);
#9161=PLANE('',#9961);
#9162=PLANE('',#9962);
#9163=PLANE('',#9963);
#9164=PLANE('',#9964);
#9165=PLANE('',#9965);
#9166=PLANE('',#9966);
#9167=PLANE('',#9967);
#9168=PLANE('',#9968);
#9169=PLANE('',#9969);
#9170=PLANE('',#9970);
#9171=PLANE('',#9971);
#9172=PLANE('',#9972);
#9173=PLANE('',#9973);
#9174=PLANE('',#9974);
#9175=PLANE('',#9975);
#9176=PLANE('',#9976);
#9177=PLANE('',#9977);
#9178=PLANE('',#9978);
#9179=PLANE('',#9979);
#9180=PLANE('',#9980);
#9181=PLANE('',#9981);
#9182=PLANE('',#9982);
#9183=PLANE('',#9983);
#9184=PLANE('',#9984);
#9185=PLANE('',#9985);
#9186=PLANE('',#9986);
#9187=PLANE('',#9987);
#9188=PLANE('',#9988);
#9189=PLANE('',#9989);
#9190=PLANE('',#9990);
#9191=PLANE('',#9991);
#9192=PLANE('',#9992);
#9193=PLANE('',#9993);
#9194=PLANE('',#9994);
#9195=PLANE('',#9995);
#9196=PLANE('',#9996);
#9197=PLANE('',#9997);
#9198=PLANE('',#9998);
#9199=PLANE('',#9999);
#9200=PLANE('',#10000);
#9201=PLANE('',#10001);
#9202=PLANE('',#10002);
#9203=PLANE('',#10003);
#9204=PLANE('',#10004);
#9205=PLANE('',#10016);
#9206=PLANE('',#10017);
#9207=PLANE('',#10028);
#9208=PLANE('',#10029);
#9209=PLANE('',#10031);
#9210=PLANE('',#10032);
#9211=PLANE('',#10039);
#9212=PLANE('',#10048);
#9213=PLANE('',#10049);
#9214=PLANE('',#10050);
#9215=PLANE('',#10055);
#9216=PLANE('',#10056);
#9217=PLANE('',#10057);
#9218=PLANE('',#10062);
#9219=PLANE('',#10063);
#9220=PLANE('',#10064);
#9221=PLANE('',#10066);
#9222=PLANE('',#10067);
#9223=PLANE('',#10068);
#9224=PLANE('',#10069);
#9225=PLANE('',#10070);
#9226=PLANE('',#10073);
#9227=PLANE('',#10074);
#9228=PLANE('',#10078);
#9229=PLANE('',#10079);
#9230=PLANE('',#10080);
#9231=PLANE('',#10081);
#9232=PLANE('',#10083);
#9233=PLANE('',#10084);
#9234=PLANE('',#10089);
#9235=PLANE('',#10091);
#9236=PLANE('',#10092);
#9237=PLANE('',#10093);
#9238=PLANE('',#10095);
#9239=PLANE('',#10096);
#9240=PLANE('',#10097);
#9241=PLANE('',#10099);
#9242=PLANE('',#10101);
#9243=PLANE('',#10103);
#9244=PLANE('',#10105);
#9245=PLANE('',#10107);
#9246=PLANE('',#10109);
#9247=ADVANCED_FACE('',(#813),#8977,.F.);
#9248=ADVANCED_FACE('',(#814),#8978,.F.);
#9249=ADVANCED_FACE('',(#815),#8979,.F.);
#9250=ADVANCED_FACE('',(#816),#8980,.F.);
#9251=ADVANCED_FACE('',(#817),#8981,.F.);
#9252=ADVANCED_FACE('',(#818),#8982,.F.);
#9253=ADVANCED_FACE('',(#819),#8983,.F.);
#9254=ADVANCED_FACE('',(#820),#8984,.F.);
#9255=ADVANCED_FACE('',(#821),#8985,.F.);
#9256=ADVANCED_FACE('',(#822),#8986,.F.);
#9257=ADVANCED_FACE('',(#823),#8987,.F.);
#9258=ADVANCED_FACE('',(#824),#8988,.F.);
#9259=ADVANCED_FACE('',(#825),#8989,.F.);
#9260=ADVANCED_FACE('',(#826),#8990,.F.);
#9261=ADVANCED_FACE('',(#827),#584,.F.);
#9262=ADVANCED_FACE('',(#828),#585,.F.);
#9263=ADVANCED_FACE('',(#829),#586,.F.);
#9264=ADVANCED_FACE('',(#830),#587,.F.);
#9265=ADVANCED_FACE('',(#831),#588,.F.);
#9266=ADVANCED_FACE('',(#832),#8991,.F.);
#9267=ADVANCED_FACE('',(#833),#8992,.F.);
#9268=ADVANCED_FACE('',(#834),#8993,.F.);
#9269=ADVANCED_FACE('',(#835),#8994,.F.);
#9270=ADVANCED_FACE('',(#836),#589,.F.);
#9271=ADVANCED_FACE('',(#837),#590,.F.);
#9272=ADVANCED_FACE('',(#838),#591,.F.);
#9273=ADVANCED_FACE('',(#839),#592,.F.);
#9274=ADVANCED_FACE('',(#840),#8995,.F.);
#9275=ADVANCED_FACE('',(#841),#8996,.F.);
#9276=ADVANCED_FACE('',(#842),#8997,.F.);
#9277=ADVANCED_FACE('',(#843),#593,.F.);
#9278=ADVANCED_FACE('',(#844),#594,.F.);
#9279=ADVANCED_FACE('',(#845),#595,.F.);
#9280=ADVANCED_FACE('',(#846),#596,.F.);
#9281=ADVANCED_FACE('',(#847),#597,.F.);
#9282=ADVANCED_FACE('',(#848),#598,.F.);
#9283=ADVANCED_FACE('',(#849),#599,.F.);
#9284=ADVANCED_FACE('',(#850),#8998,.F.);
#9285=ADVANCED_FACE('',(#851),#8999,.F.);
#9286=ADVANCED_FACE('',(#852),#9000,.F.);
#9287=ADVANCED_FACE('',(#853,#78),#9001,.T.);
#9288=ADVANCED_FACE('',(#854),#9002,.F.);
#9289=ADVANCED_FACE('',(#855),#9003,.F.);
#9290=ADVANCED_FACE('',(#856),#9004,.F.);
#9291=ADVANCED_FACE('',(#857),#9005,.F.);
#9292=ADVANCED_FACE('',(#858),#9006,.F.);
#9293=ADVANCED_FACE('',(#859),#9007,.F.);
#9294=ADVANCED_FACE('',(#860),#9008,.F.);
#9295=ADVANCED_FACE('',(#861),#9009,.F.);
#9296=ADVANCED_FACE('',(#862),#9010,.F.);
#9297=ADVANCED_FACE('',(#863),#9011,.F.);
#9298=ADVANCED_FACE('',(#864),#9012,.F.);
#9299=ADVANCED_FACE('',(#865),#9013,.F.);
#9300=ADVANCED_FACE('',(#866),#9014,.F.);
#9301=ADVANCED_FACE('',(#867),#9015,.F.);
#9302=ADVANCED_FACE('',(#868),#9016,.F.);
#9303=ADVANCED_FACE('',(#869),#9017,.F.);
#9304=ADVANCED_FACE('',(#870),#9018,.F.);
#9305=ADVANCED_FACE('',(#871),#9019,.F.);
#9306=ADVANCED_FACE('',(#872),#9020,.F.);
#9307=ADVANCED_FACE('',(#873),#9021,.F.);
#9308=ADVANCED_FACE('',(#874),#600,.F.);
#9309=ADVANCED_FACE('',(#875),#601,.F.);
#9310=ADVANCED_FACE('',(#876),#602,.F.);
#9311=ADVANCED_FACE('',(#877),#603,.F.);
#9312=ADVANCED_FACE('',(#878),#604,.F.);
#9313=ADVANCED_FACE('',(#879),#605,.F.);
#9314=ADVANCED_FACE('',(#880),#606,.F.);
#9315=ADVANCED_FACE('',(#881),#607,.F.);
#9316=ADVANCED_FACE('',(#882),#608,.F.);
#9317=ADVANCED_FACE('',(#883),#609,.F.);
#9318=ADVANCED_FACE('',(#884),#610,.F.);
#9319=ADVANCED_FACE('',(#885),#611,.F.);
#9320=ADVANCED_FACE('',(#886),#612,.F.);
#9321=ADVANCED_FACE('',(#887),#613,.F.);
#9322=ADVANCED_FACE('',(#888),#614,.F.);
#9323=ADVANCED_FACE('',(#889),#615,.F.);
#9324=ADVANCED_FACE('',(#890),#616,.F.);
#9325=ADVANCED_FACE('',(#891),#617,.F.);
#9326=ADVANCED_FACE('',(#892),#618,.F.);
#9327=ADVANCED_FACE('',(#893),#619,.F.);
#9328=ADVANCED_FACE('',(#894,#79),#9022,.T.);
#9329=ADVANCED_FACE('',(#895),#9023,.F.);
#9330=ADVANCED_FACE('',(#896),#620,.F.);
#9331=ADVANCED_FACE('',(#897),#621,.F.);
#9332=ADVANCED_FACE('',(#898),#622,.F.);
#9333=ADVANCED_FACE('',(#899),#623,.F.);
#9334=ADVANCED_FACE('',(#900),#624,.F.);
#9335=ADVANCED_FACE('',(#901),#625,.F.);
#9336=ADVANCED_FACE('',(#902),#626,.F.);
#9337=ADVANCED_FACE('',(#903),#9024,.F.);
#9338=ADVANCED_FACE('',(#904),#9025,.F.);
#9339=ADVANCED_FACE('',(#905),#627,.F.);
#9340=ADVANCED_FACE('',(#906),#628,.F.);
#9341=ADVANCED_FACE('',(#907),#629,.F.);
#9342=ADVANCED_FACE('',(#908),#630,.F.);
#9343=ADVANCED_FACE('',(#909),#631,.F.);
#9344=ADVANCED_FACE('',(#910),#632,.F.);
#9345=ADVANCED_FACE('',(#911),#633,.F.);
#9346=ADVANCED_FACE('',(#912),#634,.F.);
#9347=ADVANCED_FACE('',(#913),#635,.F.);
#9348=ADVANCED_FACE('',(#914),#9026,.F.);
#9349=ADVANCED_FACE('',(#915),#9027,.F.);
#9350=ADVANCED_FACE('',(#916),#9028,.F.);
#9351=ADVANCED_FACE('',(#917,#80),#9029,.T.);
#9352=ADVANCED_FACE('',(#918),#9030,.F.);
#9353=ADVANCED_FACE('',(#919),#9031,.F.);
#9354=ADVANCED_FACE('',(#920),#9032,.F.);
#9355=ADVANCED_FACE('',(#921),#9033,.F.);
#9356=ADVANCED_FACE('',(#922),#9034,.F.);
#9357=ADVANCED_FACE('',(#923),#9035,.F.);
#9358=ADVANCED_FACE('',(#924),#9036,.F.);
#9359=ADVANCED_FACE('',(#925),#9037,.F.);
#9360=ADVANCED_FACE('',(#926),#9038,.F.);
#9361=ADVANCED_FACE('',(#927),#9039,.F.);
#9362=ADVANCED_FACE('',(#928),#9040,.F.);
#9363=ADVANCED_FACE('',(#929),#636,.F.);
#9364=ADVANCED_FACE('',(#930),#637,.F.);
#9365=ADVANCED_FACE('',(#931),#9041,.F.);
#9366=ADVANCED_FACE('',(#932),#9042,.F.);
#9367=ADVANCED_FACE('',(#933),#9043,.F.);
#9368=ADVANCED_FACE('',(#934),#9044,.F.);
#9369=ADVANCED_FACE('',(#935),#9045,.F.);
#9370=ADVANCED_FACE('',(#936),#9046,.F.);
#9371=ADVANCED_FACE('',(#937),#9047,.F.);
#9372=ADVANCED_FACE('',(#938),#9048,.F.);
#9373=ADVANCED_FACE('',(#939),#9049,.F.);
#9374=ADVANCED_FACE('',(#940),#9050,.F.);
#9375=ADVANCED_FACE('',(#941),#9051,.F.);
#9376=ADVANCED_FACE('',(#942,#81),#9052,.T.);
#9377=ADVANCED_FACE('',(#943),#9053,.F.);
#9378=ADVANCED_FACE('',(#944),#9054,.F.);
#9379=ADVANCED_FACE('',(#945),#9055,.F.);
#9380=ADVANCED_FACE('',(#946),#9056,.F.);
#9381=ADVANCED_FACE('',(#947),#9057,.F.);
#9382=ADVANCED_FACE('',(#948),#9058,.F.);
#9383=ADVANCED_FACE('',(#949),#9059,.F.);
#9384=ADVANCED_FACE('',(#950),#9060,.F.);
#9385=ADVANCED_FACE('',(#951),#9061,.F.);
#9386=ADVANCED_FACE('',(#952),#638,.F.);
#9387=ADVANCED_FACE('',(#953),#639,.F.);
#9388=ADVANCED_FACE('',(#954),#9062,.F.);
#9389=ADVANCED_FACE('',(#955),#9063,.F.);
#9390=ADVANCED_FACE('',(#956),#9064,.F.);
#9391=ADVANCED_FACE('',(#957),#9065,.F.);
#9392=ADVANCED_FACE('',(#958),#9066,.T.);
#9393=ADVANCED_FACE('',(#959),#9067,.F.);
#9394=ADVANCED_FACE('',(#960),#9068,.F.);
#9395=ADVANCED_FACE('',(#961),#9069,.F.);
#9396=ADVANCED_FACE('',(#962),#9070,.F.);
#9397=ADVANCED_FACE('',(#963),#9071,.F.);
#9398=ADVANCED_FACE('',(#964),#9072,.F.);
#9399=ADVANCED_FACE('',(#965),#9073,.F.);
#9400=ADVANCED_FACE('',(#966),#9074,.F.);
#9401=ADVANCED_FACE('',(#967),#9075,.F.);
#9402=ADVANCED_FACE('',(#968),#9076,.F.);
#9403=ADVANCED_FACE('',(#969),#9077,.F.);
#9404=ADVANCED_FACE('',(#970),#9078,.F.);
#9405=ADVANCED_FACE('',(#971),#9079,.F.);
#9406=ADVANCED_FACE('',(#972),#9080,.F.);
#9407=ADVANCED_FACE('',(#973),#9081,.F.);
#9408=ADVANCED_FACE('',(#974),#9082,.F.);
#9409=ADVANCED_FACE('',(#975),#9083,.F.);
#9410=ADVANCED_FACE('',(#976),#9084,.F.);
#9411=ADVANCED_FACE('',(#977),#9085,.F.);
#9412=ADVANCED_FACE('',(#978),#9086,.F.);
#9413=ADVANCED_FACE('',(#979),#9087,.F.);
#9414=ADVANCED_FACE('',(#980),#9088,.F.);
#9415=ADVANCED_FACE('',(#981),#9089,.T.);
#9416=ADVANCED_FACE('',(#982),#9090,.T.);
#9417=ADVANCED_FACE('',(#983),#9091,.T.);
#9418=ADVANCED_FACE('',(#984),#9092,.T.);
#9419=ADVANCED_FACE('',(#985),#640,.F.);
#9420=ADVANCED_FACE('',(#986),#641,.F.);
#9421=ADVANCED_FACE('',(#987),#642,.F.);
#9422=ADVANCED_FACE('',(#988),#643,.F.);
#9423=ADVANCED_FACE('',(#989),#644,.F.);
#9424=ADVANCED_FACE('',(#990),#645,.F.);
#9425=ADVANCED_FACE('',(#991),#646,.F.);
#9426=ADVANCED_FACE('',(#992),#647,.F.);
#9427=ADVANCED_FACE('',(#993),#648,.F.);
#9428=ADVANCED_FACE('',(#994),#649,.F.);
#9429=ADVANCED_FACE('',(#995),#650,.F.);
#9430=ADVANCED_FACE('',(#996),#651,.F.);
#9431=ADVANCED_FACE('',(#997),#652,.F.);
#9432=ADVANCED_FACE('',(#998),#653,.F.);
#9433=ADVANCED_FACE('',(#999),#654,.F.);
#9434=ADVANCED_FACE('',(#1000),#655,.F.);
#9435=ADVANCED_FACE('',(#1001),#656,.F.);
#9436=ADVANCED_FACE('',(#1002,#82),#9093,.T.);
#9437=ADVANCED_FACE('',(#1003),#9094,.F.);
#9438=ADVANCED_FACE('',(#1004),#657,.F.);
#9439=ADVANCED_FACE('',(#1005),#658,.F.);
#9440=ADVANCED_FACE('',(#1006),#659,.F.);
#9441=ADVANCED_FACE('',(#1007),#660,.F.);
#9442=ADVANCED_FACE('',(#1008),#661,.F.);
#9443=ADVANCED_FACE('',(#1009),#662,.F.);
#9444=ADVANCED_FACE('',(#1010),#9095,.F.);
#9445=ADVANCED_FACE('',(#1011),#9096,.F.);
#9446=ADVANCED_FACE('',(#1012),#9097,.F.);
#9447=ADVANCED_FACE('',(#1013),#663,.F.);
#9448=ADVANCED_FACE('',(#1014),#664,.F.);
#9449=ADVANCED_FACE('',(#1015),#665,.F.);
#9450=ADVANCED_FACE('',(#1016),#666,.F.);
#9451=ADVANCED_FACE('',(#1017),#667,.F.);
#9452=ADVANCED_FACE('',(#1018),#668,.F.);
#9453=ADVANCED_FACE('',(#1019),#669,.F.);
#9454=ADVANCED_FACE('',(#1020),#9098,.F.);
#9455=ADVANCED_FACE('',(#1021),#9099,.F.);
#9456=ADVANCED_FACE('',(#1022),#670,.F.);
#9457=ADVANCED_FACE('',(#1023),#671,.F.);
#9458=ADVANCED_FACE('',(#1024),#672,.F.);
#9459=ADVANCED_FACE('',(#1025),#673,.F.);
#9460=ADVANCED_FACE('',(#1026),#674,.F.);
#9461=ADVANCED_FACE('',(#1027),#675,.F.);
#9462=ADVANCED_FACE('',(#1028),#676,.F.);
#9463=ADVANCED_FACE('',(#1029),#677,.F.);
#9464=ADVANCED_FACE('',(#1030),#678,.F.);
#9465=ADVANCED_FACE('',(#1031),#679,.F.);
#9466=ADVANCED_FACE('',(#1032),#680,.F.);
#9467=ADVANCED_FACE('',(#1033),#9100,.F.);
#9468=ADVANCED_FACE('',(#1034),#9101,.F.);
#9469=ADVANCED_FACE('',(#1035),#9102,.F.);
#9470=ADVANCED_FACE('',(#1036,#83,#84),#9103,.T.);
#9471=ADVANCED_FACE('',(#1037),#681,.F.);
#9472=ADVANCED_FACE('',(#1038),#682,.F.);
#9473=ADVANCED_FACE('',(#1039),#683,.F.);
#9474=ADVANCED_FACE('',(#1040),#9104,.F.);
#9475=ADVANCED_FACE('',(#1041),#9105,.F.);
#9476=ADVANCED_FACE('',(#1042),#9106,.F.);
#9477=ADVANCED_FACE('',(#1043),#684,.F.);
#9478=ADVANCED_FACE('',(#1044),#685,.F.);
#9479=ADVANCED_FACE('',(#1045),#9107,.F.);
#9480=ADVANCED_FACE('',(#1046),#9108,.F.);
#9481=ADVANCED_FACE('',(#1047),#9109,.F.);
#9482=ADVANCED_FACE('',(#1048),#686,.F.);
#9483=ADVANCED_FACE('',(#1049),#687,.F.);
#9484=ADVANCED_FACE('',(#1050),#688,.F.);
#9485=ADVANCED_FACE('',(#1051),#689,.F.);
#9486=ADVANCED_FACE('',(#1052),#690,.F.);
#9487=ADVANCED_FACE('',(#1053),#9110,.F.);
#9488=ADVANCED_FACE('',(#1054),#691,.F.);
#9489=ADVANCED_FACE('',(#1055),#9111,.T.);
#9490=ADVANCED_FACE('',(#1056),#692,.F.);
#9491=ADVANCED_FACE('',(#1057),#693,.F.);
#9492=ADVANCED_FACE('',(#1058),#694,.F.);
#9493=ADVANCED_FACE('',(#1059),#695,.F.);
#9494=ADVANCED_FACE('',(#1060),#696,.F.);
#9495=ADVANCED_FACE('',(#1061),#697,.F.);
#9496=ADVANCED_FACE('',(#1062),#698,.F.);
#9497=ADVANCED_FACE('',(#1063),#699,.F.);
#9498=ADVANCED_FACE('',(#1064),#700,.F.);
#9499=ADVANCED_FACE('',(#1065),#701,.F.);
#9500=ADVANCED_FACE('',(#1066),#702,.F.);
#9501=ADVANCED_FACE('',(#1067),#703,.F.);
#9502=ADVANCED_FACE('',(#1068),#704,.F.);
#9503=ADVANCED_FACE('',(#1069),#705,.F.);
#9504=ADVANCED_FACE('',(#1070),#706,.F.);
#9505=ADVANCED_FACE('',(#1071),#707,.F.);
#9506=ADVANCED_FACE('',(#1072),#708,.F.);
#9507=ADVANCED_FACE('',(#1073,#85),#9112,.T.);
#9508=ADVANCED_FACE('',(#1074),#709,.F.);
#9509=ADVANCED_FACE('',(#1075),#710,.F.);
#9510=ADVANCED_FACE('',(#1076),#711,.F.);
#9511=ADVANCED_FACE('',(#1077),#712,.F.);
#9512=ADVANCED_FACE('',(#1078),#713,.F.);
#9513=ADVANCED_FACE('',(#1079),#714,.F.);
#9514=ADVANCED_FACE('',(#1080),#715,.F.);
#9515=ADVANCED_FACE('',(#1081),#716,.F.);
#9516=ADVANCED_FACE('',(#1082),#9113,.F.);
#9517=ADVANCED_FACE('',(#1083),#9114,.F.);
#9518=ADVANCED_FACE('',(#1084),#9115,.F.);
#9519=ADVANCED_FACE('',(#1085),#717,.F.);
#9520=ADVANCED_FACE('',(#1086),#718,.F.);
#9521=ADVANCED_FACE('',(#1087),#719,.F.);
#9522=ADVANCED_FACE('',(#1088),#720,.F.);
#9523=ADVANCED_FACE('',(#1089),#721,.F.);
#9524=ADVANCED_FACE('',(#1090),#722,.F.);
#9525=ADVANCED_FACE('',(#1091),#723,.F.);
#9526=ADVANCED_FACE('',(#1092),#724,.F.);
#9527=ADVANCED_FACE('',(#1093),#725,.F.);
#9528=ADVANCED_FACE('',(#1094),#9116,.F.);
#9529=ADVANCED_FACE('',(#1095),#9117,.F.);
#9530=ADVANCED_FACE('',(#1096,#86),#9118,.T.);
#9531=ADVANCED_FACE('',(#1097),#726,.F.);
#9532=ADVANCED_FACE('',(#1098),#727,.F.);
#9533=ADVANCED_FACE('',(#1099),#728,.F.);
#9534=ADVANCED_FACE('',(#1100),#729,.F.);
#9535=ADVANCED_FACE('',(#1101),#730,.F.);
#9536=ADVANCED_FACE('',(#1102),#731,.F.);
#9537=ADVANCED_FACE('',(#1103),#732,.F.);
#9538=ADVANCED_FACE('',(#1104),#733,.F.);
#9539=ADVANCED_FACE('',(#1105),#734,.F.);
#9540=ADVANCED_FACE('',(#1106),#9119,.F.);
#9541=ADVANCED_FACE('',(#1107),#9120,.F.);
#9542=ADVANCED_FACE('',(#1108),#735,.F.);
#9543=ADVANCED_FACE('',(#1109),#736,.F.);
#9544=ADVANCED_FACE('',(#1110),#9121,.F.);
#9545=ADVANCED_FACE('',(#1111),#737,.F.);
#9546=ADVANCED_FACE('',(#1112),#738,.F.);
#9547=ADVANCED_FACE('',(#1113),#739,.F.);
#9548=ADVANCED_FACE('',(#1114),#740,.F.);
#9549=ADVANCED_FACE('',(#1115),#741,.F.);
#9550=ADVANCED_FACE('',(#1116),#742,.F.);
#9551=ADVANCED_FACE('',(#1117),#743,.F.);
#9552=ADVANCED_FACE('',(#1118),#9122,.F.);
#9553=ADVANCED_FACE('',(#1119),#744,.F.);
#9554=ADVANCED_FACE('',(#1120),#745,.F.);
#9555=ADVANCED_FACE('',(#1121),#746,.F.);
#9556=ADVANCED_FACE('',(#1122),#747,.F.);
#9557=ADVANCED_FACE('',(#1123),#748,.F.);
#9558=ADVANCED_FACE('',(#1124),#749,.F.);
#9559=ADVANCED_FACE('',(#1125),#750,.F.);
#9560=ADVANCED_FACE('',(#1126),#751,.F.);
#9561=ADVANCED_FACE('',(#1127),#752,.F.);
#9562=ADVANCED_FACE('',(#1128),#753,.F.);
#9563=ADVANCED_FACE('',(#1129),#754,.F.);
#9564=ADVANCED_FACE('',(#1130),#755,.F.);
#9565=ADVANCED_FACE('',(#1131),#756,.F.);
#9566=ADVANCED_FACE('',(#1132),#757,.F.);
#9567=ADVANCED_FACE('',(#1133),#758,.F.);
#9568=ADVANCED_FACE('',(#1134,#87),#9123,.T.);
#9569=ADVANCED_FACE('',(#1135),#9124,.F.);
#9570=ADVANCED_FACE('',(#1136),#9125,.F.);
#9571=ADVANCED_FACE('',(#1137),#9126,.F.);
#9572=ADVANCED_FACE('',(#1138),#9127,.F.);
#9573=ADVANCED_FACE('',(#1139),#9128,.F.);
#9574=ADVANCED_FACE('',(#1140),#9129,.F.);
#9575=ADVANCED_FACE('',(#1141),#9130,.F.);
#9576=ADVANCED_FACE('',(#1142),#9131,.F.);
#9577=ADVANCED_FACE('',(#1143),#759,.F.);
#9578=ADVANCED_FACE('',(#1144),#760,.F.);
#9579=ADVANCED_FACE('',(#1145),#761,.F.);
#9580=ADVANCED_FACE('',(#1146),#762,.F.);
#9581=ADVANCED_FACE('',(#1147),#763,.F.);
#9582=ADVANCED_FACE('',(#1148),#9132,.F.);
#9583=ADVANCED_FACE('',(#1149),#9133,.F.);
#9584=ADVANCED_FACE('',(#1150),#9134,.F.);
#9585=ADVANCED_FACE('',(#1151),#764,.F.);
#9586=ADVANCED_FACE('',(#1152),#765,.F.);
#9587=ADVANCED_FACE('',(#1153),#766,.F.);
#9588=ADVANCED_FACE('',(#1154),#767,.F.);
#9589=ADVANCED_FACE('',(#1155),#768,.F.);
#9590=ADVANCED_FACE('',(#1156),#9135,.F.);
#9591=ADVANCED_FACE('',(#1157),#9136,.F.);
#9592=ADVANCED_FACE('',(#1158),#9137,.F.);
#9593=ADVANCED_FACE('',(#1159),#9138,.F.);
#9594=ADVANCED_FACE('',(#1160),#9139,.T.);
#9595=ADVANCED_FACE('',(#1161),#769,.F.);
#9596=ADVANCED_FACE('',(#1162),#770,.F.);
#9597=ADVANCED_FACE('',(#1163),#771,.F.);
#9598=ADVANCED_FACE('',(#1164),#772,.F.);
#9599=ADVANCED_FACE('',(#1165),#773,.F.);
#9600=ADVANCED_FACE('',(#1166),#774,.F.);
#9601=ADVANCED_FACE('',(#1167),#775,.F.);
#9602=ADVANCED_FACE('',(#1168),#776,.F.);
#9603=ADVANCED_FACE('',(#1169),#777,.F.);
#9604=ADVANCED_FACE('',(#1170),#778,.F.);
#9605=ADVANCED_FACE('',(#1171),#779,.F.);
#9606=ADVANCED_FACE('',(#1172),#780,.F.);
#9607=ADVANCED_FACE('',(#1173),#781,.F.);
#9608=ADVANCED_FACE('',(#1174),#782,.F.);
#9609=ADVANCED_FACE('',(#1175),#783,.F.);
#9610=ADVANCED_FACE('',(#1176),#784,.F.);
#9611=ADVANCED_FACE('',(#1177),#9140,.F.);
#9612=ADVANCED_FACE('',(#1178),#9141,.F.);
#9613=ADVANCED_FACE('',(#1179),#9142,.F.);
#9614=ADVANCED_FACE('',(#1180),#9143,.F.);
#9615=ADVANCED_FACE('',(#1181),#9144,.F.);
#9616=ADVANCED_FACE('',(#1182,#88),#9145,.T.);
#9617=ADVANCED_FACE('',(#1183),#785,.F.);
#9618=ADVANCED_FACE('',(#1184),#786,.F.);
#9619=ADVANCED_FACE('',(#1185),#787,.F.);
#9620=ADVANCED_FACE('',(#1186),#9146,.F.);
#9621=ADVANCED_FACE('',(#1187),#788,.F.);
#9622=ADVANCED_FACE('',(#1188),#789,.F.);
#9623=ADVANCED_FACE('',(#1189),#790,.F.);
#9624=ADVANCED_FACE('',(#1190),#791,.F.);
#9625=ADVANCED_FACE('',(#1191),#9147,.F.);
#9626=ADVANCED_FACE('',(#1192),#792,.F.);
#9627=ADVANCED_FACE('',(#1193),#793,.F.);
#9628=ADVANCED_FACE('',(#1194),#794,.F.);
#9629=ADVANCED_FACE('',(#1195),#795,.F.);
#9630=ADVANCED_FACE('',(#1196),#796,.F.);
#9631=ADVANCED_FACE('',(#1197),#797,.F.);
#9632=ADVANCED_FACE('',(#1198),#798,.F.);
#9633=ADVANCED_FACE('',(#1199),#799,.F.);
#9634=ADVANCED_FACE('',(#1200),#800,.F.);
#9635=ADVANCED_FACE('',(#1201),#9148,.F.);
#9636=ADVANCED_FACE('',(#1202),#801,.F.);
#9637=ADVANCED_FACE('',(#1203,#89),#9149,.T.);
#9638=ADVANCED_FACE('',(#1204),#9150,.F.);
#9639=ADVANCED_FACE('',(#1205),#9151,.F.);
#9640=ADVANCED_FACE('',(#1206),#9152,.F.);
#9641=ADVANCED_FACE('',(#1207),#9153,.F.);
#9642=ADVANCED_FACE('',(#1208),#9154,.F.);
#9643=ADVANCED_FACE('',(#1209),#9155,.F.);
#9644=ADVANCED_FACE('',(#1210),#9156,.F.);
#9645=ADVANCED_FACE('',(#1211),#9157,.F.);
#9646=ADVANCED_FACE('',(#1212),#9158,.F.);
#9647=ADVANCED_FACE('',(#1213),#9159,.F.);
#9648=ADVANCED_FACE('',(#1214),#9160,.F.);
#9649=ADVANCED_FACE('',(#1215),#9161,.F.);
#9650=ADVANCED_FACE('',(#1216),#9162,.F.);
#9651=ADVANCED_FACE('',(#1217),#9163,.F.);
#9652=ADVANCED_FACE('',(#1218),#9164,.T.);
#9653=ADVANCED_FACE('',(#1219),#9165,.T.);
#9654=ADVANCED_FACE('',(#1220),#9166,.T.);
#9655=ADVANCED_FACE('',(#1221),#9167,.T.);
#9656=ADVANCED_FACE('',(#1222),#9168,.T.);
#9657=ADVANCED_FACE('',(#1223),#9169,.T.);
#9658=ADVANCED_FACE('',(#1224),#9170,.T.);
#9659=ADVANCED_FACE('',(#1225),#9171,.T.);
#9660=ADVANCED_FACE('',(#1226),#802,.F.);
#9661=ADVANCED_FACE('',(#1227),#803,.F.);
#9662=ADVANCED_FACE('',(#1228),#804,.F.);
#9663=ADVANCED_FACE('',(#1229),#805,.F.);
#9664=ADVANCED_FACE('',(#1230),#806,.F.);
#9665=ADVANCED_FACE('',(#1231),#9172,.F.);
#9666=ADVANCED_FACE('',(#1232),#9173,.F.);
#9667=ADVANCED_FACE('',(#1233),#9174,.F.);
#9668=ADVANCED_FACE('',(#1234),#807,.F.);
#9669=ADVANCED_FACE('',(#1235),#808,.F.);
#9670=ADVANCED_FACE('',(#1236),#809,.F.);
#9671=ADVANCED_FACE('',(#1237),#810,.F.);
#9672=ADVANCED_FACE('',(#1238),#811,.F.);
#9673=ADVANCED_FACE('',(#1239),#812,.F.);
#9674=ADVANCED_FACE('',(#1240),#9175,.F.);
#9675=ADVANCED_FACE('',(#1241),#9176,.F.);
#9676=ADVANCED_FACE('',(#1242),#9177,.F.);
#9677=ADVANCED_FACE('',(#1243),#9178,.T.);
#9678=ADVANCED_FACE('',(#1244),#9179,.F.);
#9679=ADVANCED_FACE('',(#1245),#9180,.F.);
#9680=ADVANCED_FACE('',(#1246),#9181,.F.);
#9681=ADVANCED_FACE('',(#1247),#9182,.F.);
#9682=ADVANCED_FACE('',(#1248),#9183,.F.);
#9683=ADVANCED_FACE('',(#1249),#9184,.F.);
#9684=ADVANCED_FACE('',(#1250),#9185,.F.);
#9685=ADVANCED_FACE('',(#1251),#9186,.F.);
#9686=ADVANCED_FACE('',(#1252),#9187,.F.);
#9687=ADVANCED_FACE('',(#1253),#9188,.F.);
#9688=ADVANCED_FACE('',(#1254),#9189,.F.);
#9689=ADVANCED_FACE('',(#1255),#9190,.F.);
#9690=ADVANCED_FACE('',(#1256),#9191,.F.);
#9691=ADVANCED_FACE('',(#1257),#9192,.F.);
#9692=ADVANCED_FACE('',(#1258),#9193,.F.);
#9693=ADVANCED_FACE('',(#1259),#9194,.F.);
#9694=ADVANCED_FACE('',(#1260),#9195,.F.);
#9695=ADVANCED_FACE('',(#1261),#9196,.F.);
#9696=ADVANCED_FACE('',(#1262),#9197,.F.);
#9697=ADVANCED_FACE('',(#1263),#9198,.F.);
#9698=ADVANCED_FACE('',(#1264),#9199,.F.);
#9699=ADVANCED_FACE('',(#1265),#9200,.F.);
#9700=ADVANCED_FACE('',(#1266),#9201,.F.);
#9701=ADVANCED_FACE('',(#1267),#9202,.F.);
#9702=ADVANCED_FACE('',(#1268),#9203,.F.);
#9703=ADVANCED_FACE('',(#1269),#9204,.F.);
#9704=ADVANCED_FACE('',(#1270),#61,.F.);
#9705=ADVANCED_FACE('',(#1271),#62,.F.);
#9706=ADVANCED_FACE('',(#1272),#63,.T.);
#9707=ADVANCED_FACE('',(#1273),#9205,.T.);
#9708=ADVANCED_FACE('',(#1274,#90,#91,#92,#93,#94),#9206,.F.);
#9709=ADVANCED_FACE('',(#1275),#9207,.F.);
#9710=ADVANCED_FACE('',(#1276),#9208,.F.);
#9711=ADVANCED_FACE('',(#1277),#9209,.F.);
#9712=ADVANCED_FACE('',(#1278),#9210,.F.);
#9713=ADVANCED_FACE('',(#1279),#64,.F.);
#9714=ADVANCED_FACE('',(#1280),#65,.T.);
#9715=ADVANCED_FACE('',(#1281,#95,#96,#97,#98,#99,#100,#101,#102,#103,#104,
#105,#106,#107,#108,#109,#110,#111,#112,#113,#114,#115,#116,#117,#118,#119,
#120,#121,#122,#123,#124,#125),#9211,.T.);
#9716=ADVANCED_FACE('',(#1282),#9212,.T.);
#9717=ADVANCED_FACE('',(#1283),#9213,.F.);
#9718=ADVANCED_FACE('',(#1284),#9214,.F.);
#9719=ADVANCED_FACE('',(#1285),#66,.F.);
#9720=ADVANCED_FACE('',(#1286),#67,.T.);
#9721=ADVANCED_FACE('',(#1287),#9215,.T.);
#9722=ADVANCED_FACE('',(#1288),#9216,.F.);
#9723=ADVANCED_FACE('',(#1289),#9217,.F.);
#9724=ADVANCED_FACE('',(#1290),#68,.F.);
#9725=ADVANCED_FACE('',(#1291),#69,.T.);
#9726=ADVANCED_FACE('',(#1292),#9218,.F.);
#9727=ADVANCED_FACE('',(#1293),#9219,.F.);
#9728=ADVANCED_FACE('',(#1294),#9220,.F.);
#9729=ADVANCED_FACE('',(#1295),#9221,.F.);
#9730=ADVANCED_FACE('',(#1296),#9222,.T.);
#9731=ADVANCED_FACE('',(#1297),#9223,.T.);
#9732=ADVANCED_FACE('',(#1298),#9224,.F.);
#9733=ADVANCED_FACE('',(#1299),#9225,.F.);
#9734=ADVANCED_FACE('',(#1300),#70,.F.);
#9735=ADVANCED_FACE('',(#1301),#9226,.F.);
#9736=ADVANCED_FACE('',(#1302),#9227,.F.);
#9737=ADVANCED_FACE('',(#1303),#9228,.F.);
#9738=ADVANCED_FACE('',(#1304),#9229,.F.);
#9739=ADVANCED_FACE('',(#1305),#9230,.F.);
#9740=ADVANCED_FACE('',(#1306),#9231,.F.);
#9741=ADVANCED_FACE('',(#1307),#9232,.T.);
#9742=ADVANCED_FACE('',(#1308),#9233,.F.);
#9743=ADVANCED_FACE('',(#1309),#9234,.F.);
#9744=ADVANCED_FACE('',(#1310),#9235,.F.);
#9745=ADVANCED_FACE('',(#1311),#9236,.F.);
#9746=ADVANCED_FACE('',(#1312),#9237,.F.);
#9747=ADVANCED_FACE('',(#1313),#71,.T.);
#9748=ADVANCED_FACE('',(#1314),#9238,.F.);
#9749=ADVANCED_FACE('',(#1315),#9239,.F.);
#9750=ADVANCED_FACE('',(#1316),#9240,.F.);
#9751=ADVANCED_FACE('',(#1317),#72,.T.);
#9752=ADVANCED_FACE('',(#1318),#9241,.T.);
#9753=ADVANCED_FACE('',(#1319),#73,.F.);
#9754=ADVANCED_FACE('',(#1320),#9242,.T.);
#9755=ADVANCED_FACE('',(#1321),#74,.F.);
#9756=ADVANCED_FACE('',(#1322),#9243,.T.);
#9757=ADVANCED_FACE('',(#1323),#75,.F.);
#9758=ADVANCED_FACE('',(#1324),#9244,.T.);
#9759=ADVANCED_FACE('',(#1325),#76,.T.);
#9760=ADVANCED_FACE('',(#1326),#9245,.T.);
#9761=ADVANCED_FACE('',(#1327),#77,.T.);
#9762=ADVANCED_FACE('',(#1328),#9246,.T.);
#9763=CLOSED_SHELL('',(#9247,#9248,#9249,#9250,#9251,#9252,#9253,#9254,
#9255,#9256,#9257,#9258,#9259,#9260,#9261,#9262,#9263,#9264,#9265,#9266,
#9267,#9268,#9269,#9270,#9271,#9272,#9273,#9274,#9275,#9276,#9277,#9278,
#9279,#9280,#9281,#9282,#9283,#9284,#9285,#9286,#9287,#9288,#9289,#9290,
#9291,#9292,#9293,#9294,#9295,#9296,#9297,#9298,#9299,#9300,#9301,#9302,
#9303,#9304,#9305,#9306,#9307,#9308,#9309,#9310,#9311,#9312,#9313,#9314,
#9315,#9316,#9317,#9318,#9319,#9320,#9321,#9322,#9323,#9324,#9325,#9326,
#9327,#9328,#9329,#9330,#9331,#9332,#9333,#9334,#9335,#9336,#9337,#9338,
#9339,#9340,#9341,#9342,#9343,#9344,#9345,#9346,#9347,#9348,#9349,#9350,
#9351,#9352,#9353,#9354,#9355,#9356,#9357,#9358,#9359,#9360,#9361,#9362,
#9363,#9364,#9365,#9366,#9367,#9368,#9369,#9370,#9371,#9372,#9373,#9374,
#9375,#9376,#9377,#9378,#9379,#9380,#9381,#9382,#9383,#9384,#9385,#9386,
#9387,#9388,#9389,#9390,#9391,#9392,#9393,#9394,#9395,#9396,#9397,#9398,
#9399,#9400,#9401,#9402,#9403,#9404,#9405,#9406,#9407,#9408,#9409,#9410,
#9411,#9412,#9413,#9414,#9415,#9416,#9417,#9418,#9419,#9420,#9421,#9422,
#9423,#9424,#9425,#9426,#9427,#9428,#9429,#9430,#9431,#9432,#9433,#9434,
#9435,#9436,#9437,#9438,#9439,#9440,#9441,#9442,#9443,#9444,#9445,#9446,
#9447,#9448,#9449,#9450,#9451,#9452,#9453,#9454,#9455,#9456,#9457,#9458,
#9459,#9460,#9461,#9462,#9463,#9464,#9465,#9466,#9467,#9468,#9469,#9470,
#9471,#9472,#9473,#9474,#9475,#9476,#9477,#9478,#9479,#9480,#9481,#9482,
#9483,#9484,#9485,#9486,#9487,#9488,#9489,#9490,#9491,#9492,#9493,#9494,
#9495,#9496,#9497,#9498,#9499,#9500,#9501,#9502,#9503,#9504,#9505,#9506,
#9507,#9508,#9509,#9510,#9511,#9512,#9513,#9514,#9515,#9516,#9517,#9518,
#9519,#9520,#9521,#9522,#9523,#9524,#9525,#9526,#9527,#9528,#9529,#9530,
#9531,#9532,#9533,#9534,#9535,#9536,#9537,#9538,#9539,#9540,#9541,#9542,
#9543,#9544,#9545,#9546,#9547,#9548,#9549,#9550,#9551,#9552,#9553,#9554,
#9555,#9556,#9557,#9558,#9559,#9560,#9561,#9562,#9563,#9564,#9565,#9566,
#9567,#9568,#9569,#9570,#9571,#9572,#9573,#9574,#9575,#9576,#9577,#9578,
#9579,#9580,#9581,#9582,#9583,#9584,#9585,#9586,#9587,#9588,#9589,#9590,
#9591,#9592,#9593,#9594,#9595,#9596,#9597,#9598,#9599,#9600,#9601,#9602,
#9603,#9604,#9605,#9606,#9607,#9608,#9609,#9610,#9611,#9612,#9613,#9614,
#9615,#9616,#9617,#9618,#9619,#9620,#9621,#9622,#9623,#9624,#9625,#9626,
#9627,#9628,#9629,#9630,#9631,#9632,#9633,#9634,#9635,#9636,#9637,#9638,
#9639,#9640,#9641,#9642,#9643,#9644,#9645,#9646,#9647,#9648,#9649,#9650,
#9651,#9652,#9653,#9654,#9655,#9656,#9657,#9658,#9659,#9660,#9661,#9662,
#9663,#9664,#9665,#9666,#9667,#9668,#9669,#9670,#9671,#9672,#9673,#9674,
#9675,#9676,#9677,#9678,#9679,#9680,#9681,#9682,#9683,#9684,#9685,#9686,
#9687,#9688,#9689,#9690,#9691,#9692,#9693,#9694,#9695,#9696,#9697,#9698,
#9699,#9700,#9701,#9702,#9703,#9704,#9705,#9706,#9707,#9708,#9709,#9710,
#9711,#9712,#9713,#9714,#9715,#9716,#9717,#9718,#9719,#9720,#9721,#9722,
#9723,#9724,#9725,#9726,#9727,#9728,#9729,#9730,#9731,#9732,#9733,#9734,
#9735,#9736,#9737,#9738,#9739,#9740,#9741,#9742,#9743,#9744,#9745,#9746,
#9747,#9748,#9749,#9750,#9751,#9752,#9753,#9754,#9755,#9756,#9757,#9758,
#9759,#9760,#9761,#9762));
#9764=DERIVED_UNIT_ELEMENT(#9766,1.);
#9765=DERIVED_UNIT_ELEMENT(#16665,-3.);
#9766=(
MASS_UNIT()
NAMED_UNIT(*)
SI_UNIT(.KILO.,.GRAM.)
);
#9767=DERIVED_UNIT((#9764,#9765));
#9768=MEASURE_REPRESENTATION_ITEM('density measure',
POSITIVE_RATIO_MEASURE(7850.),#9767);
#9769=PROPERTY_DEFINITION_REPRESENTATION(#9774,#9771);
#9770=PROPERTY_DEFINITION_REPRESENTATION(#9775,#9772);
#9771=REPRESENTATION('material name',(#9773),#16662);
#9772=REPRESENTATION('density',(#9768),#16662);
#9773=DESCRIPTIVE_REPRESENTATION_ITEM('Steel','Steel');
#9774=PROPERTY_DEFINITION('material property','material name',#16672);
#9775=PROPERTY_DEFINITION('material property','density of part',#16672);
#9776=AXIS2_PLACEMENT_3D('',#11702,#10110,#10111);
#9777=AXIS2_PLACEMENT_3D('',#11703,#10112,#10113);
#9778=AXIS2_PLACEMENT_3D('',#11712,#10118,#10119);
#9779=AXIS2_PLACEMENT_3D('',#11718,#10123,#10124);
#9780=AXIS2_PLACEMENT_3D('',#11724,#10128,#10129);
#9781=AXIS2_PLACEMENT_3D('',#11730,#10133,#10134);
#9782=AXIS2_PLACEMENT_3D('',#11736,#10138,#10139);
#9783=AXIS2_PLACEMENT_3D('',#11742,#10143,#10144);
#9784=AXIS2_PLACEMENT_3D('',#11748,#10148,#10149);
#9785=AXIS2_PLACEMENT_3D('',#11754,#10153,#10154);
#9786=AXIS2_PLACEMENT_3D('',#11760,#10158,#10159);
#9787=AXIS2_PLACEMENT_3D('',#11766,#10163,#10164);
#9788=AXIS2_PLACEMENT_3D('',#11772,#10168,#10169);
#9789=AXIS2_PLACEMENT_3D('',#11775,#10172,#10173);
#9790=AXIS2_PLACEMENT_3D('',#11776,#10174,#10175);
#9791=AXIS2_PLACEMENT_3D('',#11860,#10185,#10186);
#9792=AXIS2_PLACEMENT_3D('',#11866,#10190,#10191);
#9793=AXIS2_PLACEMENT_3D('',#11869,#10194,#10195);
#9794=AXIS2_PLACEMENT_3D('',#11878,#10200,#10201);
#9795=AXIS2_PLACEMENT_3D('',#11944,#10209,#10210);
#9796=AXIS2_PLACEMENT_3D('',#11950,#10214,#10215);
#9797=AXIS2_PLACEMENT_3D('',#11956,#10219,#10220);
#9798=AXIS2_PLACEMENT_3D('',#12067,#10231,#10232);
#9799=AXIS2_PLACEMENT_3D('',#12073,#10236,#10237);
#9800=AXIS2_PLACEMENT_3D('',#12079,#10241,#10242);
#9801=AXIS2_PLACEMENT_3D('',#12082,#10245,#10246);
#9802=AXIS2_PLACEMENT_3D('',#12083,#10247,#10248);
#9803=AXIS2_PLACEMENT_3D('',#12092,#10253,#10254);
#9804=AXIS2_PLACEMENT_3D('',#12098,#10258,#10259);
#9805=AXIS2_PLACEMENT_3D('',#12104,#10263,#10264);
#9806=AXIS2_PLACEMENT_3D('',#12110,#10268,#10269);
#9807=AXIS2_PLACEMENT_3D('',#12116,#10273,#10274);
#9808=AXIS2_PLACEMENT_3D('',#12122,#10278,#10279);
#9809=AXIS2_PLACEMENT_3D('',#12128,#10283,#10284);
#9810=AXIS2_PLACEMENT_3D('',#12134,#10288,#10289);
#9811=AXIS2_PLACEMENT_3D('',#12140,#10293,#10294);
#9812=AXIS2_PLACEMENT_3D('',#12146,#10298,#10299);
#9813=AXIS2_PLACEMENT_3D('',#12152,#10303,#10304);
#9814=AXIS2_PLACEMENT_3D('',#12155,#10307,#10308);
#9815=AXIS2_PLACEMENT_3D('',#12156,#10309,#10310);
#9816=AXIS2_PLACEMENT_3D('',#12165,#10315,#10316);
#9817=AXIS2_PLACEMENT_3D('',#12171,#10320,#10321);
#9818=AXIS2_PLACEMENT_3D('',#12177,#10325,#10326);
#9819=AXIS2_PLACEMENT_3D('',#12183,#10330,#10331);
#9820=AXIS2_PLACEMENT_3D('',#12189,#10335,#10336);
#9821=AXIS2_PLACEMENT_3D('',#12192,#10339,#10340);
#9822=AXIS2_PLACEMENT_3D('',#12493,#10361,#10362);
#9823=AXIS2_PLACEMENT_3D('',#12494,#10363,#10364);
#9824=AXIS2_PLACEMENT_3D('',#12608,#10376,#10377);
#9825=AXIS2_PLACEMENT_3D('',#12614,#10381,#10382);
#9826=AXIS2_PLACEMENT_3D('',#12755,#10395,#10396);
#9827=AXIS2_PLACEMENT_3D('',#12761,#10400,#10401);
#9828=AXIS2_PLACEMENT_3D('',#12767,#10405,#10406);
#9829=AXIS2_PLACEMENT_3D('',#12770,#10409,#10410);
#9830=AXIS2_PLACEMENT_3D('',#12771,#10411,#10412);
#9831=AXIS2_PLACEMENT_3D('',#12780,#10417,#10418);
#9832=AXIS2_PLACEMENT_3D('',#12786,#10422,#10423);
#9833=AXIS2_PLACEMENT_3D('',#12792,#10427,#10428);
#9834=AXIS2_PLACEMENT_3D('',#12798,#10432,#10433);
#9835=AXIS2_PLACEMENT_3D('',#12804,#10437,#10438);
#9836=AXIS2_PLACEMENT_3D('',#12810,#10442,#10443);
#9837=AXIS2_PLACEMENT_3D('',#12816,#10447,#10448);
#9838=AXIS2_PLACEMENT_3D('',#12822,#10452,#10453);
#9839=AXIS2_PLACEMENT_3D('',#12828,#10457,#10458);
#9840=AXIS2_PLACEMENT_3D('',#12831,#10461,#10462);
#9841=AXIS2_PLACEMENT_3D('',#12865,#10466,#10467);
#9842=AXIS2_PLACEMENT_3D('',#12871,#10471,#10472);
#9843=AXIS2_PLACEMENT_3D('',#12877,#10476,#10477);
#9844=AXIS2_PLACEMENT_3D('',#12880,#10480,#10481);
#9845=AXIS2_PLACEMENT_3D('',#12889,#10486,#10487);
#9846=AXIS2_PLACEMENT_3D('',#12895,#10491,#10492);
#9847=AXIS2_PLACEMENT_3D('',#12901,#10496,#10497);
#9848=AXIS2_PLACEMENT_3D('',#12907,#10501,#10502);
#9849=AXIS2_PLACEMENT_3D('',#12913,#10506,#10507);
#9850=AXIS2_PLACEMENT_3D('',#12919,#10511,#10512);
#9851=AXIS2_PLACEMENT_3D('',#12925,#10516,#10517);
#9852=AXIS2_PLACEMENT_3D('',#12928,#10520,#10521);
#9853=AXIS2_PLACEMENT_3D('',#12929,#10522,#10523);
#9854=AXIS2_PLACEMENT_3D('',#12938,#10528,#10529);
#9855=AXIS2_PLACEMENT_3D('',#12944,#10533,#10534);
#9856=AXIS2_PLACEMENT_3D('',#12950,#10538,#10539);
#9857=AXIS2_PLACEMENT_3D('',#12956,#10543,#10544);
#9858=AXIS2_PLACEMENT_3D('',#12962,#10548,#10549);
#9859=AXIS2_PLACEMENT_3D('',#12968,#10553,#10554);
#9860=AXIS2_PLACEMENT_3D('',#12974,#10558,#10559);
#9861=AXIS2_PLACEMENT_3D('',#12980,#10563,#10564);
#9862=AXIS2_PLACEMENT_3D('',#13016,#10570,#10571);
#9863=AXIS2_PLACEMENT_3D('',#13022,#10575,#10576);
#9864=AXIS2_PLACEMENT_3D('',#13028,#10580,#10581);
#9865=AXIS2_PLACEMENT_3D('',#13034,#10585,#10586);
#9866=AXIS2_PLACEMENT_3D('',#13037,#10589,#10590);
#9867=AXIS2_PLACEMENT_3D('',#13038,#10591,#10592);
#9868=AXIS2_PLACEMENT_3D('',#13047,#10597,#10598);
#9869=AXIS2_PLACEMENT_3D('',#13053,#10602,#10603);
#9870=AXIS2_PLACEMENT_3D('',#13059,#10607,#10608);
#9871=AXIS2_PLACEMENT_3D('',#13065,#10612,#10613);
#9872=AXIS2_PLACEMENT_3D('',#13071,#10617,#10618);
#9873=AXIS2_PLACEMENT_3D('',#13077,#10622,#10623);
#9874=AXIS2_PLACEMENT_3D('',#13083,#10627,#10628);
#9875=AXIS2_PLACEMENT_3D('',#13089,#10632,#10633);
#9876=AXIS2_PLACEMENT_3D('',#13095,#10637,#10638);
#9877=AXIS2_PLACEMENT_3D('',#13101,#10642,#10643);
#9878=AXIS2_PLACEMENT_3D('',#13107,#10647,#10648);
#9879=AXIS2_PLACEMENT_3D('',#13110,#10651,#10652);
#9880=AXIS2_PLACEMENT_3D('',#13111,#10653,#10654);
#9881=AXIS2_PLACEMENT_3D('',#13120,#10659,#10660);
#9882=AXIS2_PLACEMENT_3D('',#13126,#10664,#10665);
#9883=AXIS2_PLACEMENT_3D('',#13132,#10669,#10670);
#9884=AXIS2_PLACEMENT_3D('',#13138,#10674,#10675);
#9885=AXIS2_PLACEMENT_3D('',#13144,#10679,#10680);
#9886=AXIS2_PLACEMENT_3D('',#13150,#10684,#10685);
#9887=AXIS2_PLACEMENT_3D('',#13156,#10689,#10690);
#9888=AXIS2_PLACEMENT_3D('',#13159,#10693,#10694);
#9889=AXIS2_PLACEMENT_3D('',#13160,#10695,#10696);
#9890=AXIS2_PLACEMENT_3D('',#13161,#10697,#10698);
#9891=AXIS2_PLACEMENT_3D('',#13162,#10699,#10700);
#9892=AXIS2_PLACEMENT_3D('',#13163,#10701,#10702);
#9893=AXIS2_PLACEMENT_3D('',#13419,#10720,#10721);
#9894=AXIS2_PLACEMENT_3D('',#13420,#10722,#10723);
#9895=AXIS2_PLACEMENT_3D('',#13519,#10734,#10735);
#9896=AXIS2_PLACEMENT_3D('',#13525,#10739,#10740);
#9897=AXIS2_PLACEMENT_3D('',#13528,#10743,#10744);
#9898=AXIS2_PLACEMENT_3D('',#13642,#10756,#10757);
#9899=AXIS2_PLACEMENT_3D('',#13648,#10761,#10762);
#9900=AXIS2_PLACEMENT_3D('',#13819,#10777,#10778);
#9901=AXIS2_PLACEMENT_3D('',#13825,#10782,#10783);
#9902=AXIS2_PLACEMENT_3D('',#13831,#10787,#10788);
#9903=AXIS2_PLACEMENT_3D('',#13834,#10791,#10792);
#9904=AXIS2_PLACEMENT_3D('',#13883,#10797,#10798);
#9905=AXIS2_PLACEMENT_3D('',#13889,#10802,#10803);
#9906=AXIS2_PLACEMENT_3D('',#13895,#10807,#10808);
#9907=AXIS2_PLACEMENT_3D('',#13931,#10814,#10815);
#9908=AXIS2_PLACEMENT_3D('',#13937,#10819,#10820);
#9909=AXIS2_PLACEMENT_3D('',#13943,#10824,#10825);
#9910=AXIS2_PLACEMENT_3D('',#14024,#10834,#10835);
#9911=AXIS2_PLACEMENT_3D('',#14042,#10839,#10840);
#9912=AXIS2_PLACEMENT_3D('',#14298,#10858,#10859);
#9913=AXIS2_PLACEMENT_3D('',#14419,#10868,#10869);
#9914=AXIS2_PLACEMENT_3D('',#14428,#10874,#10875);
#9915=AXIS2_PLACEMENT_3D('',#14434,#10879,#10880);
#9916=AXIS2_PLACEMENT_3D('',#14575,#10893,#10894);
#9917=AXIS2_PLACEMENT_3D('',#14581,#10898,#10899);
#9918=AXIS2_PLACEMENT_3D('',#14584,#10902,#10903);
#9919=AXIS2_PLACEMENT_3D('',#14723,#10914,#10915);
#9920=AXIS2_PLACEMENT_3D('',#14726,#10918,#10919);
#9921=AXIS2_PLACEMENT_3D('',#14765,#10926,#10927);
#9922=AXIS2_PLACEMENT_3D('',#14876,#10938,#10939);
#9923=AXIS2_PLACEMENT_3D('',#15104,#10957,#10958);
#9924=AXIS2_PLACEMENT_3D('',#15105,#10959,#10960);
#9925=AXIS2_PLACEMENT_3D('',#15114,#10965,#10966);
#9926=AXIS2_PLACEMENT_3D('',#15120,#10970,#10971);
#9927=AXIS2_PLACEMENT_3D('',#15126,#10975,#10976);
#9928=AXIS2_PLACEMENT_3D('',#15132,#10980,#10981);
#9929=AXIS2_PLACEMENT_3D('',#15138,#10985,#10986);
#9930=AXIS2_PLACEMENT_3D('',#15141,#10989,#10990);
#9931=AXIS2_PLACEMENT_3D('',#15142,#10991,#10992);
#9932=AXIS2_PLACEMENT_3D('',#15226,#11002,#11003);
#9933=AXIS2_PLACEMENT_3D('',#15232,#11007,#11008);
#9934=AXIS2_PLACEMENT_3D('',#15238,#11012,#11013);
#9935=AXIS2_PLACEMENT_3D('',#15319,#11022,#11023);
#9936=AXIS2_PLACEMENT_3D('',#15325,#11027,#11028);
#9937=AXIS2_PLACEMENT_3D('',#15331,#11032,#11033);
#9938=AXIS2_PLACEMENT_3D('',#15337,#11037,#11038);
#9939=AXIS2_PLACEMENT_3D('',#15340,#11041,#11042);
#9940=AXIS2_PLACEMENT_3D('',#15584,#11060,#11061);
#9941=AXIS2_PLACEMENT_3D('',#15590,#11065,#11066);
#9942=AXIS2_PLACEMENT_3D('',#15596,#11070,#11071);
#9943=AXIS2_PLACEMENT_3D('',#15602,#11075,#11076);
#9944=AXIS2_PLACEMENT_3D('',#15608,#11080,#11081);
#9945=AXIS2_PLACEMENT_3D('',#15611,#11084,#11085);
#9946=AXIS2_PLACEMENT_3D('',#15660,#11090,#11091);
#9947=AXIS2_PLACEMENT_3D('',#15726,#11099,#11100);
#9948=AXIS2_PLACEMENT_3D('',#15867,#11113,#11114);
#9949=AXIS2_PLACEMENT_3D('',#15885,#11118,#11119);
#9950=AXIS2_PLACEMENT_3D('',#15886,#11120,#11121);
#9951=AXIS2_PLACEMENT_3D('',#15895,#11126,#11127);
#9952=AXIS2_PLACEMENT_3D('',#15901,#11131,#11132);
#9953=AXIS2_PLACEMENT_3D('',#15907,#11136,#11137);
#9954=AXIS2_PLACEMENT_3D('',#15913,#11141,#11142);
#9955=AXIS2_PLACEMENT_3D('',#15919,#11146,#11147);
#9956=AXIS2_PLACEMENT_3D('',#15925,#11151,#11152);
#9957=AXIS2_PLACEMENT_3D('',#15931,#11156,#11157);
#9958=AXIS2_PLACEMENT_3D('',#15934,#11160,#11161);
#9959=AXIS2_PLACEMENT_3D('',#15935,#11162,#11163);
#9960=AXIS2_PLACEMENT_3D('',#15944,#11168,#11169);
#9961=AXIS2_PLACEMENT_3D('',#15950,#11173,#11174);
#9962=AXIS2_PLACEMENT_3D('',#15956,#11178,#11179);
#9963=AXIS2_PLACEMENT_3D('',#15959,#11182,#11183);
#9964=AXIS2_PLACEMENT_3D('',#15960,#11184,#11185);
#9965=AXIS2_PLACEMENT_3D('',#15961,#11186,#11187);
#9966=AXIS2_PLACEMENT_3D('',#15962,#11188,#11189);
#9967=AXIS2_PLACEMENT_3D('',#15963,#11190,#11191);
#9968=AXIS2_PLACEMENT_3D('',#15964,#11192,#11193);
#9969=AXIS2_PLACEMENT_3D('',#15965,#11194,#11195);
#9970=AXIS2_PLACEMENT_3D('',#15966,#11196,#11197);
#9971=AXIS2_PLACEMENT_3D('',#15967,#11198,#11199);
#9972=AXIS2_PLACEMENT_3D('',#16046,#11206,#11207);
#9973=AXIS2_PLACEMENT_3D('',#16052,#11211,#11212);
#9974=AXIS2_PLACEMENT_3D('',#16058,#11216,#11217);
#9975=AXIS2_PLACEMENT_3D('',#16154,#11227,#11228);
#9976=AXIS2_PLACEMENT_3D('',#16160,#11232,#11233);
#9977=AXIS2_PLACEMENT_3D('',#16166,#11237,#11238);
#9978=AXIS2_PLACEMENT_3D('',#16169,#11241,#11242);
#9979=AXIS2_PLACEMENT_3D('',#16170,#11243,#11244);
#9980=AXIS2_PLACEMENT_3D('',#16179,#11249,#11250);
#9981=AXIS2_PLACEMENT_3D('',#16185,#11254,#11255);
#9982=AXIS2_PLACEMENT_3D('',#16191,#11259,#11260);
#9983=AXIS2_PLACEMENT_3D('',#16197,#11264,#11265);
#9984=AXIS2_PLACEMENT_3D('',#16203,#11269,#11270);
#9985=AXIS2_PLACEMENT_3D('',#16209,#11274,#11275);
#9986=AXIS2_PLACEMENT_3D('',#16215,#11279,#11280);
#9987=AXIS2_PLACEMENT_3D('',#16221,#11284,#11285);
#9988=AXIS2_PLACEMENT_3D('',#16227,#11289,#11290);
#9989=AXIS2_PLACEMENT_3D('',#16233,#11294,#11295);
#9990=AXIS2_PLACEMENT_3D('',#16239,#11299,#11300);
#9991=AXIS2_PLACEMENT_3D('',#16242,#11303,#11304);
#9992=AXIS2_PLACEMENT_3D('',#16243,#11305,#11306);
#9993=AXIS2_PLACEMENT_3D('',#16252,#11311,#11312);
#9994=AXIS2_PLACEMENT_3D('',#16258,#11316,#11317);
#9995=AXIS2_PLACEMENT_3D('',#16264,#11321,#11322);
#9996=AXIS2_PLACEMENT_3D('',#16270,#11326,#11327);
#9997=AXIS2_PLACEMENT_3D('',#16276,#11331,#11332);
#9998=AXIS2_PLACEMENT_3D('',#16282,#11336,#11337);
#9999=AXIS2_PLACEMENT_3D('',#16288,#11341,#11342);
#10000=AXIS2_PLACEMENT_3D('',#16294,#11346,#11347);
#10001=AXIS2_PLACEMENT_3D('',#16300,#11351,#11352);
#10002=AXIS2_PLACEMENT_3D('',#16306,#11356,#11357);
#10003=AXIS2_PLACEMENT_3D('',#16312,#11361,#11362);
#10004=AXIS2_PLACEMENT_3D('',#16315,#11365,#11366);
#10005=AXIS2_PLACEMENT_3D('',#16316,#11367,#11368);
#10006=AXIS2_PLACEMENT_3D('',#16318,#11369,#11370);
#10007=AXIS2_PLACEMENT_3D('',#16321,#11372,#11373);
#10008=AXIS2_PLACEMENT_3D('',#16322,#11374,#11375);
#10009=AXIS2_PLACEMENT_3D('',#16324,#11376,#11377);
#10010=AXIS2_PLACEMENT_3D('',#16327,#11379,#11380);
#10011=AXIS2_PLACEMENT_3D('',#16328,#11381,#11382);
#10012=AXIS2_PLACEMENT_3D('',#16333,#11384,#11385);
#10013=AXIS2_PLACEMENT_3D('',#16337,#11387,#11388);
#10014=AXIS2_PLACEMENT_3D('',#16341,#11390,#11391);
#10015=AXIS2_PLACEMENT_3D('',#16344,#11393,#11394);
#10016=AXIS2_PLACEMENT_3D('',#16345,#11395,#11396);
#10017=AXIS2_PLACEMENT_3D('',#16359,#11404,#11405);
#10018=AXIS2_PLACEMENT_3D('',#16371,#11411,#11412);
#10019=AXIS2_PLACEMENT_3D('',#16377,#11415,#11416);
#10020=AXIS2_PLACEMENT_3D('',#16381,#11418,#11419);
#10021=AXIS2_PLACEMENT_3D('',#16387,#11422,#11423);
#10022=AXIS2_PLACEMENT_3D('',#16399,#11429,#11430);
#10023=AXIS2_PLACEMENT_3D('',#16405,#11433,#11434);
#10024=AXIS2_PLACEMENT_3D('',#16409,#11436,#11437);
#10025=AXIS2_PLACEMENT_3D('',#16414,#11440,#11441);
#10026=AXIS2_PLACEMENT_3D('',#16416,#11442,#11443);
#10027=AXIS2_PLACEMENT_3D('',#16418,#11444,#11445);
#10028=AXIS2_PLACEMENT_3D('',#16419,#11446,#11447);
#10029=AXIS2_PLACEMENT_3D('',#16423,#11450,#11451);
#10030=AXIS2_PLACEMENT_3D('',#16429,#11454,#11455);
#10031=AXIS2_PLACEMENT_3D('',#16431,#11457,#11458);
#10032=AXIS2_PLACEMENT_3D('',#16433,#11460,#11461);
#10033=AXIS2_PLACEMENT_3D('',#16435,#11463,#11464);
#10034=AXIS2_PLACEMENT_3D('',#16438,#11466,#11467);
#10035=AXIS2_PLACEMENT_3D('',#16439,#11468,#11469);
#10036=AXIS2_PLACEMENT_3D('',#16444,#11471,#11472);
#10037=AXIS2_PLACEMENT_3D('',#16448,#11475,#11476);
#10038=AXIS2_PLACEMENT_3D('',#16449,#11477,#11478);
#10039=AXIS2_PLACEMENT_3D('',#16450,#11479,#11480);
#10040=AXIS2_PLACEMENT_3D('',#16454,#11482,#11483);
#10041=AXIS2_PLACEMENT_3D('',#16458,#11485,#11486);
#10042=AXIS2_PLACEMENT_3D('',#16462,#11488,#11489);
#10043=AXIS2_PLACEMENT_3D('',#16466,#11491,#11492);
#10044=AXIS2_PLACEMENT_3D('',#16470,#11494,#11495);
#10045=AXIS2_PLACEMENT_3D('',#16474,#11497,#11498);
#10046=AXIS2_PLACEMENT_3D('',#16477,#11500,#11501);
#10047=AXIS2_PLACEMENT_3D('',#16479,#11502,#11503);
#10048=AXIS2_PLACEMENT_3D('',#16480,#11504,#11505);
#10049=AXIS2_PLACEMENT_3D('',#16482,#11507,#11508);
#10050=AXIS2_PLACEMENT_3D('',#16486,#11511,#11512);
#10051=AXIS2_PLACEMENT_3D('',#16488,#11514,#11515);
#10052=AXIS2_PLACEMENT_3D('',#16490,#11517,#11518);
#10053=AXIS2_PLACEMENT_3D('',#16494,#11520,#11521);
#10054=AXIS2_PLACEMENT_3D('',#16499,#11524,#11525);
#10055=AXIS2_PLACEMENT_3D('',#16501,#11527,#11528);
#10056=AXIS2_PLACEMENT_3D('',#16513,#11535,#11536);
#10057=AXIS2_PLACEMENT_3D('',#16517,#11539,#11540);
#10058=AXIS2_PLACEMENT_3D('',#16519,#11542,#11543);
#10059=AXIS2_PLACEMENT_3D('',#16521,#11545,#11546);
#10060=AXIS2_PLACEMENT_3D('',#16527,#11549,#11550);
#10061=AXIS2_PLACEMENT_3D('',#16529,#11552,#11553);
#10062=AXIS2_PLACEMENT_3D('',#16530,#11554,#11555);
#10063=AXIS2_PLACEMENT_3D('',#16534,#11558,#11559);
#10064=AXIS2_PLACEMENT_3D('',#16538,#11562,#11563);
#10065=AXIS2_PLACEMENT_3D('',#16542,#11565,#11566);
#10066=AXIS2_PLACEMENT_3D('',#16544,#11568,#11569);
#10067=AXIS2_PLACEMENT_3D('',#16546,#11571,#11572);
#10068=AXIS2_PLACEMENT_3D('',#16548,#11574,#11575);
#10069=AXIS2_PLACEMENT_3D('',#16552,#11578,#11579);
#10070=AXIS2_PLACEMENT_3D('',#16558,#11583,#11584);
#10071=AXIS2_PLACEMENT_3D('',#16562,#11587,#11588);
#10072=AXIS2_PLACEMENT_3D('',#16565,#11590,#11591);
#10073=AXIS2_PLACEMENT_3D('',#16566,#11592,#11593);
#10074=AXIS2_PLACEMENT_3D('',#16570,#11596,#11597);
#10075=AXIS2_PLACEMENT_3D('',#16574,#11599,#11600);
#10076=AXIS2_PLACEMENT_3D('',#16578,#11602,#11603);
#10077=AXIS2_PLACEMENT_3D('',#16581,#11605,#11606);
#10078=AXIS2_PLACEMENT_3D('',#16582,#11607,#11608);
#10079=AXIS2_PLACEMENT_3D('',#16584,#11610,#11611);
#10080=AXIS2_PLACEMENT_3D('',#16588,#11614,#11615);
#10081=AXIS2_PLACEMENT_3D('',#16596,#11620,#11621);
#10082=AXIS2_PLACEMENT_3D('',#16599,#11623,#11624);
#10083=AXIS2_PLACEMENT_3D('',#16600,#11625,#11626);
#10084=AXIS2_PLACEMENT_3D('',#16601,#11627,#11628);
#10085=AXIS2_PLACEMENT_3D('',#16603,#11629,#11630);
#10086=AXIS2_PLACEMENT_3D('',#16607,#11632,#11633);
#10087=AXIS2_PLACEMENT_3D('',#16611,#11635,#11636);
#10088=AXIS2_PLACEMENT_3D('',#16614,#11638,#11639);
#10089=AXIS2_PLACEMENT_3D('',#16615,#11640,#11641);
#10090=AXIS2_PLACEMENT_3D('',#16617,#11642,#11643);
#10091=AXIS2_PLACEMENT_3D('',#16621,#11646,#11647);
#10092=AXIS2_PLACEMENT_3D('',#16625,#11650,#11651);
#10093=AXIS2_PLACEMENT_3D('',#16629,#11655,#11656);
#10094=AXIS2_PLACEMENT_3D('',#16630,#11657,#11658);
#10095=AXIS2_PLACEMENT_3D('',#16632,#11660,#11661);
#10096=AXIS2_PLACEMENT_3D('',#16636,#11664,#11665);
#10097=AXIS2_PLACEMENT_3D('',#16639,#11668,#11669);
#10098=AXIS2_PLACEMENT_3D('',#16641,#11671,#11672);
#10099=AXIS2_PLACEMENT_3D('',#16643,#11674,#11675);
#10100=AXIS2_PLACEMENT_3D('',#16646,#11678,#11679);
#10101=AXIS2_PLACEMENT_3D('',#16647,#11680,#11681);
#10102=AXIS2_PLACEMENT_3D('',#16649,#11683,#11684);
#10103=AXIS2_PLACEMENT_3D('',#16650,#11685,#11686);
#10104=AXIS2_PLACEMENT_3D('',#16651,#11687,#11688);
#10105=AXIS2_PLACEMENT_3D('',#16652,#11689,#11690);
#10106=AXIS2_PLACEMENT_3D('',#16654,#11692,#11693);
#10107=AXIS2_PLACEMENT_3D('',#16655,#11694,#11695);
#10108=AXIS2_PLACEMENT_3D('',#16657,#11697,#11698);
#10109=AXIS2_PLACEMENT_3D('',#16659,#11700,#11701);
#10110=DIRECTION('axis',(0.,0.,1.));
#10111=DIRECTION('refdir',(1.,0.,0.));
#10112=DIRECTION('center_axis',(1.,0.,0.));
#10113=DIRECTION('ref_axis',(0.,-1.,0.));
#10114=DIRECTION('',(0.,-1.,0.));
#10115=DIRECTION('',(0.,0.,-1.));
#10116=DIRECTION('',(0.,-1.,0.));
#10117=DIRECTION('',(0.,0.,-1.));
#10118=DIRECTION('center_axis',(0.,-1.,0.));
#10119=DIRECTION('ref_axis',(-1.,0.,0.));
#10120=DIRECTION('',(-1.,0.,0.));
#10121=DIRECTION('',(0.,0.,-1.));
#10122=DIRECTION('',(-1.,0.,0.));
#10123=DIRECTION('center_axis',(-1.,0.,0.));
#10124=DIRECTION('ref_axis',(0.,1.,0.));
#10125=DIRECTION('',(0.,1.,0.));
#10126=DIRECTION('',(0.,0.,-1.));
#10127=DIRECTION('',(0.,1.,0.));
#10128=DIRECTION('center_axis',(0.,-1.,0.));
#10129=DIRECTION('ref_axis',(-1.,0.,0.));
#10130=DIRECTION('',(-1.,0.,0.));
#10131=DIRECTION('',(0.,0.,-1.));
#10132=DIRECTION('',(-1.,0.,0.));
#10133=DIRECTION('center_axis',(1.,0.,0.));
#10134=DIRECTION('ref_axis',(0.,-1.,0.));
#10135=DIRECTION('',(0.,-1.,0.));
#10136=DIRECTION('',(0.,0.,-1.));
#10137=DIRECTION('',(0.,-1.,0.));
#10138=DIRECTION('center_axis',(0.,1.,0.));
#10139=DIRECTION('ref_axis',(1.,0.,0.));
#10140=DIRECTION('',(1.,0.,0.));
#10141=DIRECTION('',(0.,0.,-1.));
#10142=DIRECTION('',(1.,0.,0.));
#10143=DIRECTION('center_axis',(-1.,0.,0.));
#10144=DIRECTION('ref_axis',(0.,1.,0.));
#10145=DIRECTION('',(0.,1.,0.));
#10146=DIRECTION('',(0.,0.,-1.));
#10147=DIRECTION('',(0.,1.,0.));
#10148=DIRECTION('center_axis',(0.,1.,0.));
#10149=DIRECTION('ref_axis',(1.,0.,0.));
#10150=DIRECTION('',(1.,0.,0.));
#10151=DIRECTION('',(0.,0.,-1.));
#10152=DIRECTION('',(1.,0.,0.));
#10153=DIRECTION('center_axis',(1.,0.,0.));
#10154=DIRECTION('ref_axis',(0.,-1.,0.));
#10155=DIRECTION('',(0.,-1.,0.));
#10156=DIRECTION('',(0.,0.,-1.));
#10157=DIRECTION('',(0.,-1.,0.));
#10158=DIRECTION('center_axis',(0.,1.,0.));
#10159=DIRECTION('ref_axis',(1.,0.,0.));
#10160=DIRECTION('',(1.,0.,0.));
#10161=DIRECTION('',(0.,0.,-1.));
#10162=DIRECTION('',(1.,0.,0.));
#10163=DIRECTION('center_axis',(-1.,0.,0.));
#10164=DIRECTION('ref_axis',(0.,1.,0.));
#10165=DIRECTION('',(0.,1.,0.));
#10166=DIRECTION('',(0.,0.,-1.));
#10167=DIRECTION('',(0.,1.,0.));
#10168=DIRECTION('center_axis',(0.,-1.,0.));
#10169=DIRECTION('ref_axis',(-1.,0.,0.));
#10170=DIRECTION('',(-1.,0.,0.));
#10171=DIRECTION('',(-1.,0.,0.));
#10172=DIRECTION('center_axis',(0.,0.,-1.));
#10173=DIRECTION('ref_axis',(-1.,0.,0.));
#10174=DIRECTION('center_axis',(0.,-1.,0.));
#10175=DIRECTION('ref_axis',(-1.,0.,0.));
#10176=DIRECTION('',(-1.,0.,0.));
#10177=DIRECTION('',(0.,0.,-1.));
#10178=DIRECTION('',(-1.,0.,0.));
#10179=DIRECTION('',(0.,0.,-1.));
#10180=DIRECTION('',(0.,0.,-1.));
#10181=DIRECTION('',(0.,0.,-1.));
#10182=DIRECTION('',(0.,0.,-1.));
#10183=DIRECTION('',(0.,0.,-1.));
#10184=DIRECTION('',(0.,0.,-1.));
#10185=DIRECTION('center_axis',(0.,1.,0.));
#10186=DIRECTION('ref_axis',(1.,0.,0.));
#10187=DIRECTION('',(1.,0.,0.));
#10188=DIRECTION('',(0.,0.,-1.));
#10189=DIRECTION('',(1.,0.,0.));
#10190=DIRECTION('center_axis',(1.,0.,0.));
#10191=DIRECTION('ref_axis',(0.,-1.,0.));
#10192=DIRECTION('',(0.,-1.,0.));
#10193=DIRECTION('',(0.,-1.,0.));
#10194=DIRECTION('center_axis',(1.,0.,0.));
#10195=DIRECTION('ref_axis',(0.,-1.,0.));
#10196=DIRECTION('',(0.,-1.,0.));
#10197=DIRECTION('',(0.,0.,-1.));
#10198=DIRECTION('',(0.,-1.,0.));
#10199=DIRECTION('',(0.,0.,-1.));
#10200=DIRECTION('center_axis',(0.,-1.,0.));
#10201=DIRECTION('ref_axis',(-1.,0.,0.));
#10202=DIRECTION('',(-1.,0.,0.));
#10203=DIRECTION('',(0.,0.,-1.));
#10204=DIRECTION('',(-1.,0.,0.));
#10205=DIRECTION('',(0.,0.,-1.));
#10206=DIRECTION('',(0.,0.,-1.));
#10207=DIRECTION('',(0.,0.,-1.));
#10208=DIRECTION('',(0.,0.,-1.));
#10209=DIRECTION('center_axis',(-0.843774911404544,-0.536697213412044,0.));
#10210=DIRECTION('ref_axis',(-0.536697213412044,0.843774911404544,0.));
#10211=DIRECTION('',(-0.536697213412044,0.843774911404544,0.));
#10212=DIRECTION('',(0.,0.,-1.));
#10213=DIRECTION('',(-0.536697213412044,0.843774911404544,0.));
#10214=DIRECTION('center_axis',(0.,-1.,0.));
#10215=DIRECTION('ref_axis',(-1.,0.,0.));
#10216=DIRECTION('',(-1.,0.,0.));
#10217=DIRECTION('',(0.,0.,-1.));
#10218=DIRECTION('',(-1.,0.,0.));
#10219=DIRECTION('center_axis',(0.842616329641062,0.53851436473155,0.));
#10220=DIRECTION('ref_axis',(0.53851436473155,-0.842616329641062,0.));
#10221=DIRECTION('',(0.53851436473155,-0.842616329641062,0.));
#10222=DIRECTION('',(0.,0.,-1.));
#10223=DIRECTION('',(0.53851436473155,-0.842616329641062,0.));
#10224=DIRECTION('',(0.,0.,-1.));
#10225=DIRECTION('',(0.,0.,-1.));
#10226=DIRECTION('',(0.,0.,-1.));
#10227=DIRECTION('',(0.,0.,-1.));
#10228=DIRECTION('',(0.,0.,-1.));
#10229=DIRECTION('',(0.,0.,-1.));
#10230=DIRECTION('',(0.,0.,-1.));
#10231=DIRECTION('center_axis',(0.,1.,0.));
#10232=DIRECTION('ref_axis',(1.,0.,0.));
#10233=DIRECTION('',(1.,0.,0.));
#10234=DIRECTION('',(0.,0.,-1.));
#10235=DIRECTION('',(1.,0.,0.));
#10236=DIRECTION('center_axis',(-1.,0.,0.));
#10237=DIRECTION('ref_axis',(0.,1.,0.));
#10238=DIRECTION('',(0.,1.,0.));
#10239=DIRECTION('',(0.,0.,-1.));
#10240=DIRECTION('',(0.,1.,0.));
#10241=DIRECTION('center_axis',(0.,-1.,0.));
#10242=DIRECTION('ref_axis',(-1.,0.,0.));
#10243=DIRECTION('',(-1.,0.,0.));
#10244=DIRECTION('',(-1.,0.,0.));
#10245=DIRECTION('center_axis',(0.,0.,1.));
#10246=DIRECTION('ref_axis',(1.,0.,0.));
#10247=DIRECTION('center_axis',(1.,0.,0.));
#10248=DIRECTION('ref_axis',(0.,-1.,0.));
#10249=DIRECTION('',(0.,-1.,0.));
#10250=DIRECTION('',(0.,0.,-1.));
#10251=DIRECTION('',(0.,-1.,0.));
#10252=DIRECTION('',(0.,0.,-1.));
#10253=DIRECTION('center_axis',(0.,1.,0.));
#10254=DIRECTION('ref_axis',(1.,0.,0.));
#10255=DIRECTION('',(1.,0.,0.));
#10256=DIRECTION('',(0.,0.,-1.));
#10257=DIRECTION('',(1.,0.,0.));
#10258=DIRECTION('center_axis',(1.,0.,0.));
#10259=DIRECTION('ref_axis',(0.,-1.,0.));
#10260=DIRECTION('',(0.,-1.,0.));
#10261=DIRECTION('',(0.,0.,-1.));
#10262=DIRECTION('',(0.,-1.,0.));
#10263=DIRECTION('center_axis',(0.,-1.,0.));
#10264=DIRECTION('ref_axis',(-1.,0.,0.));
#10265=DIRECTION('',(-1.,0.,0.));
#10266=DIRECTION('',(0.,0.,-1.));
#10267=DIRECTION('',(-1.,0.,0.));
#10268=DIRECTION('center_axis',(1.,0.,0.));
#10269=DIRECTION('ref_axis',(0.,-1.,0.));
#10270=DIRECTION('',(0.,-1.,0.));
#10271=DIRECTION('',(0.,0.,-1.));
#10272=DIRECTION('',(0.,-1.,0.));
#10273=DIRECTION('center_axis',(0.,1.,0.));
#10274=DIRECTION('ref_axis',(1.,0.,0.));
#10275=DIRECTION('',(1.,0.,0.));
#10276=DIRECTION('',(0.,0.,-1.));
#10277=DIRECTION('',(1.,0.,0.));
#10278=DIRECTION('center_axis',(1.,0.,0.));
#10279=DIRECTION('ref_axis',(0.,-1.,0.));
#10280=DIRECTION('',(0.,-1.,0.));
#10281=DIRECTION('',(0.,0.,-1.));
#10282=DIRECTION('',(0.,-1.,0.));
#10283=DIRECTION('center_axis',(0.,-1.,0.));
#10284=DIRECTION('ref_axis',(-1.,0.,0.));
#10285=DIRECTION('',(-1.,0.,0.));
#10286=DIRECTION('',(0.,0.,-1.));
#10287=DIRECTION('',(-1.,0.,0.));
#10288=DIRECTION('center_axis',(1.,0.,0.));
#10289=DIRECTION('ref_axis',(0.,-1.,0.));
#10290=DIRECTION('',(0.,-1.,0.));
#10291=DIRECTION('',(0.,0.,-1.));
#10292=DIRECTION('',(0.,-1.,0.));
#10293=DIRECTION('center_axis',(0.,1.,0.));
#10294=DIRECTION('ref_axis',(1.,0.,0.));
#10295=DIRECTION('',(1.,0.,0.));
#10296=DIRECTION('',(0.,0.,-1.));
#10297=DIRECTION('',(1.,0.,0.));
#10298=DIRECTION('center_axis',(-1.,0.,0.));
#10299=DIRECTION('ref_axis',(0.,1.,0.));
#10300=DIRECTION('',(0.,1.,0.));
#10301=DIRECTION('',(0.,0.,-1.));
#10302=DIRECTION('',(0.,1.,0.));
#10303=DIRECTION('center_axis',(0.,-1.,0.));
#10304=DIRECTION('ref_axis',(-1.,0.,0.));
#10305=DIRECTION('',(-1.,0.,0.));
#10306=DIRECTION('',(-1.,0.,0.));
#10307=DIRECTION('center_axis',(0.,0.,-1.));
#10308=DIRECTION('ref_axis',(-1.,0.,0.));
#10309=DIRECTION('center_axis',(1.,0.,0.));
#10310=DIRECTION('ref_axis',(0.,-1.,0.));
#10311=DIRECTION('',(0.,-1.,0.));
#10312=DIRECTION('',(0.,0.,-1.));
#10313=DIRECTION('',(0.,-1.,0.));
#10314=DIRECTION('',(0.,0.,-1.));
#10315=DIRECTION('center_axis',(0.,1.,0.));
#10316=DIRECTION('ref_axis',(1.,0.,0.));
#10317=DIRECTION('',(1.,0.,0.));
#10318=DIRECTION('',(0.,0.,-1.));
#10319=DIRECTION('',(1.,0.,0.));
#10320=DIRECTION('center_axis',(1.,0.,0.));
#10321=DIRECTION('ref_axis',(0.,-1.,0.));
#10322=DIRECTION('',(0.,-1.,0.));
#10323=DIRECTION('',(0.,0.,-1.));
#10324=DIRECTION('',(0.,-1.,0.));
#10325=DIRECTION('center_axis',(0.,1.,0.));
#10326=DIRECTION('ref_axis',(1.,0.,0.));
#10327=DIRECTION('',(1.,0.,0.));
#10328=DIRECTION('',(0.,0.,-1.));
#10329=DIRECTION('',(1.,0.,0.));
#10330=DIRECTION('center_axis',(-1.,0.,0.));
#10331=DIRECTION('ref_axis',(0.,1.,0.));
#10332=DIRECTION('',(0.,1.,0.));
#10333=DIRECTION('',(0.,0.,-1.));
#10334=DIRECTION('',(0.,1.,0.));
#10335=DIRECTION('center_axis',(0.,-1.,0.));
#10336=DIRECTION('ref_axis',(-1.,0.,0.));
#10337=DIRECTION('',(-1.,0.,0.));
#10338=DIRECTION('',(-1.,0.,0.));
#10339=DIRECTION('center_axis',(0.,0.,-1.));
#10340=DIRECTION('ref_axis',(-1.,0.,0.));
#10341=DIRECTION('',(0.,0.,-1.));
#10342=DIRECTION('',(0.,0.,-1.));
#10343=DIRECTION('',(0.,0.,-1.));
#10344=DIRECTION('',(0.,0.,-1.));
#10345=DIRECTION('',(0.,0.,-1.));
#10346=DIRECTION('',(0.,0.,-1.));
#10347=DIRECTION('',(0.,0.,-1.));
#10348=DIRECTION('',(0.,0.,-1.));
#10349=DIRECTION('',(0.,0.,-1.));
#10350=DIRECTION('',(0.,0.,-1.));
#10351=DIRECTION('',(0.,0.,-1.));
#10352=DIRECTION('',(0.,0.,-1.));
#10353=DIRECTION('',(0.,0.,-1.));
#10354=DIRECTION('',(0.,0.,-1.));
#10355=DIRECTION('',(0.,0.,-1.));
#10356=DIRECTION('',(0.,0.,-1.));
#10357=DIRECTION('',(0.,0.,-1.));
#10358=DIRECTION('',(0.,0.,-1.));
#10359=DIRECTION('',(0.,0.,-1.));
#10360=DIRECTION('',(0.,0.,-1.));
#10361=DIRECTION('center_axis',(0.,0.,1.));
#10362=DIRECTION('ref_axis',(1.,0.,0.));
#10363=DIRECTION('center_axis',(0.,-1.,0.));
#10364=DIRECTION('ref_axis',(-1.,0.,0.));
#10365=DIRECTION('',(-1.,0.,0.));
#10366=DIRECTION('',(0.,0.,-1.));
#10367=DIRECTION('',(-1.,0.,0.));
#10368=DIRECTION('',(0.,0.,-1.));
#10369=DIRECTION('',(0.,0.,-1.));
#10370=DIRECTION('',(0.,0.,-1.));
#10371=DIRECTION('',(0.,0.,-1.));
#10372=DIRECTION('',(0.,0.,-1.));
#10373=DIRECTION('',(0.,0.,-1.));
#10374=DIRECTION('',(0.,0.,-1.));
#10375=DIRECTION('',(0.,0.,-1.));
#10376=DIRECTION('center_axis',(0.,1.,0.));
#10377=DIRECTION('ref_axis',(1.,0.,0.));
#10378=DIRECTION('',(1.,0.,0.));
#10379=DIRECTION('',(0.,0.,-1.));
#10380=DIRECTION('',(1.,0.,0.));
#10381=DIRECTION('center_axis',(1.,0.,0.));
#10382=DIRECTION('ref_axis',(0.,-1.,0.));
#10383=DIRECTION('',(0.,-1.,0.));
#10384=DIRECTION('',(0.,-1.,0.));
#10385=DIRECTION('',(0.,0.,-1.));
#10386=DIRECTION('',(0.,0.,-1.));
#10387=DIRECTION('',(0.,0.,-1.));
#10388=DIRECTION('',(0.,0.,-1.));
#10389=DIRECTION('',(0.,0.,-1.));
#10390=DIRECTION('',(0.,0.,-1.));
#10391=DIRECTION('',(0.,0.,-1.));
#10392=DIRECTION('',(0.,0.,-1.));
#10393=DIRECTION('',(0.,0.,-1.));
#10394=DIRECTION('',(0.,0.,-1.));
#10395=DIRECTION('center_axis',(0.,1.,0.));
#10396=DIRECTION('ref_axis',(1.,0.,0.));
#10397=DIRECTION('',(1.,0.,0.));
#10398=DIRECTION('',(0.,0.,-1.));
#10399=DIRECTION('',(1.,0.,0.));
#10400=DIRECTION('center_axis',(-1.,0.,0.));
#10401=DIRECTION('ref_axis',(0.,1.,0.));
#10402=DIRECTION('',(0.,1.,0.));
#10403=DIRECTION('',(0.,0.,-1.));
#10404=DIRECTION('',(0.,1.,0.));
#10405=DIRECTION('center_axis',(0.,-1.,0.));
#10406=DIRECTION('ref_axis',(-1.,0.,0.));
#10407=DIRECTION('',(-1.,0.,0.));
#10408=DIRECTION('',(-1.,0.,0.));
#10409=DIRECTION('center_axis',(0.,0.,1.));
#10410=DIRECTION('ref_axis',(1.,0.,0.));
#10411=DIRECTION('center_axis',(1.,0.,0.));
#10412=DIRECTION('ref_axis',(0.,-1.,0.));
#10413=DIRECTION('',(0.,-1.,0.));
#10414=DIRECTION('',(0.,0.,-1.));
#10415=DIRECTION('',(0.,-1.,0.));
#10416=DIRECTION('',(0.,0.,-1.));
#10417=DIRECTION('center_axis',(-0.831383700299807,-0.555698787902044,0.));
#10418=DIRECTION('ref_axis',(-0.555698787902044,0.831383700299807,0.));
#10419=DIRECTION('',(-0.555698787902044,0.831383700299807,0.));
#10420=DIRECTION('',(0.,0.,-1.));
#10421=DIRECTION('',(-0.555698787902044,0.831383700299807,0.));
#10422=DIRECTION('center_axis',(0.,-1.,0.));
#10423=DIRECTION('ref_axis',(-1.,0.,0.));
#10424=DIRECTION('',(-1.,0.,0.));
#10425=DIRECTION('',(0.,0.,-1.));
#10426=DIRECTION('',(-1.,0.,0.));
#10427=DIRECTION('center_axis',(1.,0.,0.));
#10428=DIRECTION('ref_axis',(0.,-1.,0.));
#10429=DIRECTION('',(0.,-1.,0.));
#10430=DIRECTION('',(0.,0.,-1.));
#10431=DIRECTION('',(0.,-1.,0.));
#10432=DIRECTION('center_axis',(0.,1.,0.));
#10433=DIRECTION('ref_axis',(1.,0.,0.));
#10434=DIRECTION('',(1.,0.,0.));
#10435=DIRECTION('',(0.,0.,-1.));
#10436=DIRECTION('',(1.,0.,0.));
#10437=DIRECTION('center_axis',(-1.,0.,0.));
#10438=DIRECTION('ref_axis',(0.,1.,0.));
#10439=DIRECTION('',(0.,1.,0.));
#10440=DIRECTION('',(0.,0.,-1.));
#10441=DIRECTION('',(0.,1.,0.));
#10442=DIRECTION('center_axis',(0.83116062028186,0.556032394103683,0.));
#10443=DIRECTION('ref_axis',(0.556032394103683,-0.83116062028186,0.));
#10444=DIRECTION('',(0.556032394103683,-0.83116062028186,0.));
#10445=DIRECTION('',(0.,0.,-1.));
#10446=DIRECTION('',(0.556032394103683,-0.83116062028186,0.));
#10447=DIRECTION('center_axis',(0.,1.,0.));
#10448=DIRECTION('ref_axis',(1.,0.,0.));
#10449=DIRECTION('',(1.,0.,0.));
#10450=DIRECTION('',(0.,0.,-1.));
#10451=DIRECTION('',(1.,0.,0.));
#10452=DIRECTION('center_axis',(-1.,0.,0.));
#10453=DIRECTION('ref_axis',(0.,1.,0.));
#10454=DIRECTION('',(0.,1.,0.));
#10455=DIRECTION('',(0.,0.,-1.));
#10456=DIRECTION('',(0.,1.,0.));
#10457=DIRECTION('center_axis',(0.,-1.,0.));
#10458=DIRECTION('ref_axis',(-1.,0.,0.));
#10459=DIRECTION('',(-1.,0.,0.));
#10460=DIRECTION('',(-1.,0.,0.));
#10461=DIRECTION('center_axis',(0.,0.,-1.));
#10462=DIRECTION('ref_axis',(-1.,0.,0.));
#10463=DIRECTION('',(0.,0.,-1.));
#10464=DIRECTION('',(0.,0.,-1.));
#10465=DIRECTION('',(0.,0.,-1.));
#10466=DIRECTION('center_axis',(-0.935759764532235,-0.352638147514667,0.));
#10467=DIRECTION('ref_axis',(-0.352638147514667,0.935759764532235,0.));
#10468=DIRECTION('',(-0.352638147514667,0.935759764532235,0.));
#10469=DIRECTION('',(0.,0.,-1.));
#10470=DIRECTION('',(-0.352638147514667,0.935759764532235,0.));
#10471=DIRECTION('center_axis',(0.,1.,0.));
#10472=DIRECTION('ref_axis',(1.,0.,0.));
#10473=DIRECTION('',(1.,0.,0.));
#10474=DIRECTION('',(0.,0.,-1.));
#10475=DIRECTION('',(1.,0.,0.));
#10476=DIRECTION('center_axis',(0.936508056215738,-0.350646061781707,0.));
#10477=DIRECTION('ref_axis',(-0.350646061781707,-0.936508056215738,0.));
#10478=DIRECTION('',(-0.350646061781707,-0.936508056215738,0.));
#10479=DIRECTION('',(-0.350646061781707,-0.936508056215738,0.));
#10480=DIRECTION('center_axis',(0.940102128324608,-0.340892927940053,0.));
#10481=DIRECTION('ref_axis',(-0.340892927940053,-0.940102128324608,0.));
#10482=DIRECTION('',(-0.340892927940053,-0.940102128324608,0.));
#10483=DIRECTION('',(0.,0.,-1.));
#10484=DIRECTION('',(-0.340892927940053,-0.940102128324608,0.));
#10485=DIRECTION('',(0.,0.,-1.));
#10486=DIRECTION('center_axis',(0.,-1.,0.));
#10487=DIRECTION('ref_axis',(-1.,0.,0.));
#10488=DIRECTION('',(-1.,0.,0.));
#10489=DIRECTION('',(0.,0.,-1.));
#10490=DIRECTION('',(-1.,0.,0.));
#10491=DIRECTION('center_axis',(-0.933183276197472,-0.359400852844499,0.));
#10492=DIRECTION('ref_axis',(-0.359400852844499,0.933183276197472,0.));
#10493=DIRECTION('',(-0.359400852844499,0.933183276197472,0.));
#10494=DIRECTION('',(0.,0.,-1.));
#10495=DIRECTION('',(-0.359400852844499,0.933183276197472,0.));
#10496=DIRECTION('center_axis',(0.,-1.,0.));
#10497=DIRECTION('ref_axis',(-1.,0.,0.));
#10498=DIRECTION('',(-1.,0.,0.));
#10499=DIRECTION('',(0.,0.,-1.));
#10500=DIRECTION('',(-1.,0.,0.));
#10501=DIRECTION('center_axis',(0.925486656900336,0.378780210543582,0.));
#10502=DIRECTION('ref_axis',(0.378780210543582,-0.925486656900336,0.));
#10503=DIRECTION('',(0.378780210543582,-0.925486656900336,0.));
#10504=DIRECTION('',(0.,0.,-1.));
#10505=DIRECTION('',(0.378780210543582,-0.925486656900336,0.));
#10506=DIRECTION('center_axis',(0.,1.,0.));
#10507=DIRECTION('ref_axis',(1.,0.,0.));
#10508=DIRECTION('',(1.,0.,0.));
#10509=DIRECTION('',(0.,0.,-1.));
#10510=DIRECTION('',(1.,0.,0.));
#10511=DIRECTION('center_axis',(-0.933525981228743,0.358509752128046,0.));
#10512=DIRECTION('ref_axis',(0.358509752128046,0.933525981228743,0.));
#10513=DIRECTION('',(0.358509752128046,0.933525981228743,0.));
#10514=DIRECTION('',(0.,0.,-1.));
#10515=DIRECTION('',(0.358509752128046,0.933525981228743,0.));
#10516=DIRECTION('center_axis',(0.,-1.,0.));
#10517=DIRECTION('ref_axis',(-1.,0.,0.));
#10518=DIRECTION('',(-1.,0.,0.));
#10519=DIRECTION('',(-1.,0.,0.));
#10520=DIRECTION('center_axis',(0.,0.,1.));
#10521=DIRECTION('ref_axis',(1.,0.,0.));
#10522=DIRECTION('center_axis',(1.,0.,0.));
#10523=DIRECTION('ref_axis',(0.,-1.,0.));
#10524=DIRECTION('',(0.,-1.,0.));
#10525=DIRECTION('',(0.,0.,-1.));
#10526=DIRECTION('',(0.,-1.,0.));
#10527=DIRECTION('',(0.,0.,-1.));
#10528=DIRECTION('center_axis',(-0.9468467550088,-0.321684974049621,0.));
#10529=DIRECTION('ref_axis',(-0.321684974049621,0.9468467550088,0.));
#10530=DIRECTION('',(-0.321684974049621,0.9468467550088,0.));
#10531=DIRECTION('',(0.,0.,-1.));
#10532=DIRECTION('',(-0.321684974049621,0.9468467550088,0.));
#10533=DIRECTION('center_axis',(0.,-1.,0.));
#10534=DIRECTION('ref_axis',(-1.,0.,0.));
#10535=DIRECTION('',(-1.,0.,0.));
#10536=DIRECTION('',(0.,0.,-1.));
#10537=DIRECTION('',(-1.,0.,0.));
#10538=DIRECTION('center_axis',(0.944683539967772,-0.327983245477509,0.));
#10539=DIRECTION('ref_axis',(-0.327983245477509,-0.944683539967772,0.));
#10540=DIRECTION('',(-0.327983245477509,-0.944683539967772,0.));
#10541=DIRECTION('',(0.,0.,-1.));
#10542=DIRECTION('',(-0.327983245477509,-0.944683539967772,0.));
#10543=DIRECTION('center_axis',(-1.,0.,0.));
#10544=DIRECTION('ref_axis',(0.,1.,0.));
#10545=DIRECTION('',(0.,1.,0.));
#10546=DIRECTION('',(0.,0.,-1.));
#10547=DIRECTION('',(0.,1.,0.));
#10548=DIRECTION('center_axis',(0.,-1.,0.));
#10549=DIRECTION('ref_axis',(-1.,0.,0.));
#10550=DIRECTION('',(-1.,0.,0.));
#10551=DIRECTION('',(0.,0.,-1.));
#10552=DIRECTION('',(-1.,0.,0.));
#10553=DIRECTION('center_axis',(1.,0.,0.));
#10554=DIRECTION('ref_axis',(0.,-1.,0.));
#10555=DIRECTION('',(0.,-1.,0.));
#10556=DIRECTION('',(0.,0.,-1.));
#10557=DIRECTION('',(0.,-1.,0.));
#10558=DIRECTION('center_axis',(0.,1.,0.));
#10559=DIRECTION('ref_axis',(1.,0.,0.));
#10560=DIRECTION('',(1.,0.,0.));
#10561=DIRECTION('',(0.,0.,-1.));
#10562=DIRECTION('',(1.,0.,0.));
#10563=DIRECTION('center_axis',(-0.945579672614495,0.325390661725663,0.));
#10564=DIRECTION('ref_axis',(0.325390661725663,0.945579672614495,0.));
#10565=DIRECTION('',(0.325390661725663,0.945579672614495,0.));
#10566=DIRECTION('',(0.,0.,-1.));
#10567=DIRECTION('',(0.325390661725663,0.945579672614495,0.));
#10568=DIRECTION('',(0.,0.,-1.));
#10569=DIRECTION('',(0.,0.,-1.));
#10570=DIRECTION('center_axis',(0.948408946215778,0.317049634502039,0.));
#10571=DIRECTION('ref_axis',(0.317049634502039,-0.948408946215778,0.));
#10572=DIRECTION('',(0.317049634502039,-0.948408946215778,0.));
#10573=DIRECTION('',(0.,0.,-1.));
#10574=DIRECTION('',(0.317049634502039,-0.948408946215778,0.));
#10575=DIRECTION('center_axis',(0.,1.,0.));
#10576=DIRECTION('ref_axis',(1.,0.,0.));
#10577=DIRECTION('',(1.,0.,0.));
#10578=DIRECTION('',(0.,0.,-1.));
#10579=DIRECTION('',(1.,0.,0.));
#10580=DIRECTION('center_axis',(-1.,0.,0.));
#10581=DIRECTION('ref_axis',(0.,1.,0.));
#10582=DIRECTION('',(0.,1.,0.));
#10583=DIRECTION('',(0.,0.,-1.));
#10584=DIRECTION('',(0.,1.,0.));
#10585=DIRECTION('center_axis',(0.,-1.,0.));
#10586=DIRECTION('ref_axis',(-1.,0.,0.));
#10587=DIRECTION('',(-1.,0.,0.));
#10588=DIRECTION('',(-1.,0.,0.));
#10589=DIRECTION('center_axis',(0.,0.,1.));
#10590=DIRECTION('ref_axis',(1.,0.,0.));
#10591=DIRECTION('center_axis',(1.,0.,0.));
#10592=DIRECTION('ref_axis',(0.,-1.,0.));
#10593=DIRECTION('',(0.,-1.,0.));
#10594=DIRECTION('',(0.,0.,-1.));
#10595=DIRECTION('',(0.,-1.,0.));
#10596=DIRECTION('',(0.,0.,-1.));
#10597=DIRECTION('center_axis',(0.,1.,0.));
#10598=DIRECTION('ref_axis',(1.,0.,0.));
#10599=DIRECTION('',(1.,0.,0.));
#10600=DIRECTION('',(0.,0.,-1.));
#10601=DIRECTION('',(1.,0.,0.));
#10602=DIRECTION('center_axis',(1.,0.,0.));
#10603=DIRECTION('ref_axis',(0.,-1.,0.));
#10604=DIRECTION('',(0.,-1.,0.));
#10605=DIRECTION('',(0.,0.,-1.));
#10606=DIRECTION('',(0.,-1.,0.));
#10607=DIRECTION('center_axis',(0.,-1.,0.));
#10608=DIRECTION('ref_axis',(-1.,0.,0.));
#10609=DIRECTION('',(-1.,0.,0.));
#10610=DIRECTION('',(0.,0.,-1.));
#10611=DIRECTION('',(-1.,0.,0.));
#10612=DIRECTION('center_axis',(1.,0.,0.));
#10613=DIRECTION('ref_axis',(0.,-1.,0.));
#10614=DIRECTION('',(0.,-1.,0.));
#10615=DIRECTION('',(0.,0.,-1.));
#10616=DIRECTION('',(0.,-1.,0.));
#10617=DIRECTION('center_axis',(0.,1.,0.));
#10618=DIRECTION('ref_axis',(1.,0.,0.));
#10619=DIRECTION('',(1.,0.,0.));
#10620=DIRECTION('',(0.,0.,-1.));
#10621=DIRECTION('',(1.,0.,0.));
#10622=DIRECTION('center_axis',(1.,0.,0.));
#10623=DIRECTION('ref_axis',(0.,-1.,0.));
#10624=DIRECTION('',(0.,-1.,0.));
#10625=DIRECTION('',(0.,0.,-1.));
#10626=DIRECTION('',(0.,-1.,0.));
#10627=DIRECTION('center_axis',(0.,-1.,0.));
#10628=DIRECTION('ref_axis',(-1.,0.,0.));
#10629=DIRECTION('',(-1.,0.,0.));
#10630=DIRECTION('',(0.,0.,-1.));
#10631=DIRECTION('',(-1.,0.,0.));
#10632=DIRECTION('center_axis',(1.,0.,0.));
#10633=DIRECTION('ref_axis',(0.,-1.,0.));
#10634=DIRECTION('',(0.,-1.,0.));
#10635=DIRECTION('',(0.,0.,-1.));
#10636=DIRECTION('',(0.,-1.,0.));
#10637=DIRECTION('center_axis',(0.,1.,0.));
#10638=DIRECTION('ref_axis',(1.,0.,0.));
#10639=DIRECTION('',(1.,0.,0.));
#10640=DIRECTION('',(0.,0.,-1.));
#10641=DIRECTION('',(1.,0.,0.));
#10642=DIRECTION('center_axis',(-1.,0.,0.));
#10643=DIRECTION('ref_axis',(0.,1.,0.));
#10644=DIRECTION('',(0.,1.,0.));
#10645=DIRECTION('',(0.,0.,-1.));
#10646=DIRECTION('',(0.,1.,0.));
#10647=DIRECTION('center_axis',(0.,-1.,0.));
#10648=DIRECTION('ref_axis',(-1.,0.,0.));
#10649=DIRECTION('',(-1.,0.,0.));
#10650=DIRECTION('',(-1.,0.,0.));
#10651=DIRECTION('center_axis',(0.,0.,-1.));
#10652=DIRECTION('ref_axis',(-1.,0.,0.));
#10653=DIRECTION('center_axis',(1.,0.,0.));
#10654=DIRECTION('ref_axis',(0.,-1.,0.));
#10655=DIRECTION('',(0.,-1.,0.));
#10656=DIRECTION('',(0.,0.,-1.));
#10657=DIRECTION('',(0.,-1.,0.));
#10658=DIRECTION('',(0.,0.,-1.));
#10659=DIRECTION('center_axis',(0.,-1.,0.));
#10660=DIRECTION('ref_axis',(-1.,0.,0.));
#10661=DIRECTION('',(-1.,0.,0.));
#10662=DIRECTION('',(0.,0.,-1.));
#10663=DIRECTION('',(-1.,0.,0.));
#10664=DIRECTION('center_axis',(1.,0.,0.));
#10665=DIRECTION('ref_axis',(0.,-1.,0.));
#10666=DIRECTION('',(0.,-1.,0.));
#10667=DIRECTION('',(0.,0.,-1.));
#10668=DIRECTION('',(0.,-1.,0.));
#10669=DIRECTION('center_axis',(0.,1.,0.));
#10670=DIRECTION('ref_axis',(1.,0.,0.));
#10671=DIRECTION('',(1.,0.,0.));
#10672=DIRECTION('',(0.,0.,-1.));
#10673=DIRECTION('',(1.,0.,0.));
#10674=DIRECTION('center_axis',(-1.,0.,0.));
#10675=DIRECTION('ref_axis',(0.,1.,0.));
#10676=DIRECTION('',(0.,1.,0.));
#10677=DIRECTION('',(0.,0.,-1.));
#10678=DIRECTION('',(0.,1.,0.));
#10679=DIRECTION('center_axis',(0.,-1.,0.));
#10680=DIRECTION('ref_axis',(-1.,0.,0.));
#10681=DIRECTION('',(-1.,0.,0.));
#10682=DIRECTION('',(0.,0.,-1.));
#10683=DIRECTION('',(-1.,0.,0.));
#10684=DIRECTION('center_axis',(-1.,0.,0.));
#10685=DIRECTION('ref_axis',(0.,1.,0.));
#10686=DIRECTION('',(0.,1.,0.));
#10687=DIRECTION('',(0.,0.,-1.));
#10688=DIRECTION('',(0.,1.,0.));
#10689=DIRECTION('center_axis',(0.,-1.,0.));
#10690=DIRECTION('ref_axis',(-1.,0.,0.));
#10691=DIRECTION('',(-1.,0.,0.));
#10692=DIRECTION('',(-1.,0.,0.));
#10693=DIRECTION('center_axis',(0.,0.,-1.));
#10694=DIRECTION('ref_axis',(-1.,0.,0.));
#10695=DIRECTION('center_axis',(0.,0.,1.));
#10696=DIRECTION('ref_axis',(1.,0.,0.));
#10697=DIRECTION('center_axis',(0.,0.,1.));
#10698=DIRECTION('ref_axis',(1.,0.,0.));
#10699=DIRECTION('center_axis',(0.,0.,1.));
#10700=DIRECTION('ref_axis',(1.,0.,0.));
#10701=DIRECTION('center_axis',(0.,0.,1.));
#10702=DIRECTION('ref_axis',(1.,0.,0.));
#10703=DIRECTION('',(0.,0.,-1.));
#10704=DIRECTION('',(0.,0.,-1.));
#10705=DIRECTION('',(0.,0.,-1.));
#10706=DIRECTION('',(0.,0.,-1.));
#10707=DIRECTION('',(0.,0.,-1.));
#10708=DIRECTION('',(0.,0.,-1.));
#10709=DIRECTION('',(0.,0.,-1.));
#10710=DIRECTION('',(0.,0.,-1.));
#10711=DIRECTION('',(0.,0.,-1.));
#10712=DIRECTION('',(0.,0.,-1.));
#10713=DIRECTION('',(0.,0.,-1.));
#10714=DIRECTION('',(0.,0.,-1.));
#10715=DIRECTION('',(0.,0.,-1.));
#10716=DIRECTION('',(0.,0.,-1.));
#10717=DIRECTION('',(0.,0.,-1.));
#10718=DIRECTION('',(0.,0.,-1.));
#10719=DIRECTION('',(0.,0.,-1.));
#10720=DIRECTION('center_axis',(0.,0.,1.));
#10721=DIRECTION('ref_axis',(1.,0.,0.));
#10722=DIRECTION('center_axis',(0.,-1.,0.));
#10723=DIRECTION('ref_axis',(-1.,0.,0.));
#10724=DIRECTION('',(-1.,0.,0.));
#10725=DIRECTION('',(0.,0.,-1.));
#10726=DIRECTION('',(-1.,0.,0.));
#10727=DIRECTION('',(0.,0.,-1.));
#10728=DIRECTION('',(0.,0.,-1.));
#10729=DIRECTION('',(0.,0.,-1.));
#10730=DIRECTION('',(0.,0.,-1.));
#10731=DIRECTION('',(0.,0.,-1.));
#10732=DIRECTION('',(0.,0.,-1.));
#10733=DIRECTION('',(0.,0.,-1.));
#10734=DIRECTION('center_axis',(0.,1.,0.));
#10735=DIRECTION('ref_axis',(1.,0.,0.));
#10736=DIRECTION('',(1.,0.,0.));
#10737=DIRECTION('',(0.,0.,-1.));
#10738=DIRECTION('',(1.,0.,0.));
#10739=DIRECTION('center_axis',(1.,0.,0.));
#10740=DIRECTION('ref_axis',(0.,-1.,0.));
#10741=DIRECTION('',(0.,-1.,0.));
#10742=DIRECTION('',(0.,-1.,0.));
#10743=DIRECTION('center_axis',(0.,-1.,0.));
#10744=DIRECTION('ref_axis',(-1.,0.,0.));
#10745=DIRECTION('',(-1.,0.,0.));
#10746=DIRECTION('',(0.,0.,-1.));
#10747=DIRECTION('',(-1.,0.,0.));
#10748=DIRECTION('',(0.,0.,-1.));
#10749=DIRECTION('',(0.,0.,-1.));
#10750=DIRECTION('',(0.,0.,-1.));
#10751=DIRECTION('',(0.,0.,-1.));
#10752=DIRECTION('',(0.,0.,-1.));
#10753=DIRECTION('',(0.,0.,-1.));
#10754=DIRECTION('',(0.,0.,-1.));
#10755=DIRECTION('',(0.,0.,-1.));
#10756=DIRECTION('center_axis',(0.,1.,0.));
#10757=DIRECTION('ref_axis',(1.,0.,0.));
#10758=DIRECTION('',(1.,0.,0.));
#10759=DIRECTION('',(0.,0.,-1.));
#10760=DIRECTION('',(1.,0.,0.));
#10761=DIRECTION('center_axis',(1.,0.,0.));
#10762=DIRECTION('ref_axis',(0.,-1.,0.));
#10763=DIRECTION('',(0.,-1.,0.));
#10764=DIRECTION('',(0.,-1.,0.));
#10765=DIRECTION('',(0.,0.,-1.));
#10766=DIRECTION('',(0.,0.,-1.));
#10767=DIRECTION('',(0.,0.,-1.));
#10768=DIRECTION('',(0.,0.,-1.));
#10769=DIRECTION('',(0.,0.,-1.));
#10770=DIRECTION('',(0.,0.,-1.));
#10771=DIRECTION('',(0.,0.,-1.));
#10772=DIRECTION('',(0.,0.,-1.));
#10773=DIRECTION('',(0.,0.,-1.));
#10774=DIRECTION('',(0.,0.,-1.));
#10775=DIRECTION('',(0.,0.,-1.));
#10776=DIRECTION('',(0.,0.,-1.));
#10777=DIRECTION('center_axis',(0.,1.,0.));
#10778=DIRECTION('ref_axis',(1.,0.,0.));
#10779=DIRECTION('',(1.,0.,0.));
#10780=DIRECTION('',(0.,0.,-1.));
#10781=DIRECTION('',(1.,0.,0.));
#10782=DIRECTION('center_axis',(-1.,0.,0.));
#10783=DIRECTION('ref_axis',(0.,1.,0.));
#10784=DIRECTION('',(0.,1.,0.));
#10785=DIRECTION('',(0.,0.,-1.));
#10786=DIRECTION('',(0.,1.,0.));
#10787=DIRECTION('center_axis',(0.,-1.,0.));
#10788=DIRECTION('ref_axis',(-1.,0.,0.));
#10789=DIRECTION('',(-1.,0.,0.));
#10790=DIRECTION('',(-1.,0.,0.));
#10791=DIRECTION('center_axis',(0.,0.,1.));
#10792=DIRECTION('ref_axis',(1.,0.,0.));
#10793=DIRECTION('',(0.,0.,-1.));
#10794=DIRECTION('',(0.,0.,-1.));
#10795=DIRECTION('',(0.,0.,-1.));
#10796=DIRECTION('',(0.,0.,-1.));
#10797=DIRECTION('center_axis',(0.936614037943024,-0.350362874642938,0.));
#10798=DIRECTION('ref_axis',(-0.350362874642938,-0.936614037943024,0.));
#10799=DIRECTION('',(-0.350362874642938,-0.936614037943024,0.));
#10800=DIRECTION('',(0.,0.,-1.));
#10801=DIRECTION('',(-0.350362874642938,-0.936614037943024,0.));
#10802=DIRECTION('center_axis',(0.,1.,0.));
#10803=DIRECTION('ref_axis',(1.,0.,0.));
#10804=DIRECTION('',(1.,0.,0.));
#10805=DIRECTION('',(0.,0.,-1.));
#10806=DIRECTION('',(1.,0.,0.));
#10807=DIRECTION('center_axis',(-0.938860084622152,0.344298913014965,0.));
#10808=DIRECTION('ref_axis',(0.344298913014965,0.938860084622152,0.));
#10809=DIRECTION('',(0.344298913014965,0.938860084622152,0.));
#10810=DIRECTION('',(0.,0.,-1.));
#10811=DIRECTION('',(0.344298913014965,0.938860084622152,0.));
#10812=DIRECTION('',(0.,0.,-1.));
#10813=DIRECTION('',(0.,0.,-1.));
#10814=DIRECTION('center_axis',(0.941082498051674,0.338177071755052,0.));
#10815=DIRECTION('ref_axis',(0.338177071755052,-0.941082498051674,0.));
#10816=DIRECTION('',(0.338177071755052,-0.941082498051674,0.));
#10817=DIRECTION('',(0.,0.,-1.));
#10818=DIRECTION('',(0.338177071755052,-0.941082498051674,0.));
#10819=DIRECTION('center_axis',(0.,1.,0.));
#10820=DIRECTION('ref_axis',(1.,0.,0.));
#10821=DIRECTION('',(1.,0.,0.));
#10822=DIRECTION('',(0.,0.,-1.));
#10823=DIRECTION('',(1.,0.,0.));
#10824=DIRECTION('center_axis',(-0.935168187366845,-0.354203982666781,0.));
#10825=DIRECTION('ref_axis',(-0.354203982666781,0.935168187366845,0.));
#10826=DIRECTION('',(-0.354203982666781,0.935168187366845,0.));
#10827=DIRECTION('',(0.,0.,-1.));
#10828=DIRECTION('',(-0.354203982666781,0.935168187366845,0.));
#10829=DIRECTION('',(0.,0.,-1.));
#10830=DIRECTION('',(0.,0.,-1.));
#10831=DIRECTION('',(0.,0.,-1.));
#10832=DIRECTION('',(0.,0.,-1.));
#10833=DIRECTION('',(0.,0.,-1.));
#10834=DIRECTION('center_axis',(-0.99307041445686,-0.117520857427443,0.));
#10835=DIRECTION('ref_axis',(-0.117520857427443,0.99307041445686,0.));
#10836=DIRECTION('',(-0.117520857427443,0.99307041445686,0.));
#10837=DIRECTION('',(0.,0.,-1.));
#10838=DIRECTION('',(-0.117520857427443,0.99307041445686,0.));
#10839=DIRECTION('center_axis',(0.,0.,1.));
#10840=DIRECTION('ref_axis',(1.,0.,0.));
#10841=DIRECTION('',(0.,0.,-1.));
#10842=DIRECTION('',(0.,0.,-1.));
#10843=DIRECTION('',(0.,0.,-1.));
#10844=DIRECTION('',(0.,0.,-1.));
#10845=DIRECTION('',(0.,0.,-1.));
#10846=DIRECTION('',(0.,0.,-1.));
#10847=DIRECTION('',(0.,0.,-1.));
#10848=DIRECTION('',(0.,0.,-1.));
#10849=DIRECTION('',(0.,0.,-1.));
#10850=DIRECTION('',(0.,0.,-1.));
#10851=DIRECTION('',(0.,0.,-1.));
#10852=DIRECTION('',(0.,0.,-1.));
#10853=DIRECTION('',(0.,0.,-1.));
#10854=DIRECTION('',(0.,0.,-1.));
#10855=DIRECTION('',(0.,0.,-1.));
#10856=DIRECTION('',(0.,0.,-1.));
#10857=DIRECTION('',(0.,0.,-1.));
#10858=DIRECTION('center_axis',(0.,0.,1.));
#10859=DIRECTION('ref_axis',(1.,0.,0.));
#10860=DIRECTION('',(0.,0.,-1.));
#10861=DIRECTION('',(0.,0.,-1.));
#10862=DIRECTION('',(0.,0.,-1.));
#10863=DIRECTION('',(0.,0.,-1.));
#10864=DIRECTION('',(0.,0.,-1.));
#10865=DIRECTION('',(0.,0.,-1.));
#10866=DIRECTION('',(0.,0.,-1.));
#10867=DIRECTION('',(0.,0.,-1.));
#10868=DIRECTION('center_axis',(1.,0.,0.));
#10869=DIRECTION('ref_axis',(0.,-1.,0.));
#10870=DIRECTION('',(0.,-1.,0.));
#10871=DIRECTION('',(0.,0.,-1.));
#10872=DIRECTION('',(0.,-1.,0.));
#10873=DIRECTION('',(0.,0.,-1.));
#10874=DIRECTION('center_axis',(0.,1.,0.));
#10875=DIRECTION('ref_axis',(1.,0.,0.));
#10876=DIRECTION('',(1.,0.,0.));
#10877=DIRECTION('',(0.,0.,-1.));
#10878=DIRECTION('',(1.,0.,0.));
#10879=DIRECTION('center_axis',(-1.,0.,0.));
#10880=DIRECTION('ref_axis',(0.,1.,0.));
#10881=DIRECTION('',(0.,1.,0.));
#10882=DIRECTION('',(0.,0.,-1.));
#10883=DIRECTION('',(0.,1.,0.));
#10884=DIRECTION('',(0.,0.,-1.));
#10885=DIRECTION('',(0.,0.,-1.));
#10886=DIRECTION('',(0.,0.,-1.));
#10887=DIRECTION('',(0.,0.,-1.));
#10888=DIRECTION('',(0.,0.,-1.));
#10889=DIRECTION('',(0.,0.,-1.));
#10890=DIRECTION('',(0.,0.,-1.));
#10891=DIRECTION('',(0.,0.,-1.));
#10892=DIRECTION('',(0.,0.,-1.));
#10893=DIRECTION('center_axis',(-1.,0.,0.));
#10894=DIRECTION('ref_axis',(0.,1.,0.));
#10895=DIRECTION('',(0.,1.,0.));
#10896=DIRECTION('',(0.,0.,-1.));
#10897=DIRECTION('',(0.,1.,0.));
#10898=DIRECTION('center_axis',(0.,-1.,0.));
#10899=DIRECTION('ref_axis',(-1.,0.,0.));
#10900=DIRECTION('',(-1.,0.,0.));
#10901=DIRECTION('',(-1.,0.,0.));
#10902=DIRECTION('center_axis',(0.,0.,1.));
#10903=DIRECTION('ref_axis',(1.,0.,0.));
#10904=DIRECTION('',(0.,0.,-1.));
#10905=DIRECTION('',(0.,0.,-1.));
#10906=DIRECTION('',(0.,0.,-1.));
#10907=DIRECTION('',(0.,0.,-1.));
#10908=DIRECTION('',(0.,0.,-1.));
#10909=DIRECTION('',(0.,0.,-1.));
#10910=DIRECTION('',(0.,0.,-1.));
#10911=DIRECTION('',(0.,0.,-1.));
#10912=DIRECTION('',(0.,0.,-1.));
#10913=DIRECTION('',(0.,0.,-1.));
#10914=DIRECTION('center_axis',(-1.,0.,0.));
#10915=DIRECTION('ref_axis',(0.,1.,0.));
#10916=DIRECTION('',(0.,1.,0.));
#10917=DIRECTION('',(0.,1.,0.));
#10918=DIRECTION('center_axis',(0.,-1.,0.));
#10919=DIRECTION('ref_axis',(-1.,0.,0.));
#10920=DIRECTION('',(-1.,0.,0.));
#10921=DIRECTION('',(0.,0.,-1.));
#10922=DIRECTION('',(-1.,0.,0.));
#10923=DIRECTION('',(0.,0.,-1.));
#10924=DIRECTION('',(0.,0.,-1.));
#10925=DIRECTION('',(0.,0.,-1.));
#10926=DIRECTION('center_axis',(1.,0.,0.));
#10927=DIRECTION('ref_axis',(0.,-1.,0.));
#10928=DIRECTION('',(0.,-1.,0.));
#10929=DIRECTION('',(0.,0.,-1.));
#10930=DIRECTION('',(0.,-1.,0.));
#10931=DIRECTION('',(0.,0.,-1.));
#10932=DIRECTION('',(0.,0.,-1.));
#10933=DIRECTION('',(0.,0.,-1.));
#10934=DIRECTION('',(0.,0.,-1.));
#10935=DIRECTION('',(0.,0.,-1.));
#10936=DIRECTION('',(0.,0.,-1.));
#10937=DIRECTION('',(0.,0.,-1.));
#10938=DIRECTION('center_axis',(-0.135114009647347,-0.990830058282961,0.));
#10939=DIRECTION('ref_axis',(-0.990830058282961,0.135114009647347,0.));
#10940=DIRECTION('',(-0.990830058282961,0.135114009647347,0.));
#10941=DIRECTION('',(0.,0.,-1.));
#10942=DIRECTION('',(-0.990830058282961,0.135114009647347,0.));
#10943=DIRECTION('',(0.,0.,-1.));
#10944=DIRECTION('',(0.,0.,-1.));
#10945=DIRECTION('',(0.,0.,-1.));
#10946=DIRECTION('',(0.,0.,-1.));
#10947=DIRECTION('',(0.,0.,-1.));
#10948=DIRECTION('',(0.,0.,-1.));
#10949=DIRECTION('',(0.,0.,-1.));
#10950=DIRECTION('',(0.,0.,-1.));
#10951=DIRECTION('',(0.,0.,-1.));
#10952=DIRECTION('',(0.,0.,-1.));
#10953=DIRECTION('',(0.,0.,-1.));
#10954=DIRECTION('',(0.,0.,-1.));
#10955=DIRECTION('',(0.,0.,-1.));
#10956=DIRECTION('',(0.,0.,-1.));
#10957=DIRECTION('center_axis',(0.,0.,1.));
#10958=DIRECTION('ref_axis',(1.,0.,0.));
#10959=DIRECTION('center_axis',(1.,0.,0.));
#10960=DIRECTION('ref_axis',(0.,-1.,0.));
#10961=DIRECTION('',(0.,-1.,0.));
#10962=DIRECTION('',(0.,0.,-1.));
#10963=DIRECTION('',(0.,-1.,0.));
#10964=DIRECTION('',(0.,0.,-1.));
#10965=DIRECTION('center_axis',(0.,1.,0.));
#10966=DIRECTION('ref_axis',(1.,0.,0.));
#10967=DIRECTION('',(1.,0.,0.));
#10968=DIRECTION('',(0.,0.,-1.));
#10969=DIRECTION('',(1.,0.,0.));
#10970=DIRECTION('center_axis',(1.,0.,0.));
#10971=DIRECTION('ref_axis',(0.,-1.,0.));
#10972=DIRECTION('',(0.,-1.,0.));
#10973=DIRECTION('',(0.,0.,-1.));
#10974=DIRECTION('',(0.,-1.,0.));
#10975=DIRECTION('center_axis',(0.,1.,0.));
#10976=DIRECTION('ref_axis',(1.,0.,0.));
#10977=DIRECTION('',(1.,0.,0.));
#10978=DIRECTION('',(0.,0.,-1.));
#10979=DIRECTION('',(1.,0.,0.));
#10980=DIRECTION('center_axis',(-1.,0.,0.));
#10981=DIRECTION('ref_axis',(0.,1.,0.));
#10982=DIRECTION('',(0.,1.,0.));
#10983=DIRECTION('',(0.,0.,-1.));
#10984=DIRECTION('',(0.,1.,0.));
#10985=DIRECTION('center_axis',(0.,-1.,0.));
#10986=DIRECTION('ref_axis',(-1.,0.,0.));
#10987=DIRECTION('',(-1.,0.,0.));
#10988=DIRECTION('',(-1.,0.,0.));
#10989=DIRECTION('center_axis',(0.,0.,-1.));
#10990=DIRECTION('ref_axis',(-1.,0.,0.));
#10991=DIRECTION('center_axis',(1.,0.,0.));
#10992=DIRECTION('ref_axis',(0.,-1.,0.));
#10993=DIRECTION('',(0.,-1.,0.));
#10994=DIRECTION('',(0.,0.,-1.));
#10995=DIRECTION('',(0.,-1.,0.));
#10996=DIRECTION('',(0.,0.,-1.));
#10997=DIRECTION('',(0.,0.,-1.));
#10998=DIRECTION('',(0.,0.,-1.));
#10999=DIRECTION('',(0.,0.,-1.));
#11000=DIRECTION('',(0.,0.,-1.));
#11001=DIRECTION('',(0.,0.,-1.));
#11002=DIRECTION('center_axis',(-1.,0.,0.));
#11003=DIRECTION('ref_axis',(0.,1.,0.));
#11004=DIRECTION('',(0.,1.,0.));
#11005=DIRECTION('',(0.,0.,-1.));
#11006=DIRECTION('',(0.,1.,0.));
#11007=DIRECTION('center_axis',(0.,-1.,0.));
#11008=DIRECTION('ref_axis',(-1.,0.,0.));
#11009=DIRECTION('',(-1.,0.,0.));
#11010=DIRECTION('',(0.,0.,-1.));
#11011=DIRECTION('',(-1.,0.,0.));
#11012=DIRECTION('center_axis',(1.,0.,0.));
#11013=DIRECTION('ref_axis',(0.,-1.,0.));
#11014=DIRECTION('',(0.,-1.,0.));
#11015=DIRECTION('',(0.,0.,-1.));
#11016=DIRECTION('',(0.,-1.,0.));
#11017=DIRECTION('',(0.,0.,-1.));
#11018=DIRECTION('',(0.,0.,-1.));
#11019=DIRECTION('',(0.,0.,-1.));
#11020=DIRECTION('',(0.,0.,-1.));
#11021=DIRECTION('',(0.,0.,-1.));
#11022=DIRECTION('center_axis',(1.,0.,0.));
#11023=DIRECTION('ref_axis',(0.,-1.,0.));
#11024=DIRECTION('',(0.,-1.,0.));
#11025=DIRECTION('',(0.,0.,-1.));
#11026=DIRECTION('',(0.,-1.,0.));
#11027=DIRECTION('center_axis',(0.,1.,0.));
#11028=DIRECTION('ref_axis',(1.,0.,0.));
#11029=DIRECTION('',(1.,0.,0.));
#11030=DIRECTION('',(0.,0.,-1.));
#11031=DIRECTION('',(1.,0.,0.));
#11032=DIRECTION('center_axis',(-1.,0.,0.));
#11033=DIRECTION('ref_axis',(0.,1.,0.));
#11034=DIRECTION('',(0.,1.,0.));
#11035=DIRECTION('',(0.,0.,-1.));
#11036=DIRECTION('',(0.,1.,0.));
#11037=DIRECTION('center_axis',(0.,-1.,0.));
#11038=DIRECTION('ref_axis',(-1.,0.,0.));
#11039=DIRECTION('',(-1.,0.,0.));
#11040=DIRECTION('',(-1.,0.,0.));
#11041=DIRECTION('center_axis',(0.,0.,1.));
#11042=DIRECTION('ref_axis',(1.,0.,0.));
#11043=DIRECTION('',(0.,0.,-1.));
#11044=DIRECTION('',(0.,0.,-1.));
#11045=DIRECTION('',(0.,0.,-1.));
#11046=DIRECTION('',(0.,0.,-1.));
#11047=DIRECTION('',(0.,0.,-1.));
#11048=DIRECTION('',(0.,0.,-1.));
#11049=DIRECTION('',(0.,0.,-1.));
#11050=DIRECTION('',(0.,0.,-1.));
#11051=DIRECTION('',(0.,0.,-1.));
#11052=DIRECTION('',(0.,0.,-1.));
#11053=DIRECTION('',(0.,0.,-1.));
#11054=DIRECTION('',(0.,0.,-1.));
#11055=DIRECTION('',(0.,0.,-1.));
#11056=DIRECTION('',(0.,0.,-1.));
#11057=DIRECTION('',(0.,0.,-1.));
#11058=DIRECTION('',(0.,0.,-1.));
#11059=DIRECTION('',(0.,0.,-1.));
#11060=DIRECTION('center_axis',(1.,0.,0.));
#11061=DIRECTION('ref_axis',(0.,-1.,0.));
#11062=DIRECTION('',(0.,-1.,0.));
#11063=DIRECTION('',(0.,0.,-1.));
#11064=DIRECTION('',(0.,-1.,0.));
#11065=DIRECTION('center_axis',(0.,1.,0.));
#11066=DIRECTION('ref_axis',(1.,0.,0.));
#11067=DIRECTION('',(1.,0.,0.));
#11068=DIRECTION('',(0.,0.,-1.));
#11069=DIRECTION('',(1.,0.,0.));
#11070=DIRECTION('center_axis',(-1.,0.,0.));
#11071=DIRECTION('ref_axis',(0.,1.,0.));
#11072=DIRECTION('',(0.,1.,0.));
#11073=DIRECTION('',(0.,0.,-1.));
#11074=DIRECTION('',(0.,1.,0.));
#11075=DIRECTION('center_axis',(0.,-1.,0.));
#11076=DIRECTION('ref_axis',(-1.,0.,0.));
#11077=DIRECTION('',(-1.,0.,0.));
#11078=DIRECTION('',(0.,0.,-1.));
#11079=DIRECTION('',(-1.,0.,0.));
#11080=DIRECTION('center_axis',(1.,0.,0.));
#11081=DIRECTION('ref_axis',(0.,-1.,0.));
#11082=DIRECTION('',(0.,-1.,0.));
#11083=DIRECTION('',(0.,-1.,0.));
#11084=DIRECTION('center_axis',(0.,0.,1.));
#11085=DIRECTION('ref_axis',(1.,0.,0.));
#11086=DIRECTION('',(0.,0.,-1.));
#11087=DIRECTION('',(0.,0.,-1.));
#11088=DIRECTION('',(0.,0.,-1.));
#11089=DIRECTION('',(0.,0.,-1.));
#11090=DIRECTION('center_axis',(0.,1.,0.));
#11091=DIRECTION('ref_axis',(1.,0.,0.));
#11092=DIRECTION('',(1.,0.,0.));
#11093=DIRECTION('',(0.,0.,-1.));
#11094=DIRECTION('',(1.,0.,0.));
#11095=DIRECTION('',(0.,0.,-1.));
#11096=DIRECTION('',(0.,0.,-1.));
#11097=DIRECTION('',(0.,0.,-1.));
#11098=DIRECTION('',(0.,0.,-1.));
#11099=DIRECTION('center_axis',(0.,-1.,0.));
#11100=DIRECTION('ref_axis',(-1.,0.,0.));
#11101=DIRECTION('',(-1.,0.,0.));
#11102=DIRECTION('',(0.,0.,-1.));
#11103=DIRECTION('',(-1.,0.,0.));
#11104=DIRECTION('',(0.,0.,-1.));
#11105=DIRECTION('',(0.,0.,-1.));
#11106=DIRECTION('',(0.,0.,-1.));
#11107=DIRECTION('',(0.,0.,-1.));
#11108=DIRECTION('',(0.,0.,-1.));
#11109=DIRECTION('',(0.,0.,-1.));
#11110=DIRECTION('',(0.,0.,-1.));
#11111=DIRECTION('',(0.,0.,-1.));
#11112=DIRECTION('',(0.,0.,-1.));
#11113=DIRECTION('center_axis',(0.122720941750163,0.992441217632537,0.));
#11114=DIRECTION('ref_axis',(0.992441217632537,-0.122720941750163,0.));
#11115=DIRECTION('',(0.992441217632537,-0.122720941750163,0.));
#11116=DIRECTION('',(0.,0.,-1.));
#11117=DIRECTION('',(0.992441217632537,-0.122720941750163,0.));
#11118=DIRECTION('center_axis',(0.,0.,1.));
#11119=DIRECTION('ref_axis',(1.,0.,0.));
#11120=DIRECTION('center_axis',(1.,0.,0.));
#11121=DIRECTION('ref_axis',(0.,-1.,0.));
#11122=DIRECTION('',(0.,-1.,0.));
#11123=DIRECTION('',(0.,0.,-1.));
#11124=DIRECTION('',(0.,-1.,0.));
#11125=DIRECTION('',(0.,0.,-1.));
#11126=DIRECTION('center_axis',(0.,-1.,0.));
#11127=DIRECTION('ref_axis',(-1.,0.,0.));
#11128=DIRECTION('',(-1.,0.,0.));
#11129=DIRECTION('',(0.,0.,-1.));
#11130=DIRECTION('',(-1.,0.,0.));
#11131=DIRECTION('center_axis',(1.,0.,0.));
#11132=DIRECTION('ref_axis',(0.,-1.,0.));
#11133=DIRECTION('',(0.,-1.,0.));
#11134=DIRECTION('',(0.,0.,-1.));
#11135=DIRECTION('',(0.,-1.,0.));
#11136=DIRECTION('center_axis',(0.,1.,0.));
#11137=DIRECTION('ref_axis',(1.,0.,0.));
#11138=DIRECTION('',(1.,0.,0.));
#11139=DIRECTION('',(0.,0.,-1.));
#11140=DIRECTION('',(1.,0.,0.));
#11141=DIRECTION('center_axis',(-1.,0.,0.));
#11142=DIRECTION('ref_axis',(0.,1.,0.));
#11143=DIRECTION('',(0.,1.,0.));
#11144=DIRECTION('',(0.,0.,-1.));
#11145=DIRECTION('',(0.,1.,0.));
#11146=DIRECTION('center_axis',(0.,-1.,0.));
#11147=DIRECTION('ref_axis',(-1.,0.,0.));
#11148=DIRECTION('',(-1.,0.,0.));
#11149=DIRECTION('',(0.,0.,-1.));
#11150=DIRECTION('',(-1.,0.,0.));
#11151=DIRECTION('center_axis',(-1.,0.,0.));
#11152=DIRECTION('ref_axis',(0.,1.,0.));
#11153=DIRECTION('',(0.,1.,0.));
#11154=DIRECTION('',(0.,0.,-1.));
#11155=DIRECTION('',(0.,1.,0.));
#11156=DIRECTION('center_axis',(0.,-1.,0.));
#11157=DIRECTION('ref_axis',(-1.,0.,0.));
#11158=DIRECTION('',(-1.,0.,0.));
#11159=DIRECTION('',(-1.,0.,0.));
#11160=DIRECTION('center_axis',(0.,0.,-1.));
#11161=DIRECTION('ref_axis',(-1.,0.,0.));
#11162=DIRECTION('center_axis',(1.,0.,0.));
#11163=DIRECTION('ref_axis',(0.,-1.,0.));
#11164=DIRECTION('',(0.,-1.,0.));
#11165=DIRECTION('',(0.,0.,-1.));
#11166=DIRECTION('',(0.,-1.,0.));
#11167=DIRECTION('',(0.,0.,-1.));
#11168=DIRECTION('center_axis',(0.,1.,0.));
#11169=DIRECTION('ref_axis',(1.,0.,0.));
#11170=DIRECTION('',(1.,0.,0.));
#11171=DIRECTION('',(0.,0.,-1.));
#11172=DIRECTION('',(1.,0.,0.));
#11173=DIRECTION('center_axis',(-1.,0.,0.));
#11174=DIRECTION('ref_axis',(0.,1.,0.));
#11175=DIRECTION('',(0.,1.,0.));
#11176=DIRECTION('',(0.,0.,-1.));
#11177=DIRECTION('',(0.,1.,0.));
#11178=DIRECTION('center_axis',(0.,-1.,0.));
#11179=DIRECTION('ref_axis',(-1.,0.,0.));
#11180=DIRECTION('',(-1.,0.,0.));
#11181=DIRECTION('',(-1.,0.,0.));
#11182=DIRECTION('center_axis',(0.,0.,-1.));
#11183=DIRECTION('ref_axis',(-1.,0.,0.));
#11184=DIRECTION('center_axis',(0.,0.,1.));
#11185=DIRECTION('ref_axis',(1.,0.,0.));
#11186=DIRECTION('center_axis',(0.,0.,1.));
#11187=DIRECTION('ref_axis',(1.,0.,0.));
#11188=DIRECTION('center_axis',(0.,0.,1.));
#11189=DIRECTION('ref_axis',(1.,0.,0.));
#11190=DIRECTION('center_axis',(0.,0.,1.));
#11191=DIRECTION('ref_axis',(1.,0.,0.));
#11192=DIRECTION('center_axis',(0.,0.,1.));
#11193=DIRECTION('ref_axis',(1.,0.,0.));
#11194=DIRECTION('center_axis',(0.,0.,1.));
#11195=DIRECTION('ref_axis',(1.,0.,0.));
#11196=DIRECTION('center_axis',(0.,0.,1.));
#11197=DIRECTION('ref_axis',(1.,0.,0.));
#11198=DIRECTION('center_axis',(0.,0.,1.));
#11199=DIRECTION('ref_axis',(1.,0.,0.));
#11200=DIRECTION('',(0.,0.,-1.));
#11201=DIRECTION('',(0.,0.,-1.));
#11202=DIRECTION('',(0.,0.,-1.));
#11203=DIRECTION('',(0.,0.,-1.));
#11204=DIRECTION('',(0.,0.,-1.));
#11205=DIRECTION('',(0.,0.,-1.));
#11206=DIRECTION('center_axis',(1.,0.,0.));
#11207=DIRECTION('ref_axis',(0.,-1.,0.));
#11208=DIRECTION('',(0.,-1.,0.));
#11209=DIRECTION('',(0.,0.,-1.));
#11210=DIRECTION('',(0.,-1.,0.));
#11211=DIRECTION('center_axis',(0.,1.,0.));
#11212=DIRECTION('ref_axis',(1.,0.,0.));
#11213=DIRECTION('',(1.,0.,0.));
#11214=DIRECTION('',(0.,0.,-1.));
#11215=DIRECTION('',(1.,0.,0.));
#11216=DIRECTION('center_axis',(-1.,0.,0.));
#11217=DIRECTION('ref_axis',(0.,1.,0.));
#11218=DIRECTION('',(0.,1.,0.));
#11219=DIRECTION('',(0.,0.,-1.));
#11220=DIRECTION('',(0.,1.,0.));
#11221=DIRECTION('',(0.,0.,-1.));
#11222=DIRECTION('',(0.,0.,-1.));
#11223=DIRECTION('',(0.,0.,-1.));
#11224=DIRECTION('',(0.,0.,-1.));
#11225=DIRECTION('',(0.,0.,-1.));
#11226=DIRECTION('',(0.,0.,-1.));
#11227=DIRECTION('center_axis',(1.,0.,0.));
#11228=DIRECTION('ref_axis',(0.,-1.,0.));
#11229=DIRECTION('',(0.,-1.,0.));
#11230=DIRECTION('',(0.,0.,-1.));
#11231=DIRECTION('',(0.,-1.,0.));
#11232=DIRECTION('center_axis',(0.,1.,0.));
#11233=DIRECTION('ref_axis',(1.,0.,0.));
#11234=DIRECTION('',(1.,0.,0.));
#11235=DIRECTION('',(0.,0.,-1.));
#11236=DIRECTION('',(1.,0.,0.));
#11237=DIRECTION('center_axis',(-1.,0.,0.));
#11238=DIRECTION('ref_axis',(0.,1.,0.));
#11239=DIRECTION('',(0.,1.,0.));
#11240=DIRECTION('',(0.,1.,0.));
#11241=DIRECTION('center_axis',(0.,0.,1.));
#11242=DIRECTION('ref_axis',(1.,0.,0.));
#11243=DIRECTION('center_axis',(1.,0.,0.));
#11244=DIRECTION('ref_axis',(0.,-1.,0.));
#11245=DIRECTION('',(0.,-1.,0.));
#11246=DIRECTION('',(0.,0.,-1.));
#11247=DIRECTION('',(0.,-1.,0.));
#11248=DIRECTION('',(0.,0.,-1.));
#11249=DIRECTION('center_axis',(0.698100303181736,-0.715999976744112,0.));
#11250=DIRECTION('ref_axis',(-0.715999976744112,-0.698100303181736,0.));
#11251=DIRECTION('',(-0.715999976744112,-0.698100303181736,0.));
#11252=DIRECTION('',(0.,0.,-1.));
#11253=DIRECTION('',(-0.715999976744112,-0.698100303181736,0.));
#11254=DIRECTION('center_axis',(-0.817883229067744,-0.575384239973359,0.));
#11255=DIRECTION('ref_axis',(-0.575384239973359,0.817883229067744,0.));
#11256=DIRECTION('',(-0.575384239973359,0.817883229067744,0.));
#11257=DIRECTION('',(0.,0.,-1.));
#11258=DIRECTION('',(-0.575384239973359,0.817883229067744,0.));
#11259=DIRECTION('center_axis',(0.,-1.,0.));
#11260=DIRECTION('ref_axis',(-1.,0.,0.));
#11261=DIRECTION('',(-1.,0.,0.));
#11262=DIRECTION('',(0.,0.,-1.));
#11263=DIRECTION('',(-1.,0.,0.));
#11264=DIRECTION('center_axis',(0.805287929258819,0.592883927080203,0.));
#11265=DIRECTION('ref_axis',(0.592883927080203,-0.805287929258819,0.));
#11266=DIRECTION('',(0.592883927080203,-0.805287929258819,0.));
#11267=DIRECTION('',(0.,0.,-1.));
#11268=DIRECTION('',(0.592883927080203,-0.805287929258819,0.));
#11269=DIRECTION('center_axis',(0.694719759471483,-0.719280512595666,0.));
#11270=DIRECTION('ref_axis',(-0.719280512595666,-0.694719759471483,0.));
#11271=DIRECTION('',(-0.719280512595666,-0.694719759471483,0.));
#11272=DIRECTION('',(0.,0.,-1.));
#11273=DIRECTION('',(-0.719280512595666,-0.694719759471483,0.));
#11274=DIRECTION('center_axis',(0.,1.,0.));
#11275=DIRECTION('ref_axis',(1.,0.,0.));
#11276=DIRECTION('',(1.,0.,0.));
#11277=DIRECTION('',(0.,0.,-1.));
#11278=DIRECTION('',(1.,0.,0.));
#11279=DIRECTION('center_axis',(-0.706620681773784,0.707592546660543,0.));
#11280=DIRECTION('ref_axis',(0.707592546660543,0.706620681773784,0.));
#11281=DIRECTION('',(0.707592546660543,0.706620681773784,0.));
#11282=DIRECTION('',(0.,0.,-1.));
#11283=DIRECTION('',(0.707592546660543,0.706620681773784,0.));
#11284=DIRECTION('center_axis',(1.,0.,0.));
#11285=DIRECTION('ref_axis',(0.,-1.,0.));
#11286=DIRECTION('',(0.,-1.,0.));
#11287=DIRECTION('',(0.,0.,-1.));
#11288=DIRECTION('',(0.,-1.,0.));
#11289=DIRECTION('center_axis',(0.,1.,0.));
#11290=DIRECTION('ref_axis',(1.,0.,0.));
#11291=DIRECTION('',(1.,0.,0.));
#11292=DIRECTION('',(0.,0.,-1.));
#11293=DIRECTION('',(1.,0.,0.));
#11294=DIRECTION('center_axis',(-1.,0.,0.));
#11295=DIRECTION('ref_axis',(0.,1.,0.));
#11296=DIRECTION('',(0.,1.,0.));
#11297=DIRECTION('',(0.,0.,-1.));
#11298=DIRECTION('',(0.,1.,0.));
#11299=DIRECTION('center_axis',(0.,-1.,0.));
#11300=DIRECTION('ref_axis',(-1.,0.,0.));
#11301=DIRECTION('',(-1.,0.,0.));
#11302=DIRECTION('',(-1.,0.,0.));
#11303=DIRECTION('center_axis',(0.,0.,-1.));
#11304=DIRECTION('ref_axis',(-1.,0.,0.));
#11305=DIRECTION('center_axis',(1.,0.,0.));
#11306=DIRECTION('ref_axis',(0.,-1.,0.));
#11307=DIRECTION('',(0.,-1.,0.));
#11308=DIRECTION('',(0.,0.,-1.));
#11309=DIRECTION('',(0.,-1.,0.));
#11310=DIRECTION('',(0.,0.,-1.));
#11311=DIRECTION('center_axis',(0.,-1.,0.));
#11312=DIRECTION('ref_axis',(-1.,0.,0.));
#11313=DIRECTION('',(-1.,0.,0.));
#11314=DIRECTION('',(0.,0.,-1.));
#11315=DIRECTION('',(-1.,0.,0.));
#11316=DIRECTION('center_axis',(-1.,0.,0.));
#11317=DIRECTION('ref_axis',(0.,1.,0.));
#11318=DIRECTION('',(0.,1.,0.));
#11319=DIRECTION('',(0.,0.,-1.));
#11320=DIRECTION('',(0.,1.,0.));
#11321=DIRECTION('center_axis',(0.,-1.,0.));
#11322=DIRECTION('ref_axis',(-1.,0.,0.));
#11323=DIRECTION('',(-1.,0.,0.));
#11324=DIRECTION('',(0.,0.,-1.));
#11325=DIRECTION('',(-1.,0.,0.));
#11326=DIRECTION('center_axis',(1.,0.,0.));
#11327=DIRECTION('ref_axis',(0.,-1.,0.));
#11328=DIRECTION('',(0.,-1.,0.));
#11329=DIRECTION('',(0.,0.,-1.));
#11330=DIRECTION('',(0.,-1.,0.));
#11331=DIRECTION('center_axis',(0.,1.,0.));
#11332=DIRECTION('ref_axis',(1.,0.,0.));
#11333=DIRECTION('',(1.,0.,0.));
#11334=DIRECTION('',(0.,0.,-1.));
#11335=DIRECTION('',(1.,0.,0.));
#11336=DIRECTION('center_axis',(-1.,0.,0.));
#11337=DIRECTION('ref_axis',(0.,1.,0.));
#11338=DIRECTION('',(0.,1.,0.));
#11339=DIRECTION('',(0.,0.,-1.));
#11340=DIRECTION('',(0.,1.,0.));
#11341=DIRECTION('center_axis',(0.,1.,0.));
#11342=DIRECTION('ref_axis',(1.,0.,0.));
#11343=DIRECTION('',(1.,0.,0.));
#11344=DIRECTION('',(0.,0.,-1.));
#11345=DIRECTION('',(1.,0.,0.));
#11346=DIRECTION('center_axis',(1.,0.,0.));
#11347=DIRECTION('ref_axis',(0.,-1.,0.));
#11348=DIRECTION('',(0.,-1.,0.));
#11349=DIRECTION('',(0.,0.,-1.));
#11350=DIRECTION('',(0.,-1.,0.));
#11351=DIRECTION('center_axis',(0.,1.,0.));
#11352=DIRECTION('ref_axis',(1.,0.,0.));
#11353=DIRECTION('',(1.,0.,0.));
#11354=DIRECTION('',(0.,0.,-1.));
#11355=DIRECTION('',(1.,0.,0.));
#11356=DIRECTION('center_axis',(-1.,0.,0.));
#11357=DIRECTION('ref_axis',(0.,1.,0.));
#11358=DIRECTION('',(0.,1.,0.));
#11359=DIRECTION('',(0.,0.,-1.));
#11360=DIRECTION('',(0.,1.,0.));
#11361=DIRECTION('center_axis',(0.,-1.,0.));
#11362=DIRECTION('ref_axis',(-1.,0.,0.));
#11363=DIRECTION('',(-1.,0.,0.));
#11364=DIRECTION('',(-1.,0.,0.));
#11365=DIRECTION('center_axis',(0.,0.,-1.));
#11366=DIRECTION('ref_axis',(-1.,0.,0.));
#11367=DIRECTION('center_axis',(0.,0.,1.));
#11368=DIRECTION('ref_axis',(1.,0.,0.));
#11369=DIRECTION('center_axis',(0.,0.,1.));
#11370=DIRECTION('ref_axis',(1.,0.,0.));
#11371=DIRECTION('',(0.,0.,1.));
#11372=DIRECTION('center_axis',(0.,0.,-1.));
#11373=DIRECTION('ref_axis',(1.,0.,0.));
#11374=DIRECTION('center_axis',(0.,0.,1.));
#11375=DIRECTION('ref_axis',(1.,0.,0.));
#11376=DIRECTION('center_axis',(0.,0.,1.));
#11377=DIRECTION('ref_axis',(1.,0.,0.));
#11378=DIRECTION('',(0.,0.,1.));
#11379=DIRECTION('center_axis',(0.,0.,-1.));
#11380=DIRECTION('ref_axis',(1.,0.,0.));
#11381=DIRECTION('center_axis',(0.,0.,1.));
#11382=DIRECTION('ref_axis',(1.,0.,0.));
#11383=DIRECTION('',(0.,0.,-1.));
#11384=DIRECTION('center_axis',(0.,0.,1.));
#11385=DIRECTION('ref_axis',(1.,0.,0.));
#11386=DIRECTION('',(0.,0.,1.));
#11387=DIRECTION('center_axis',(0.,0.,1.));
#11388=DIRECTION('ref_axis',(1.,0.,0.));
#11389=DIRECTION('',(0.,0.,1.));
#11390=DIRECTION('center_axis',(0.,0.,1.));
#11391=DIRECTION('ref_axis',(1.,0.,0.));
#11392=DIRECTION('',(0.,0.,-1.));
#11393=DIRECTION('center_axis',(0.,0.,1.));
#11394=DIRECTION('ref_axis',(1.,0.,0.));
#11395=DIRECTION('center_axis',(1.,0.,0.));
#11396=DIRECTION('ref_axis',(0.,1.,0.));
#11397=DIRECTION('',(0.,1.,0.));
#11398=DIRECTION('',(0.,0.,-1.));
#11399=DIRECTION('',(0.,1.,0.));
#11400=DIRECTION('',(0.,0.,-1.));
#11401=DIRECTION('',(0.,1.,0.));
#11402=DIRECTION('',(0.,0.,1.));
#11403=DIRECTION('',(0.,1.,0.));
#11404=DIRECTION('center_axis',(0.,0.,1.));
#11405=DIRECTION('ref_axis',(1.,0.,0.));
#11406=DIRECTION('',(0.,-1.,0.));
#11407=DIRECTION('',(1.,0.,0.));
#11408=DIRECTION('',(0.,-1.,0.));
#11409=DIRECTION('',(-1.,0.,0.));
#11410=DIRECTION('',(0.,-1.,0.));
#11411=DIRECTION('center_axis',(0.,0.,1.));
#11412=DIRECTION('ref_axis',(1.,0.,0.));
#11413=DIRECTION('',(0.,-1.,0.));
#11414=DIRECTION('',(1.,0.,0.));
#11415=DIRECTION('center_axis',(0.,0.,-1.));
#11416=DIRECTION('ref_axis',(0.,-1.,0.));
#11417=DIRECTION('',(-1.,0.,0.));
#11418=DIRECTION('center_axis',(0.,0.,-1.));
#11419=DIRECTION('ref_axis',(-1.,0.,0.));
#11420=DIRECTION('',(1.,0.,0.));
#11421=DIRECTION('',(0.,1.,0.));
#11422=DIRECTION('center_axis',(0.,0.,1.));
#11423=DIRECTION('ref_axis',(1.,0.,0.));
#11424=DIRECTION('',(0.,1.,0.));
#11425=DIRECTION('',(-1.,0.,0.));
#11426=DIRECTION('',(0.,1.,0.));
#11427=DIRECTION('',(1.,0.,0.));
#11428=DIRECTION('',(0.,1.,0.));
#11429=DIRECTION('center_axis',(0.,0.,1.));
#11430=DIRECTION('ref_axis',(1.,0.,0.));
#11431=DIRECTION('',(0.,1.,0.));
#11432=DIRECTION('',(-1.,0.,0.));
#11433=DIRECTION('center_axis',(0.,0.,-1.));
#11434=DIRECTION('ref_axis',(0.,1.,0.));
#11435=DIRECTION('',(1.,0.,0.));
#11436=DIRECTION('center_axis',(0.,0.,-1.));
#11437=DIRECTION('ref_axis',(1.,0.,0.));
#11438=DIRECTION('',(-1.,0.,0.));
#11439=DIRECTION('',(0.,-1.,0.));
#11440=DIRECTION('center_axis',(0.,0.,1.));
#11441=DIRECTION('ref_axis',(1.,0.,0.));
#11442=DIRECTION('center_axis',(0.,0.,1.));
#11443=DIRECTION('ref_axis',(1.,0.,0.));
#11444=DIRECTION('center_axis',(0.,0.,1.));
#11445=DIRECTION('ref_axis',(1.,0.,0.));
#11446=DIRECTION('center_axis',(0.,0.,1.));
#11447=DIRECTION('ref_axis',(1.,0.,0.));
#11448=DIRECTION('',(1.,0.,0.));
#11449=DIRECTION('',(0.,-1.,0.));
#11450=DIRECTION('center_axis',(0.,0.,1.));
#11451=DIRECTION('ref_axis',(1.,0.,0.));
#11452=DIRECTION('',(0.,-1.,0.));
#11453=DIRECTION('',(-1.,0.,0.));
#11454=DIRECTION('center_axis',(0.,0.,1.));
#11455=DIRECTION('ref_axis',(1.,0.,0.));
#11456=DIRECTION('',(0.,1.,0.));
#11457=DIRECTION('center_axis',(-1.,0.,0.));
#11458=DIRECTION('ref_axis',(0.,-1.,0.));
#11459=DIRECTION('',(0.,0.,1.));
#11460=DIRECTION('center_axis',(-1.,0.,0.));
#11461=DIRECTION('ref_axis',(0.,-1.,0.));
#11462=DIRECTION('',(0.,0.,1.));
#11463=DIRECTION('center_axis',(0.,0.,1.));
#11464=DIRECTION('ref_axis',(1.,0.,0.));
#11465=DIRECTION('',(0.,0.,1.));
#11466=DIRECTION('center_axis',(0.,0.,-1.));
#11467=DIRECTION('ref_axis',(1.,0.,0.));
#11468=DIRECTION('center_axis',(0.,0.,1.));
#11469=DIRECTION('ref_axis',(1.,0.,0.));
#11470=DIRECTION('',(0.,0.,1.));
#11471=DIRECTION('center_axis',(0.,0.,1.));
#11472=DIRECTION('ref_axis',(1.,0.,0.));
#11473=DIRECTION('',(0.,0.,1.));
#11474=DIRECTION('',(0.,0.,-1.));
#11475=DIRECTION('center_axis',(0.,0.,1.));
#11476=DIRECTION('ref_axis',(1.,0.,0.));
#11477=DIRECTION('center_axis',(0.,0.,1.));
#11478=DIRECTION('ref_axis',(1.,0.,0.));
#11479=DIRECTION('center_axis',(0.,0.,1.));
#11480=DIRECTION('ref_axis',(1.,0.,0.));
#11481=DIRECTION('',(0.,1.,0.));
#11482=DIRECTION('center_axis',(0.,0.,1.));
#11483=DIRECTION('ref_axis',(1.,0.,0.));
#11484=DIRECTION('',(-1.,0.,0.));
#11485=DIRECTION('center_axis',(0.,0.,1.));
#11486=DIRECTION('ref_axis',(0.,1.,0.));
#11487=DIRECTION('',(0.,-1.,0.));
#11488=DIRECTION('center_axis',(0.,0.,1.));
#11489=DIRECTION('ref_axis',(1.,0.,0.));
#11490=DIRECTION('',(0.,-1.,0.));
#11491=DIRECTION('center_axis',(0.,0.,1.));
#11492=DIRECTION('ref_axis',(1.,0.,0.));
#11493=DIRECTION('',(0.,-1.,0.));
#11494=DIRECTION('center_axis',(0.,0.,1.));
#11495=DIRECTION('ref_axis',(-1.,0.,0.));
#11496=DIRECTION('',(1.,0.,0.));
#11497=DIRECTION('center_axis',(0.,0.,1.));
#11498=DIRECTION('ref_axis',(0.,-1.,0.));
#11499=DIRECTION('',(0.,1.,0.));
#11500=DIRECTION('center_axis',(0.,0.,-1.));
#11501=DIRECTION('ref_axis',(1.,0.,0.));
#11502=DIRECTION('center_axis',(0.,0.,-1.));
#11503=DIRECTION('ref_axis',(1.,0.,0.));
#11504=DIRECTION('center_axis',(1.,0.,0.));
#11505=DIRECTION('ref_axis',(0.,1.,0.));
#11506=DIRECTION('',(0.,0.,1.));
#11507=DIRECTION('center_axis',(0.,0.,1.));
#11508=DIRECTION('ref_axis',(1.,0.,0.));
#11509=DIRECTION('',(0.,-1.,0.));
#11510=DIRECTION('',(-1.,0.,0.));
#11511=DIRECTION('center_axis',(-1.,0.,0.));
#11512=DIRECTION('ref_axis',(0.,-1.,0.));
#11513=DIRECTION('',(0.,0.,1.));
#11514=DIRECTION('center_axis',(0.,0.,1.));
#11515=DIRECTION('ref_axis',(1.,0.,0.));
#11516=DIRECTION('',(0.,0.,1.));
#11517=DIRECTION('center_axis',(0.,0.,1.));
#11518=DIRECTION('ref_axis',(-1.,1.22464679914735E-16,0.));
#11519=DIRECTION('',(0.,0.,1.));
#11520=DIRECTION('center_axis',(0.,0.,1.));
#11521=DIRECTION('ref_axis',(1.,0.,0.));
#11522=DIRECTION('',(0.,0.,1.));
#11523=DIRECTION('',(0.,0.,-1.));
#11524=DIRECTION('center_axis',(0.,0.,1.));
#11525=DIRECTION('ref_axis',(1.,0.,0.));
#11526=DIRECTION('',(0.,0.,-1.));
#11527=DIRECTION('center_axis',(-1.,0.,0.));
#11528=DIRECTION('ref_axis',(0.,-1.,0.));
#11529=DIRECTION('',(0.,-1.,0.));
#11530=DIRECTION('',(0.,0.,-1.));
#11531=DIRECTION('',(0.,-1.,0.));
#11532=DIRECTION('',(0.,0.,1.));
#11533=DIRECTION('',(0.,-1.,0.));
#11534=DIRECTION('',(0.,0.,1.));
#11535=DIRECTION('center_axis',(0.,0.,1.));
#11536=DIRECTION('ref_axis',(1.,0.,0.));
#11537=DIRECTION('',(0.,1.,0.));
#11538=DIRECTION('',(1.,0.,0.));
#11539=DIRECTION('center_axis',(1.,0.,0.));
#11540=DIRECTION('ref_axis',(0.,1.,0.));
#11541=DIRECTION('',(0.,0.,1.));
#11542=DIRECTION('center_axis',(0.,0.,1.));
#11543=DIRECTION('ref_axis',(1.,0.,0.));
#11544=DIRECTION('',(0.,0.,1.));
#11545=DIRECTION('center_axis',(0.,0.,1.));
#11546=DIRECTION('ref_axis',(-1.,1.22464679914735E-16,0.));
#11547=DIRECTION('',(0.,0.,1.));
#11548=DIRECTION('',(0.,0.,-1.));
#11549=DIRECTION('center_axis',(0.,0.,1.));
#11550=DIRECTION('ref_axis',(1.,0.,0.));
#11551=DIRECTION('',(0.,0.,-1.));
#11552=DIRECTION('center_axis',(0.,0.,1.));
#11553=DIRECTION('ref_axis',(1.,0.,0.));
#11554=DIRECTION('center_axis',(1.,0.,0.));
#11555=DIRECTION('ref_axis',(0.,1.,0.));
#11556=DIRECTION('',(0.,0.,1.));
#11557=DIRECTION('',(0.,1.,0.));
#11558=DIRECTION('center_axis',(1.,0.,0.));
#11559=DIRECTION('ref_axis',(0.,1.,0.));
#11560=DIRECTION('',(0.,1.,0.));
#11561=DIRECTION('',(0.,0.,1.));
#11562=DIRECTION('center_axis',(0.,0.,1.));
#11563=DIRECTION('ref_axis',(1.,0.,0.));
#11564=DIRECTION('',(1.,0.,0.));
#11565=DIRECTION('center_axis',(0.,0.,1.));
#11566=DIRECTION('ref_axis',(-1.,0.,0.));
#11567=DIRECTION('',(0.,-1.,0.));
#11568=DIRECTION('center_axis',(0.,0.,1.));
#11569=DIRECTION('ref_axis',(1.,0.,0.));
#11570=DIRECTION('',(-1.,0.,0.));
#11571=DIRECTION('center_axis',(-1.,0.,0.));
#11572=DIRECTION('ref_axis',(0.,-1.,0.));
#11573=DIRECTION('',(0.,0.,1.));
#11574=DIRECTION('center_axis',(-1.,0.,0.));
#11575=DIRECTION('ref_axis',(0.,-1.,0.));
#11576=DIRECTION('',(0.,0.,1.));
#11577=DIRECTION('',(0.,-1.,0.));
#11578=DIRECTION('center_axis',(0.,1.,0.));
#11579=DIRECTION('ref_axis',(-1.,0.,0.));
#11580=DIRECTION('',(0.,0.,-1.));
#11581=DIRECTION('',(0.,0.,1.));
#11582=DIRECTION('',(-1.,0.,0.));
#11583=DIRECTION('center_axis',(0.,-1.,0.));
#11584=DIRECTION('ref_axis',(1.,0.,0.));
#11585=DIRECTION('',(1.,0.,0.));
#11586=DIRECTION('',(0.,0.,-1.));
#11587=DIRECTION('center_axis',(0.,0.,1.));
#11588=DIRECTION('ref_axis',(1.,0.,0.));
#11589=DIRECTION('',(0.,0.,1.));
#11590=DIRECTION('center_axis',(0.,0.,-1.));
#11591=DIRECTION('ref_axis',(1.,0.,0.));
#11592=DIRECTION('center_axis',(0.,0.,1.));
#11593=DIRECTION('ref_axis',(1.,0.,0.));
#11594=DIRECTION('',(-1.,0.,0.));
#11595=DIRECTION('',(0.,-1.,0.));
#11596=DIRECTION('center_axis',(0.,0.,1.));
#11597=DIRECTION('ref_axis',(1.,0.,0.));
#11598=DIRECTION('',(1.,0.,0.));
#11599=DIRECTION('center_axis',(0.,0.,-1.));
#11600=DIRECTION('ref_axis',(0.,1.,0.));
#11601=DIRECTION('',(-1.,0.,0.));
#11602=DIRECTION('center_axis',(0.,0.,1.));
#11603=DIRECTION('ref_axis',(0.,1.,0.));
#11604=DIRECTION('',(-1.,0.,0.));
#11605=DIRECTION('center_axis',(0.,0.,1.));
#11606=DIRECTION('ref_axis',(1.,0.,0.));
#11607=DIRECTION('center_axis',(0.,1.,0.));
#11608=DIRECTION('ref_axis',(-1.,0.,0.));
#11609=DIRECTION('',(0.,0.,1.));
#11610=DIRECTION('center_axis',(-1.,0.,0.));
#11611=DIRECTION('ref_axis',(0.,-1.,0.));
#11612=DIRECTION('',(0.,-1.,0.));
#11613=DIRECTION('',(0.,0.,1.));
#11614=DIRECTION('center_axis',(0.,-1.,0.));
#11615=DIRECTION('ref_axis',(1.,0.,0.));
#11616=DIRECTION('',(0.,0.,1.));
#11617=DIRECTION('',(1.,0.,0.));
#11618=DIRECTION('',(0.,0.,-1.));
#11619=DIRECTION('',(1.,0.,0.));
#11620=DIRECTION('center_axis',(0.,0.,1.));
#11621=DIRECTION('ref_axis',(1.,0.,0.));
#11622=DIRECTION('',(0.,1.,0.));
#11623=DIRECTION('center_axis',(0.,0.,1.));
#11624=DIRECTION('ref_axis',(0.,-1.,0.));
#11625=DIRECTION('center_axis',(-1.,0.,0.));
#11626=DIRECTION('ref_axis',(0.,-1.,0.));
#11627=DIRECTION('center_axis',(0.,0.,1.));
#11628=DIRECTION('ref_axis',(1.,0.,0.));
#11629=DIRECTION('center_axis',(0.,0.,1.));
#11630=DIRECTION('ref_axis',(0.,-1.,0.));
#11631=DIRECTION('',(1.,0.,0.));
#11632=DIRECTION('center_axis',(0.,0.,1.));
#11633=DIRECTION('ref_axis',(-1.,0.,0.));
#11634=DIRECTION('',(1.,0.,0.));
#11635=DIRECTION('center_axis',(0.,0.,-1.));
#11636=DIRECTION('ref_axis',(-1.,0.,0.));
#11637=DIRECTION('',(-1.,0.,0.));
#11638=DIRECTION('center_axis',(0.,0.,-1.));
#11639=DIRECTION('ref_axis',(0.,-1.,0.));
#11640=DIRECTION('center_axis',(0.,0.,1.));
#11641=DIRECTION('ref_axis',(1.,0.,0.));
#11642=DIRECTION('center_axis',(0.,0.,1.));
#11643=DIRECTION('ref_axis',(0.,1.,0.));
#11644=DIRECTION('',(-1.,0.,0.));
#11645=DIRECTION('',(0.,1.,0.));
#11646=DIRECTION('center_axis',(0.,-1.,0.));
#11647=DIRECTION('ref_axis',(1.,0.,0.));
#11648=DIRECTION('',(0.,0.,1.));
#11649=DIRECTION('',(1.,0.,0.));
#11650=DIRECTION('center_axis',(0.,1.,0.));
#11651=DIRECTION('ref_axis',(-1.,0.,0.));
#11652=DIRECTION('',(0.,0.,1.));
#11653=DIRECTION('',(0.,0.,-1.));
#11654=DIRECTION('',(0.,0.,1.));
#11655=DIRECTION('center_axis',(1.,0.,0.));
#11656=DIRECTION('ref_axis',(0.,1.,0.));
#11657=DIRECTION('center_axis',(0.,0.,1.));
#11658=DIRECTION('ref_axis',(0.,1.,0.));
#11659=DIRECTION('',(0.,0.,1.));
#11660=DIRECTION('center_axis',(0.,0.,1.));
#11661=DIRECTION('ref_axis',(1.,0.,0.));
#11662=DIRECTION('',(0.,1.,0.));
#11663=DIRECTION('',(-1.,0.,0.));
#11664=DIRECTION('center_axis',(0.,-1.,0.));
#11665=DIRECTION('ref_axis',(1.,0.,0.));
#11666=DIRECTION('',(0.,0.,-1.));
#11667=DIRECTION('',(0.,0.,1.));
#11668=DIRECTION('center_axis',(0.,1.,0.));
#11669=DIRECTION('ref_axis',(-1.,0.,0.));
#11670=DIRECTION('',(0.,0.,-1.));
#11671=DIRECTION('center_axis',(0.,0.,1.));
#11672=DIRECTION('ref_axis',(-1.,0.,0.));
#11673=DIRECTION('',(0.,0.,1.));
#11674=DIRECTION('center_axis',(0.,1.,0.));
#11675=DIRECTION('ref_axis',(-1.,0.,0.));
#11676=DIRECTION('',(0.,0.,1.));
#11677=DIRECTION('',(0.,0.,1.));
#11678=DIRECTION('center_axis',(0.,0.,1.));
#11679=DIRECTION('ref_axis',(0.,-1.,0.));
#11680=DIRECTION('center_axis',(0.,-1.,0.));
#11681=DIRECTION('ref_axis',(1.,0.,0.));
#11682=DIRECTION('',(0.,0.,1.));
#11683=DIRECTION('center_axis',(0.,0.,1.));
#11684=DIRECTION('ref_axis',(0.,1.,0.));
#11685=DIRECTION('center_axis',(1.,0.,0.));
#11686=DIRECTION('ref_axis',(0.,1.,0.));
#11687=DIRECTION('center_axis',(0.,0.,1.));
#11688=DIRECTION('ref_axis',(-1.,0.,0.));
#11689=DIRECTION('center_axis',(0.,1.,0.));
#11690=DIRECTION('ref_axis',(-1.,0.,0.));
#11691=DIRECTION('',(0.,0.,1.));
#11692=DIRECTION('center_axis',(0.,0.,1.));
#11693=DIRECTION('ref_axis',(1.,0.,0.));
#11694=DIRECTION('center_axis',(1.,0.,0.));
#11695=DIRECTION('ref_axis',(0.,1.,0.));
#11696=DIRECTION('',(0.,0.,1.));
#11697=DIRECTION('center_axis',(0.,0.,1.));
#11698=DIRECTION('ref_axis',(0.,-1.,0.));
#11699=DIRECTION('',(0.,0.,1.));
#11700=DIRECTION('center_axis',(0.,-1.,0.));
#11701=DIRECTION('ref_axis',(1.,0.,0.));
#11702=CARTESIAN_POINT('',(0.,0.,0.));
#11703=CARTESIAN_POINT('Origin',(0.870368325896561,0.995416101813316,2.74));
#11704=CARTESIAN_POINT('',(0.870368325896561,0.995416101813316,2.74));
#11705=CARTESIAN_POINT('',(0.870368325896561,0.920000013709068,2.74));
#11706=CARTESIAN_POINT('',(0.870368325896561,1.49770805090666,2.74));
#11707=CARTESIAN_POINT('',(0.870368325896561,0.995416101813316,2.705));
#11708=CARTESIAN_POINT('',(0.870368325896561,0.995416101813316,2.74));
#11709=CARTESIAN_POINT('',(0.870368325896561,0.920000013709068,2.705));
#11710=CARTESIAN_POINT('',(0.870368325896561,0.995416101813316,2.705));
#11711=CARTESIAN_POINT('',(0.870368325896561,0.920000013709068,2.74));
#11712=CARTESIAN_POINT('Origin',(0.95353339035064,0.995416101813316,2.74));
#11713=CARTESIAN_POINT('',(0.95353339035064,0.995416101813316,2.74));
#11714=CARTESIAN_POINT('',(2.47676669517532,0.995416101813316,2.74));
#11715=CARTESIAN_POINT('',(0.95353339035064,0.995416101813316,2.705));
#11716=CARTESIAN_POINT('',(0.95353339035064,0.995416101813316,2.74));
#11717=CARTESIAN_POINT('',(0.95353339035064,0.995416101813316,2.705));
#11718=CARTESIAN_POINT('Origin',(0.95353339035064,0.920000013709068,2.74));
#11719=CARTESIAN_POINT('',(0.95353339035064,0.920000013709068,2.74));
#11720=CARTESIAN_POINT('',(0.95353339035064,1.46000000685453,2.74));
#11721=CARTESIAN_POINT('',(0.95353339035064,0.920000013709068,2.705));
#11722=CARTESIAN_POINT('',(0.95353339035064,0.920000013709068,2.74));
#11723=CARTESIAN_POINT('',(0.95353339035064,0.920000013709068,2.705));
#11724=CARTESIAN_POINT('Origin',(0.974706658907235,0.920000013709068,2.74));
#11725=CARTESIAN_POINT('',(0.974706658907235,0.920000013709068,2.74));
#11726=CARTESIAN_POINT('',(2.48735332945362,0.920000013709068,2.74));
#11727=CARTESIAN_POINT('',(0.974706658907235,0.920000013709068,2.705));
#11728=CARTESIAN_POINT('',(0.974706658907235,0.920000013709068,2.74));
#11729=CARTESIAN_POINT('',(0.974706658907235,0.920000013709068,2.705));
#11730=CARTESIAN_POINT('Origin',(0.974706658907235,1.08000001013279,2.74));
#11731=CARTESIAN_POINT('',(0.974706658907235,1.08000001013279,2.74));
#11732=CARTESIAN_POINT('',(0.974706658907235,1.54000000506639,2.74));
#11733=CARTESIAN_POINT('',(0.974706658907235,1.08000001013279,2.705));
#11734=CARTESIAN_POINT('',(0.974706658907235,1.08000001013279,2.74));
#11735=CARTESIAN_POINT('',(0.974706658907235,1.08000001013279,2.705));
#11736=CARTESIAN_POINT('Origin',(0.95353339035064,1.08000001013279,2.74));
#11737=CARTESIAN_POINT('',(0.95353339035064,1.08000001013279,2.74));
#11738=CARTESIAN_POINT('',(2.47676669517532,1.08000001013279,2.74));
#11739=CARTESIAN_POINT('',(0.95353339035064,1.08000001013279,2.705));
#11740=CARTESIAN_POINT('',(0.95353339035064,1.08000001013279,2.74));
#11741=CARTESIAN_POINT('',(0.95353339035064,1.08000001013279,2.705));
#11742=CARTESIAN_POINT('Origin',(0.95353339035064,1.01429742276669,2.74));
#11743=CARTESIAN_POINT('',(0.95353339035064,1.01429742276669,2.74));
#11744=CARTESIAN_POINT('',(0.95353339035064,1.50714871138334,2.74));
#11745=CARTESIAN_POINT('',(0.95353339035064,1.01429742276669,2.705));
#11746=CARTESIAN_POINT('',(0.95353339035064,1.01429742276669,2.74));
#11747=CARTESIAN_POINT('',(0.95353339035064,1.01429742276669,2.705));
#11748=CARTESIAN_POINT('Origin',(0.870368325896561,1.01429742276669,2.74));
#11749=CARTESIAN_POINT('',(0.870368325896561,1.01429742276669,2.74));
#11750=CARTESIAN_POINT('',(2.43518416294828,1.01429742276669,2.74));
#11751=CARTESIAN_POINT('',(0.870368325896561,1.01429742276669,2.705));
#11752=CARTESIAN_POINT('',(0.870368325896561,1.01429742276669,2.74));
#11753=CARTESIAN_POINT('',(0.870368325896561,1.01429742276669,2.705));
#11754=CARTESIAN_POINT('Origin',(0.870368325896561,1.08000001013279,2.74));
#11755=CARTESIAN_POINT('',(0.870368325896561,1.08000001013279,2.74));
#11756=CARTESIAN_POINT('',(0.870368325896561,1.54000000506639,2.74));
#11757=CARTESIAN_POINT('',(0.870368325896561,1.08000001013279,2.705));
#11758=CARTESIAN_POINT('',(0.870368325896561,1.08000001013279,2.74));
#11759=CARTESIAN_POINT('',(0.870368325896561,1.08000001013279,2.705));
#11760=CARTESIAN_POINT('Origin',(0.849195072241127,1.08000001013279,2.74));
#11761=CARTESIAN_POINT('',(0.849195072241127,1.08000001013279,2.74));
#11762=CARTESIAN_POINT('',(2.42459753612056,1.08000001013279,2.74));
#11763=CARTESIAN_POINT('',(0.849195072241127,1.08000001013279,2.705));
#11764=CARTESIAN_POINT('',(0.849195072241127,1.08000001013279,2.74));
#11765=CARTESIAN_POINT('',(0.849195072241127,1.08000001013279,2.705));
#11766=CARTESIAN_POINT('Origin',(0.849195072241127,0.920000013709068,2.74));
#11767=CARTESIAN_POINT('',(0.849195072241127,0.920000013709068,2.74));
#11768=CARTESIAN_POINT('',(0.849195072241128,1.46000000685453,2.74));
#11769=CARTESIAN_POINT('',(0.849195072241127,0.920000013709068,2.705));
#11770=CARTESIAN_POINT('',(0.849195072241127,0.920000013709068,2.74));
#11771=CARTESIAN_POINT('',(0.849195072241127,0.920000013709068,2.705));
#11772=CARTESIAN_POINT('Origin',(0.870368325896561,0.920000013709068,2.74));
#11773=CARTESIAN_POINT('',(2.43518416294828,0.920000013709068,2.74));
#11774=CARTESIAN_POINT('',(0.870368325896561,0.920000013709068,2.705));
#11775=CARTESIAN_POINT('Origin',(1.57519778171554,1.00005457997322,2.705));
#11776=CARTESIAN_POINT('Origin',(1.23118690568954,1.06231924593449,2.74));
#11777=CARTESIAN_POINT('',(1.23118690568954,1.06231924593449,2.74));
#11778=CARTESIAN_POINT('',(1.18054569680244,1.06231924593449,2.74));
#11779=CARTESIAN_POINT('',(2.61559345284477,1.06231924593449,2.74));
#11780=CARTESIAN_POINT('',(1.23118690568954,1.06231924593449,2.705));
#11781=CARTESIAN_POINT('',(1.23118690568954,1.06231924593449,2.74));
#11782=CARTESIAN_POINT('',(1.18054569680244,1.06231924593449,2.705));
#11783=CARTESIAN_POINT('',(1.23118690568954,1.06231924593449,2.705));
#11784=CARTESIAN_POINT('',(1.18054569680244,1.06231924593449,2.74));
#11785=CARTESIAN_POINT('Ctrl Pts',(1.25721690971404,1.05500682890415,2.74));
#11786=CARTESIAN_POINT('Ctrl Pts',(1.25721690971404,1.05500682890415,2.705));
#11787=CARTESIAN_POINT('Ctrl Pts',(1.24897680599242,1.06231924593449,2.74));
#11788=CARTESIAN_POINT('Ctrl Pts',(1.24897680599242,1.06231924593449,2.705));
#11789=CARTESIAN_POINT('Ctrl Pts',(1.23118690568954,1.06231924593449,2.74));
#11790=CARTESIAN_POINT('Ctrl Pts',(1.23118690568954,1.06231924593449,2.705));
#11791=CARTESIAN_POINT('',(1.25721690971404,1.05500682890415,2.74));
#11792=CARTESIAN_POINT('Ctrl Pts',(1.25721690971404,1.05500682890415,2.74));
#11793=CARTESIAN_POINT('Ctrl Pts',(1.24897680599242,1.06231924593449,2.74));
#11794=CARTESIAN_POINT('Ctrl Pts',(1.23118690568954,1.06231924593449,2.74));
#11795=CARTESIAN_POINT('',(1.25721690971404,1.05500682890415,2.705));
#11796=CARTESIAN_POINT('',(1.25721690971404,1.05500682890415,2.74));
#11797=CARTESIAN_POINT('Ctrl Pts',(1.25721690971404,1.05500682890415,2.705));
#11798=CARTESIAN_POINT('Ctrl Pts',(1.24897680599242,1.06231924593449,2.705));
#11799=CARTESIAN_POINT('Ctrl Pts',(1.23118690568954,1.06231924593449,2.705));
#11800=CARTESIAN_POINT('Ctrl Pts',(1.26545701343566,1.03634380996227,2.74));
#11801=CARTESIAN_POINT('Ctrl Pts',(1.26545701343566,1.03634380996227,2.705));
#11802=CARTESIAN_POINT('Ctrl Pts',(1.26545701343566,1.04769441187382,2.74));
#11803=CARTESIAN_POINT('Ctrl Pts',(1.26545701343566,1.04769441187382,2.705));
#11804=CARTESIAN_POINT('Ctrl Pts',(1.25721690971404,1.05500682890415,2.74));
#11805=CARTESIAN_POINT('Ctrl Pts',(1.25721690971404,1.05500682890415,2.705));
#11806=CARTESIAN_POINT('',(1.26545701343566,1.03634380996227,2.74));
#11807=CARTESIAN_POINT('Ctrl Pts',(1.26545701343566,1.03634380996227,2.74));
#11808=CARTESIAN_POINT('Ctrl Pts',(1.26545701343566,1.04769441187382,2.74));
#11809=CARTESIAN_POINT('Ctrl Pts',(1.25721690971404,1.05500682890415,2.74));
#11810=CARTESIAN_POINT('',(1.26545701343566,1.03634380996227,2.705));
#11811=CARTESIAN_POINT('',(1.26545701343566,1.03634380996227,2.74));
#11812=CARTESIAN_POINT('Ctrl Pts',(1.26545701343566,1.03634380996227,2.705));
#11813=CARTESIAN_POINT('Ctrl Pts',(1.26545701343566,1.04769441187382,2.705));
#11814=CARTESIAN_POINT('Ctrl Pts',(1.25721690971404,1.05500682890415,2.705));
#11815=CARTESIAN_POINT('Ctrl Pts',(1.26120052654296,1.02199181616306,2.74));
#11816=CARTESIAN_POINT('Ctrl Pts',(1.26120052654296,1.02199181616306,2.705));
#11817=CARTESIAN_POINT('Ctrl Pts',(1.26545701343566,1.02859481871128,2.74));
#11818=CARTESIAN_POINT('Ctrl Pts',(1.26545701343566,1.02859481871128,2.705));
#11819=CARTESIAN_POINT('Ctrl Pts',(1.26545701343566,1.03634380996227,2.74));
#11820=CARTESIAN_POINT('Ctrl Pts',(1.26545701343566,1.03634380996227,2.705));
#11821=CARTESIAN_POINT('',(1.26120052654296,1.02199181616306,2.74));
#11822=CARTESIAN_POINT('Ctrl Pts',(1.26120052654296,1.02199181616306,2.74));
#11823=CARTESIAN_POINT('Ctrl Pts',(1.26545701343566,1.02859481871128,2.74));
#11824=CARTESIAN_POINT('Ctrl Pts',(1.26545701343566,1.03634380996227,2.74));
#11825=CARTESIAN_POINT('',(1.26120052654296,1.02199181616306,2.705));
#11826=CARTESIAN_POINT('',(1.26120052654296,1.02199181616306,2.74));
#11827=CARTESIAN_POINT('Ctrl Pts',(1.26120052654296,1.02199181616306,2.705));
#11828=CARTESIAN_POINT('Ctrl Pts',(1.26545701343566,1.02859481871128,2.705));
#11829=CARTESIAN_POINT('Ctrl Pts',(1.26545701343566,1.03634380996227,2.705));
#11830=CARTESIAN_POINT('Ctrl Pts',(1.24875853378326,1.0123874515295,2.74));
#11831=CARTESIAN_POINT('Ctrl Pts',(1.24875853378326,1.0123874515295,2.705));
#11832=CARTESIAN_POINT('Ctrl Pts',(1.25694403965026,1.01538881361485,2.74));
#11833=CARTESIAN_POINT('Ctrl Pts',(1.25694403965026,1.01538881361485,2.705));
#11834=CARTESIAN_POINT('Ctrl Pts',(1.26120052654296,1.02199181616306,2.74));
#11835=CARTESIAN_POINT('Ctrl Pts',(1.26120052654296,1.02199181616306,2.705));
#11836=CARTESIAN_POINT('',(1.24875853378326,1.0123874515295,2.74));
#11837=CARTESIAN_POINT('Ctrl Pts',(1.24875853378326,1.0123874515295,2.74));
#11838=CARTESIAN_POINT('Ctrl Pts',(1.25694403965026,1.01538881361485,2.74));
#11839=CARTESIAN_POINT('Ctrl Pts',(1.26120052654296,1.02199181616306,2.74));
#11840=CARTESIAN_POINT('',(1.24875853378326,1.0123874515295,2.705));
#11841=CARTESIAN_POINT('',(1.24875853378326,1.0123874515295,2.74));
#11842=CARTESIAN_POINT('Ctrl Pts',(1.24875853378326,1.0123874515295,2.705));
#11843=CARTESIAN_POINT('Ctrl Pts',(1.25694403965026,1.01538881361485,2.705));
#11844=CARTESIAN_POINT('Ctrl Pts',(1.26120052654296,1.02199181616306,2.705));
#11845=CARTESIAN_POINT('Ctrl Pts',(1.22605727035552,1.00938608944416,2.74));
#11846=CARTESIAN_POINT('Ctrl Pts',(1.22605727035552,1.00938608944416,2.705));
#11847=CARTESIAN_POINT('Ctrl Pts',(1.24057296831161,1.00938608944416,2.74));
#11848=CARTESIAN_POINT('Ctrl Pts',(1.24057296831161,1.00938608944416,2.705));
#11849=CARTESIAN_POINT('Ctrl Pts',(1.24875853378326,1.0123874515295,2.74));
#11850=CARTESIAN_POINT('Ctrl Pts',(1.24875853378326,1.0123874515295,2.705));
#11851=CARTESIAN_POINT('',(1.22605727035552,1.00938608944416,2.74));
#11852=CARTESIAN_POINT('Ctrl Pts',(1.22605727035552,1.00938608944416,2.74));
#11853=CARTESIAN_POINT('Ctrl Pts',(1.24057296831161,1.00938608944416,2.74));
#11854=CARTESIAN_POINT('Ctrl Pts',(1.24875853378326,1.0123874515295,2.74));
#11855=CARTESIAN_POINT('',(1.22605727035552,1.00938608944416,2.705));
#11856=CARTESIAN_POINT('',(1.22605727035552,1.00938608944416,2.74));
#11857=CARTESIAN_POINT('Ctrl Pts',(1.22605727035552,1.00938608944416,2.705));
#11858=CARTESIAN_POINT('Ctrl Pts',(1.24057296831161,1.00938608944416,2.705));
#11859=CARTESIAN_POINT('Ctrl Pts',(1.24875853378326,1.0123874515295,2.705));
#11860=CARTESIAN_POINT('Origin',(1.18054569680244,1.00938608944416,2.74));
#11861=CARTESIAN_POINT('',(1.18054569680244,1.00938608944416,2.74));
#11862=CARTESIAN_POINT('',(2.59027284840122,1.00938608944416,2.74));
#11863=CARTESIAN_POINT('',(1.18054569680244,1.00938608944416,2.705));
#11864=CARTESIAN_POINT('',(1.18054569680244,1.00938608944416,2.74));
#11865=CARTESIAN_POINT('',(1.18054569680244,1.00938608944416,2.705));
#11866=CARTESIAN_POINT('Origin',(1.18054569680244,1.06231924593449,2.74));
#11867=CARTESIAN_POINT('',(1.18054569680244,1.53115962296724,2.74));
#11868=CARTESIAN_POINT('',(1.18054569680244,1.06231924593449,2.705));
#11869=CARTESIAN_POINT('Origin',(1.18054569680244,0.991050478816032,2.74));
#11870=CARTESIAN_POINT('',(1.18054569680244,0.991050478816032,2.74));
#11871=CARTESIAN_POINT('',(1.18054569680244,0.920000013709068,2.74));
#11872=CARTESIAN_POINT('',(1.18054569680244,1.49552523940802,2.74));
#11873=CARTESIAN_POINT('',(1.18054569680244,0.991050478816032,2.705));
#11874=CARTESIAN_POINT('',(1.18054569680244,0.991050478816032,2.74));
#11875=CARTESIAN_POINT('',(1.18054569680244,0.920000013709068,2.705));
#11876=CARTESIAN_POINT('',(1.18054569680244,0.991050478816032,2.705));
#11877=CARTESIAN_POINT('',(1.18054569680244,0.920000013709068,2.74));
#11878=CARTESIAN_POINT('Origin',(1.20510230381042,0.991050478816032,2.74));
#11879=CARTESIAN_POINT('',(1.20510230381042,0.991050478816032,2.74));
#11880=CARTESIAN_POINT('',(2.60255115190521,0.991050478816032,2.74));
#11881=CARTESIAN_POINT('',(1.20510230381042,0.991050478816032,2.705));
#11882=CARTESIAN_POINT('',(1.20510230381042,0.991050478816032,2.74));
#11883=CARTESIAN_POINT('',(1.20510230381042,0.991050478816032,2.705));
#11884=CARTESIAN_POINT('Ctrl Pts',(1.21688947994262,0.990286496281624,2.74));
#11885=CARTESIAN_POINT('Ctrl Pts',(1.21688947994262,0.990286496281624,2.705));
#11886=CARTESIAN_POINT('Ctrl Pts',(1.21328786928207,0.991050478816032,2.74));
#11887=CARTESIAN_POINT('Ctrl Pts',(1.21328786928207,0.991050478816032,2.705));
#11888=CARTESIAN_POINT('Ctrl Pts',(1.20510230381042,0.991050478816032,2.74));
#11889=CARTESIAN_POINT('Ctrl Pts',(1.20510230381042,0.991050478816032,2.705));
#11890=CARTESIAN_POINT('',(1.21688947994262,0.990286496281624,2.74));
#11891=CARTESIAN_POINT('Ctrl Pts',(1.21688947994262,0.990286496281624,2.74));
#11892=CARTESIAN_POINT('Ctrl Pts',(1.21328786928207,0.991050478816032,2.74));
#11893=CARTESIAN_POINT('Ctrl Pts',(1.20510230381042,0.991050478816032,2.74));
#11894=CARTESIAN_POINT('',(1.21688947994262,0.990286496281624,2.705));
#11895=CARTESIAN_POINT('',(1.21688947994262,0.990286496281624,2.74));
#11896=CARTESIAN_POINT('Ctrl Pts',(1.21688947994262,0.990286496281624,2.705));
#11897=CARTESIAN_POINT('Ctrl Pts',(1.21328786928207,0.991050478816032,2.705));
#11898=CARTESIAN_POINT('Ctrl Pts',(1.20510230381042,0.991050478816032,2.705));
#11899=CARTESIAN_POINT('Ctrl Pts',(1.22654841262847,0.986030039191246,2.74));
#11900=CARTESIAN_POINT('Ctrl Pts',(1.22654841262847,0.986030039191246,2.705));
#11901=CARTESIAN_POINT('Ctrl Pts',(1.22180078346282,0.98908596932888,2.74));
#11902=CARTESIAN_POINT('Ctrl Pts',(1.22180078346282,0.98908596932888,2.705));
#11903=CARTESIAN_POINT('Ctrl Pts',(1.21688947994262,0.990286496281624,2.74));
#11904=CARTESIAN_POINT('Ctrl Pts',(1.21688947994262,0.990286496281624,2.705));
#11905=CARTESIAN_POINT('',(1.22654841262847,0.986030039191246,2.74));
#11906=CARTESIAN_POINT('Ctrl Pts',(1.22654841262847,0.986030039191246,2.74));
#11907=CARTESIAN_POINT('Ctrl Pts',(1.22180078346282,0.98908596932888,2.74));
#11908=CARTESIAN_POINT('Ctrl Pts',(1.21688947994262,0.990286496281624,2.74));
#11909=CARTESIAN_POINT('',(1.22654841262847,0.986030039191246,2.705));
#11910=CARTESIAN_POINT('',(1.22654841262847,0.986030039191246,2.74));
#11911=CARTESIAN_POINT('Ctrl Pts',(1.22654841262847,0.986030039191246,2.705));
#11912=CARTESIAN_POINT('Ctrl Pts',(1.22180078346282,0.98908596932888,2.705));
#11913=CARTESIAN_POINT('Ctrl Pts',(1.21688947994262,0.990286496281624,2.705));
#11914=CARTESIAN_POINT('Ctrl Pts',(1.23729876596481,0.975334253907204,2.74));
#11915=CARTESIAN_POINT('Ctrl Pts',(1.23729876596481,0.975334253907204,2.705));
#11916=CARTESIAN_POINT('Ctrl Pts',(1.23129604179412,0.982974079251289,2.74));
#11917=CARTESIAN_POINT('Ctrl Pts',(1.23129604179412,0.982974079251289,2.705));
#11918=CARTESIAN_POINT('Ctrl Pts',(1.22654841262847,0.986030039191246,2.74));
#11919=CARTESIAN_POINT('Ctrl Pts',(1.22654841262847,0.986030039191246,2.705));
#11920=CARTESIAN_POINT('',(1.23729876596481,0.975334253907204,2.74));
#11921=CARTESIAN_POINT('Ctrl Pts',(1.23729876596481,0.975334253907204,2.74));
#11922=CARTESIAN_POINT('Ctrl Pts',(1.23129604179412,0.982974079251289,2.74));
#11923=CARTESIAN_POINT('Ctrl Pts',(1.22654841262847,0.986030039191246,2.74));
#11924=CARTESIAN_POINT('',(1.23729876596481,0.975334253907204,2.705));
#11925=CARTESIAN_POINT('',(1.23729876596481,0.975334253907204,2.74));
#11926=CARTESIAN_POINT('Ctrl Pts',(1.23729876596481,0.975334253907204,2.705));
#11927=CARTESIAN_POINT('Ctrl Pts',(1.23129604179412,0.982974079251289,2.705));
#11928=CARTESIAN_POINT('Ctrl Pts',(1.22654841262847,0.986030039191246,2.705));
#11929=CARTESIAN_POINT('Ctrl Pts',(1.25257841665298,0.953287866711616,2.74));
#11930=CARTESIAN_POINT('Ctrl Pts',(1.25257841665298,0.953287866711616,2.705));
#11931=CARTESIAN_POINT('Ctrl Pts',(1.24330149013549,0.967694428563118,2.74));
#11932=CARTESIAN_POINT('Ctrl Pts',(1.24330149013549,0.967694428563118,2.705));
#11933=CARTESIAN_POINT('Ctrl Pts',(1.23729876596481,0.975334253907204,2.74));
#11934=CARTESIAN_POINT('Ctrl Pts',(1.23729876596481,0.975334253907204,2.705));
#11935=CARTESIAN_POINT('',(1.25257841665298,0.953287866711616,2.74));
#11936=CARTESIAN_POINT('Ctrl Pts',(1.25257841665298,0.953287866711616,2.74));
#11937=CARTESIAN_POINT('Ctrl Pts',(1.24330149013549,0.967694428563118,2.74));
#11938=CARTESIAN_POINT('Ctrl Pts',(1.23729876596481,0.975334253907204,2.74));
#11939=CARTESIAN_POINT('',(1.25257841665298,0.953287866711616,2.705));
#11940=CARTESIAN_POINT('',(1.25257841665298,0.953287866711616,2.74));
#11941=CARTESIAN_POINT('Ctrl Pts',(1.25257841665298,0.953287866711616,2.705));
#11942=CARTESIAN_POINT('Ctrl Pts',(1.24330149013549,0.967694428563118,2.705));
#11943=CARTESIAN_POINT('Ctrl Pts',(1.23729876596481,0.975334253907204,2.705));
#11944=CARTESIAN_POINT('Origin',(1.27375171501189,0.920000013709068,2.74));
#11945=CARTESIAN_POINT('',(1.27375171501189,0.920000013709068,2.74));
#11946=CARTESIAN_POINT('',(1.4218514231864,0.68716329493884,2.74));
#11947=CARTESIAN_POINT('',(1.27375171501189,0.920000013709068,2.705));
#11948=CARTESIAN_POINT('',(1.27375171501189,0.920000013709068,2.74));
#11949=CARTESIAN_POINT('',(1.27375171501189,0.920000013709068,2.705));
#11950=CARTESIAN_POINT('Origin',(1.30038199741393,0.920000013709068,2.74));
#11951=CARTESIAN_POINT('',(1.30038199741393,0.920000013709068,2.74));
#11952=CARTESIAN_POINT('',(2.65019099870697,0.920000013709068,2.74));
#11953=CARTESIAN_POINT('',(1.30038199741393,0.920000013709068,2.705));
#11954=CARTESIAN_POINT('',(1.30038199741393,0.920000013709068,2.74));
#11955=CARTESIAN_POINT('',(1.30038199741393,0.920000013709068,2.705));
#11956=CARTESIAN_POINT('Origin',(1.27255115825683,0.963547077775001,2.74));
#11957=CARTESIAN_POINT('',(1.27255115825683,0.963547077775001,2.74));
#11958=CARTESIAN_POINT('',(1.43287717650266,0.71268409270382,2.74));
#11959=CARTESIAN_POINT('',(1.27255115825683,0.963547077775001,2.705));
#11960=CARTESIAN_POINT('',(1.27255115825683,0.963547077775001,2.74));
#11961=CARTESIAN_POINT('',(1.27255115825683,0.963547077775001,2.705));
#11962=CARTESIAN_POINT('Ctrl Pts',(1.25497953016311,0.98482948243618,2.74));
#11963=CARTESIAN_POINT('Ctrl Pts',(1.25497953016311,0.98482948243618,2.705));
#11964=CARTESIAN_POINT('Ctrl Pts',(1.2642564566806,0.97631650865078,2.74));
#11965=CARTESIAN_POINT('Ctrl Pts',(1.2642564566806,0.97631650865078,2.705));
#11966=CARTESIAN_POINT('Ctrl Pts',(1.27255115825683,0.963547077775001,2.74));
#11967=CARTESIAN_POINT('Ctrl Pts',(1.27255115825683,0.963547077775001,2.705));
#11968=CARTESIAN_POINT('',(1.25497953016311,0.98482948243618,2.74));
#11969=CARTESIAN_POINT('Ctrl Pts',(1.25497953016311,0.98482948243618,2.74));
#11970=CARTESIAN_POINT('Ctrl Pts',(1.2642564566806,0.97631650865078,2.74));
#11971=CARTESIAN_POINT('Ctrl Pts',(1.27255115825683,0.963547077775001,2.74));
#11972=CARTESIAN_POINT('',(1.25497953016311,0.98482948243618,2.705));
#11973=CARTESIAN_POINT('',(1.25497953016311,0.98482948243618,2.74));
#11974=CARTESIAN_POINT('Ctrl Pts',(1.25497953016311,0.98482948243618,2.705));
#11975=CARTESIAN_POINT('Ctrl Pts',(1.2642564566806,0.97631650865078,2.705));
#11976=CARTESIAN_POINT('Ctrl Pts',(1.27255115825683,0.963547077775001,2.705));
#11977=CARTESIAN_POINT('Ctrl Pts',(1.24221006948501,0.992796745896339,2.74));
#11978=CARTESIAN_POINT('Ctrl Pts',(1.24221006948501,0.992796745896339,2.705));
#11979=CARTESIAN_POINT('Ctrl Pts',(1.25061390716583,0.988758531212807,2.74));
#11980=CARTESIAN_POINT('Ctrl Pts',(1.25061390716583,0.988758531212807,2.705));
#11981=CARTESIAN_POINT('Ctrl Pts',(1.25497953016311,0.98482948243618,2.74));
#11982=CARTESIAN_POINT('Ctrl Pts',(1.25497953016311,0.98482948243618,2.705));
#11983=CARTESIAN_POINT('',(1.24221006948501,0.992796745896339,2.74));
#11984=CARTESIAN_POINT('Ctrl Pts',(1.24221006948501,0.992796745896339,2.74));
#11985=CARTESIAN_POINT('Ctrl Pts',(1.25061390716583,0.988758531212807,2.74));
#11986=CARTESIAN_POINT('Ctrl Pts',(1.25497953016311,0.98482948243618,2.74));
#11987=CARTESIAN_POINT('',(1.24221006948501,0.992796745896339,2.705));
#11988=CARTESIAN_POINT('',(1.24221006948501,0.992796745896339,2.74));
#11989=CARTESIAN_POINT('Ctrl Pts',(1.24221006948501,0.992796745896339,2.705));
#11990=CARTESIAN_POINT('Ctrl Pts',(1.25061390716583,0.988758531212807,2.705));
#11991=CARTESIAN_POINT('Ctrl Pts',(1.25497953016311,0.98482948243618,2.705));
#11992=CARTESIAN_POINT('Ctrl Pts',(1.27626190502197,1.00763985216618,2.74));
#11993=CARTESIAN_POINT('Ctrl Pts',(1.27626190502197,1.00763985216618,2.705));
#11994=CARTESIAN_POINT('Ctrl Pts',(1.26523874122649,0.995961812138557,2.74));
#11995=CARTESIAN_POINT('Ctrl Pts',(1.26523874122649,0.995961812138557,2.705));
#11996=CARTESIAN_POINT('Ctrl Pts',(1.24221006948501,0.992796745896339,2.74));
#11997=CARTESIAN_POINT('Ctrl Pts',(1.24221006948501,0.992796745896339,2.705));
#11998=CARTESIAN_POINT('',(1.27626190502197,1.00763985216618,2.74));
#11999=CARTESIAN_POINT('Ctrl Pts',(1.27626190502197,1.00763985216618,2.74));
#12000=CARTESIAN_POINT('Ctrl Pts',(1.26523874122649,0.995961812138557,2.74));
#12001=CARTESIAN_POINT('Ctrl Pts',(1.24221006948501,0.992796745896339,2.74));
#12002=CARTESIAN_POINT('',(1.27626190502197,1.00763985216618,2.705));
#12003=CARTESIAN_POINT('',(1.27626190502197,1.00763985216618,2.74));
#12004=CARTESIAN_POINT('Ctrl Pts',(1.27626190502197,1.00763985216618,2.705));
#12005=CARTESIAN_POINT('Ctrl Pts',(1.26523874122649,0.995961812138557,2.705));
#12006=CARTESIAN_POINT('Ctrl Pts',(1.24221006948501,0.992796745896339,2.705));
#12007=CARTESIAN_POINT('Ctrl Pts',(1.28728512842208,1.03634380996227,2.74));
#12008=CARTESIAN_POINT('Ctrl Pts',(1.28728512842208,1.03634380996227,2.705));
#12009=CARTESIAN_POINT('Ctrl Pts',(1.28728512842208,1.01931789219379,2.74));
#12010=CARTESIAN_POINT('Ctrl Pts',(1.28728512842208,1.01931789219379,2.705));
#12011=CARTESIAN_POINT('Ctrl Pts',(1.27626190502197,1.00763985216618,2.74));
#12012=CARTESIAN_POINT('Ctrl Pts',(1.27626190502197,1.00763985216618,2.705));
#12013=CARTESIAN_POINT('',(1.28728512842208,1.03634380996227,2.74));
#12014=CARTESIAN_POINT('Ctrl Pts',(1.28728512842208,1.03634380996227,2.74));
#12015=CARTESIAN_POINT('Ctrl Pts',(1.28728512842208,1.01931789219379,2.74));
#12016=CARTESIAN_POINT('Ctrl Pts',(1.27626190502197,1.00763985216618,2.74));
#12017=CARTESIAN_POINT('',(1.28728512842208,1.03634380996227,2.705));
#12018=CARTESIAN_POINT('',(1.28728512842208,1.03634380996227,2.74));
#12019=CARTESIAN_POINT('Ctrl Pts',(1.28728512842208,1.03634380996227,2.705));
#12020=CARTESIAN_POINT('Ctrl Pts',(1.28728512842208,1.01931789219379,2.705));
#12021=CARTESIAN_POINT('Ctrl Pts',(1.27626190502197,1.00763985216618,2.705));
#12022=CARTESIAN_POINT('Ctrl Pts',(1.28062752801925,1.06046385765076,2.74));
#12023=CARTESIAN_POINT('Ctrl Pts',(1.28062752801925,1.06046385765076,2.705));
#12024=CARTESIAN_POINT('Ctrl Pts',(1.28728512842208,1.04954980015755,2.74));
#12025=CARTESIAN_POINT('Ctrl Pts',(1.28728512842208,1.04954980015755,2.705));
#12026=CARTESIAN_POINT('Ctrl Pts',(1.28728512842208,1.03634380996227,2.74));
#12027=CARTESIAN_POINT('Ctrl Pts',(1.28728512842208,1.03634380996227,2.705));
#12028=CARTESIAN_POINT('',(1.28062752801925,1.06046385765076,2.74));
#12029=CARTESIAN_POINT('Ctrl Pts',(1.28062752801925,1.06046385765076,2.74));
#12030=CARTESIAN_POINT('Ctrl Pts',(1.28728512842208,1.04954980015755,2.74));
#12031=CARTESIAN_POINT('Ctrl Pts',(1.28728512842208,1.03634380996227,2.74));
#12032=CARTESIAN_POINT('',(1.28062752801925,1.06046385765076,2.705));
#12033=CARTESIAN_POINT('',(1.28062752801925,1.06046385765076,2.74));
#12034=CARTESIAN_POINT('Ctrl Pts',(1.28062752801925,1.06046385765076,2.705));
#12035=CARTESIAN_POINT('Ctrl Pts',(1.28728512842208,1.04954980015755,2.705));
#12036=CARTESIAN_POINT('Ctrl Pts',(1.28728512842208,1.03634380996227,2.705));
#12037=CARTESIAN_POINT('Ctrl Pts',(1.26283762771636,1.0756889551878,2.74));
#12038=CARTESIAN_POINT('Ctrl Pts',(1.26283762771636,1.0756889551878,2.705));
#12039=CARTESIAN_POINT('Ctrl Pts',(1.27396998722106,1.07137790024281,2.74));
#12040=CARTESIAN_POINT('Ctrl Pts',(1.27396998722106,1.07137790024281,2.705));
#12041=CARTESIAN_POINT('Ctrl Pts',(1.28062752801925,1.06046385765076,2.74));
#12042=CARTESIAN_POINT('Ctrl Pts',(1.28062752801925,1.06046385765076,2.705));
#12043=CARTESIAN_POINT('',(1.26283762771636,1.0756889551878,2.74));
#12044=CARTESIAN_POINT('Ctrl Pts',(1.26283762771636,1.0756889551878,2.74));
#12045=CARTESIAN_POINT('Ctrl Pts',(1.27396998722106,1.07137790024281,2.74));
#12046=CARTESIAN_POINT('Ctrl Pts',(1.28062752801925,1.06046385765076,2.74));
#12047=CARTESIAN_POINT('',(1.26283762771636,1.0756889551878,2.705));
#12048=CARTESIAN_POINT('',(1.26283762771636,1.0756889551878,2.74));
#12049=CARTESIAN_POINT('Ctrl Pts',(1.26283762771636,1.0756889551878,2.705));
#12050=CARTESIAN_POINT('Ctrl Pts',(1.27396998722106,1.07137790024281,2.705));
#12051=CARTESIAN_POINT('Ctrl Pts',(1.28062752801925,1.06046385765076,2.705));
#12052=CARTESIAN_POINT('Ctrl Pts',(1.23031375724822,1.08000001013279,2.74));
#12053=CARTESIAN_POINT('Ctrl Pts',(1.23031375724822,1.08000001013279,2.705));
#12054=CARTESIAN_POINT('Ctrl Pts',(1.25170532781631,1.08000001013279,2.74));
#12055=CARTESIAN_POINT('Ctrl Pts',(1.25170532781631,1.08000001013279,2.705));
#12056=CARTESIAN_POINT('Ctrl Pts',(1.26283762771636,1.0756889551878,2.74));
#12057=CARTESIAN_POINT('Ctrl Pts',(1.26283762771636,1.0756889551878,2.705));
#12058=CARTESIAN_POINT('',(1.23031375724822,1.08000001013279,2.74));
#12059=CARTESIAN_POINT('Ctrl Pts',(1.23031375724822,1.08000001013279,2.74));
#12060=CARTESIAN_POINT('Ctrl Pts',(1.25170532781631,1.08000001013279,2.74));
#12061=CARTESIAN_POINT('Ctrl Pts',(1.26283762771636,1.0756889551878,2.74));
#12062=CARTESIAN_POINT('',(1.23031375724822,1.08000001013279,2.705));
#12063=CARTESIAN_POINT('',(1.23031375724822,1.08000001013279,2.74));
#12064=CARTESIAN_POINT('Ctrl Pts',(1.23031375724822,1.08000001013279,2.705));
#12065=CARTESIAN_POINT('Ctrl Pts',(1.25170532781631,1.08000001013279,2.705));
#12066=CARTESIAN_POINT('Ctrl Pts',(1.26283762771636,1.0756889551878,2.705));
#12067=CARTESIAN_POINT('Origin',(1.15937242824584,1.08000001013279,2.74));
#12068=CARTESIAN_POINT('',(1.15937242824584,1.08000001013279,2.74));
#12069=CARTESIAN_POINT('',(2.57968621412292,1.08000001013279,2.74));
#12070=CARTESIAN_POINT('',(1.15937242824584,1.08000001013279,2.705));
#12071=CARTESIAN_POINT('',(1.15937242824584,1.08000001013279,2.74));
#12072=CARTESIAN_POINT('',(1.15937242824584,1.08000001013279,2.705));
#12073=CARTESIAN_POINT('Origin',(1.15937242824584,0.920000013709068,2.74));
#12074=CARTESIAN_POINT('',(1.15937242824584,0.920000013709068,2.74));
#12075=CARTESIAN_POINT('',(1.15937242824584,1.46000000685453,2.74));
#12076=CARTESIAN_POINT('',(1.15937242824584,0.920000013709068,2.705));
#12077=CARTESIAN_POINT('',(1.15937242824584,0.920000013709068,2.74));
#12078=CARTESIAN_POINT('',(1.15937242824584,0.920000013709068,2.705));
#12079=CARTESIAN_POINT('Origin',(1.18054569680244,0.920000013709068,2.74));
#12080=CARTESIAN_POINT('',(2.59027284840122,0.920000013709068,2.74));
#12081=CARTESIAN_POINT('',(1.18054569680244,0.920000013709068,2.705));
#12082=CARTESIAN_POINT('Origin',(1.57519778171554,1.00005457997322,2.705));
#12083=CARTESIAN_POINT('Origin',(2.45039556343108,0.938881334662437,2.74));
#12084=CARTESIAN_POINT('',(2.45039556343108,0.938881334662437,2.74));
#12085=CARTESIAN_POINT('',(2.45039556343108,0.920000013709068,2.74));
#12086=CARTESIAN_POINT('',(2.45039556343108,1.46944066733122,2.74));
#12087=CARTESIAN_POINT('',(2.45039556343108,0.938881334662437,2.705));
#12088=CARTESIAN_POINT('',(2.45039556343108,0.938881334662437,2.74));
#12089=CARTESIAN_POINT('',(2.45039556343108,0.920000013709068,2.705));
#12090=CARTESIAN_POINT('',(2.45039556343108,0.938881334662437,2.705));
#12091=CARTESIAN_POINT('',(2.45039556343108,0.920000013709068,2.74));
#12092=CARTESIAN_POINT('Origin',(2.35216913539916,0.938881334662437,2.74));
#12093=CARTESIAN_POINT('',(2.35216913539916,0.938881334662437,2.74));
#12094=CARTESIAN_POINT('',(3.17608456769958,0.938881334662438,2.74));
#12095=CARTESIAN_POINT('',(2.35216913539916,0.938881334662437,2.705));
#12096=CARTESIAN_POINT('',(2.35216913539916,0.938881334662437,2.74));
#12097=CARTESIAN_POINT('',(2.35216913539916,0.938881334662437,2.705));
#12098=CARTESIAN_POINT('Origin',(2.35216913539916,0.993342441320419,2.74));
#12099=CARTESIAN_POINT('',(2.35216913539916,0.993342441320419,2.74));
#12100=CARTESIAN_POINT('',(2.35216913539916,1.49667122066021,2.74));
#12101=CARTESIAN_POINT('',(2.35216913539916,0.993342441320419,2.705));
#12102=CARTESIAN_POINT('',(2.35216913539916,0.993342441320419,2.74));
#12103=CARTESIAN_POINT('',(2.35216913539916,0.993342441320419,2.705));
#12104=CARTESIAN_POINT('Origin',(2.44068215209991,0.993342441320419,2.74));
#12105=CARTESIAN_POINT('',(2.44068215209991,0.993342441320419,2.74));
#12106=CARTESIAN_POINT('',(3.22034107604995,0.993342441320419,2.74));
#12107=CARTESIAN_POINT('',(2.44068215209991,0.993342441320419,2.705));
#12108=CARTESIAN_POINT('',(2.44068215209991,0.993342441320419,2.74));
#12109=CARTESIAN_POINT('',(2.44068215209991,0.993342441320419,2.705));
#12110=CARTESIAN_POINT('Origin',(2.44068215209991,1.01211461126804,2.74));
#12111=CARTESIAN_POINT('',(2.44068215209991,1.01211461126804,2.74));
#12112=CARTESIAN_POINT('',(2.44068215209991,1.50605730563402,2.74));
#12113=CARTESIAN_POINT('',(2.44068215209991,1.01211461126804,2.705));
#12114=CARTESIAN_POINT('',(2.44068215209991,1.01211461126804,2.74));
#12115=CARTESIAN_POINT('',(2.44068215209991,1.01211461126804,2.705));
#12116=CARTESIAN_POINT('Origin',(2.35216913539916,1.01211461126804,2.74));
#12117=CARTESIAN_POINT('',(2.35216913539916,1.01211461126804,2.74));
#12118=CARTESIAN_POINT('',(3.17608456769958,1.01211461126804,2.74));
#12119=CARTESIAN_POINT('',(2.35216913539916,1.01211461126804,2.705));
#12120=CARTESIAN_POINT('',(2.35216913539916,1.01211461126804,2.74));
#12121=CARTESIAN_POINT('',(2.35216913539916,1.01211461126804,2.705));
#12122=CARTESIAN_POINT('Origin',(2.35216913539916,1.06111870408058,2.74));
#12123=CARTESIAN_POINT('',(2.35216913539916,1.06111870408058,2.74));
#12124=CARTESIAN_POINT('',(2.35216913539916,1.53055935204029,2.74));
#12125=CARTESIAN_POINT('',(2.35216913539916,1.06111870408058,2.705));
#12126=CARTESIAN_POINT('',(2.35216913539916,1.06111870408058,2.74));
#12127=CARTESIAN_POINT('',(2.35216913539916,1.06111870408058,2.705));
#12128=CARTESIAN_POINT('Origin',(2.44668481666595,1.06111870408058,2.74));
#12129=CARTESIAN_POINT('',(2.44668481666595,1.06111870408058,2.74));
#12130=CARTESIAN_POINT('',(3.22334240833297,1.06111870408058,2.74));
#12131=CARTESIAN_POINT('',(2.44668481666595,1.06111870408058,2.705));
#12132=CARTESIAN_POINT('',(2.44668481666595,1.06111870408058,2.74));
#12133=CARTESIAN_POINT('',(2.44668481666595,1.06111870408058,2.705));
#12134=CARTESIAN_POINT('Origin',(2.44668481666595,1.08000001013279,2.74));
#12135=CARTESIAN_POINT('',(2.44668481666595,1.08000001013279,2.74));
#12136=CARTESIAN_POINT('',(2.44668481666595,1.54000000506639,2.74));
#12137=CARTESIAN_POINT('',(2.44668481666595,1.08000001013279,2.705));
#12138=CARTESIAN_POINT('',(2.44668481666595,1.08000001013279,2.74));
#12139=CARTESIAN_POINT('',(2.44668481666595,1.08000001013279,2.705));
#12140=CARTESIAN_POINT('Origin',(2.33099589664489,1.08000001013279,2.74));
#12141=CARTESIAN_POINT('',(2.33099589664489,1.08000001013279,2.74));
#12142=CARTESIAN_POINT('',(3.16549794832245,1.08000001013279,2.74));
#12143=CARTESIAN_POINT('',(2.33099589664489,1.08000001013279,2.705));
#12144=CARTESIAN_POINT('',(2.33099589664489,1.08000001013279,2.74));
#12145=CARTESIAN_POINT('',(2.33099589664489,1.08000001013279,2.705));
#12146=CARTESIAN_POINT('Origin',(2.33099589664489,0.920000013709068,2.74));
#12147=CARTESIAN_POINT('',(2.33099589664489,0.920000013709068,2.74));
#12148=CARTESIAN_POINT('',(2.33099589664489,1.46000000685453,2.74));
#12149=CARTESIAN_POINT('',(2.33099589664489,0.920000013709068,2.705));
#12150=CARTESIAN_POINT('',(2.33099589664489,0.920000013709068,2.74));
#12151=CARTESIAN_POINT('',(2.33099589664489,0.920000013709068,2.705));
#12152=CARTESIAN_POINT('Origin',(2.45039556343108,0.920000013709068,2.74));
#12153=CARTESIAN_POINT('',(3.22519778171554,0.920000013709068,2.74));
#12154=CARTESIAN_POINT('',(2.45039556343108,0.920000013709068,2.705));
#12155=CARTESIAN_POINT('Origin',(1.57519778171554,1.00005457997322,2.705));
#12156=CARTESIAN_POINT('Origin',(1.75484309513122,0.938881334662437,2.74));
#12157=CARTESIAN_POINT('',(1.75484309513122,0.938881334662437,2.74));
#12158=CARTESIAN_POINT('',(1.75484309513122,0.920000013709068,2.74));
#12159=CARTESIAN_POINT('',(1.75484309513122,1.46944066733122,2.74));
#12160=CARTESIAN_POINT('',(1.75484309513122,0.938881334662437,2.705));
#12161=CARTESIAN_POINT('',(1.75484309513122,0.938881334662437,2.74));
#12162=CARTESIAN_POINT('',(1.75484309513122,0.920000013709068,2.705));
#12163=CARTESIAN_POINT('',(1.75484309513122,0.938881334662437,2.705));
#12164=CARTESIAN_POINT('',(1.75484309513122,0.920000013709068,2.74));
#12165=CARTESIAN_POINT('Origin',(1.67604360897094,0.938881334662437,2.74));
#12166=CARTESIAN_POINT('',(1.67604360897094,0.938881334662437,2.74));
#12167=CARTESIAN_POINT('',(2.83802180448547,0.938881334662438,2.74));
#12168=CARTESIAN_POINT('',(1.67604360897094,0.938881334662437,2.705));
#12169=CARTESIAN_POINT('',(1.67604360897094,0.938881334662437,2.74));
#12170=CARTESIAN_POINT('',(1.67604360897094,0.938881334662437,2.705));
#12171=CARTESIAN_POINT('Origin',(1.67604360897094,1.08000001013279,2.74));
#12172=CARTESIAN_POINT('',(1.67604360897094,1.08000001013279,2.74));
#12173=CARTESIAN_POINT('',(1.67604360897094,1.54000000506639,2.74));
#12174=CARTESIAN_POINT('',(1.67604360897094,1.08000001013279,2.705));
#12175=CARTESIAN_POINT('',(1.67604360897094,1.08000001013279,2.74));
#12176=CARTESIAN_POINT('',(1.67604360897094,1.08000001013279,2.705));
#12177=CARTESIAN_POINT('Origin',(1.65487037021667,1.08000001013279,2.74));
#12178=CARTESIAN_POINT('',(1.65487037021667,1.08000001013279,2.74));
#12179=CARTESIAN_POINT('',(2.82743518510833,1.08000001013279,2.74));
#12180=CARTESIAN_POINT('',(1.65487037021667,1.08000001013279,2.705));
#12181=CARTESIAN_POINT('',(1.65487037021667,1.08000001013279,2.74));
#12182=CARTESIAN_POINT('',(1.65487037021667,1.08000001013279,2.705));
#12183=CARTESIAN_POINT('Origin',(1.65487037021667,0.920000013709068,2.74));
#12184=CARTESIAN_POINT('',(1.65487037021667,0.920000013709068,2.74));
#12185=CARTESIAN_POINT('',(1.65487037021667,1.46000000685453,2.74));
#12186=CARTESIAN_POINT('',(1.65487037021667,0.920000013709068,2.705));
#12187=CARTESIAN_POINT('',(1.65487037021667,0.920000013709068,2.74));
#12188=CARTESIAN_POINT('',(1.65487037021667,0.920000013709068,2.705));
#12189=CARTESIAN_POINT('Origin',(1.75484309513122,0.920000013709068,2.74));
#12190=CARTESIAN_POINT('',(2.87742154756561,0.920000013709068,2.74));
#12191=CARTESIAN_POINT('',(1.75484309513122,0.920000013709068,2.705));
#12192=CARTESIAN_POINT('Origin',(1.57519778171554,1.00005457997322,2.705));
#12193=CARTESIAN_POINT('Ctrl Pts',(2.06556604225189,1.06461119353771,2.74));
#12194=CARTESIAN_POINT('Ctrl Pts',(2.06556604225189,1.06461119353771,2.705));
#12195=CARTESIAN_POINT('Ctrl Pts',(2.04308317024261,1.06461119353771,2.74));
#12196=CARTESIAN_POINT('Ctrl Pts',(2.04308317024261,1.06461119353771,2.705));
#12197=CARTESIAN_POINT('Ctrl Pts',(2.02687583286315,1.0491678237915,2.74));
#12198=CARTESIAN_POINT('Ctrl Pts',(2.02687583286315,1.0491678237915,2.705));
#12199=CARTESIAN_POINT('',(2.06556604225189,1.06461119353771,2.74));
#12200=CARTESIAN_POINT('',(2.02687583286315,1.0491678237915,2.74));
#12201=CARTESIAN_POINT('Ctrl Pts',(2.06556604225189,1.06461119353771,2.74));
#12202=CARTESIAN_POINT('Ctrl Pts',(2.04308317024261,1.06461119353771,2.74));
#12203=CARTESIAN_POINT('Ctrl Pts',(2.02687583286315,1.0491678237915,2.74));
#12204=CARTESIAN_POINT('',(2.06556604225189,1.06461119353771,2.705));
#12205=CARTESIAN_POINT('',(2.06556604225189,1.06461119353771,2.74));
#12206=CARTESIAN_POINT('',(2.02687583286315,1.0491678237915,2.705));
#12207=CARTESIAN_POINT('Ctrl Pts',(2.06556604225189,1.06461119353771,2.705));
#12208=CARTESIAN_POINT('Ctrl Pts',(2.04308317024261,1.06461119353771,2.705));
#12209=CARTESIAN_POINT('Ctrl Pts',(2.02687583286315,1.0491678237915,2.705));
#12210=CARTESIAN_POINT('',(2.02687583286315,1.0491678237915,2.74));
#12211=CARTESIAN_POINT('Ctrl Pts',(2.09410629589111,1.05658937692642,2.74));
#12212=CARTESIAN_POINT('Ctrl Pts',(2.09410629589111,1.05658937692642,2.705));
#12213=CARTESIAN_POINT('Ctrl Pts',(2.08139143306762,1.06461119353771,2.74));
#12214=CARTESIAN_POINT('Ctrl Pts',(2.08139143306762,1.06461119353771,2.705));
#12215=CARTESIAN_POINT('Ctrl Pts',(2.06556604225189,1.06461119353771,2.74));
#12216=CARTESIAN_POINT('Ctrl Pts',(2.06556604225189,1.06461119353771,2.705));
#12217=CARTESIAN_POINT('',(2.09410629589111,1.05658937692642,2.74));
#12218=CARTESIAN_POINT('Ctrl Pts',(2.09410629589111,1.05658937692642,2.74));
#12219=CARTESIAN_POINT('Ctrl Pts',(2.08139143306762,1.06461119353771,2.74));
#12220=CARTESIAN_POINT('Ctrl Pts',(2.06556604225189,1.06461119353771,2.74));
#12221=CARTESIAN_POINT('',(2.09410629589111,1.05658937692642,2.705));
#12222=CARTESIAN_POINT('',(2.09410629589111,1.05658937692642,2.74));
#12223=CARTESIAN_POINT('Ctrl Pts',(2.09410629589111,1.05658937692642,2.705));
#12224=CARTESIAN_POINT('Ctrl Pts',(2.08139143306762,1.06461119353771,2.705));
#12225=CARTESIAN_POINT('Ctrl Pts',(2.06556604225189,1.06461119353771,2.705));
#12226=CARTESIAN_POINT('Ctrl Pts',(2.1134242804721,1.03399727940559,2.74));
#12227=CARTESIAN_POINT('Ctrl Pts',(2.1134242804721,1.03399727940559,2.705));
#12228=CARTESIAN_POINT('Ctrl Pts',(2.10682127792388,1.04856754541397,2.74));
#12229=CARTESIAN_POINT('Ctrl Pts',(2.10682127792388,1.04856754541397,2.705));
#12230=CARTESIAN_POINT('Ctrl Pts',(2.09410629589111,1.05658937692642,2.74));
#12231=CARTESIAN_POINT('Ctrl Pts',(2.09410629589111,1.05658937692642,2.705));
#12232=CARTESIAN_POINT('',(2.1134242804721,1.03399727940559,2.74));
#12233=CARTESIAN_POINT('Ctrl Pts',(2.1134242804721,1.03399727940559,2.74));
#12234=CARTESIAN_POINT('Ctrl Pts',(2.10682127792388,1.04856754541397,2.74));
#12235=CARTESIAN_POINT('Ctrl Pts',(2.09410629589111,1.05658937692642,2.74));
#12236=CARTESIAN_POINT('',(2.1134242804721,1.03399727940559,2.705));
#12237=CARTESIAN_POINT('',(2.1134242804721,1.03399727940559,2.74));
#12238=CARTESIAN_POINT('Ctrl Pts',(2.1134242804721,1.03399727940559,2.705));
#12239=CARTESIAN_POINT('Ctrl Pts',(2.10682127792388,1.04856754541397,2.705));
#12240=CARTESIAN_POINT('Ctrl Pts',(2.09410629589111,1.05658937692642,2.705));
#12241=CARTESIAN_POINT('Ctrl Pts',(2.12002728302032,0.999890860915184,2.74));
#12242=CARTESIAN_POINT('Ctrl Pts',(2.12002728302032,0.999890860915184,2.705));
#12243=CARTESIAN_POINT('Ctrl Pts',(2.12002728302032,1.01942702829838,2.74));
#12244=CARTESIAN_POINT('Ctrl Pts',(2.12002728302032,1.01942702829838,2.705));
#12245=CARTESIAN_POINT('Ctrl Pts',(2.1134242804721,1.03399727940559,2.74));
#12246=CARTESIAN_POINT('Ctrl Pts',(2.1134242804721,1.03399727940559,2.705));
#12247=CARTESIAN_POINT('',(2.12002728302032,0.999890860915184,2.74));
#12248=CARTESIAN_POINT('Ctrl Pts',(2.12002728302032,0.999890860915184,2.74));
#12249=CARTESIAN_POINT('Ctrl Pts',(2.12002728302032,1.01942702829838,2.74));
#12250=CARTESIAN_POINT('Ctrl Pts',(2.1134242804721,1.03399727940559,2.74));
#12251=CARTESIAN_POINT('',(2.12002728302032,0.999890860915184,2.705));
#12252=CARTESIAN_POINT('',(2.12002728302032,0.999890860915184,2.74));
#12253=CARTESIAN_POINT('Ctrl Pts',(2.12002728302032,0.999890860915184,2.705));
#12254=CARTESIAN_POINT('Ctrl Pts',(2.12002728302032,1.01942702829838,2.705));
#12255=CARTESIAN_POINT('Ctrl Pts',(2.1134242804721,1.03399727940559,2.705));
#12256=CARTESIAN_POINT('Ctrl Pts',(2.1045838387683,0.952196475863457,2.74));
#12257=CARTESIAN_POINT('Ctrl Pts',(2.1045838387683,0.952196475863457,2.705));
#12258=CARTESIAN_POINT('Ctrl Pts',(2.12002728302032,0.969004091620445,2.74));
#12259=CARTESIAN_POINT('Ctrl Pts',(2.12002728302032,0.969004091620445,2.705));
#12260=CARTESIAN_POINT('Ctrl Pts',(2.12002728302032,0.999890860915184,2.74));
#12261=CARTESIAN_POINT('Ctrl Pts',(2.12002728302032,0.999890860915184,2.705));
#12262=CARTESIAN_POINT('',(2.1045838387683,0.952196475863457,2.74));
#12263=CARTESIAN_POINT('Ctrl Pts',(2.1045838387683,0.952196475863457,2.74));
#12264=CARTESIAN_POINT('Ctrl Pts',(2.12002728302032,0.969004091620445,2.74));
#12265=CARTESIAN_POINT('Ctrl Pts',(2.12002728302032,0.999890860915184,2.74));
#12266=CARTESIAN_POINT('',(2.1045838387683,0.952196475863457,2.705));
#12267=CARTESIAN_POINT('',(2.1045838387683,0.952196475863457,2.74));
#12268=CARTESIAN_POINT('Ctrl Pts',(2.1045838387683,0.952196475863457,2.705));
#12269=CARTESIAN_POINT('Ctrl Pts',(2.12002728302032,0.969004091620445,2.705));
#12270=CARTESIAN_POINT('Ctrl Pts',(2.12002728302032,0.999890860915184,2.705));
#12271=CARTESIAN_POINT('Ctrl Pts',(2.06523869354278,0.935388830304146,2.74));
#12272=CARTESIAN_POINT('Ctrl Pts',(2.06523869354278,0.935388830304146,2.705));
#12273=CARTESIAN_POINT('Ctrl Pts',(2.08914039451629,0.935388830304146,2.74));
#12274=CARTESIAN_POINT('Ctrl Pts',(2.08914039451629,0.935388830304146,2.705));
#12275=CARTESIAN_POINT('Ctrl Pts',(2.1045838387683,0.952196475863457,2.74));
#12276=CARTESIAN_POINT('Ctrl Pts',(2.1045838387683,0.952196475863457,2.705));
#12277=CARTESIAN_POINT('',(2.06523869354278,0.935388830304146,2.74));
#12278=CARTESIAN_POINT('Ctrl Pts',(2.06523869354278,0.935388830304146,2.74));
#12279=CARTESIAN_POINT('Ctrl Pts',(2.08914039451629,0.935388830304146,2.74));
#12280=CARTESIAN_POINT('Ctrl Pts',(2.1045838387683,0.952196475863457,2.74));
#12281=CARTESIAN_POINT('',(2.06523869354278,0.935388830304146,2.705));
#12282=CARTESIAN_POINT('',(2.06523869354278,0.935388830304146,2.74));
#12283=CARTESIAN_POINT('Ctrl Pts',(2.06523869354278,0.935388830304146,2.705));
#12284=CARTESIAN_POINT('Ctrl Pts',(2.08914039451629,0.935388830304146,2.705));
#12285=CARTESIAN_POINT('Ctrl Pts',(2.1045838387683,0.952196475863457,2.705));
#12286=CARTESIAN_POINT('Ctrl Pts',(2.02622089702636,0.952032741904259,2.74));
#12287=CARTESIAN_POINT('Ctrl Pts',(2.02622089702636,0.952032741904259,2.705));
#12288=CARTESIAN_POINT('Ctrl Pts',(2.04177341777831,0.935388830304146,2.74));
#12289=CARTESIAN_POINT('Ctrl Pts',(2.04177341777831,0.935388830304146,2.705));
#12290=CARTESIAN_POINT('Ctrl Pts',(2.06523869354278,0.935388830304146,2.74));
#12291=CARTESIAN_POINT('Ctrl Pts',(2.06523869354278,0.935388830304146,2.705));
#12292=CARTESIAN_POINT('',(2.02622089702636,0.952032741904259,2.74));
#12293=CARTESIAN_POINT('Ctrl Pts',(2.02622089702636,0.952032741904259,2.74));
#12294=CARTESIAN_POINT('Ctrl Pts',(2.04177341777831,0.935388830304146,2.74));
#12295=CARTESIAN_POINT('Ctrl Pts',(2.06523869354278,0.935388830304146,2.74));
#12296=CARTESIAN_POINT('',(2.02622089702636,0.952032741904259,2.705));
#12297=CARTESIAN_POINT('',(2.02622089702636,0.952032741904259,2.74));
#12298=CARTESIAN_POINT('Ctrl Pts',(2.02622089702636,0.952032741904259,2.705));
#12299=CARTESIAN_POINT('Ctrl Pts',(2.04177341777831,0.935388830304146,2.705));
#12300=CARTESIAN_POINT('Ctrl Pts',(2.06523869354278,0.935388830304146,2.705));
#12301=CARTESIAN_POINT('Ctrl Pts',(2.01066837627441,0.997598913311958,2.74));
#12302=CARTESIAN_POINT('Ctrl Pts',(2.01066837627441,0.997598913311958,2.705));
#12303=CARTESIAN_POINT('Ctrl Pts',(2.01066837627441,0.968676683306694,2.74));
#12304=CARTESIAN_POINT('Ctrl Pts',(2.01066837627441,0.968676683306694,2.705));
#12305=CARTESIAN_POINT('Ctrl Pts',(2.02622089702636,0.952032741904259,2.74));
#12306=CARTESIAN_POINT('Ctrl Pts',(2.02622089702636,0.952032741904259,2.705));
#12307=CARTESIAN_POINT('',(2.01066837627441,0.997598913311958,2.74));
#12308=CARTESIAN_POINT('Ctrl Pts',(2.01066837627441,0.997598913311958,2.74));
#12309=CARTESIAN_POINT('Ctrl Pts',(2.01066837627441,0.968676683306694,2.74));
#12310=CARTESIAN_POINT('Ctrl Pts',(2.02622089702636,0.952032741904259,2.74));
#12311=CARTESIAN_POINT('',(2.01066837627441,0.997598913311958,2.705));
#12312=CARTESIAN_POINT('',(2.01066837627441,0.997598913311958,2.74));
#12313=CARTESIAN_POINT('Ctrl Pts',(2.01066837627441,0.997598913311958,2.705));
#12314=CARTESIAN_POINT('Ctrl Pts',(2.01066837627441,0.968676683306694,2.705));
#12315=CARTESIAN_POINT('Ctrl Pts',(2.02622089702636,0.952032741904259,2.705));
#12316=CARTESIAN_POINT('Ctrl Pts',(2.02687583286315,1.0491678237915,2.74));
#12317=CARTESIAN_POINT('Ctrl Pts',(2.02687583286315,1.0491678237915,2.705));
#12318=CARTESIAN_POINT('Ctrl Pts',(2.01066837627441,1.03372442424297,2.74));
#12319=CARTESIAN_POINT('Ctrl Pts',(2.01066837627441,1.03372442424297,2.705));
#12320=CARTESIAN_POINT('Ctrl Pts',(2.01066837627441,0.997598913311958,2.74));
#12321=CARTESIAN_POINT('Ctrl Pts',(2.01066837627441,0.997598913311958,2.705));
#12322=CARTESIAN_POINT('Ctrl Pts',(2.02687583286315,1.0491678237915,2.74));
#12323=CARTESIAN_POINT('Ctrl Pts',(2.01066837627441,1.03372442424297,2.74));
#12324=CARTESIAN_POINT('Ctrl Pts',(2.01066837627441,0.997598913311958,2.74));
#12325=CARTESIAN_POINT('Ctrl Pts',(2.02687583286315,1.0491678237915,2.705));
#12326=CARTESIAN_POINT('Ctrl Pts',(2.01066837627441,1.03372442424297,2.705));
#12327=CARTESIAN_POINT('Ctrl Pts',(2.01066837627441,0.997598913311958,2.705));
#12328=CARTESIAN_POINT('Ctrl Pts',(2.02496586162597,0.928185549378395,2.74));
#12329=CARTESIAN_POINT('Ctrl Pts',(2.02496586162597,0.928185549378395,2.705));
#12330=CARTESIAN_POINT('Ctrl Pts',(2.00717590171844,0.939099606871605,2.74));
#12331=CARTESIAN_POINT('Ctrl Pts',(2.00717590171844,0.939099606871605,2.705));
#12332=CARTESIAN_POINT('Ctrl Pts',(1.99800811130553,0.957980898022652,2.74));
#12333=CARTESIAN_POINT('Ctrl Pts',(1.99800811130553,0.957980898022652,2.705));
#12334=CARTESIAN_POINT('',(2.02496586162597,0.928185549378395,2.74));
#12335=CARTESIAN_POINT('',(1.99800811130553,0.957980898022652,2.74));
#12336=CARTESIAN_POINT('Ctrl Pts',(2.02496586162597,0.928185549378395,2.74));
#12337=CARTESIAN_POINT('Ctrl Pts',(2.00717590171844,0.939099606871605,2.74));
#12338=CARTESIAN_POINT('Ctrl Pts',(1.99800811130553,0.957980898022652,2.74));
#12339=CARTESIAN_POINT('',(2.02496586162597,0.928185549378395,2.705));
#12340=CARTESIAN_POINT('',(2.02496586162597,0.928185549378395,2.74));
#12341=CARTESIAN_POINT('',(1.99800811130553,0.957980898022652,2.705));
#12342=CARTESIAN_POINT('Ctrl Pts',(2.02496586162597,0.928185549378395,2.705));
#12343=CARTESIAN_POINT('Ctrl Pts',(2.00717590171844,0.939099606871605,2.705));
#12344=CARTESIAN_POINT('Ctrl Pts',(1.99800811130553,0.957980898022652,2.705));
#12345=CARTESIAN_POINT('',(1.99800811130553,0.957980898022652,2.74));
#12346=CARTESIAN_POINT('Ctrl Pts',(2.06534777004272,0.917271491885185,2.74));
#12347=CARTESIAN_POINT('Ctrl Pts',(2.06534777004272,0.917271491885185,2.705));
#12348=CARTESIAN_POINT('Ctrl Pts',(2.04275570232421,0.917271491885185,2.74));
#12349=CARTESIAN_POINT('Ctrl Pts',(2.04275570232421,0.917271491885185,2.705));
#12350=CARTESIAN_POINT('Ctrl Pts',(2.02496586162597,0.928185549378395,2.74));
#12351=CARTESIAN_POINT('Ctrl Pts',(2.02496586162597,0.928185549378395,2.705));
#12352=CARTESIAN_POINT('',(2.06534777004272,0.917271491885185,2.74));
#12353=CARTESIAN_POINT('Ctrl Pts',(2.06534777004272,0.917271491885185,2.74));
#12354=CARTESIAN_POINT('Ctrl Pts',(2.04275570232421,0.917271491885185,2.74));
#12355=CARTESIAN_POINT('Ctrl Pts',(2.02496586162597,0.928185549378395,2.74));
#12356=CARTESIAN_POINT('',(2.06534777004272,0.917271491885185,2.705));
#12357=CARTESIAN_POINT('',(2.06534777004272,0.917271491885185,2.74));
#12358=CARTESIAN_POINT('Ctrl Pts',(2.06534777004272,0.917271491885185,2.705));
#12359=CARTESIAN_POINT('Ctrl Pts',(2.04275570232421,0.917271491885185,2.705));
#12360=CARTESIAN_POINT('Ctrl Pts',(2.02496586162597,0.928185549378395,2.705));
#12361=CARTESIAN_POINT('Ctrl Pts',(2.10420189220458,0.927148726582527,2.74));
#12362=CARTESIAN_POINT('Ctrl Pts',(2.10420189220458,0.927148726582527,2.705));
#12363=CARTESIAN_POINT('Ctrl Pts',(2.08619366008788,0.917271491885185,2.74));
#12364=CARTESIAN_POINT('Ctrl Pts',(2.08619366008788,0.917271491885185,2.705));
#12365=CARTESIAN_POINT('Ctrl Pts',(2.06534777004272,0.917271491885185,2.74));
#12366=CARTESIAN_POINT('Ctrl Pts',(2.06534777004272,0.917271491885185,2.705));
#12367=CARTESIAN_POINT('',(2.10420189220458,0.927148726582527,2.74));
#12368=CARTESIAN_POINT('Ctrl Pts',(2.10420189220458,0.927148726582527,2.74));
#12369=CARTESIAN_POINT('Ctrl Pts',(2.08619366008788,0.917271491885185,2.74));
#12370=CARTESIAN_POINT('Ctrl Pts',(2.06534777004272,0.917271491885185,2.74));
#12371=CARTESIAN_POINT('',(2.10420189220458,0.927148726582527,2.705));
#12372=CARTESIAN_POINT('',(2.10420189220458,0.927148726582527,2.74));
#12373=CARTESIAN_POINT('Ctrl Pts',(2.10420189220458,0.927148726582527,2.705));
#12374=CARTESIAN_POINT('Ctrl Pts',(2.08619366008788,0.917271491885185,2.705));
#12375=CARTESIAN_POINT('Ctrl Pts',(2.06534777004272,0.917271491885185,2.705));
#12376=CARTESIAN_POINT('Ctrl Pts',(2.1320326121524,0.956234660744667,2.74));
#12377=CARTESIAN_POINT('Ctrl Pts',(2.1320326121524,0.956234660744667,2.705));
#12378=CARTESIAN_POINT('Ctrl Pts',(2.12221000511199,0.937025931477547,2.74));
#12379=CARTESIAN_POINT('Ctrl Pts',(2.12221000511199,0.937025931477547,2.705));
#12380=CARTESIAN_POINT('Ctrl Pts',(2.10420189220458,0.927148726582527,2.74));
#12381=CARTESIAN_POINT('Ctrl Pts',(2.10420189220458,0.927148726582527,2.705));
#12382=CARTESIAN_POINT('',(2.1320326121524,0.956234660744667,2.74));
#12383=CARTESIAN_POINT('Ctrl Pts',(2.1320326121524,0.956234660744667,2.74));
#12384=CARTESIAN_POINT('Ctrl Pts',(2.12221000511199,0.937025931477547,2.74));
#12385=CARTESIAN_POINT('Ctrl Pts',(2.10420189220458,0.927148726582527,2.74));
#12386=CARTESIAN_POINT('',(2.1320326121524,0.956234660744667,2.705));
#12387=CARTESIAN_POINT('',(2.1320326121524,0.956234660744667,2.74));
#12388=CARTESIAN_POINT('Ctrl Pts',(2.1320326121524,0.956234660744667,2.705));
#12389=CARTESIAN_POINT('Ctrl Pts',(2.12221000511199,0.937025931477547,2.705));
#12390=CARTESIAN_POINT('Ctrl Pts',(2.10420189220458,0.927148726582527,2.705));
#12391=CARTESIAN_POINT('Ctrl Pts',(2.14185533840209,0.9997817248106,2.74));
#12392=CARTESIAN_POINT('Ctrl Pts',(2.14185533840209,0.9997817248106,2.705));
#12393=CARTESIAN_POINT('Ctrl Pts',(2.14185533840209,0.975443390011787,2.74));
#12394=CARTESIAN_POINT('Ctrl Pts',(2.14185533840209,0.975443390011787,2.705));
#12395=CARTESIAN_POINT('Ctrl Pts',(2.1320326121524,0.956234660744667,2.74));
#12396=CARTESIAN_POINT('Ctrl Pts',(2.1320326121524,0.956234660744667,2.705));
#12397=CARTESIAN_POINT('',(2.14185533840209,0.9997817248106,2.74));
#12398=CARTESIAN_POINT('Ctrl Pts',(2.14185533840209,0.9997817248106,2.74));
#12399=CARTESIAN_POINT('Ctrl Pts',(2.14185533840209,0.975443390011787,2.74));
#12400=CARTESIAN_POINT('Ctrl Pts',(2.1320326121524,0.956234660744667,2.74));
#12401=CARTESIAN_POINT('',(2.14185533840209,0.9997817248106,2.705));
#12402=CARTESIAN_POINT('',(2.14185533840209,0.9997817248106,2.74));
#12403=CARTESIAN_POINT('Ctrl Pts',(2.14185533840209,0.9997817248106,2.705));
#12404=CARTESIAN_POINT('Ctrl Pts',(2.14185533840209,0.975443390011787,2.705));
#12405=CARTESIAN_POINT('Ctrl Pts',(2.1320326121524,0.956234660744667,2.705));
#12406=CARTESIAN_POINT('Ctrl Pts',(2.13252375442535,1.042728510499,2.74));
#12407=CARTESIAN_POINT('Ctrl Pts',(2.13252375442535,1.042728510499,2.705));
#12408=CARTESIAN_POINT('Ctrl Pts',(2.14185533840209,1.02379265129566,2.74));
#12409=CARTESIAN_POINT('Ctrl Pts',(2.14185533840209,1.02379265129566,2.705));
#12410=CARTESIAN_POINT('Ctrl Pts',(2.14185533840209,0.9997817248106,2.74));
#12411=CARTESIAN_POINT('Ctrl Pts',(2.14185533840209,0.9997817248106,2.705));
#12412=CARTESIAN_POINT('',(2.13252375442535,1.042728510499,2.74));
#12413=CARTESIAN_POINT('Ctrl Pts',(2.13252375442535,1.042728510499,2.74));
#12414=CARTESIAN_POINT('Ctrl Pts',(2.14185533840209,1.02379265129566,2.74));
#12415=CARTESIAN_POINT('Ctrl Pts',(2.14185533840209,0.9997817248106,2.74));
#12416=CARTESIAN_POINT('',(2.13252375442535,1.042728510499,2.705));
#12417=CARTESIAN_POINT('',(2.13252375442535,1.042728510499,2.74));
#12418=CARTESIAN_POINT('Ctrl Pts',(2.13252375442535,1.042728510499,2.705));
#12419=CARTESIAN_POINT('Ctrl Pts',(2.14185533840209,1.02379265129566,2.705));
#12420=CARTESIAN_POINT('Ctrl Pts',(2.14185533840209,0.9997817248106,2.705));
#12421=CARTESIAN_POINT('Ctrl Pts',(2.10540244895965,1.07225103378296,2.74));
#12422=CARTESIAN_POINT('Ctrl Pts',(2.10540244895965,1.07225103378296,2.705));
#12423=CARTESIAN_POINT('Ctrl Pts',(2.12319228965789,1.06166439950466,2.74));
#12424=CARTESIAN_POINT('Ctrl Pts',(2.12319228965789,1.06166439950466,2.705));
#12425=CARTESIAN_POINT('Ctrl Pts',(2.13252375442535,1.042728510499,2.74));
#12426=CARTESIAN_POINT('Ctrl Pts',(2.13252375442535,1.042728510499,2.705));
#12427=CARTESIAN_POINT('',(2.10540244895965,1.07225103378296,2.74));
#12428=CARTESIAN_POINT('Ctrl Pts',(2.10540244895965,1.07225103378296,2.74));
#12429=CARTESIAN_POINT('Ctrl Pts',(2.12319228965789,1.06166439950466,2.74));
#12430=CARTESIAN_POINT('Ctrl Pts',(2.13252375442535,1.042728510499,2.74));
#12431=CARTESIAN_POINT('',(2.10540244895965,1.07225103378296,2.705));
#12432=CARTESIAN_POINT('',(2.10540244895965,1.07225103378296,2.74));
#12433=CARTESIAN_POINT('Ctrl Pts',(2.10540244895965,1.07225103378296,2.705));
#12434=CARTESIAN_POINT('Ctrl Pts',(2.12319228965789,1.06166439950466,2.705));
#12435=CARTESIAN_POINT('Ctrl Pts',(2.13252375442535,1.042728510499,2.705));
#12436=CARTESIAN_POINT('Ctrl Pts',(2.06545696575195,1.08283766806126,2.74));
#12437=CARTESIAN_POINT('Ctrl Pts',(2.06545696575195,1.08283766806126,2.705));
#12438=CARTESIAN_POINT('Ctrl Pts',(2.08761248905212,1.08283766806126,2.74));
#12439=CARTESIAN_POINT('Ctrl Pts',(2.08761248905212,1.08283766806126,2.705));
#12440=CARTESIAN_POINT('Ctrl Pts',(2.10540244895965,1.07225103378296,2.74));
#12441=CARTESIAN_POINT('Ctrl Pts',(2.10540244895965,1.07225103378296,2.705));
#12442=CARTESIAN_POINT('',(2.06545696575195,1.08283766806126,2.74));
#12443=CARTESIAN_POINT('Ctrl Pts',(2.06545696575195,1.08283766806126,2.74));
#12444=CARTESIAN_POINT('Ctrl Pts',(2.08761248905212,1.08283766806126,2.74));
#12445=CARTESIAN_POINT('Ctrl Pts',(2.10540244895965,1.07225103378296,2.74));
#12446=CARTESIAN_POINT('',(2.06545696575195,1.08283766806126,2.705));
#12447=CARTESIAN_POINT('',(2.06545696575195,1.08283766806126,2.74));
#12448=CARTESIAN_POINT('Ctrl Pts',(2.06545696575195,1.08283766806126,2.705));
#12449=CARTESIAN_POINT('Ctrl Pts',(2.08761248905212,1.08283766806126,2.705));
#12450=CARTESIAN_POINT('Ctrl Pts',(2.10540244895965,1.07225103378296,2.705));
#12451=CARTESIAN_POINT('Ctrl Pts',(2.01023183185607,1.06030015349388,2.74));
#12452=CARTESIAN_POINT('Ctrl Pts',(2.01023183185607,1.06030015349388,2.705));
#12453=CARTESIAN_POINT('Ctrl Pts',(2.03162334281951,1.08283766806126,2.74));
#12454=CARTESIAN_POINT('Ctrl Pts',(2.03162334281951,1.08283766806126,2.705));
#12455=CARTESIAN_POINT('Ctrl Pts',(2.06545696575195,1.08283766806126,2.74));
#12456=CARTESIAN_POINT('Ctrl Pts',(2.06545696575195,1.08283766806126,2.705));
#12457=CARTESIAN_POINT('',(2.01023183185607,1.06030015349388,2.74));
#12458=CARTESIAN_POINT('Ctrl Pts',(2.01023183185607,1.06030015349388,2.74));
#12459=CARTESIAN_POINT('Ctrl Pts',(2.03162334281951,1.08283766806126,2.74));
#12460=CARTESIAN_POINT('Ctrl Pts',(2.06545696575195,1.08283766806126,2.74));
#12461=CARTESIAN_POINT('',(2.01023183185607,1.06030015349388,2.705));
#12462=CARTESIAN_POINT('',(2.01023183185607,1.06030015349388,2.74));
#12463=CARTESIAN_POINT('Ctrl Pts',(2.01023183185607,1.06030015349388,2.705));
#12464=CARTESIAN_POINT('Ctrl Pts',(2.03162334281951,1.08283766806126,2.705));
#12465=CARTESIAN_POINT('Ctrl Pts',(2.06545696575195,1.08283766806126,2.705));
#12466=CARTESIAN_POINT('Ctrl Pts',(1.98884032089263,0.997926336526871,2.74));
#12467=CARTESIAN_POINT('Ctrl Pts',(1.98884032089263,0.997926336526871,2.705));
#12468=CARTESIAN_POINT('Ctrl Pts',(1.98884032089263,1.03776262402534,2.74));
#12469=CARTESIAN_POINT('Ctrl Pts',(1.98884032089263,1.03776262402534,2.705));
#12470=CARTESIAN_POINT('Ctrl Pts',(2.01023183185607,1.06030015349388,2.74));
#12471=CARTESIAN_POINT('Ctrl Pts',(2.01023183185607,1.06030015349388,2.705));
#12472=CARTESIAN_POINT('',(1.98884032089263,0.997926336526871,2.74));
#12473=CARTESIAN_POINT('Ctrl Pts',(1.98884032089263,0.997926336526871,2.74));
#12474=CARTESIAN_POINT('Ctrl Pts',(1.98884032089263,1.03776262402534,2.74));
#12475=CARTESIAN_POINT('Ctrl Pts',(2.01023183185607,1.06030015349388,2.74));
#12476=CARTESIAN_POINT('',(1.98884032089263,0.997926336526871,2.705));
#12477=CARTESIAN_POINT('',(1.98884032089263,0.997926336526871,2.74));
#12478=CARTESIAN_POINT('Ctrl Pts',(1.98884032089263,0.997926336526871,2.705));
#12479=CARTESIAN_POINT('Ctrl Pts',(1.98884032089263,1.03776262402534,2.705));
#12480=CARTESIAN_POINT('Ctrl Pts',(2.01023183185607,1.06030015349388,2.705));
#12481=CARTESIAN_POINT('Ctrl Pts',(1.99800811130553,0.957980898022652,2.74));
#12482=CARTESIAN_POINT('Ctrl Pts',(1.99800811130553,0.957980898022652,2.705));
#12483=CARTESIAN_POINT('Ctrl Pts',(1.98884032089263,0.976862218976021,2.74));
#12484=CARTESIAN_POINT('Ctrl Pts',(1.98884032089263,0.976862218976021,2.705));
#12485=CARTESIAN_POINT('Ctrl Pts',(1.98884032089263,0.997926336526871,2.74));
#12486=CARTESIAN_POINT('Ctrl Pts',(1.98884032089263,0.997926336526871,2.705));
#12487=CARTESIAN_POINT('Ctrl Pts',(1.99800811130553,0.957980898022652,2.74));
#12488=CARTESIAN_POINT('Ctrl Pts',(1.98884032089263,0.976862218976021,2.74));
#12489=CARTESIAN_POINT('Ctrl Pts',(1.98884032089263,0.997926336526871,2.74));
#12490=CARTESIAN_POINT('Ctrl Pts',(1.99800811130553,0.957980898022652,2.705));
#12491=CARTESIAN_POINT('Ctrl Pts',(1.98884032089263,0.976862218976021,2.705));
#12492=CARTESIAN_POINT('Ctrl Pts',(1.98884032089263,0.997926336526871,2.705));
#12493=CARTESIAN_POINT('Origin',(1.57519778171554,1.00005457997322,2.705));
#12494=CARTESIAN_POINT('Origin',(2.22392902690917,1.06111870408058,2.74));
#12495=CARTESIAN_POINT('',(2.22392902690917,1.06111870408058,2.74));
#12496=CARTESIAN_POINT('',(2.19031367618591,1.06111870408058,2.74));
#12497=CARTESIAN_POINT('',(3.11196451345459,1.06111870408058,2.74));
#12498=CARTESIAN_POINT('',(2.22392902690917,1.06111870408058,2.705));
#12499=CARTESIAN_POINT('',(2.22392902690917,1.06111870408058,2.74));
#12500=CARTESIAN_POINT('',(2.19031367618591,1.06111870408058,2.705));
#12501=CARTESIAN_POINT('',(2.22392902690917,1.06111870408058,2.705));
#12502=CARTESIAN_POINT('',(2.19031367618591,1.06111870408058,2.74));
#12503=CARTESIAN_POINT('Ctrl Pts',(2.25132320243865,1.05784448683262,2.74));
#12504=CARTESIAN_POINT('Ctrl Pts',(2.25132320243865,1.05784448683262,2.705));
#12505=CARTESIAN_POINT('Ctrl Pts',(2.24281022865325,1.06111870408058,2.74));
#12506=CARTESIAN_POINT('Ctrl Pts',(2.24281022865325,1.06111870408058,2.705));
#12507=CARTESIAN_POINT('Ctrl Pts',(2.22392902690917,1.06111870408058,2.74));
#12508=CARTESIAN_POINT('Ctrl Pts',(2.22392902690917,1.06111870408058,2.705));
#12509=CARTESIAN_POINT('',(2.25132320243865,1.05784448683262,2.74));
#12510=CARTESIAN_POINT('Ctrl Pts',(2.25132320243865,1.05784448683262,2.74));
#12511=CARTESIAN_POINT('Ctrl Pts',(2.24281022865325,1.06111870408058,2.74));
#12512=CARTESIAN_POINT('Ctrl Pts',(2.22392902690917,1.06111870408058,2.74));
#12513=CARTESIAN_POINT('',(2.25132320243865,1.05784448683262,2.705));
#12514=CARTESIAN_POINT('',(2.25132320243865,1.05784448683262,2.74));
#12515=CARTESIAN_POINT('Ctrl Pts',(2.25132320243865,1.05784448683262,2.705));
#12516=CARTESIAN_POINT('Ctrl Pts',(2.24281022865325,1.06111870408058,2.705));
#12517=CARTESIAN_POINT('Ctrl Pts',(2.22392902690917,1.06111870408058,2.705));
#12518=CARTESIAN_POINT('Ctrl Pts',(2.27135048229247,1.03978171646595,2.74));
#12519=CARTESIAN_POINT('Ctrl Pts',(2.27135048229247,1.03978171646595,2.705));
#12520=CARTESIAN_POINT('Ctrl Pts',(2.26311037857085,1.05326057672501,2.74));
#12521=CARTESIAN_POINT('Ctrl Pts',(2.26311037857085,1.05326057672501,2.705));
#12522=CARTESIAN_POINT('Ctrl Pts',(2.25132320243865,1.05784448683262,2.74));
#12523=CARTESIAN_POINT('Ctrl Pts',(2.25132320243865,1.05784448683262,2.705));
#12524=CARTESIAN_POINT('',(2.27135048229247,1.03978171646595,2.74));
#12525=CARTESIAN_POINT('Ctrl Pts',(2.27135048229247,1.03978171646595,2.74));
#12526=CARTESIAN_POINT('Ctrl Pts',(2.26311037857085,1.05326057672501,2.74));
#12527=CARTESIAN_POINT('Ctrl Pts',(2.25132320243865,1.05784448683262,2.74));
#12528=CARTESIAN_POINT('',(2.27135048229247,1.03978171646595,2.705));
#12529=CARTESIAN_POINT('',(2.27135048229247,1.03978171646595,2.74));
#12530=CARTESIAN_POINT('Ctrl Pts',(2.27135048229247,1.03978171646595,2.705));
#12531=CARTESIAN_POINT('Ctrl Pts',(2.26311037857085,1.05326057672501,2.705));
#12532=CARTESIAN_POINT('Ctrl Pts',(2.25132320243865,1.05784448683262,2.705));
#12533=CARTESIAN_POINT('Ctrl Pts',(2.27959058601409,1.00120055377483,2.74));
#12534=CARTESIAN_POINT('Ctrl Pts',(2.27959058601409,1.00120055377483,2.705));
#12535=CARTESIAN_POINT('Ctrl Pts',(2.27959058601409,1.02630287110806,2.74));
#12536=CARTESIAN_POINT('Ctrl Pts',(2.27959058601409,1.02630287110806,2.705));
#12537=CARTESIAN_POINT('Ctrl Pts',(2.27135048229247,1.03978171646595,2.74));
#12538=CARTESIAN_POINT('Ctrl Pts',(2.27135048229247,1.03978171646595,2.705));
#12539=CARTESIAN_POINT('',(2.27959058601409,1.00120055377483,2.74));
#12540=CARTESIAN_POINT('Ctrl Pts',(2.27959058601409,1.00120055377483,2.74));
#12541=CARTESIAN_POINT('Ctrl Pts',(2.27959058601409,1.02630287110806,2.74));
#12542=CARTESIAN_POINT('Ctrl Pts',(2.27135048229247,1.03978171646595,2.74));
#12543=CARTESIAN_POINT('',(2.27959058601409,1.00120055377483,2.705));
#12544=CARTESIAN_POINT('',(2.27959058601409,1.00120055377483,2.74));
#12545=CARTESIAN_POINT('Ctrl Pts',(2.27959058601409,1.00120055377483,2.705));
#12546=CARTESIAN_POINT('Ctrl Pts',(2.27959058601409,1.02630287110806,2.705));
#12547=CARTESIAN_POINT('Ctrl Pts',(2.27135048229247,1.03978171646595,2.705));
#12548=CARTESIAN_POINT('Ctrl Pts',(2.27538869697601,0.970368352532387,2.74));
#12549=CARTESIAN_POINT('Ctrl Pts',(2.27538869697601,0.970368352532387,2.705));
#12550=CARTESIAN_POINT('Ctrl Pts',(2.27959058601409,0.983083245158195,2.74));
#12551=CARTESIAN_POINT('Ctrl Pts',(2.27959058601409,0.983083245158195,2.705));
#12552=CARTESIAN_POINT('Ctrl Pts',(2.27959058601409,1.00120055377483,2.74));
#12553=CARTESIAN_POINT('Ctrl Pts',(2.27959058601409,1.00120055377483,2.705));
#12554=CARTESIAN_POINT('',(2.27538869697601,0.970368352532387,2.74));
#12555=CARTESIAN_POINT('Ctrl Pts',(2.27538869697601,0.970368352532387,2.74));
#12556=CARTESIAN_POINT('Ctrl Pts',(2.27959058601409,0.983083245158195,2.74));
#12557=CARTESIAN_POINT('Ctrl Pts',(2.27959058601409,1.00120055377483,2.74));
#12558=CARTESIAN_POINT('',(2.27538869697601,0.970368352532387,2.705));
#12559=CARTESIAN_POINT('',(2.27538869697601,0.970368352532387,2.74));
#12560=CARTESIAN_POINT('Ctrl Pts',(2.27538869697601,0.970368352532387,2.705));
#12561=CARTESIAN_POINT('Ctrl Pts',(2.27959058601409,0.983083245158195,2.705));
#12562=CARTESIAN_POINT('Ctrl Pts',(2.27959058601409,1.00120055377483,2.705));
#12563=CARTESIAN_POINT('Ctrl Pts',(2.26365611869842,0.950122800469398,2.74));
#12564=CARTESIAN_POINT('Ctrl Pts',(2.26365611869842,0.950122800469398,2.705));
#12565=CARTESIAN_POINT('Ctrl Pts',(2.27118680793792,0.9576534897089,2.74));
#12566=CARTESIAN_POINT('Ctrl Pts',(2.27118680793792,0.9576534897089,2.705));
#12567=CARTESIAN_POINT('Ctrl Pts',(2.27538869697601,0.970368352532387,2.74));
#12568=CARTESIAN_POINT('Ctrl Pts',(2.27538869697601,0.970368352532387,2.705));
#12569=CARTESIAN_POINT('',(2.26365611869842,0.950122800469398,2.74));
#12570=CARTESIAN_POINT('Ctrl Pts',(2.26365611869842,0.950122800469398,2.74));
#12571=CARTESIAN_POINT('Ctrl Pts',(2.27118680793792,0.9576534897089,2.74));
#12572=CARTESIAN_POINT('Ctrl Pts',(2.27538869697601,0.970368352532387,2.74));
#12573=CARTESIAN_POINT('',(2.26365611869842,0.950122800469398,2.705));
#12574=CARTESIAN_POINT('',(2.26365611869842,0.950122800469398,2.74));
#12575=CARTESIAN_POINT('Ctrl Pts',(2.26365611869842,0.950122800469398,2.705));
#12576=CARTESIAN_POINT('Ctrl Pts',(2.27118680793792,0.9576534897089,2.705));
#12577=CARTESIAN_POINT('Ctrl Pts',(2.27538869697601,0.970368352532387,2.705));
#12578=CARTESIAN_POINT('Ctrl Pts',(2.24930415470153,0.941828128695488,2.74));
#12579=CARTESIAN_POINT('Ctrl Pts',(2.24930415470153,0.941828128695488,2.705));
#12580=CARTESIAN_POINT('Ctrl Pts',(2.25830827075988,0.944774922728538,2.74));
#12581=CARTESIAN_POINT('Ctrl Pts',(2.25830827075988,0.944774922728538,2.705));
#12582=CARTESIAN_POINT('Ctrl Pts',(2.26365611869842,0.950122800469398,2.74));
#12583=CARTESIAN_POINT('Ctrl Pts',(2.26365611869842,0.950122800469398,2.705));
#12584=CARTESIAN_POINT('',(2.24930415470153,0.941828128695488,2.74));
#12585=CARTESIAN_POINT('Ctrl Pts',(2.24930415470153,0.941828128695488,2.74));
#12586=CARTESIAN_POINT('Ctrl Pts',(2.25830827075988,0.944774922728538,2.74));
#12587=CARTESIAN_POINT('Ctrl Pts',(2.26365611869842,0.950122800469398,2.74));
#12588=CARTESIAN_POINT('',(2.24930415470153,0.941828128695488,2.705));
#12589=CARTESIAN_POINT('',(2.24930415470153,0.941828128695488,2.74));
#12590=CARTESIAN_POINT('Ctrl Pts',(2.24930415470153,0.941828128695488,2.705));
#12591=CARTESIAN_POINT('Ctrl Pts',(2.25830827075988,0.944774922728538,2.705));
#12592=CARTESIAN_POINT('Ctrl Pts',(2.26365611869842,0.950122800469398,2.705));
#12593=CARTESIAN_POINT('Ctrl Pts',(2.22447464782745,0.938881334662437,2.74));
#12594=CARTESIAN_POINT('Ctrl Pts',(2.22447464782745,0.938881334662437,2.705));
#12595=CARTESIAN_POINT('Ctrl Pts',(2.24030003864318,0.938881334662437,2.74));
#12596=CARTESIAN_POINT('Ctrl Pts',(2.24030003864318,0.938881334662437,2.705));
#12597=CARTESIAN_POINT('Ctrl Pts',(2.24930415470153,0.941828128695488,2.74));
#12598=CARTESIAN_POINT('Ctrl Pts',(2.24930415470153,0.941828128695488,2.705));
#12599=CARTESIAN_POINT('',(2.22447464782745,0.938881334662437,2.74));
#12600=CARTESIAN_POINT('Ctrl Pts',(2.22447464782745,0.938881334662437,2.74));
#12601=CARTESIAN_POINT('Ctrl Pts',(2.24030003864318,0.938881334662437,2.74));
#12602=CARTESIAN_POINT('Ctrl Pts',(2.24930415470153,0.941828128695488,2.74));
#12603=CARTESIAN_POINT('',(2.22447464782745,0.938881334662437,2.705));
#12604=CARTESIAN_POINT('',(2.22447464782745,0.938881334662437,2.74));
#12605=CARTESIAN_POINT('Ctrl Pts',(2.22447464782745,0.938881334662437,2.705));
#12606=CARTESIAN_POINT('Ctrl Pts',(2.24030003864318,0.938881334662437,2.705));
#12607=CARTESIAN_POINT('Ctrl Pts',(2.24930415470153,0.941828128695488,2.705));
#12608=CARTESIAN_POINT('Origin',(2.19031367618591,0.938881334662437,2.74));
#12609=CARTESIAN_POINT('',(2.19031367618591,0.938881334662437,2.74));
#12610=CARTESIAN_POINT('',(3.09515683809295,0.938881334662438,2.74));
#12611=CARTESIAN_POINT('',(2.19031367618591,0.938881334662437,2.705));
#12612=CARTESIAN_POINT('',(2.19031367618591,0.938881334662437,2.74));
#12613=CARTESIAN_POINT('',(2.19031367618591,0.938881334662437,2.705));
#12614=CARTESIAN_POINT('Origin',(2.19031367618591,1.06111870408058,2.74));
#12615=CARTESIAN_POINT('',(2.19031367618591,1.53055935204029,2.74));
#12616=CARTESIAN_POINT('',(2.19031367618591,1.06111870408058,2.705));
#12617=CARTESIAN_POINT('Ctrl Pts',(2.25257835704833,0.922728535532951,2.74));
#12618=CARTESIAN_POINT('Ctrl Pts',(2.25257835704833,0.922728535532951,2.705));
#12619=CARTESIAN_POINT('Ctrl Pts',(2.24139139968902,0.920000013709068,2.74));
#12620=CARTESIAN_POINT('Ctrl Pts',(2.24139139968902,0.920000013709068,2.705));
#12621=CARTESIAN_POINT('Ctrl Pts',(2.22687576133758,0.920000013709068,2.74));
#12622=CARTESIAN_POINT('Ctrl Pts',(2.22687576133758,0.920000013709068,2.705));
#12623=CARTESIAN_POINT('',(2.25257835704833,0.922728535532951,2.74));
#12624=CARTESIAN_POINT('',(2.22687576133758,0.920000013709068,2.74));
#12625=CARTESIAN_POINT('Ctrl Pts',(2.25257835704833,0.922728535532951,2.74));
#12626=CARTESIAN_POINT('Ctrl Pts',(2.24139139968902,0.920000013709068,2.74));
#12627=CARTESIAN_POINT('Ctrl Pts',(2.22687576133758,0.920000013709068,2.74));
#12628=CARTESIAN_POINT('',(2.25257835704833,0.922728535532951,2.705));
#12629=CARTESIAN_POINT('',(2.25257835704833,0.922728535532951,2.74));
#12630=CARTESIAN_POINT('',(2.22687576133758,0.920000013709068,2.705));
#12631=CARTESIAN_POINT('Ctrl Pts',(2.25257835704833,0.922728535532951,2.705));
#12632=CARTESIAN_POINT('Ctrl Pts',(2.24139139968902,0.920000013709068,2.705));
#12633=CARTESIAN_POINT('Ctrl Pts',(2.22687576133758,0.920000013709068,2.705));
#12634=CARTESIAN_POINT('',(2.22687576133758,0.920000013709068,2.74));
#12635=CARTESIAN_POINT('Ctrl Pts',(2.27167795021087,0.930750367045402,2.74));
#12636=CARTESIAN_POINT('Ctrl Pts',(2.27167795021087,0.930750367045402,2.705));
#12637=CARTESIAN_POINT('Ctrl Pts',(2.26376531440765,0.925457027554512,2.74));
#12638=CARTESIAN_POINT('Ctrl Pts',(2.26376531440765,0.925457027554512,2.705));
#12639=CARTESIAN_POINT('Ctrl Pts',(2.25257835704833,0.922728535532951,2.74));
#12640=CARTESIAN_POINT('Ctrl Pts',(2.25257835704833,0.922728535532951,2.705));
#12641=CARTESIAN_POINT('',(2.27167795021087,0.930750367045402,2.74));
#12642=CARTESIAN_POINT('Ctrl Pts',(2.27167795021087,0.930750367045402,2.74));
#12643=CARTESIAN_POINT('Ctrl Pts',(2.26376531440765,0.925457027554512,2.74));
#12644=CARTESIAN_POINT('Ctrl Pts',(2.25257835704833,0.922728535532951,2.74));
#12645=CARTESIAN_POINT('',(2.27167795021087,0.930750367045402,2.705));
#12646=CARTESIAN_POINT('',(2.27167795021087,0.930750367045402,2.74));
#12647=CARTESIAN_POINT('Ctrl Pts',(2.27167795021087,0.930750367045402,2.705));
#12648=CARTESIAN_POINT('Ctrl Pts',(2.26376531440765,0.925457027554512,2.705));
#12649=CARTESIAN_POINT('Ctrl Pts',(2.25257835704833,0.922728535532951,2.705));
#12650=CARTESIAN_POINT('Ctrl Pts',(2.28624818641692,0.945266035199165,2.74));
#12651=CARTESIAN_POINT('Ctrl Pts',(2.28624818641692,0.945266035199165,2.705));
#12652=CARTESIAN_POINT('Ctrl Pts',(2.27959058601409,0.936043676733971,2.74));
#12653=CARTESIAN_POINT('Ctrl Pts',(2.27959058601409,0.936043676733971,2.705));
#12654=CARTESIAN_POINT('Ctrl Pts',(2.27167795021087,0.930750367045402,2.74));
#12655=CARTESIAN_POINT('Ctrl Pts',(2.27167795021087,0.930750367045402,2.705));
#12656=CARTESIAN_POINT('',(2.28624818641692,0.945266035199165,2.74));
#12657=CARTESIAN_POINT('Ctrl Pts',(2.28624818641692,0.945266035199165,2.74));
#12658=CARTESIAN_POINT('Ctrl Pts',(2.27959058601409,0.936043676733971,2.74));
#12659=CARTESIAN_POINT('Ctrl Pts',(2.27167795021087,0.930750367045402,2.74));
#12660=CARTESIAN_POINT('',(2.28624818641692,0.945266035199165,2.705));
#12661=CARTESIAN_POINT('',(2.28624818641692,0.945266035199165,2.74));
#12662=CARTESIAN_POINT('Ctrl Pts',(2.28624818641692,0.945266035199165,2.705));
#12663=CARTESIAN_POINT('Ctrl Pts',(2.27959058601409,0.936043676733971,2.705));
#12664=CARTESIAN_POINT('Ctrl Pts',(2.27167795021087,0.930750367045402,2.705));
#12665=CARTESIAN_POINT('Ctrl Pts',(2.29716227371246,0.96856754720211,2.74));
#12666=CARTESIAN_POINT('Ctrl Pts',(2.29716227371246,0.96856754720211,2.705));
#12667=CARTESIAN_POINT('Ctrl Pts',(2.29290578681976,0.954488423466682,2.74));
#12668=CARTESIAN_POINT('Ctrl Pts',(2.29290578681976,0.954488423466682,2.705));
#12669=CARTESIAN_POINT('Ctrl Pts',(2.28624818641692,0.945266035199165,2.74));
#12670=CARTESIAN_POINT('Ctrl Pts',(2.28624818641692,0.945266035199165,2.705));
#12671=CARTESIAN_POINT('',(2.29716227371246,0.96856754720211,2.74));
#12672=CARTESIAN_POINT('Ctrl Pts',(2.29716227371246,0.96856754720211,2.74));
#12673=CARTESIAN_POINT('Ctrl Pts',(2.29290578681976,0.954488423466682,2.74));
#12674=CARTESIAN_POINT('Ctrl Pts',(2.28624818641692,0.945266035199165,2.74));
#12675=CARTESIAN_POINT('',(2.29716227371246,0.96856754720211,2.705));
#12676=CARTESIAN_POINT('',(2.29716227371246,0.96856754720211,2.74));
#12677=CARTESIAN_POINT('Ctrl Pts',(2.29716227371246,0.96856754720211,2.705));
#12678=CARTESIAN_POINT('Ctrl Pts',(2.29290578681976,0.954488423466682,2.705));
#12679=CARTESIAN_POINT('Ctrl Pts',(2.28624818641692,0.945266035199165,2.705));
#12680=CARTESIAN_POINT('Ctrl Pts',(2.30141876060516,1.00087314546108,2.74));
#12681=CARTESIAN_POINT('Ctrl Pts',(2.30141876060516,1.00087314546108,2.705));
#12682=CARTESIAN_POINT('Ctrl Pts',(2.30141876060516,0.982646670937538,2.74));
#12683=CARTESIAN_POINT('Ctrl Pts',(2.30141876060516,0.982646670937538,2.705));
#12684=CARTESIAN_POINT('Ctrl Pts',(2.29716227371246,0.96856754720211,2.74));
#12685=CARTESIAN_POINT('Ctrl Pts',(2.29716227371246,0.96856754720211,2.705));
#12686=CARTESIAN_POINT('',(2.30141876060516,1.00087314546108,2.74));
#12687=CARTESIAN_POINT('Ctrl Pts',(2.30141876060516,1.00087314546108,2.74));
#12688=CARTESIAN_POINT('Ctrl Pts',(2.30141876060516,0.982646670937538,2.74));
#12689=CARTESIAN_POINT('Ctrl Pts',(2.29716227371246,0.96856754720211,2.74));
#12690=CARTESIAN_POINT('',(2.30141876060516,1.00087314546108,2.705));
#12691=CARTESIAN_POINT('',(2.30141876060516,1.00087314546108,2.74));
#12692=CARTESIAN_POINT('Ctrl Pts',(2.30141876060516,1.00087314546108,2.705));
#12693=CARTESIAN_POINT('Ctrl Pts',(2.30141876060516,0.982646670937538,2.705));
#12694=CARTESIAN_POINT('Ctrl Pts',(2.29716227371246,0.96856754720211,2.705));
#12695=CARTESIAN_POINT('Ctrl Pts',(2.29514310676605,1.03890859782696,2.74));
#12696=CARTESIAN_POINT('Ctrl Pts',(2.29514310676605,1.03890859782696,2.705));
#12697=CARTESIAN_POINT('Ctrl Pts',(2.30141876060516,1.02226468622684,2.74));
#12698=CARTESIAN_POINT('Ctrl Pts',(2.30141876060516,1.02226468622684,2.705));
#12699=CARTESIAN_POINT('Ctrl Pts',(2.30141876060516,1.00087314546108,2.74));
#12700=CARTESIAN_POINT('Ctrl Pts',(2.30141876060516,1.00087314546108,2.705));
#12701=CARTESIAN_POINT('',(2.29514310676605,1.03890859782696,2.74));
#12702=CARTESIAN_POINT('Ctrl Pts',(2.29514310676605,1.03890859782696,2.74));
#12703=CARTESIAN_POINT('Ctrl Pts',(2.30141876060516,1.02226468622684,2.74));
#12704=CARTESIAN_POINT('Ctrl Pts',(2.30141876060516,1.00087314546108,2.74));
#12705=CARTESIAN_POINT('',(2.29514310676605,1.03890859782696,2.705));
#12706=CARTESIAN_POINT('',(2.29514310676605,1.03890859782696,2.74));
#12707=CARTESIAN_POINT('Ctrl Pts',(2.29514310676605,1.03890859782696,2.705));
#12708=CARTESIAN_POINT('Ctrl Pts',(2.30141876060516,1.02226468622684,2.705));
#12709=CARTESIAN_POINT('Ctrl Pts',(2.30141876060516,1.00087314546108,2.705));
#12710=CARTESIAN_POINT('Ctrl Pts',(2.27620730716735,1.06624830961227,2.74));
#12711=CARTESIAN_POINT('Ctrl Pts',(2.27620730716735,1.06624830961227,2.705));
#12712=CARTESIAN_POINT('Ctrl Pts',(2.28886757213622,1.05555253922939,2.74));
#12713=CARTESIAN_POINT('Ctrl Pts',(2.28886757213622,1.05555253922939,2.705));
#12714=CARTESIAN_POINT('Ctrl Pts',(2.29514310676605,1.03890859782696,2.74));
#12715=CARTESIAN_POINT('Ctrl Pts',(2.29514310676605,1.03890859782696,2.705));
#12716=CARTESIAN_POINT('',(2.27620730716735,1.06624830961227,2.74));
#12717=CARTESIAN_POINT('Ctrl Pts',(2.27620730716735,1.06624830961227,2.74));
#12718=CARTESIAN_POINT('Ctrl Pts',(2.28886757213622,1.05555253922939,2.74));
#12719=CARTESIAN_POINT('Ctrl Pts',(2.29514310676605,1.03890859782696,2.74));
#12720=CARTESIAN_POINT('',(2.27620730716735,1.06624830961227,2.705));
#12721=CARTESIAN_POINT('',(2.27620730716735,1.06624830961227,2.74));
#12722=CARTESIAN_POINT('Ctrl Pts',(2.27620730716735,1.06624830961227,2.705));
#12723=CARTESIAN_POINT('Ctrl Pts',(2.28886757213622,1.05555253922939,2.705));
#12724=CARTESIAN_POINT('Ctrl Pts',(2.29514310676605,1.03890859782696,2.705));
#12725=CARTESIAN_POINT('Ctrl Pts',(2.25274203140289,1.07770806252956,2.74));
#12726=CARTESIAN_POINT('Ctrl Pts',(2.25274203140289,1.07770806252956,2.705));
#12727=CARTESIAN_POINT('Ctrl Pts',(2.26649377662689,1.07454298138618,2.74));
#12728=CARTESIAN_POINT('Ctrl Pts',(2.26649377662689,1.07454298138618,2.705));
#12729=CARTESIAN_POINT('Ctrl Pts',(2.27620730716735,1.06624830961227,2.74));
#12730=CARTESIAN_POINT('Ctrl Pts',(2.27620730716735,1.06624830961227,2.705));
#12731=CARTESIAN_POINT('',(2.25274203140289,1.07770806252956,2.74));
#12732=CARTESIAN_POINT('Ctrl Pts',(2.25274203140289,1.07770806252956,2.74));
#12733=CARTESIAN_POINT('Ctrl Pts',(2.26649377662689,1.07454298138618,2.74));
#12734=CARTESIAN_POINT('Ctrl Pts',(2.27620730716735,1.06624830961227,2.74));
#12735=CARTESIAN_POINT('',(2.25274203140289,1.07770806252956,2.705));
#12736=CARTESIAN_POINT('',(2.25274203140289,1.07770806252956,2.74));
#12737=CARTESIAN_POINT('Ctrl Pts',(2.25274203140289,1.07770806252956,2.705));
#12738=CARTESIAN_POINT('Ctrl Pts',(2.26649377662689,1.07454298138618,2.705));
#12739=CARTESIAN_POINT('Ctrl Pts',(2.27620730716735,1.06624830961227,2.705));
#12740=CARTESIAN_POINT('Ctrl Pts',(2.22425637561828,1.08000001013279,2.74));
#12741=CARTESIAN_POINT('Ctrl Pts',(2.22425637561828,1.08000001013279,2.705));
#12742=CARTESIAN_POINT('Ctrl Pts',(2.24291942436248,1.08000001013279,2.74));
#12743=CARTESIAN_POINT('Ctrl Pts',(2.24291942436248,1.08000001013279,2.705));
#12744=CARTESIAN_POINT('Ctrl Pts',(2.25274203140289,1.07770806252956,2.74));
#12745=CARTESIAN_POINT('Ctrl Pts',(2.25274203140289,1.07770806252956,2.705));
#12746=CARTESIAN_POINT('',(2.22425637561828,1.08000001013279,2.74));
#12747=CARTESIAN_POINT('Ctrl Pts',(2.22425637561828,1.08000001013279,2.74));
#12748=CARTESIAN_POINT('Ctrl Pts',(2.24291942436248,1.08000001013279,2.74));
#12749=CARTESIAN_POINT('Ctrl Pts',(2.25274203140289,1.07770806252956,2.74));
#12750=CARTESIAN_POINT('',(2.22425637561828,1.08000001013279,2.705));
#12751=CARTESIAN_POINT('',(2.22425637561828,1.08000001013279,2.74));
#12752=CARTESIAN_POINT('Ctrl Pts',(2.22425637561828,1.08000001013279,2.705));
#12753=CARTESIAN_POINT('Ctrl Pts',(2.24291942436248,1.08000001013279,2.705));
#12754=CARTESIAN_POINT('Ctrl Pts',(2.25274203140289,1.07770806252956,2.705));
#12755=CARTESIAN_POINT('Origin',(2.16914043743163,1.08000001013279,2.74));
#12756=CARTESIAN_POINT('',(2.16914043743163,1.08000001013279,2.74));
#12757=CARTESIAN_POINT('',(3.08457021871582,1.08000001013279,2.74));
#12758=CARTESIAN_POINT('',(2.16914043743163,1.08000001013279,2.705));
#12759=CARTESIAN_POINT('',(2.16914043743163,1.08000001013279,2.74));
#12760=CARTESIAN_POINT('',(2.16914043743163,1.08000001013279,2.705));
#12761=CARTESIAN_POINT('Origin',(2.16914043743163,0.920000013709068,2.74));
#12762=CARTESIAN_POINT('',(2.16914043743163,0.920000013709068,2.74));
#12763=CARTESIAN_POINT('',(2.16914043743163,1.46000000685453,2.74));
#12764=CARTESIAN_POINT('',(2.16914043743163,0.920000013709068,2.705));
#12765=CARTESIAN_POINT('',(2.16914043743163,0.920000013709068,2.74));
#12766=CARTESIAN_POINT('',(2.16914043743163,0.920000013709068,2.705));
#12767=CARTESIAN_POINT('Origin',(2.22687576133758,0.920000013709068,2.74));
#12768=CARTESIAN_POINT('',(3.11343788066879,0.920000013709068,2.74));
#12769=CARTESIAN_POINT('',(2.22687576133758,0.920000013709068,2.705));
#12770=CARTESIAN_POINT('Origin',(1.57519778171554,1.00005457997322,2.705));
#12771=CARTESIAN_POINT('Origin',(1.8539427312091,1.0457298874855,2.74));
#12772=CARTESIAN_POINT('',(1.8539427312091,1.0457298874855,2.74));
#12773=CARTESIAN_POINT('',(1.8539427312091,0.920000013709068,2.74));
#12774=CARTESIAN_POINT('',(1.8539427312091,1.52286494374275,2.74));
#12775=CARTESIAN_POINT('',(1.8539427312091,1.0457298874855,2.705));
#12776=CARTESIAN_POINT('',(1.8539427312091,1.0457298874855,2.74));
#12777=CARTESIAN_POINT('',(1.8539427312091,0.920000013709068,2.705));
#12778=CARTESIAN_POINT('',(1.8539427312091,1.0457298874855,2.705));
#12779=CARTESIAN_POINT('',(1.8539427312091,0.920000013709068,2.74));
#12780=CARTESIAN_POINT('Origin',(1.93798086959869,0.920000013709068,2.74));
#12781=CARTESIAN_POINT('',(1.93798086959869,0.920000013709068,2.74));
#12782=CARTESIAN_POINT('',(2.00687839096474,0.816922091817168,2.74));
#12783=CARTESIAN_POINT('',(1.93798086959869,0.920000013709068,2.705));
#12784=CARTESIAN_POINT('',(1.93798086959869,0.920000013709068,2.74));
#12785=CARTESIAN_POINT('',(1.93798086959869,0.920000013709068,2.705));
#12786=CARTESIAN_POINT('Origin',(1.95969984848052,0.920000013709068,2.74));
#12787=CARTESIAN_POINT('',(1.95969984848052,0.920000013709068,2.74));
#12788=CARTESIAN_POINT('',(2.97984992424026,0.920000013709068,2.74));
#12789=CARTESIAN_POINT('',(1.95969984848052,0.920000013709068,2.705));
#12790=CARTESIAN_POINT('',(1.95969984848052,0.920000013709068,2.74));
#12791=CARTESIAN_POINT('',(1.95969984848052,0.920000013709068,2.705));
#12792=CARTESIAN_POINT('Origin',(1.95969984848052,1.08000001013279,2.74));
#12793=CARTESIAN_POINT('',(1.95969984848052,1.08000001013279,2.74));
#12794=CARTESIAN_POINT('',(1.95969984848052,1.54000000506639,2.74));
#12795=CARTESIAN_POINT('',(1.95969984848052,1.08000001013279,2.705));
#12796=CARTESIAN_POINT('',(1.95969984848052,1.08000001013279,2.74));
#12797=CARTESIAN_POINT('',(1.95969984848052,1.08000001013279,2.705));
#12798=CARTESIAN_POINT('Origin',(1.93939969856292,1.08000001013279,2.74));
#12799=CARTESIAN_POINT('',(1.93939969856292,1.08000001013279,2.74));
#12800=CARTESIAN_POINT('',(2.96969984928146,1.08000001013279,2.74));
#12801=CARTESIAN_POINT('',(1.93939969856292,1.08000001013279,2.705));
#12802=CARTESIAN_POINT('',(1.93939969856292,1.08000001013279,2.74));
#12803=CARTESIAN_POINT('',(1.93939969856292,1.08000001013279,2.705));
#12804=CARTESIAN_POINT('Origin',(1.93939969856292,0.954379287362099,2.74));
#12805=CARTESIAN_POINT('',(1.93939969856292,0.954379287362099,2.74));
#12806=CARTESIAN_POINT('',(1.93939969856292,1.47718964368105,2.74));
#12807=CARTESIAN_POINT('',(1.93939969856292,0.954379287362099,2.705));
#12808=CARTESIAN_POINT('',(1.93939969856292,0.954379287362099,2.74));
#12809=CARTESIAN_POINT('',(1.93939969856292,0.954379287362099,2.705));
#12810=CARTESIAN_POINT('Origin',(1.85536156017333,1.08000001013279,2.74));
#12811=CARTESIAN_POINT('',(1.85536156017333,1.08000001013279,2.74));
#12812=CARTESIAN_POINT('',(1.97430263974419,0.902206157613693,2.74));
#12813=CARTESIAN_POINT('',(1.85536156017333,1.08000001013279,2.705));
#12814=CARTESIAN_POINT('',(1.85536156017333,1.08000001013279,2.74));
#12815=CARTESIAN_POINT('',(1.85536156017333,1.08000001013279,2.705));
#12816=CARTESIAN_POINT('Origin',(1.8336425812915,1.08000001013279,2.74));
#12817=CARTESIAN_POINT('',(1.8336425812915,1.08000001013279,2.74));
#12818=CARTESIAN_POINT('',(2.91682129064575,1.08000001013279,2.74));
#12819=CARTESIAN_POINT('',(1.8336425812915,1.08000001013279,2.705));
#12820=CARTESIAN_POINT('',(1.8336425812915,1.08000001013279,2.74));
#12821=CARTESIAN_POINT('',(1.8336425812915,1.08000001013279,2.705));
#12822=CARTESIAN_POINT('Origin',(1.8336425812915,0.920000013709068,2.74));
#12823=CARTESIAN_POINT('',(1.8336425812915,0.920000013709068,2.74));
#12824=CARTESIAN_POINT('',(1.8336425812915,1.46000000685453,2.74));
#12825=CARTESIAN_POINT('',(1.8336425812915,0.920000013709068,2.705));
#12826=CARTESIAN_POINT('',(1.8336425812915,0.920000013709068,2.74));
#12827=CARTESIAN_POINT('',(1.8336425812915,0.920000013709068,2.705));
#12828=CARTESIAN_POINT('Origin',(1.8539427312091,0.920000013709068,2.74));
#12829=CARTESIAN_POINT('',(2.92697136560455,0.920000013709068,2.74));
#12830=CARTESIAN_POINT('',(1.8539427312091,0.920000013709068,2.705));
#12831=CARTESIAN_POINT('Origin',(1.57519778171554,1.00005457997322,2.705));
#12832=CARTESIAN_POINT('Ctrl Pts',(1.56144610960037,1.06319236457348,2.74));
#12833=CARTESIAN_POINT('Ctrl Pts',(1.56144610960037,1.06319236457348,2.705));
#12834=CARTESIAN_POINT('Ctrl Pts',(1.55839017946273,1.0478035479784,2.74));
#12835=CARTESIAN_POINT('Ctrl Pts',(1.55839017946273,1.0478035479784,2.705));
#12836=CARTESIAN_POINT('Ctrl Pts',(1.55282399971038,1.03263303339481,2.74));
#12837=CARTESIAN_POINT('Ctrl Pts',(1.55282399971038,1.03263303339481,2.705));
#12838=CARTESIAN_POINT('',(1.56144610960037,1.06319236457348,2.74));
#12839=CARTESIAN_POINT('',(1.55282399971038,1.03263303339481,2.74));
#12840=CARTESIAN_POINT('Ctrl Pts',(1.56144610960037,1.06319236457348,2.74));
#12841=CARTESIAN_POINT('Ctrl Pts',(1.55839017946273,1.0478035479784,2.74));
#12842=CARTESIAN_POINT('Ctrl Pts',(1.55282399971038,1.03263303339481,2.74));
#12843=CARTESIAN_POINT('',(1.56144610960037,1.06319236457348,2.705));
#12844=CARTESIAN_POINT('',(1.56144610960037,1.06319236457348,2.74));
#12845=CARTESIAN_POINT('',(1.55282399971038,1.03263303339481,2.705));
#12846=CARTESIAN_POINT('Ctrl Pts',(1.56144610960037,1.06319236457348,2.705));
#12847=CARTESIAN_POINT('Ctrl Pts',(1.55839017946273,1.0478035479784,2.705));
#12848=CARTESIAN_POINT('Ctrl Pts',(1.55282399971038,1.03263303339481,2.705));
#12849=CARTESIAN_POINT('',(1.55282399971038,1.03263303339481,2.74));
#12850=CARTESIAN_POINT('Ctrl Pts',(1.57279674131423,1.03001364767551,2.74));
#12851=CARTESIAN_POINT('Ctrl Pts',(1.57279674131423,1.03001364767551,2.705));
#12852=CARTESIAN_POINT('Ctrl Pts',(1.56515691597015,1.05020464658737,2.74));
#12853=CARTESIAN_POINT('Ctrl Pts',(1.56515691597015,1.05020464658737,2.705));
#12854=CARTESIAN_POINT('Ctrl Pts',(1.56144610960037,1.06319236457348,2.74));
#12855=CARTESIAN_POINT('Ctrl Pts',(1.56144610960037,1.06319236457348,2.705));
#12856=CARTESIAN_POINT('',(1.57279674131423,1.03001364767551,2.74));
#12857=CARTESIAN_POINT('Ctrl Pts',(1.57279674131423,1.03001364767551,2.74));
#12858=CARTESIAN_POINT('Ctrl Pts',(1.56515691597015,1.05020464658737,2.74));
#12859=CARTESIAN_POINT('Ctrl Pts',(1.56144610960037,1.06319236457348,2.74));
#12860=CARTESIAN_POINT('',(1.57279674131423,1.03001364767551,2.705));
#12861=CARTESIAN_POINT('',(1.57279674131423,1.03001364767551,2.74));
#12862=CARTESIAN_POINT('Ctrl Pts',(1.57279674131423,1.03001364767551,2.705));
#12863=CARTESIAN_POINT('Ctrl Pts',(1.56515691597015,1.05020464658737,2.705));
#12864=CARTESIAN_POINT('Ctrl Pts',(1.56144610960037,1.06319236457348,2.705));
#12865=CARTESIAN_POINT('Origin',(1.58949522096664,0.985702601075172,2.74));
#12866=CARTESIAN_POINT('',(1.58949522096664,0.985702601075172,2.74));
#12867=CARTESIAN_POINT('',(1.57202151494006,1.03207078657121,2.74));
#12868=CARTESIAN_POINT('',(1.58949522096664,0.985702601075172,2.705));
#12869=CARTESIAN_POINT('',(1.58949522096664,0.985702601075172,2.74));
#12870=CARTESIAN_POINT('',(1.58949522096664,0.985702601075172,2.705));
#12871=CARTESIAN_POINT('Origin',(1.53525237161666,0.985702601075172,2.74));
#12872=CARTESIAN_POINT('',(1.53525237161666,0.985702601075172,2.74));
#12873=CARTESIAN_POINT('',(2.76762618580833,0.985702601075172,2.74));
#12874=CARTESIAN_POINT('',(1.53525237161666,0.985702601075172,2.705));
#12875=CARTESIAN_POINT('',(1.53525237161666,0.985702601075172,2.74));
#12876=CARTESIAN_POINT('',(1.53525237161666,0.985702601075172,2.705));
#12877=CARTESIAN_POINT('Origin',(1.55282399971038,1.03263303339481,2.74));
#12878=CARTESIAN_POINT('',(1.8621007662818,1.85865167459319,2.74));
#12879=CARTESIAN_POINT('',(1.55282399971038,1.03263303339481,2.705));
#12880=CARTESIAN_POINT('Origin',(1.52914051134139,0.968458411097527,2.74));
#12881=CARTESIAN_POINT('',(1.52914051134139,0.968458411097527,2.74));
#12882=CARTESIAN_POINT('',(1.51156888324767,0.920000013709068,2.74));
#12883=CARTESIAN_POINT('',(1.83799853239972,1.82021583740036,2.74));
#12884=CARTESIAN_POINT('',(1.52914051134139,0.968458411097527,2.705));
#12885=CARTESIAN_POINT('',(1.52914051134139,0.968458411097527,2.74));
#12886=CARTESIAN_POINT('',(1.51156888324767,0.920000013709068,2.705));
#12887=CARTESIAN_POINT('',(1.52914051134139,0.968458411097527,2.705));
#12888=CARTESIAN_POINT('',(1.51156888324767,0.920000013709068,2.74));
#12889=CARTESIAN_POINT('Origin',(1.59604368526489,0.968458411097527,2.74));
#12890=CARTESIAN_POINT('',(1.59604368526489,0.968458411097527,2.74));
#12891=CARTESIAN_POINT('',(2.79802184263244,0.968458411097527,2.74));
#12892=CARTESIAN_POINT('',(1.59604368526489,0.968458411097527,2.705));
#12893=CARTESIAN_POINT('',(1.59604368526489,0.968458411097527,2.74));
#12894=CARTESIAN_POINT('',(1.59604368526489,0.968458411097527,2.705));
#12895=CARTESIAN_POINT('Origin',(1.61470667440444,0.920000013709068,2.74));
#12896=CARTESIAN_POINT('',(1.61470667440444,0.920000013709068,2.74));
#12897=CARTESIAN_POINT('',(1.58765071404325,0.990250736629458,2.74));
#12898=CARTESIAN_POINT('',(1.61470667440444,0.920000013709068,2.705));
#12899=CARTESIAN_POINT('',(1.61470667440444,0.920000013709068,2.74));
#12900=CARTESIAN_POINT('',(1.61470667440444,0.920000013709068,2.705));
#12901=CARTESIAN_POINT('Origin',(1.63882670719177,0.920000013709068,2.74));
#12902=CARTESIAN_POINT('',(1.63882670719177,0.920000013709068,2.74));
#12903=CARTESIAN_POINT('',(2.81941335359588,0.920000013709068,2.74));
#12904=CARTESIAN_POINT('',(1.63882670719177,0.920000013709068,2.705));
#12905=CARTESIAN_POINT('',(1.63882670719177,0.920000013709068,2.74));
#12906=CARTESIAN_POINT('',(1.63882670719177,0.920000013709068,2.705));
#12907=CARTESIAN_POINT('Origin',(1.57334242183715,1.08000001013279,2.74));
#12908=CARTESIAN_POINT('',(1.57334242183715,1.08000001013279,2.74));
#12909=CARTESIAN_POINT('',(1.58616832759941,1.0486620354572,2.74));
#12910=CARTESIAN_POINT('',(1.57334242183715,1.08000001013279,2.705));
#12911=CARTESIAN_POINT('',(1.57334242183715,1.08000001013279,2.74));
#12912=CARTESIAN_POINT('',(1.57334242183715,1.08000001013279,2.705));
#12913=CARTESIAN_POINT('Origin',(1.55053208190948,1.08000001013279,2.74));
#12914=CARTESIAN_POINT('',(1.55053208190948,1.08000001013279,2.74));
#12915=CARTESIAN_POINT('',(2.77526604095474,1.08000001013279,2.74));
#12916=CARTESIAN_POINT('',(1.55053208190948,1.08000001013279,2.705));
#12917=CARTESIAN_POINT('',(1.55053208190948,1.08000001013279,2.74));
#12918=CARTESIAN_POINT('',(1.55053208190948,1.08000001013279,2.705));
#12919=CARTESIAN_POINT('Origin',(1.48908595163375,0.920000013709068,2.74));
#12920=CARTESIAN_POINT('',(1.48908595163375,0.920000013709068,2.74));
#12921=CARTESIAN_POINT('',(1.83117510028031,1.81076827388159,2.74));
#12922=CARTESIAN_POINT('',(1.48908595163375,0.920000013709068,2.705));
#12923=CARTESIAN_POINT('',(1.48908595163375,0.920000013709068,2.74));
#12924=CARTESIAN_POINT('',(1.48908595163375,0.920000013709068,2.705));
#12925=CARTESIAN_POINT('Origin',(1.51156888324767,0.920000013709068,2.74));
#12926=CARTESIAN_POINT('',(2.75578444162384,0.920000013709068,2.74));
#12927=CARTESIAN_POINT('',(1.51156888324767,0.920000013709068,2.705));
#12928=CARTESIAN_POINT('Origin',(1.57519778171554,1.00005457997322,2.705));
#12929=CARTESIAN_POINT('Origin',(1.34021822530776,1.05620737075806,2.74));
#12930=CARTESIAN_POINT('',(1.34021822530776,1.05620737075806,2.74));
#12931=CARTESIAN_POINT('',(1.34021822530776,0.920000013709068,2.74));
#12932=CARTESIAN_POINT('',(1.34021822530776,1.52810368537903,2.74));
#12933=CARTESIAN_POINT('',(1.34021822530776,1.05620737075806,2.705));
#12934=CARTESIAN_POINT('',(1.34021822530776,1.05620737075806,2.74));
#12935=CARTESIAN_POINT('',(1.34021822530776,0.920000013709068,2.705));
#12936=CARTESIAN_POINT('',(1.34021822530776,1.05620737075806,2.705));
#12937=CARTESIAN_POINT('',(1.34021822530776,0.920000013709068,2.74));
#12938=CARTESIAN_POINT('Origin',(1.38649378139526,0.920000013709068,2.74));
#12939=CARTESIAN_POINT('',(1.38649378139526,0.920000013709068,2.74));
#12940=CARTESIAN_POINT('',(1.35724155091809,1.00610095636548,2.74));
#12941=CARTESIAN_POINT('',(1.38649378139526,0.920000013709068,2.705));
#12942=CARTESIAN_POINT('',(1.38649378139526,0.920000013709068,2.74));
#12943=CARTESIAN_POINT('',(1.38649378139526,0.920000013709068,2.705));
#12944=CARTESIAN_POINT('Origin',(1.40559337455779,0.920000013709068,2.74));
#12945=CARTESIAN_POINT('',(1.40559337455779,0.920000013709068,2.74));
#12946=CARTESIAN_POINT('',(2.7027966872789,0.920000013709068,2.74));
#12947=CARTESIAN_POINT('',(1.40559337455779,0.920000013709068,2.705));
#12948=CARTESIAN_POINT('',(1.40559337455779,0.920000013709068,2.74));
#12949=CARTESIAN_POINT('',(1.40559337455779,0.920000013709068,2.705));
#12950=CARTESIAN_POINT('Origin',(1.4520872624591,1.05391542315483,2.74));
#12951=CARTESIAN_POINT('',(1.4520872624591,1.05391542315483,2.74));
#12952=CARTESIAN_POINT('',(1.7356981820555,1.87079424605865,2.74));
#12953=CARTESIAN_POINT('',(1.4520872624591,1.05391542315483,2.705));
#12954=CARTESIAN_POINT('',(1.4520872624591,1.05391542315483,2.74));
#12955=CARTESIAN_POINT('',(1.4520872624591,1.05391542315483,2.705));
#12956=CARTESIAN_POINT('Origin',(1.4520872624591,0.920000013709068,2.74));
#12957=CARTESIAN_POINT('',(1.4520872624591,0.920000013709068,2.74));
#12958=CARTESIAN_POINT('',(1.4520872624591,1.46000000685453,2.74));
#12959=CARTESIAN_POINT('',(1.4520872624591,0.920000013709068,2.705));
#12960=CARTESIAN_POINT('',(1.4520872624591,0.920000013709068,2.74));
#12961=CARTESIAN_POINT('',(1.4520872624591,0.920000013709068,2.705));
#12962=CARTESIAN_POINT('Origin',(1.47249648887664,0.920000013709068,2.74));
#12963=CARTESIAN_POINT('',(1.47249648887664,0.920000013709068,2.74));
#12964=CARTESIAN_POINT('',(2.73624824443832,0.920000013709068,2.74));
#12965=CARTESIAN_POINT('',(1.47249648887664,0.920000013709068,2.705));
#12966=CARTESIAN_POINT('',(1.47249648887664,0.920000013709068,2.74));
#12967=CARTESIAN_POINT('',(1.47249648887664,0.920000013709068,2.705));
#12968=CARTESIAN_POINT('Origin',(1.47249648887664,1.08000001013279,2.74));
#12969=CARTESIAN_POINT('',(1.47249648887664,1.08000001013279,2.74));
#12970=CARTESIAN_POINT('',(1.47249648887664,1.54000000506639,2.74));
#12971=CARTESIAN_POINT('',(1.47249648887664,1.08000001013279,2.705));
#12972=CARTESIAN_POINT('',(1.47249648887664,1.08000001013279,2.74));
#12973=CARTESIAN_POINT('',(1.47249648887664,1.08000001013279,2.705));
#12974=CARTESIAN_POINT('Origin',(1.44401083309203,1.08000001013279,2.74));
#12975=CARTESIAN_POINT('',(1.44401083309203,1.08000001013279,2.74));
#12976=CARTESIAN_POINT('',(2.72200541654602,1.08000001013279,2.74));
#12977=CARTESIAN_POINT('',(1.44401083309203,1.08000001013279,2.705));
#12978=CARTESIAN_POINT('',(1.44401083309203,1.08000001013279,2.74));
#12979=CARTESIAN_POINT('',(1.44401083309203,1.08000001013279,2.705));
#12980=CARTESIAN_POINT('Origin',(1.40570251066238,0.968676683306694,2.74));
#12981=CARTESIAN_POINT('',(1.40570251066238,0.968676683306694,2.74));
#12982=CARTESIAN_POINT('',(1.70170365043667,1.82885091005593,2.74));
#12983=CARTESIAN_POINT('',(1.40570251066238,0.968676683306694,2.705));
#12984=CARTESIAN_POINT('',(1.40570251066238,0.968676683306694,2.74));
#12985=CARTESIAN_POINT('',(1.40570251066238,0.968676683306694,2.705));
#12986=CARTESIAN_POINT('Ctrl Pts',(1.39718959648162,0.943028655648231,2.74));
#12987=CARTESIAN_POINT('Ctrl Pts',(1.39718959648162,0.943028655648231,2.705));
#12988=CARTESIAN_POINT('Ctrl Pts',(1.39991805870086,0.951759901642799,2.74));
#12989=CARTESIAN_POINT('Ctrl Pts',(1.39991805870086,0.951759901642799,2.705));
#12990=CARTESIAN_POINT('Ctrl Pts',(1.40570251066238,0.968676683306694,2.74));
#12991=CARTESIAN_POINT('Ctrl Pts',(1.40570251066238,0.968676683306694,2.705));
#12992=CARTESIAN_POINT('',(1.39718959648162,0.943028655648231,2.74));
#12993=CARTESIAN_POINT('Ctrl Pts',(1.39718959648162,0.943028655648231,2.74));
#12994=CARTESIAN_POINT('Ctrl Pts',(1.39991805870086,0.951759901642799,2.74));
#12995=CARTESIAN_POINT('Ctrl Pts',(1.40570251066238,0.968676683306694,2.74));
#12996=CARTESIAN_POINT('',(1.39718959648162,0.943028655648231,2.705));
#12997=CARTESIAN_POINT('',(1.39718959648162,0.943028655648231,2.74));
#12998=CARTESIAN_POINT('Ctrl Pts',(1.39718959648162,0.943028655648231,2.705));
#12999=CARTESIAN_POINT('Ctrl Pts',(1.39991805870086,0.951759901642799,2.705));
#13000=CARTESIAN_POINT('Ctrl Pts',(1.40570251066238,0.968676683306694,2.705));
#13001=CARTESIAN_POINT('Ctrl Pts',(1.38954971153289,0.966712144017219,2.74));
#13002=CARTESIAN_POINT('Ctrl Pts',(1.38954971153289,0.966712144017219,2.705));
#13003=CARTESIAN_POINT('Ctrl Pts',(1.39478848297149,0.950886783003807,2.74));
#13004=CARTESIAN_POINT('Ctrl Pts',(1.39478848297149,0.950886783003807,2.705));
#13005=CARTESIAN_POINT('Ctrl Pts',(1.39718959648162,0.943028655648231,2.74));
#13006=CARTESIAN_POINT('Ctrl Pts',(1.39718959648162,0.943028655648231,2.705));
#13007=CARTESIAN_POINT('',(1.38954971153289,0.966712144017219,2.74));
#13008=CARTESIAN_POINT('Ctrl Pts',(1.38954971153289,0.966712144017219,2.74));
#13009=CARTESIAN_POINT('Ctrl Pts',(1.39478848297149,0.950886783003807,2.74));
#13010=CARTESIAN_POINT('Ctrl Pts',(1.39718959648162,0.943028655648231,2.74));
#13011=CARTESIAN_POINT('',(1.38954971153289,0.966712144017219,2.705));
#13012=CARTESIAN_POINT('',(1.38954971153289,0.966712144017219,2.74));
#13013=CARTESIAN_POINT('Ctrl Pts',(1.38954971153289,0.966712144017219,2.705));
#13014=CARTESIAN_POINT('Ctrl Pts',(1.39478848297149,0.950886783003807,2.705));
#13015=CARTESIAN_POINT('Ctrl Pts',(1.39718959648162,0.943028655648231,2.705));
#13016=CARTESIAN_POINT('Origin',(1.35167799312621,1.08000001013279,2.74));
#13017=CARTESIAN_POINT('',(1.35167799312621,1.08000001013279,2.74));
#13018=CARTESIAN_POINT('',(1.34646463556002,1.09559502875935,2.74));
#13019=CARTESIAN_POINT('',(1.35167799312621,1.08000001013279,2.705));
#13020=CARTESIAN_POINT('',(1.35167799312621,1.08000001013279,2.74));
#13021=CARTESIAN_POINT('',(1.35167799312621,1.08000001013279,2.705));
#13022=CARTESIAN_POINT('Origin',(1.31980893928558,1.08000001013279,2.74));
#13023=CARTESIAN_POINT('',(1.31980893928558,1.08000001013279,2.74));
#13024=CARTESIAN_POINT('',(2.65990446964279,1.08000001013279,2.74));
#13025=CARTESIAN_POINT('',(1.31980893928558,1.08000001013279,2.705));
#13026=CARTESIAN_POINT('',(1.31980893928558,1.08000001013279,2.74));
#13027=CARTESIAN_POINT('',(1.31980893928558,1.08000001013279,2.705));
#13028=CARTESIAN_POINT('Origin',(1.31980893928558,0.920000013709068,2.74));
#13029=CARTESIAN_POINT('',(1.31980893928558,0.920000013709068,2.74));
#13030=CARTESIAN_POINT('',(1.31980893928558,1.46000000685453,2.74));
#13031=CARTESIAN_POINT('',(1.31980893928558,0.920000013709068,2.705));
#13032=CARTESIAN_POINT('',(1.31980893928558,0.920000013709068,2.74));
#13033=CARTESIAN_POINT('',(1.31980893928558,0.920000013709068,2.705));
#13034=CARTESIAN_POINT('Origin',(1.34021822530776,0.920000013709068,2.74));
#13035=CARTESIAN_POINT('',(2.67010911265388,0.920000013709068,2.74));
#13036=CARTESIAN_POINT('',(1.34021822530776,0.920000013709068,2.705));
#13037=CARTESIAN_POINT('Origin',(1.57519778171554,1.00005457997322,2.705));
#13038=CARTESIAN_POINT('Origin',(1.12979535181075,0.938881334662437,2.74));
#13039=CARTESIAN_POINT('',(1.12979535181075,0.938881334662437,2.74));
#13040=CARTESIAN_POINT('',(1.12979535181075,0.920000013709068,2.74));
#13041=CARTESIAN_POINT('',(1.12979535181075,1.46944066733122,2.74));
#13042=CARTESIAN_POINT('',(1.12979535181075,0.938881334662437,2.705));
#13043=CARTESIAN_POINT('',(1.12979535181075,0.938881334662437,2.74));
#13044=CARTESIAN_POINT('',(1.12979535181075,0.920000013709068,2.705));
#13045=CARTESIAN_POINT('',(1.12979535181075,0.938881334662437,2.705));
#13046=CARTESIAN_POINT('',(1.12979535181075,0.920000013709068,2.74));
#13047=CARTESIAN_POINT('Origin',(1.03156889397651,0.938881334662437,2.74));
#13048=CARTESIAN_POINT('',(1.03156889397651,0.938881334662437,2.74));
#13049=CARTESIAN_POINT('',(2.51578444698825,0.938881334662438,2.74));
#13050=CARTESIAN_POINT('',(1.03156889397651,0.938881334662437,2.705));
#13051=CARTESIAN_POINT('',(1.03156889397651,0.938881334662437,2.74));
#13052=CARTESIAN_POINT('',(1.03156889397651,0.938881334662437,2.705));
#13053=CARTESIAN_POINT('Origin',(1.03156889397651,0.993342441320419,2.74));
#13054=CARTESIAN_POINT('',(1.03156889397651,0.993342441320419,2.74));
#13055=CARTESIAN_POINT('',(1.03156889397651,1.49667122066021,2.74));
#13056=CARTESIAN_POINT('',(1.03156889397651,0.993342441320419,2.705));
#13057=CARTESIAN_POINT('',(1.03156889397651,0.993342441320419,2.74));
#13058=CARTESIAN_POINT('',(1.03156889397651,0.993342441320419,2.705));
#13059=CARTESIAN_POINT('Origin',(1.12008185107261,0.993342441320419,2.74));
#13060=CARTESIAN_POINT('',(1.12008185107261,0.993342441320419,2.74));
#13061=CARTESIAN_POINT('',(2.5600409255363,0.993342441320419,2.74));
#13062=CARTESIAN_POINT('',(1.12008185107261,0.993342441320419,2.705));
#13063=CARTESIAN_POINT('',(1.12008185107261,0.993342441320419,2.74));
#13064=CARTESIAN_POINT('',(1.12008185107261,0.993342441320419,2.705));
#13065=CARTESIAN_POINT('Origin',(1.12008185107261,1.01211461126804,2.74));
#13066=CARTESIAN_POINT('',(1.12008185107261,1.01211461126804,2.74));
#13067=CARTESIAN_POINT('',(1.12008185107261,1.50605730563402,2.74));
#13068=CARTESIAN_POINT('',(1.12008185107261,1.01211461126804,2.705));
#13069=CARTESIAN_POINT('',(1.12008185107261,1.01211461126804,2.74));
#13070=CARTESIAN_POINT('',(1.12008185107261,1.01211461126804,2.705));
#13071=CARTESIAN_POINT('Origin',(1.03156889397651,1.01211461126804,2.74));
#13072=CARTESIAN_POINT('',(1.03156889397651,1.01211461126804,2.74));
#13073=CARTESIAN_POINT('',(2.51578444698825,1.01211461126804,2.74));
#13074=CARTESIAN_POINT('',(1.03156889397651,1.01211461126804,2.705));
#13075=CARTESIAN_POINT('',(1.03156889397651,1.01211461126804,2.74));
#13076=CARTESIAN_POINT('',(1.03156889397651,1.01211461126804,2.705));
#13077=CARTESIAN_POINT('Origin',(1.03156889397651,1.06111870408058,2.74));
#13078=CARTESIAN_POINT('',(1.03156889397651,1.06111870408058,2.74));
#13079=CARTESIAN_POINT('',(1.03156889397651,1.53055935204029,2.74));
#13080=CARTESIAN_POINT('',(1.03156889397651,1.06111870408058,2.705));
#13081=CARTESIAN_POINT('',(1.03156889397651,1.06111870408058,2.74));
#13082=CARTESIAN_POINT('',(1.03156889397651,1.06111870408058,2.705));
#13083=CARTESIAN_POINT('Origin',(1.12608457524329,1.06111870408058,2.74));
#13084=CARTESIAN_POINT('',(1.12608457524329,1.06111870408058,2.74));
#13085=CARTESIAN_POINT('',(2.56304228762165,1.06111870408058,2.74));
#13086=CARTESIAN_POINT('',(1.12608457524329,1.06111870408058,2.705));
#13087=CARTESIAN_POINT('',(1.12608457524329,1.06111870408058,2.74));
#13088=CARTESIAN_POINT('',(1.12608457524329,1.06111870408058,2.705));
#13089=CARTESIAN_POINT('Origin',(1.12608457524329,1.08000001013279,2.74));
#13090=CARTESIAN_POINT('',(1.12608457524329,1.08000001013279,2.74));
#13091=CARTESIAN_POINT('',(1.12608457524329,1.54000000506639,2.74));
#13092=CARTESIAN_POINT('',(1.12608457524329,1.08000001013279,2.705));
#13093=CARTESIAN_POINT('',(1.12608457524329,1.08000001013279,2.74));
#13094=CARTESIAN_POINT('',(1.12608457524329,1.08000001013279,2.705));
#13095=CARTESIAN_POINT('Origin',(1.01039562541991,1.08000001013279,2.74));
#13096=CARTESIAN_POINT('',(1.01039562541991,1.08000001013279,2.74));
#13097=CARTESIAN_POINT('',(2.50519781270996,1.08000001013279,2.74));
#13098=CARTESIAN_POINT('',(1.01039562541991,1.08000001013279,2.705));
#13099=CARTESIAN_POINT('',(1.01039562541991,1.08000001013279,2.74));
#13100=CARTESIAN_POINT('',(1.01039562541991,1.08000001013279,2.705));
#13101=CARTESIAN_POINT('Origin',(1.01039562541991,0.920000013709068,2.74));
#13102=CARTESIAN_POINT('',(1.01039562541991,0.920000013709068,2.74));
#13103=CARTESIAN_POINT('',(1.01039562541991,1.46000000685453,2.74));
#13104=CARTESIAN_POINT('',(1.01039562541991,0.920000013709068,2.705));
#13105=CARTESIAN_POINT('',(1.01039562541991,0.920000013709068,2.74));
#13106=CARTESIAN_POINT('',(1.01039562541991,0.920000013709068,2.705));
#13107=CARTESIAN_POINT('Origin',(1.12979535181075,0.920000013709068,2.74));
#13108=CARTESIAN_POINT('',(2.56489767590538,0.920000013709068,2.74));
#13109=CARTESIAN_POINT('',(1.12979535181075,0.920000013709068,2.705));
#13110=CARTESIAN_POINT('Origin',(1.57519778171554,1.00005457997322,2.705));
#13111=CARTESIAN_POINT('Origin',(0.773888127692044,1.06111870408058,2.74));
#13112=CARTESIAN_POINT('',(0.773888127692044,1.06111870408058,2.74));
#13113=CARTESIAN_POINT('',(0.773888127692044,0.920000013709068,2.74));
#13114=CARTESIAN_POINT('',(0.773888127692044,1.53055935204029,2.74));
#13115=CARTESIAN_POINT('',(0.773888127692044,1.06111870408058,2.705));
#13116=CARTESIAN_POINT('',(0.773888127692044,1.06111870408058,2.74));
#13117=CARTESIAN_POINT('',(0.773888127692044,0.920000013709068,2.705));
#13118=CARTESIAN_POINT('',(0.773888127692044,1.06111870408058,2.705));
#13119=CARTESIAN_POINT('',(0.773888127692044,0.920000013709068,2.74));
#13120=CARTESIAN_POINT('Origin',(0.826821276731789,1.06111870408058,2.74));
#13121=CARTESIAN_POINT('',(0.826821276731789,1.06111870408058,2.74));
#13122=CARTESIAN_POINT('',(2.41341063836589,1.06111870408058,2.74));
#13123=CARTESIAN_POINT('',(0.826821276731789,1.06111870408058,2.705));
#13124=CARTESIAN_POINT('',(0.826821276731789,1.06111870408058,2.74));
#13125=CARTESIAN_POINT('',(0.826821276731789,1.06111870408058,2.705));
#13126=CARTESIAN_POINT('Origin',(0.826821276731789,1.08000001013279,2.74));
#13127=CARTESIAN_POINT('',(0.826821276731789,1.08000001013279,2.74));
#13128=CARTESIAN_POINT('',(0.826821276731789,1.54000000506639,2.74));
#13129=CARTESIAN_POINT('',(0.826821276731789,1.08000001013279,2.705));
#13130=CARTESIAN_POINT('',(0.826821276731789,1.08000001013279,2.74));
#13131=CARTESIAN_POINT('',(0.826821276731789,1.08000001013279,2.705));
#13132=CARTESIAN_POINT('Origin',(0.7,1.08000001013279,2.74));
#13133=CARTESIAN_POINT('',(0.7,1.08000001013279,2.74));
#13134=CARTESIAN_POINT('',(2.35,1.08000001013279,2.74));
#13135=CARTESIAN_POINT('',(0.7,1.08000001013279,2.705));
#13136=CARTESIAN_POINT('',(0.7,1.08000001013279,2.74));
#13137=CARTESIAN_POINT('',(0.7,1.08000001013279,2.705));
#13138=CARTESIAN_POINT('Origin',(0.7,1.06111870408058,2.74));
#13139=CARTESIAN_POINT('',(0.7,1.06111870408058,2.74));
#13140=CARTESIAN_POINT('',(0.7,1.53055935204029,2.74));
#13141=CARTESIAN_POINT('',(0.7,1.06111870408058,2.705));
#13142=CARTESIAN_POINT('',(0.7,1.06111870408058,2.74));
#13143=CARTESIAN_POINT('',(0.7,1.06111870408058,2.705));
#13144=CARTESIAN_POINT('Origin',(0.75271487031132,1.06111870408058,2.74));
#13145=CARTESIAN_POINT('',(0.75271487031132,1.06111870408058,2.74));
#13146=CARTESIAN_POINT('',(2.37635743515566,1.06111870408058,2.74));
#13147=CARTESIAN_POINT('',(0.75271487031132,1.06111870408058,2.705));
#13148=CARTESIAN_POINT('',(0.75271487031132,1.06111870408058,2.74));
#13149=CARTESIAN_POINT('',(0.75271487031132,1.06111870408058,2.705));
#13150=CARTESIAN_POINT('Origin',(0.75271487031132,0.920000013709068,2.74));
#13151=CARTESIAN_POINT('',(0.75271487031132,0.920000013709068,2.74));
#13152=CARTESIAN_POINT('',(0.75271487031132,1.46000000685453,2.74));
#13153=CARTESIAN_POINT('',(0.75271487031132,0.920000013709068,2.705));
#13154=CARTESIAN_POINT('',(0.75271487031132,0.920000013709068,2.74));
#13155=CARTESIAN_POINT('',(0.75271487031132,0.920000013709068,2.705));
#13156=CARTESIAN_POINT('Origin',(0.773888127692044,0.920000013709068,2.74));
#13157=CARTESIAN_POINT('',(2.38694406384602,0.920000013709068,2.74));
#13158=CARTESIAN_POINT('',(0.773888127692044,0.920000013709068,2.705));
#13159=CARTESIAN_POINT('Origin',(1.57519778171554,1.00005457997322,2.705));
#13160=CARTESIAN_POINT('Origin',(4.,2.,2.74));
#13161=CARTESIAN_POINT('Origin',(4.,2.,2.74));
#13162=CARTESIAN_POINT('Origin',(4.,2.,2.74));
#13163=CARTESIAN_POINT('Origin',(4.,2.,2.74));
#13164=CARTESIAN_POINT('Ctrl Pts',(0.893178717046976,1.89174626469612,2.74));
#13165=CARTESIAN_POINT('Ctrl Pts',(0.893178717046976,1.89174626469612,2.695));
#13166=CARTESIAN_POINT('Ctrl Pts',(0.865552515536547,1.89174626469612,2.74));
#13167=CARTESIAN_POINT('Ctrl Pts',(0.865552515536547,1.89174626469612,2.695));
#13168=CARTESIAN_POINT('Ctrl Pts',(0.847339690476656,1.87107781767845,2.74));
#13169=CARTESIAN_POINT('Ctrl Pts',(0.847339690476656,1.87107781767845,2.695));
#13170=CARTESIAN_POINT('',(0.893178717046976,1.89174626469612,2.74));
#13171=CARTESIAN_POINT('',(0.847339690476656,1.87107781767845,2.74));
#13172=CARTESIAN_POINT('Ctrl Pts',(0.893178717046976,1.89174626469612,2.74));
#13173=CARTESIAN_POINT('Ctrl Pts',(0.865552515536547,1.89174626469612,2.74));
#13174=CARTESIAN_POINT('Ctrl Pts',(0.847339690476656,1.87107781767845,2.74));
#13175=CARTESIAN_POINT('',(0.893178717046976,1.89174626469612,2.695));
#13176=CARTESIAN_POINT('',(0.893178717046976,1.89174626469612,2.74));
#13177=CARTESIAN_POINT('',(0.847339690476656,1.87107781767845,2.695));
#13178=CARTESIAN_POINT('Ctrl Pts',(0.893178717046976,1.89174626469612,2.695));
#13179=CARTESIAN_POINT('Ctrl Pts',(0.865552515536547,1.89174626469612,2.695));
#13180=CARTESIAN_POINT('Ctrl Pts',(0.847339690476656,1.87107781767845,2.695));
#13181=CARTESIAN_POINT('',(0.847339690476656,1.87107781767845,2.74));
#13182=CARTESIAN_POINT('Ctrl Pts',(0.938710794597864,1.87097547650337,2.74));
#13183=CARTESIAN_POINT('Ctrl Pts',(0.938710794597864,1.87097547650337,2.695));
#13184=CARTESIAN_POINT('Ctrl Pts',(0.920395628362894,1.89174626469612,2.74));
#13185=CARTESIAN_POINT('Ctrl Pts',(0.920395628362894,1.89174626469612,2.695));
#13186=CARTESIAN_POINT('Ctrl Pts',(0.893178717046976,1.89174626469612,2.74));
#13187=CARTESIAN_POINT('Ctrl Pts',(0.893178717046976,1.89174626469612,2.695));
#13188=CARTESIAN_POINT('',(0.938710794597864,1.87097547650337,2.74));
#13189=CARTESIAN_POINT('Ctrl Pts',(0.938710794597864,1.87097547650337,2.74));
#13190=CARTESIAN_POINT('Ctrl Pts',(0.920395628362894,1.89174626469612,2.74));
#13191=CARTESIAN_POINT('Ctrl Pts',(0.893178717046976,1.89174626469612,2.74));
#13192=CARTESIAN_POINT('',(0.938710794597864,1.87097547650337,2.695));
#13193=CARTESIAN_POINT('',(0.938710794597864,1.87097547650337,2.74));
#13194=CARTESIAN_POINT('Ctrl Pts',(0.938710794597864,1.87097547650337,2.695));
#13195=CARTESIAN_POINT('Ctrl Pts',(0.920395628362894,1.89174626469612,2.695));
#13196=CARTESIAN_POINT('Ctrl Pts',(0.893178717046976,1.89174626469612,2.695));
#13197=CARTESIAN_POINT('Ctrl Pts',(0.957025931030512,1.80989087820053,2.74));
#13198=CARTESIAN_POINT('Ctrl Pts',(0.957025931030512,1.80989087820053,2.695));
#13199=CARTESIAN_POINT('Ctrl Pts',(0.957025931030512,1.85020468831062,2.74));
#13200=CARTESIAN_POINT('Ctrl Pts',(0.957025931030512,1.85020468831062,2.695));
#13201=CARTESIAN_POINT('Ctrl Pts',(0.938710794597864,1.87097547650337,2.74));
#13202=CARTESIAN_POINT('Ctrl Pts',(0.938710794597864,1.87097547650337,2.695));
#13203=CARTESIAN_POINT('',(0.957025931030512,1.80989087820053,2.74));
#13204=CARTESIAN_POINT('Ctrl Pts',(0.957025931030512,1.80989087820053,2.74));
#13205=CARTESIAN_POINT('Ctrl Pts',(0.957025931030512,1.85020468831062,2.74));
#13206=CARTESIAN_POINT('Ctrl Pts',(0.938710794597864,1.87097547650337,2.74));
#13207=CARTESIAN_POINT('',(0.957025931030512,1.80989087820053,2.695));
#13208=CARTESIAN_POINT('',(0.957025931030512,1.80989087820053,2.74));
#13209=CARTESIAN_POINT('Ctrl Pts',(0.957025931030512,1.80989087820053,2.695));
#13210=CARTESIAN_POINT('Ctrl Pts',(0.957025931030512,1.85020468831062,2.695));
#13211=CARTESIAN_POINT('Ctrl Pts',(0.938710794597864,1.87097547650337,2.695));
#13212=CARTESIAN_POINT('Ctrl Pts',(0.938813076168299,1.74624834656715,2.74));
#13213=CARTESIAN_POINT('Ctrl Pts',(0.938813076168299,1.74624834656715,2.695));
#13214=CARTESIAN_POINT('Ctrl Pts',(0.957025931030512,1.76712141633034,2.74));
#13215=CARTESIAN_POINT('Ctrl Pts',(0.957025931030512,1.76712141633034,2.695));
#13216=CARTESIAN_POINT('Ctrl Pts',(0.957025931030512,1.80989087820053,2.74));
#13217=CARTESIAN_POINT('Ctrl Pts',(0.957025931030512,1.80989087820053,2.695));
#13218=CARTESIAN_POINT('',(0.938813076168299,1.74624834656715,2.74));
#13219=CARTESIAN_POINT('Ctrl Pts',(0.938813076168299,1.74624834656715,2.74));
#13220=CARTESIAN_POINT('Ctrl Pts',(0.957025931030512,1.76712141633034,2.74));
#13221=CARTESIAN_POINT('Ctrl Pts',(0.957025931030512,1.80989087820053,2.74));
#13222=CARTESIAN_POINT('',(0.938813076168299,1.74624834656715,2.695));
#13223=CARTESIAN_POINT('',(0.938813076168299,1.74624834656715,2.74));
#13224=CARTESIAN_POINT('Ctrl Pts',(0.938813076168299,1.74624834656715,2.695));
#13225=CARTESIAN_POINT('Ctrl Pts',(0.957025931030512,1.76712141633034,2.695));
#13226=CARTESIAN_POINT('Ctrl Pts',(0.957025931030512,1.80989087820053,2.695));
#13227=CARTESIAN_POINT('Ctrl Pts',(0.893178717046976,1.72537521719933,2.74));
#13228=CARTESIAN_POINT('Ctrl Pts',(0.893178717046976,1.72537521719933,2.695));
#13229=CARTESIAN_POINT('Ctrl Pts',(0.92060028091073,1.72537521719933,2.74));
#13230=CARTESIAN_POINT('Ctrl Pts',(0.92060028091073,1.72537521719933,2.695));
#13231=CARTESIAN_POINT('Ctrl Pts',(0.938813076168299,1.74624834656715,2.74));
#13232=CARTESIAN_POINT('Ctrl Pts',(0.938813076168299,1.74624834656715,2.695));
#13233=CARTESIAN_POINT('',(0.893178717046976,1.72537521719933,2.74));
#13234=CARTESIAN_POINT('Ctrl Pts',(0.893178717046976,1.72537521719933,2.74));
#13235=CARTESIAN_POINT('Ctrl Pts',(0.92060028091073,1.72537521719933,2.74));
#13236=CARTESIAN_POINT('Ctrl Pts',(0.938813076168299,1.74624834656715,2.74));
#13237=CARTESIAN_POINT('',(0.893178717046976,1.72537521719933,2.695));
#13238=CARTESIAN_POINT('',(0.893178717046976,1.72537521719933,2.74));
#13239=CARTESIAN_POINT('Ctrl Pts',(0.893178717046976,1.72537521719933,2.695));
#13240=CARTESIAN_POINT('Ctrl Pts',(0.92060028091073,1.72537521719933,2.695));
#13241=CARTESIAN_POINT('Ctrl Pts',(0.938813076168299,1.74624834656715,2.695));
#13242=CARTESIAN_POINT('Ctrl Pts',(0.847339690476656,1.74614600539207,2.74));
#13243=CARTESIAN_POINT('Ctrl Pts',(0.847339690476656,1.74614600539207,2.695));
#13244=CARTESIAN_POINT('Ctrl Pts',(0.865552515536547,1.72537521719933,2.74));
#13245=CARTESIAN_POINT('Ctrl Pts',(0.865552515536547,1.72537521719933,2.695));
#13246=CARTESIAN_POINT('Ctrl Pts',(0.893178717046976,1.72537521719933,2.74));
#13247=CARTESIAN_POINT('Ctrl Pts',(0.893178717046976,1.72537521719933,2.695));
#13248=CARTESIAN_POINT('',(0.847339690476656,1.74614600539207,2.74));
#13249=CARTESIAN_POINT('Ctrl Pts',(0.847339690476656,1.74614600539207,2.74));
#13250=CARTESIAN_POINT('Ctrl Pts',(0.865552515536547,1.72537521719933,2.74));
#13251=CARTESIAN_POINT('Ctrl Pts',(0.893178717046976,1.72537521719933,2.74));
#13252=CARTESIAN_POINT('',(0.847339690476656,1.74614600539207,2.695));
#13253=CARTESIAN_POINT('',(0.847339690476656,1.74614600539207,2.74));
#13254=CARTESIAN_POINT('Ctrl Pts',(0.847339690476656,1.74614600539207,2.695));
#13255=CARTESIAN_POINT('Ctrl Pts',(0.865552515536547,1.72537521719933,2.695));
#13256=CARTESIAN_POINT('Ctrl Pts',(0.893178717046976,1.72537521719933,2.695));
#13257=CARTESIAN_POINT('Ctrl Pts',(0.829126865416765,1.80866305232048,2.74));
#13258=CARTESIAN_POINT('Ctrl Pts',(0.829126865416765,1.80866305232048,2.695));
#13259=CARTESIAN_POINT('Ctrl Pts',(0.829126865416765,1.76691679358482,2.74));
#13260=CARTESIAN_POINT('Ctrl Pts',(0.829126865416765,1.76691679358482,2.695));
#13261=CARTESIAN_POINT('Ctrl Pts',(0.847339690476656,1.74614600539207,2.74));
#13262=CARTESIAN_POINT('Ctrl Pts',(0.847339690476656,1.74614600539207,2.695));
#13263=CARTESIAN_POINT('',(0.829126865416765,1.80866305232048,2.74));
#13264=CARTESIAN_POINT('Ctrl Pts',(0.829126865416765,1.80866305232048,2.74));
#13265=CARTESIAN_POINT('Ctrl Pts',(0.829126865416765,1.76691679358482,2.74));
#13266=CARTESIAN_POINT('Ctrl Pts',(0.847339690476656,1.74614600539207,2.74));
#13267=CARTESIAN_POINT('',(0.829126865416765,1.80866305232048,2.695));
#13268=CARTESIAN_POINT('',(0.829126865416765,1.80866305232048,2.74));
#13269=CARTESIAN_POINT('Ctrl Pts',(0.829126865416765,1.80866305232048,2.695));
#13270=CARTESIAN_POINT('Ctrl Pts',(0.829126865416765,1.76691679358482,2.695));
#13271=CARTESIAN_POINT('Ctrl Pts',(0.847339690476656,1.74614600539207,2.695));
#13272=CARTESIAN_POINT('Ctrl Pts',(0.847339690476656,1.87107781767845,2.74));
#13273=CARTESIAN_POINT('Ctrl Pts',(0.847339690476656,1.87107781767845,2.695));
#13274=CARTESIAN_POINT('Ctrl Pts',(0.829126865416765,1.85040931105614,2.74));
#13275=CARTESIAN_POINT('Ctrl Pts',(0.829126865416765,1.85040931105614,2.695));
#13276=CARTESIAN_POINT('Ctrl Pts',(0.829126865416765,1.80866305232048,2.74));
#13277=CARTESIAN_POINT('Ctrl Pts',(0.829126865416765,1.80866305232048,2.695));
#13278=CARTESIAN_POINT('Ctrl Pts',(0.847339690476656,1.87107781767845,2.74));
#13279=CARTESIAN_POINT('Ctrl Pts',(0.829126865416765,1.85040931105614,2.74));
#13280=CARTESIAN_POINT('Ctrl Pts',(0.829126865416765,1.80866305232048,2.74));
#13281=CARTESIAN_POINT('Ctrl Pts',(0.847339690476656,1.87107781767845,2.695));
#13282=CARTESIAN_POINT('Ctrl Pts',(0.829126865416765,1.85040931105614,2.695));
#13283=CARTESIAN_POINT('Ctrl Pts',(0.829126865416765,1.80866305232048,2.695));
#13284=CARTESIAN_POINT('Ctrl Pts',(0.893178717046976,1.69508872628212,2.74));
#13285=CARTESIAN_POINT('Ctrl Pts',(0.893178717046976,1.69508872628212,2.695));
#13286=CARTESIAN_POINT('Ctrl Pts',(0.847544328123331,1.69508872628212,2.74));
#13287=CARTESIAN_POINT('Ctrl Pts',(0.847544328123331,1.69508872628212,2.695));
#13288=CARTESIAN_POINT('Ctrl Pts',(0.819406539946794,1.72435198426247,2.74));
#13289=CARTESIAN_POINT('Ctrl Pts',(0.819406539946794,1.72435198426247,2.695));
#13290=CARTESIAN_POINT('',(0.893178717046976,1.69508872628212,2.74));
#13291=CARTESIAN_POINT('',(0.819406539946794,1.72435198426247,2.74));
#13292=CARTESIAN_POINT('Ctrl Pts',(0.893178717046976,1.69508872628212,2.74));
#13293=CARTESIAN_POINT('Ctrl Pts',(0.847544328123331,1.69508872628212,2.74));
#13294=CARTESIAN_POINT('Ctrl Pts',(0.819406539946794,1.72435198426247,2.74));
#13295=CARTESIAN_POINT('',(0.893178717046976,1.69508872628212,2.695));
#13296=CARTESIAN_POINT('',(0.893178717046976,1.69508872628212,2.74));
#13297=CARTESIAN_POINT('',(0.819406539946794,1.72435198426247,2.695));
#13298=CARTESIAN_POINT('Ctrl Pts',(0.893178717046976,1.69508872628212,2.695));
#13299=CARTESIAN_POINT('Ctrl Pts',(0.847544328123331,1.69508872628212,2.695));
#13300=CARTESIAN_POINT('Ctrl Pts',(0.819406539946794,1.72435198426247,2.695));
#13301=CARTESIAN_POINT('',(0.819406539946794,1.72435198426247,2.74));
#13302=CARTESIAN_POINT('Ctrl Pts',(0.945668474584818,1.70839021801949,2.74));
#13303=CARTESIAN_POINT('Ctrl Pts',(0.945668474584818,1.70839021801949,2.695));
#13304=CARTESIAN_POINT('Ctrl Pts',(0.921623454242945,1.69508872628212,2.74));
#13305=CARTESIAN_POINT('Ctrl Pts',(0.921623454242945,1.69508872628212,2.695));
#13306=CARTESIAN_POINT('Ctrl Pts',(0.893178717046976,1.69508872628212,2.74));
#13307=CARTESIAN_POINT('Ctrl Pts',(0.893178717046976,1.69508872628212,2.695));
#13308=CARTESIAN_POINT('',(0.945668474584818,1.70839021801949,2.74));
#13309=CARTESIAN_POINT('Ctrl Pts',(0.945668474584818,1.70839021801949,2.74));
#13310=CARTESIAN_POINT('Ctrl Pts',(0.921623454242945,1.69508872628212,2.74));
#13311=CARTESIAN_POINT('Ctrl Pts',(0.893178717046976,1.69508872628212,2.74));
#13312=CARTESIAN_POINT('',(0.945668474584818,1.70839021801949,2.695));
#13313=CARTESIAN_POINT('',(0.945668474584818,1.70839021801949,2.74));
#13314=CARTESIAN_POINT('Ctrl Pts',(0.945668474584818,1.70839021801949,2.695));
#13315=CARTESIAN_POINT('Ctrl Pts',(0.921623454242945,1.69508872628212,2.695));
#13316=CARTESIAN_POINT('Ctrl Pts',(0.893178717046976,1.69508872628212,2.695));
#13317=CARTESIAN_POINT('Ctrl Pts',(0.982298777252436,1.7457367002964,2.74));
#13318=CARTESIAN_POINT('Ctrl Pts',(0.982298777252436,1.7457367002964,2.695));
#13319=CARTESIAN_POINT('Ctrl Pts',(0.969713494926691,1.72169170975685,2.74));
#13320=CARTESIAN_POINT('Ctrl Pts',(0.969713494926691,1.72169170975685,2.695));
#13321=CARTESIAN_POINT('Ctrl Pts',(0.945668474584818,1.70839021801949,2.74));
#13322=CARTESIAN_POINT('Ctrl Pts',(0.945668474584818,1.70839021801949,2.695));
#13323=CARTESIAN_POINT('',(0.982298777252436,1.7457367002964,2.74));
#13324=CARTESIAN_POINT('Ctrl Pts',(0.982298777252436,1.7457367002964,2.74));
#13325=CARTESIAN_POINT('Ctrl Pts',(0.969713494926691,1.72169170975685,2.74));
#13326=CARTESIAN_POINT('Ctrl Pts',(0.945668474584818,1.70839021801949,2.74));
#13327=CARTESIAN_POINT('',(0.982298777252436,1.7457367002964,2.695));
#13328=CARTESIAN_POINT('',(0.982298777252436,1.7457367002964,2.74));
#13329=CARTESIAN_POINT('Ctrl Pts',(0.982298777252436,1.7457367002964,2.695));
#13330=CARTESIAN_POINT('Ctrl Pts',(0.969713494926691,1.72169170975685,2.695));
#13331=CARTESIAN_POINT('Ctrl Pts',(0.945668474584818,1.70839021801949,2.695));
#13332=CARTESIAN_POINT('Ctrl Pts',(0.994884029775858,1.81173263192177,2.74));
#13333=CARTESIAN_POINT('Ctrl Pts',(0.994884029775858,1.81173263192177,2.695));
#13334=CARTESIAN_POINT('Ctrl Pts',(0.994884029775858,1.7697817504406,2.74));
#13335=CARTESIAN_POINT('Ctrl Pts',(0.994884029775858,1.7697817504406,2.695));
#13336=CARTESIAN_POINT('Ctrl Pts',(0.982298777252436,1.7457367002964,2.74));
#13337=CARTESIAN_POINT('Ctrl Pts',(0.982298777252436,1.7457367002964,2.695));
#13338=CARTESIAN_POINT('',(0.994884029775858,1.81173263192177,2.74));
#13339=CARTESIAN_POINT('Ctrl Pts',(0.994884029775858,1.81173263192177,2.74));
#13340=CARTESIAN_POINT('Ctrl Pts',(0.994884029775858,1.7697817504406,2.74));
#13341=CARTESIAN_POINT('Ctrl Pts',(0.982298777252436,1.7457367002964,2.74));
#13342=CARTESIAN_POINT('',(0.994884029775858,1.81173263192177,2.695));
#13343=CARTESIAN_POINT('',(0.994884029775858,1.81173263192177,2.74));
#13344=CARTESIAN_POINT('Ctrl Pts',(0.994884029775858,1.81173263192177,2.695));
#13345=CARTESIAN_POINT('Ctrl Pts',(0.994884029775858,1.7697817504406,2.695));
#13346=CARTESIAN_POINT('Ctrl Pts',(0.982298777252436,1.7457367002964,2.695));
#13347=CARTESIAN_POINT('Ctrl Pts',(0.966439292579889,1.89287177920342,2.74));
#13348=CARTESIAN_POINT('Ctrl Pts',(0.966439292579889,1.89287177920342,2.695));
#13349=CARTESIAN_POINT('Ctrl Pts',(0.994884029775858,1.86350618004799,2.74));
#13350=CARTESIAN_POINT('Ctrl Pts',(0.994884029775858,1.86350618004799,2.695));
#13351=CARTESIAN_POINT('Ctrl Pts',(0.994884029775858,1.81173263192177,2.74));
#13352=CARTESIAN_POINT('Ctrl Pts',(0.994884029775858,1.81173263192177,2.695));
#13353=CARTESIAN_POINT('',(0.966439292579889,1.89287177920342,2.74));
#13354=CARTESIAN_POINT('Ctrl Pts',(0.966439292579889,1.89287177920342,2.74));
#13355=CARTESIAN_POINT('Ctrl Pts',(0.994884029775858,1.86350618004799,2.74));
#13356=CARTESIAN_POINT('Ctrl Pts',(0.994884029775858,1.81173263192177,2.74));
#13357=CARTESIAN_POINT('',(0.966439292579889,1.89287177920342,2.695));
#13358=CARTESIAN_POINT('',(0.966439292579889,1.89287177920342,2.74));
#13359=CARTESIAN_POINT('Ctrl Pts',(0.966439292579889,1.89287177920342,2.695));
#13360=CARTESIAN_POINT('Ctrl Pts',(0.994884029775858,1.86350618004799,2.695));
#13361=CARTESIAN_POINT('Ctrl Pts',(0.994884029775858,1.81173263192177,2.695));
#13362=CARTESIAN_POINT('Ctrl Pts',(0.893178717046976,1.92223743796349,2.74));
#13363=CARTESIAN_POINT('Ctrl Pts',(0.893178717046976,1.92223743796349,2.695));
#13364=CARTESIAN_POINT('Ctrl Pts',(0.937994525581598,1.92223743796349,2.74));
#13365=CARTESIAN_POINT('Ctrl Pts',(0.937994525581598,1.92223743796349,2.695));
#13366=CARTESIAN_POINT('Ctrl Pts',(0.966439292579889,1.89287177920342,2.74));
#13367=CARTESIAN_POINT('Ctrl Pts',(0.966439292579889,1.89287177920342,2.695));
#13368=CARTESIAN_POINT('',(0.893178717046976,1.92223743796349,2.74));
#13369=CARTESIAN_POINT('Ctrl Pts',(0.893178717046976,1.92223743796349,2.74));
#13370=CARTESIAN_POINT('Ctrl Pts',(0.937994525581598,1.92223743796349,2.74));
#13371=CARTESIAN_POINT('Ctrl Pts',(0.966439292579889,1.89287177920342,2.74));
#13372=CARTESIAN_POINT('',(0.893178717046976,1.92223743796349,2.695));
#13373=CARTESIAN_POINT('',(0.893178717046976,1.92223743796349,2.74));
#13374=CARTESIAN_POINT('Ctrl Pts',(0.893178717046976,1.92223743796349,2.695));
#13375=CARTESIAN_POINT('Ctrl Pts',(0.937994525581598,1.92223743796349,2.695));
#13376=CARTESIAN_POINT('Ctrl Pts',(0.966439292579889,1.89287177920342,2.695));
#13377=CARTESIAN_POINT('Ctrl Pts',(0.824829459935427,1.89809007644653,2.74));
#13378=CARTESIAN_POINT('Ctrl Pts',(0.824829459935427,1.89809007644653,2.695));
#13379=CARTESIAN_POINT('Ctrl Pts',(0.852864936739206,1.92223743796349,2.74));
#13380=CARTESIAN_POINT('Ctrl Pts',(0.852864936739206,1.92223743796349,2.695));
#13381=CARTESIAN_POINT('Ctrl Pts',(0.893178717046976,1.92223743796349,2.74));
#13382=CARTESIAN_POINT('Ctrl Pts',(0.893178717046976,1.92223743796349,2.695));
#13383=CARTESIAN_POINT('',(0.824829459935427,1.89809007644653,2.74));
#13384=CARTESIAN_POINT('Ctrl Pts',(0.824829459935427,1.89809007644653,2.74));
#13385=CARTESIAN_POINT('Ctrl Pts',(0.852864936739206,1.92223743796349,2.74));
#13386=CARTESIAN_POINT('Ctrl Pts',(0.893178717046976,1.92223743796349,2.74));
#13387=CARTESIAN_POINT('',(0.824829459935427,1.89809007644653,2.695));
#13388=CARTESIAN_POINT('',(0.824829459935427,1.89809007644653,2.74));
#13389=CARTESIAN_POINT('Ctrl Pts',(0.824829459935427,1.89809007644653,2.695));
#13390=CARTESIAN_POINT('Ctrl Pts',(0.852864936739206,1.92223743796349,2.695));
#13391=CARTESIAN_POINT('Ctrl Pts',(0.893178717046976,1.92223743796349,2.695));
#13392=CARTESIAN_POINT('Ctrl Pts',(0.791268751770258,1.80866305232048,2.74));
#13393=CARTESIAN_POINT('Ctrl Pts',(0.791268751770258,1.80866305232048,2.695));
#13394=CARTESIAN_POINT('Ctrl Pts',(0.791268751770258,1.86903141140938,2.74));
#13395=CARTESIAN_POINT('Ctrl Pts',(0.791268751770258,1.86903141140938,2.695));
#13396=CARTESIAN_POINT('Ctrl Pts',(0.824829459935427,1.89809007644653,2.74));
#13397=CARTESIAN_POINT('Ctrl Pts',(0.824829459935427,1.89809007644653,2.695));
#13398=CARTESIAN_POINT('',(0.791268751770258,1.80866305232048,2.74));
#13399=CARTESIAN_POINT('Ctrl Pts',(0.791268751770258,1.80866305232048,2.74));
#13400=CARTESIAN_POINT('Ctrl Pts',(0.791268751770258,1.86903141140938,2.74));
#13401=CARTESIAN_POINT('Ctrl Pts',(0.824829459935427,1.89809007644653,2.74));
#13402=CARTESIAN_POINT('',(0.791268751770258,1.80866305232048,2.695));
#13403=CARTESIAN_POINT('',(0.791268751770258,1.80866305232048,2.74));
#13404=CARTESIAN_POINT('Ctrl Pts',(0.791268751770258,1.80866305232048,2.695));
#13405=CARTESIAN_POINT('Ctrl Pts',(0.791268751770258,1.86903141140938,2.695));
#13406=CARTESIAN_POINT('Ctrl Pts',(0.824829459935427,1.89809007644653,2.695));
#13407=CARTESIAN_POINT('Ctrl Pts',(0.819406539946794,1.72435198426247,2.74));
#13408=CARTESIAN_POINT('Ctrl Pts',(0.819406539946794,1.72435198426247,2.695));
#13409=CARTESIAN_POINT('Ctrl Pts',(0.791268751770258,1.75361530184746,2.74));
#13410=CARTESIAN_POINT('Ctrl Pts',(0.791268751770258,1.75361530184746,2.695));
#13411=CARTESIAN_POINT('Ctrl Pts',(0.791268751770258,1.80866305232048,2.74));
#13412=CARTESIAN_POINT('Ctrl Pts',(0.791268751770258,1.80866305232048,2.695));
#13413=CARTESIAN_POINT('Ctrl Pts',(0.819406539946794,1.72435198426247,2.74));
#13414=CARTESIAN_POINT('Ctrl Pts',(0.791268751770258,1.75361530184746,2.74));
#13415=CARTESIAN_POINT('Ctrl Pts',(0.791268751770258,1.80866305232048,2.74));
#13416=CARTESIAN_POINT('Ctrl Pts',(0.819406539946794,1.72435198426247,2.695));
#13417=CARTESIAN_POINT('Ctrl Pts',(0.791268751770258,1.75361530184746,2.695));
#13418=CARTESIAN_POINT('Ctrl Pts',(0.791268751770258,1.80866305232048,2.695));
#13419=CARTESIAN_POINT('Origin',(2.14761248119175,1.80590043663979,2.695));
#13420=CARTESIAN_POINT('Origin',(1.50566171184182,1.96459756493568,2.74));
#13421=CARTESIAN_POINT('',(1.50566171184182,1.96459756493568,2.74));
#13422=CARTESIAN_POINT('',(1.44570259824395,1.96459756493568,2.74));
#13423=CARTESIAN_POINT('',(2.75283085592091,1.96459756493568,2.74));
#13424=CARTESIAN_POINT('',(1.50566171184182,1.96459756493568,2.695));
#13425=CARTESIAN_POINT('',(1.50566171184182,1.96459756493568,2.74));
#13426=CARTESIAN_POINT('',(1.44570259824395,1.96459756493568,2.695));
#13427=CARTESIAN_POINT('',(1.50566171184182,1.96459756493568,2.695));
#13428=CARTESIAN_POINT('',(1.44570259824395,1.96459756493568,2.74));
#13429=CARTESIAN_POINT('Ctrl Pts',(1.55129610076547,1.96040250062943,2.74));
#13430=CARTESIAN_POINT('Ctrl Pts',(1.55129610076547,1.96040250062943,2.695));
#13431=CARTESIAN_POINT('Ctrl Pts',(1.53799454942346,1.96459756493568,2.74));
#13432=CARTESIAN_POINT('Ctrl Pts',(1.53799454942346,1.96459756493568,2.695));
#13433=CARTESIAN_POINT('Ctrl Pts',(1.50566171184182,1.96459756493568,2.74));
#13434=CARTESIAN_POINT('Ctrl Pts',(1.50566171184182,1.96459756493568,2.695));
#13435=CARTESIAN_POINT('',(1.55129610076547,1.96040250062943,2.74));
#13436=CARTESIAN_POINT('Ctrl Pts',(1.55129610076547,1.96040250062943,2.74));
#13437=CARTESIAN_POINT('Ctrl Pts',(1.53799454942346,1.96459756493568,2.74));
#13438=CARTESIAN_POINT('Ctrl Pts',(1.50566171184182,1.96459756493568,2.74));
#13439=CARTESIAN_POINT('',(1.55129610076547,1.96040250062943,2.695));
#13440=CARTESIAN_POINT('',(1.55129610076547,1.96040250062943,2.74));
#13441=CARTESIAN_POINT('Ctrl Pts',(1.55129610076547,1.96040250062943,2.695));
#13442=CARTESIAN_POINT('Ctrl Pts',(1.53799454942346,1.96459756493568,2.695));
#13443=CARTESIAN_POINT('Ctrl Pts',(1.50566171184182,1.96459756493568,2.695));
#13444=CARTESIAN_POINT('Ctrl Pts',(1.57175992503762,1.94484995007515,2.74));
#13445=CARTESIAN_POINT('Ctrl Pts',(1.57175992503762,1.94484995007515,2.695));
#13446=CARTESIAN_POINT('Ctrl Pts',(1.56459759250283,1.95620740652084,2.74));
#13447=CARTESIAN_POINT('Ctrl Pts',(1.56459759250283,1.95620740652084,2.695));
#13448=CARTESIAN_POINT('Ctrl Pts',(1.55129610076547,1.96040250062943,2.74));
#13449=CARTESIAN_POINT('Ctrl Pts',(1.55129610076547,1.96040250062943,2.695));
#13450=CARTESIAN_POINT('',(1.57175992503762,1.94484995007515,2.74));
#13451=CARTESIAN_POINT('Ctrl Pts',(1.57175992503762,1.94484995007515,2.74));
#13452=CARTESIAN_POINT('Ctrl Pts',(1.56459759250283,1.95620740652084,2.74));
#13453=CARTESIAN_POINT('Ctrl Pts',(1.55129610076547,1.96040250062943,2.74));
#13454=CARTESIAN_POINT('',(1.57175992503762,1.94484995007515,2.695));
#13455=CARTESIAN_POINT('',(1.57175992503762,1.94484995007515,2.74));
#13456=CARTESIAN_POINT('Ctrl Pts',(1.57175992503762,1.94484995007515,2.695));
#13457=CARTESIAN_POINT('Ctrl Pts',(1.56459759250283,1.95620740652084,2.695));
#13458=CARTESIAN_POINT('Ctrl Pts',(1.55129610076547,1.96040250062943,2.695));
#13459=CARTESIAN_POINT('Ctrl Pts',(1.57892225757241,1.91855393052101,2.74));
#13460=CARTESIAN_POINT('Ctrl Pts',(1.57892225757241,1.91855393052101,2.695));
#13461=CARTESIAN_POINT('Ctrl Pts',(1.57892225757241,1.93349252343178,2.74));
#13462=CARTESIAN_POINT('Ctrl Pts',(1.57892225757241,1.93349252343178,2.695));
#13463=CARTESIAN_POINT('Ctrl Pts',(1.57175992503762,1.94484995007515,2.74));
#13464=CARTESIAN_POINT('Ctrl Pts',(1.57175992503762,1.94484995007515,2.695));
#13465=CARTESIAN_POINT('',(1.57892225757241,1.91855393052101,2.74));
#13466=CARTESIAN_POINT('Ctrl Pts',(1.57892225757241,1.91855393052101,2.74));
#13467=CARTESIAN_POINT('Ctrl Pts',(1.57892225757241,1.93349252343178,2.74));
#13468=CARTESIAN_POINT('Ctrl Pts',(1.57175992503762,1.94484995007515,2.74));
#13469=CARTESIAN_POINT('',(1.57892225757241,1.91855393052101,2.695));
#13470=CARTESIAN_POINT('',(1.57892225757241,1.91855393052101,2.74));
#13471=CARTESIAN_POINT('Ctrl Pts',(1.57892225757241,1.91855393052101,2.695));
#13472=CARTESIAN_POINT('Ctrl Pts',(1.57892225757241,1.93349252343178,2.695));
#13473=CARTESIAN_POINT('Ctrl Pts',(1.57175992503762,1.94484995007515,2.695));
#13474=CARTESIAN_POINT('Ctrl Pts',(1.57124827876687,1.89236019253731,2.74));
#13475=CARTESIAN_POINT('Ctrl Pts',(1.57124827876687,1.89236019253731,2.695));
#13476=CARTESIAN_POINT('Ctrl Pts',(1.57892225757241,1.90279675722122,2.74));
#13477=CARTESIAN_POINT('Ctrl Pts',(1.57892225757241,1.90279675722122,2.695));
#13478=CARTESIAN_POINT('Ctrl Pts',(1.57892225757241,1.91855393052101,2.74));
#13479=CARTESIAN_POINT('Ctrl Pts',(1.57892225757241,1.91855393052101,2.695));
#13480=CARTESIAN_POINT('',(1.57124827876687,1.89236019253731,2.74));
#13481=CARTESIAN_POINT('Ctrl Pts',(1.57124827876687,1.89236019253731,2.74));
#13482=CARTESIAN_POINT('Ctrl Pts',(1.57892225757241,1.90279675722122,2.74));
#13483=CARTESIAN_POINT('Ctrl Pts',(1.57892225757241,1.91855393052101,2.74));
#13484=CARTESIAN_POINT('',(1.57124827876687,1.89236019253731,2.695));
#13485=CARTESIAN_POINT('',(1.57124827876687,1.89236019253731,2.74));
#13486=CARTESIAN_POINT('Ctrl Pts',(1.57124827876687,1.89236019253731,2.695));
#13487=CARTESIAN_POINT('Ctrl Pts',(1.57892225757241,1.90279675722122,2.695));
#13488=CARTESIAN_POINT('Ctrl Pts',(1.57892225757241,1.91855393052101,2.695));
#13489=CARTESIAN_POINT('Ctrl Pts',(1.54843114390969,1.87742159962654,2.74));
#13490=CARTESIAN_POINT('Ctrl Pts',(1.54843114390969,1.87742159962654,2.695));
#13491=CARTESIAN_POINT('Ctrl Pts',(1.56357435956597,1.88192362785339,2.74));
#13492=CARTESIAN_POINT('Ctrl Pts',(1.56357435956597,1.88192362785339,2.695));
#13493=CARTESIAN_POINT('Ctrl Pts',(1.57124827876687,1.89236019253731,2.74));
#13494=CARTESIAN_POINT('Ctrl Pts',(1.57124827876687,1.89236019253731,2.695));
#13495=CARTESIAN_POINT('',(1.54843114390969,1.87742159962654,2.74));
#13496=CARTESIAN_POINT('Ctrl Pts',(1.54843114390969,1.87742159962654,2.74));
#13497=CARTESIAN_POINT('Ctrl Pts',(1.56357435956597,1.88192362785339,2.74));
#13498=CARTESIAN_POINT('Ctrl Pts',(1.57124827876687,1.89236019253731,2.74));
#13499=CARTESIAN_POINT('',(1.54843114390969,1.87742159962654,2.695));
#13500=CARTESIAN_POINT('',(1.54843114390969,1.87742159962654,2.74));
#13501=CARTESIAN_POINT('Ctrl Pts',(1.54843114390969,1.87742159962654,2.695));
#13502=CARTESIAN_POINT('Ctrl Pts',(1.56357435956597,1.88192362785339,2.695));
#13503=CARTESIAN_POINT('Ctrl Pts',(1.57124827876687,1.89236019253731,2.695));
#13504=CARTESIAN_POINT('Ctrl Pts',(1.51057301536202,1.87394271492958,2.74));
#13505=CARTESIAN_POINT('Ctrl Pts',(1.51057301536202,1.87394271492958,2.695));
#13506=CARTESIAN_POINT('Ctrl Pts',(1.53697137609124,1.87394271492958,2.74));
#13507=CARTESIAN_POINT('Ctrl Pts',(1.53697137609124,1.87394271492958,2.695));
#13508=CARTESIAN_POINT('Ctrl Pts',(1.54843114390969,1.87742159962654,2.74));
#13509=CARTESIAN_POINT('Ctrl Pts',(1.54843114390969,1.87742159962654,2.695));
#13510=CARTESIAN_POINT('',(1.51057301536202,1.87394271492958,2.74));
#13511=CARTESIAN_POINT('Ctrl Pts',(1.51057301536202,1.87394271492958,2.74));
#13512=CARTESIAN_POINT('Ctrl Pts',(1.53697137609124,1.87394271492958,2.74));
#13513=CARTESIAN_POINT('Ctrl Pts',(1.54843114390969,1.87742159962654,2.74));
#13514=CARTESIAN_POINT('',(1.51057301536202,1.87394271492958,2.695));
#13515=CARTESIAN_POINT('',(1.51057301536202,1.87394271492958,2.74));
#13516=CARTESIAN_POINT('Ctrl Pts',(1.51057301536202,1.87394271492958,2.695));
#13517=CARTESIAN_POINT('Ctrl Pts',(1.53697137609124,1.87394271492958,2.695));
#13518=CARTESIAN_POINT('Ctrl Pts',(1.54843114390969,1.87742159962654,2.695));
#13519=CARTESIAN_POINT('Origin',(1.44570259824395,1.87394271492958,2.74));
#13520=CARTESIAN_POINT('',(1.44570259824395,1.87394271492958,2.74));
#13521=CARTESIAN_POINT('',(2.72285129912198,1.87394271492958,2.74));
#13522=CARTESIAN_POINT('',(1.44570259824395,1.87394271492958,2.695));
#13523=CARTESIAN_POINT('',(1.44570259824395,1.87394271492958,2.74));
#13524=CARTESIAN_POINT('',(1.44570259824395,1.87394271492958,2.695));
#13525=CARTESIAN_POINT('Origin',(1.44570259824395,1.96459756493568,2.74));
#13526=CARTESIAN_POINT('',(1.44570259824395,1.98229878246784,2.74));
#13527=CARTESIAN_POINT('',(1.44570259824395,1.96459756493568,2.695));
#13528=CARTESIAN_POINT('Origin',(1.5150750733912,1.83854029774666,2.74));
#13529=CARTESIAN_POINT('',(1.5150750733912,1.83854029774666,2.74));
#13530=CARTESIAN_POINT('',(1.44570259824395,1.83854029774666,2.74));
#13531=CARTESIAN_POINT('',(2.7575375366956,1.83854029774666,2.74));
#13532=CARTESIAN_POINT('',(1.5150750733912,1.83854029774666,2.695));
#13533=CARTESIAN_POINT('',(1.5150750733912,1.83854029774666,2.74));
#13534=CARTESIAN_POINT('',(1.44570259824395,1.83854029774666,2.695));
#13535=CARTESIAN_POINT('',(1.5150750733912,1.83854029774666,2.695));
#13536=CARTESIAN_POINT('',(1.44570259824395,1.83854029774666,2.74));
#13537=CARTESIAN_POINT('Ctrl Pts',(1.55897001996636,1.83352665305138,2.74));
#13538=CARTESIAN_POINT('Ctrl Pts',(1.55897001996636,1.83352665305138,2.695));
#13539=CARTESIAN_POINT('Ctrl Pts',(1.54372440353036,1.83854029774666,2.74));
#13540=CARTESIAN_POINT('Ctrl Pts',(1.54372440353036,1.83854029774666,2.695));
#13541=CARTESIAN_POINT('Ctrl Pts',(1.5150750733912,1.83854029774666,2.74));
#13542=CARTESIAN_POINT('Ctrl Pts',(1.5150750733912,1.83854029774666,2.695));
#13543=CARTESIAN_POINT('',(1.55897001996636,1.83352665305138,2.74));
#13544=CARTESIAN_POINT('Ctrl Pts',(1.55897001996636,1.83352665305138,2.74));
#13545=CARTESIAN_POINT('Ctrl Pts',(1.54372440353036,1.83854029774666,2.74));
#13546=CARTESIAN_POINT('Ctrl Pts',(1.5150750733912,1.83854029774666,2.74));
#13547=CARTESIAN_POINT('',(1.55897001996636,1.83352665305138,2.695));
#13548=CARTESIAN_POINT('',(1.55897001996636,1.83352665305138,2.74));
#13549=CARTESIAN_POINT('Ctrl Pts',(1.55897001996636,1.83352665305138,2.695));
#13550=CARTESIAN_POINT('Ctrl Pts',(1.54372440353036,1.83854029774666,2.695));
#13551=CARTESIAN_POINT('Ctrl Pts',(1.5150750733912,1.83854029774666,2.695));
#13552=CARTESIAN_POINT('Ctrl Pts',(1.5828103877604,1.81613234877586,2.74));
#13553=CARTESIAN_POINT('Ctrl Pts',(1.5828103877604,1.81613234877586,2.695));
#13554=CARTESIAN_POINT('Ctrl Pts',(1.57421557679772,1.82851300835609,2.74));
#13555=CARTESIAN_POINT('Ctrl Pts',(1.57421557679772,1.82851300835609,2.695));
#13556=CARTESIAN_POINT('Ctrl Pts',(1.55897001996636,1.83352665305138,2.74));
#13557=CARTESIAN_POINT('Ctrl Pts',(1.55897001996636,1.83352665305138,2.695));
#13558=CARTESIAN_POINT('',(1.5828103877604,1.81613234877586,2.74));
#13559=CARTESIAN_POINT('Ctrl Pts',(1.5828103877604,1.81613234877586,2.74));
#13560=CARTESIAN_POINT('Ctrl Pts',(1.57421557679772,1.82851300835609,2.74));
#13561=CARTESIAN_POINT('Ctrl Pts',(1.55897001996636,1.83352665305138,2.74));
#13562=CARTESIAN_POINT('',(1.5828103877604,1.81613234877586,2.695));
#13563=CARTESIAN_POINT('',(1.5828103877604,1.81613234877586,2.74));
#13564=CARTESIAN_POINT('Ctrl Pts',(1.5828103877604,1.81613234877586,2.695));
#13565=CARTESIAN_POINT('Ctrl Pts',(1.57421557679772,1.82851300835609,2.695));
#13566=CARTESIAN_POINT('Ctrl Pts',(1.55897001996636,1.83352665305138,2.695));
#13567=CARTESIAN_POINT('Ctrl Pts',(1.59140519872308,1.78697137236595,2.74));
#13568=CARTESIAN_POINT('Ctrl Pts',(1.59140519872308,1.78697137236595,2.695));
#13569=CARTESIAN_POINT('Ctrl Pts',(1.59140519872308,1.80375174880028,2.74));
#13570=CARTESIAN_POINT('Ctrl Pts',(1.59140519872308,1.80375174880028,2.695));
#13571=CARTESIAN_POINT('Ctrl Pts',(1.5828103877604,1.81613234877586,2.74));
#13572=CARTESIAN_POINT('Ctrl Pts',(1.5828103877604,1.81613234877586,2.695));
#13573=CARTESIAN_POINT('',(1.59140519872308,1.78697137236595,2.74));
#13574=CARTESIAN_POINT('Ctrl Pts',(1.59140519872308,1.78697137236595,2.74));
#13575=CARTESIAN_POINT('Ctrl Pts',(1.59140519872308,1.80375174880028,2.74));
#13576=CARTESIAN_POINT('Ctrl Pts',(1.5828103877604,1.81613234877586,2.74));
#13577=CARTESIAN_POINT('',(1.59140519872308,1.78697137236595,2.695));
#13578=CARTESIAN_POINT('',(1.59140519872308,1.78697137236595,2.74));
#13579=CARTESIAN_POINT('Ctrl Pts',(1.59140519872308,1.78697137236595,2.695));
#13580=CARTESIAN_POINT('Ctrl Pts',(1.59140519872308,1.80375174880028,2.695));
#13581=CARTESIAN_POINT('Ctrl Pts',(1.5828103877604,1.81613234877586,2.695));
#13582=CARTESIAN_POINT('Ctrl Pts',(1.58547066226602,1.76169852614403,2.74));
#13583=CARTESIAN_POINT('Ctrl Pts',(1.58547066226602,1.76169852614403,2.695));
#13584=CARTESIAN_POINT('Ctrl Pts',(1.59140519872308,1.77264670729637,2.74));
#13585=CARTESIAN_POINT('Ctrl Pts',(1.59140519872308,1.77264670729637,2.695));
#13586=CARTESIAN_POINT('Ctrl Pts',(1.59140519872308,1.78697137236595,2.74));
#13587=CARTESIAN_POINT('Ctrl Pts',(1.59140519872308,1.78697137236595,2.695));
#13588=CARTESIAN_POINT('',(1.58547066226602,1.76169852614403,2.74));
#13589=CARTESIAN_POINT('Ctrl Pts',(1.58547066226602,1.76169852614403,2.74));
#13590=CARTESIAN_POINT('Ctrl Pts',(1.59140519872308,1.77264670729637,2.74));
#13591=CARTESIAN_POINT('Ctrl Pts',(1.59140519872308,1.78697137236595,2.74));
#13592=CARTESIAN_POINT('',(1.58547066226602,1.76169852614403,2.695));
#13593=CARTESIAN_POINT('',(1.58547066226602,1.76169852614403,2.74));
#13594=CARTESIAN_POINT('Ctrl Pts',(1.58547066226602,1.76169852614403,2.695));
#13595=CARTESIAN_POINT('Ctrl Pts',(1.59140519872308,1.77264670729637,2.695));
#13596=CARTESIAN_POINT('Ctrl Pts',(1.59140519872308,1.78697137236595,2.695));
#13597=CARTESIAN_POINT('Ctrl Pts',(1.57032744660974,1.74502049088478,2.74));
#13598=CARTESIAN_POINT('Ctrl Pts',(1.57032744660974,1.74502049088478,2.695));
#13599=CARTESIAN_POINT('Ctrl Pts',(1.5795361854136,1.75075034499168,2.74));
#13600=CARTESIAN_POINT('Ctrl Pts',(1.5795361854136,1.75075034499168,2.695));
#13601=CARTESIAN_POINT('Ctrl Pts',(1.58547066226602,1.76169852614403,2.74));
#13602=CARTESIAN_POINT('Ctrl Pts',(1.58547066226602,1.76169852614403,2.695));
#13603=CARTESIAN_POINT('',(1.57032744660974,1.74502049088478,2.74));
#13604=CARTESIAN_POINT('Ctrl Pts',(1.57032744660974,1.74502049088478,2.74));
#13605=CARTESIAN_POINT('Ctrl Pts',(1.5795361854136,1.75075034499168,2.74));
#13606=CARTESIAN_POINT('Ctrl Pts',(1.58547066226602,1.76169852614403,2.74));
#13607=CARTESIAN_POINT('',(1.57032744660974,1.74502049088478,2.695));
#13608=CARTESIAN_POINT('',(1.57032744660974,1.74502049088478,2.74));
#13609=CARTESIAN_POINT('Ctrl Pts',(1.57032744660974,1.74502049088478,2.695));
#13610=CARTESIAN_POINT('Ctrl Pts',(1.5795361854136,1.75075034499168,2.695));
#13611=CARTESIAN_POINT('Ctrl Pts',(1.58547066226602,1.76169852614403,2.695));
#13612=CARTESIAN_POINT('Ctrl Pts',(1.54740791097283,1.73683498501778,2.74));
#13613=CARTESIAN_POINT('Ctrl Pts',(1.54740791097283,1.73683498501778,2.695));
#13614=CARTESIAN_POINT('Ctrl Pts',(1.56111870780587,1.73929063677788,2.74));
#13615=CARTESIAN_POINT('Ctrl Pts',(1.56111870780587,1.73929063677788,2.695));
#13616=CARTESIAN_POINT('Ctrl Pts',(1.57032744660974,1.74502049088478,2.74));
#13617=CARTESIAN_POINT('Ctrl Pts',(1.57032744660974,1.74502049088478,2.695));
#13618=CARTESIAN_POINT('',(1.54740791097283,1.73683498501778,2.74));
#13619=CARTESIAN_POINT('Ctrl Pts',(1.54740791097283,1.73683498501778,2.74));
#13620=CARTESIAN_POINT('Ctrl Pts',(1.56111870780587,1.73929063677788,2.74));
#13621=CARTESIAN_POINT('Ctrl Pts',(1.57032744660974,1.74502049088478,2.74));
#13622=CARTESIAN_POINT('',(1.54740791097283,1.73683498501778,2.695));
#13623=CARTESIAN_POINT('',(1.54740791097283,1.73683498501778,2.74));
#13624=CARTESIAN_POINT('Ctrl Pts',(1.54740791097283,1.73683498501778,2.695));
#13625=CARTESIAN_POINT('Ctrl Pts',(1.56111870780587,1.73929063677788,2.695));
#13626=CARTESIAN_POINT('Ctrl Pts',(1.57032744660974,1.74502049088478,2.695));
#13627=CARTESIAN_POINT('Ctrl Pts',(1.52039562240243,1.73540250658989,2.74));
#13628=CARTESIAN_POINT('Ctrl Pts',(1.52039562240243,1.73540250658989,2.695));
#13629=CARTESIAN_POINT('Ctrl Pts',(1.53963165059686,1.73540250658989,2.74));
#13630=CARTESIAN_POINT('Ctrl Pts',(1.53963165059686,1.73540250658989,2.695));
#13631=CARTESIAN_POINT('Ctrl Pts',(1.54740791097283,1.73683498501778,2.74));
#13632=CARTESIAN_POINT('Ctrl Pts',(1.54740791097283,1.73683498501778,2.695));
#13633=CARTESIAN_POINT('',(1.52039562240243,1.73540250658989,2.74));
#13634=CARTESIAN_POINT('Ctrl Pts',(1.52039562240243,1.73540250658989,2.74));
#13635=CARTESIAN_POINT('Ctrl Pts',(1.53963165059686,1.73540250658989,2.74));
#13636=CARTESIAN_POINT('Ctrl Pts',(1.54740791097283,1.73683498501778,2.74));
#13637=CARTESIAN_POINT('',(1.52039562240243,1.73540250658989,2.695));
#13638=CARTESIAN_POINT('',(1.52039562240243,1.73540250658989,2.74));
#13639=CARTESIAN_POINT('Ctrl Pts',(1.52039562240243,1.73540250658989,2.695));
#13640=CARTESIAN_POINT('Ctrl Pts',(1.53963165059686,1.73540250658989,2.695));
#13641=CARTESIAN_POINT('Ctrl Pts',(1.54740791097283,1.73683498501778,2.695));
#13642=CARTESIAN_POINT('Origin',(1.44570259824395,1.73540250658989,2.74));
#13643=CARTESIAN_POINT('',(1.44570259824395,1.73540250658989,2.74));
#13644=CARTESIAN_POINT('',(2.72285129912198,1.73540250658989,2.74));
#13645=CARTESIAN_POINT('',(1.44570259824395,1.73540250658989,2.695));
#13646=CARTESIAN_POINT('',(1.44570259824395,1.73540250658989,2.74));
#13647=CARTESIAN_POINT('',(1.44570259824395,1.73540250658989,2.695));
#13648=CARTESIAN_POINT('Origin',(1.44570259824395,1.83854029774666,2.74));
#13649=CARTESIAN_POINT('',(1.44570259824395,1.91927014887333,2.74));
#13650=CARTESIAN_POINT('',(1.44570259824395,1.83854029774666,2.695));
#13651=CARTESIAN_POINT('Ctrl Pts',(1.56879268661141,1.7050136744976,2.74));
#13652=CARTESIAN_POINT('Ctrl Pts',(1.56879268661141,1.7050136744976,2.695));
#13653=CARTESIAN_POINT('Ctrl Pts',(1.54904507175088,1.70000002980232,2.74));
#13654=CARTESIAN_POINT('Ctrl Pts',(1.54904507175088,1.70000002980232,2.695));
#13655=CARTESIAN_POINT('Ctrl Pts',(1.52039562240243,1.70000002980232,2.74));
#13656=CARTESIAN_POINT('Ctrl Pts',(1.52039562240243,1.70000002980232,2.695));
#13657=CARTESIAN_POINT('',(1.56879268661141,1.7050136744976,2.74));
#13658=CARTESIAN_POINT('',(1.52039562240243,1.70000002980232,2.74));
#13659=CARTESIAN_POINT('Ctrl Pts',(1.56879268661141,1.7050136744976,2.74));
#13660=CARTESIAN_POINT('Ctrl Pts',(1.54904507175088,1.70000002980232,2.74));
#13661=CARTESIAN_POINT('Ctrl Pts',(1.52039562240243,1.70000002980232,2.74));
#13662=CARTESIAN_POINT('',(1.56879268661141,1.7050136744976,2.695));
#13663=CARTESIAN_POINT('',(1.56879268661141,1.7050136744976,2.74));
#13664=CARTESIAN_POINT('',(1.52039562240243,1.70000002980232,2.695));
#13665=CARTESIAN_POINT('Ctrl Pts',(1.56879268661141,1.7050136744976,2.695));
#13666=CARTESIAN_POINT('Ctrl Pts',(1.54904507175088,1.70000002980232,2.695));
#13667=CARTESIAN_POINT('Ctrl Pts',(1.52039562240243,1.70000002980232,2.695));
#13668=CARTESIAN_POINT('',(1.52039562240243,1.70000002980232,2.74));
#13669=CARTESIAN_POINT('Ctrl Pts',(1.60163711085916,1.71984998583794,2.74));
#13670=CARTESIAN_POINT('Ctrl Pts',(1.60163711085916,1.71984998583794,2.695));
#13671=CARTESIAN_POINT('Ctrl Pts',(1.58854030147195,1.71002731919289,2.74));
#13672=CARTESIAN_POINT('Ctrl Pts',(1.58854030147195,1.71002731919289,2.695));
#13673=CARTESIAN_POINT('Ctrl Pts',(1.56879268661141,1.7050136744976,2.74));
#13674=CARTESIAN_POINT('Ctrl Pts',(1.56879268661141,1.7050136744976,2.695));
#13675=CARTESIAN_POINT('',(1.60163711085916,1.71984998583794,2.74));
#13676=CARTESIAN_POINT('Ctrl Pts',(1.60163711085916,1.71984998583794,2.74));
#13677=CARTESIAN_POINT('Ctrl Pts',(1.58854030147195,1.71002731919289,2.74));
#13678=CARTESIAN_POINT('Ctrl Pts',(1.56879268661141,1.7050136744976,2.74));
#13679=CARTESIAN_POINT('',(1.60163711085916,1.71984998583794,2.695));
#13680=CARTESIAN_POINT('',(1.60163711085916,1.71984998583794,2.74));
#13681=CARTESIAN_POINT('Ctrl Pts',(1.60163711085916,1.71984998583794,2.695));
#13682=CARTESIAN_POINT('Ctrl Pts',(1.58854030147195,1.71002731919289,2.695));
#13683=CARTESIAN_POINT('Ctrl Pts',(1.56879268661141,1.7050136744976,2.695));
#13684=CARTESIAN_POINT('Ctrl Pts',(1.62363575473428,1.74778310656548,2.74));
#13685=CARTESIAN_POINT('Ctrl Pts',(1.62363575473428,1.74778310656548,2.695));
#13686=CARTESIAN_POINT('Ctrl Pts',(1.61473397985101,1.72967259287834,2.74));
#13687=CARTESIAN_POINT('Ctrl Pts',(1.61473397985101,1.72967259287834,2.695));
#13688=CARTESIAN_POINT('Ctrl Pts',(1.60163711085916,1.71984998583794,2.74));
#13689=CARTESIAN_POINT('Ctrl Pts',(1.60163711085916,1.71984998583794,2.695));
#13690=CARTESIAN_POINT('',(1.62363575473428,1.74778310656548,2.74));
#13691=CARTESIAN_POINT('Ctrl Pts',(1.62363575473428,1.74778310656548,2.74));
#13692=CARTESIAN_POINT('Ctrl Pts',(1.61473397985101,1.72967259287834,2.74));
#13693=CARTESIAN_POINT('Ctrl Pts',(1.60163711085916,1.71984998583794,2.74));
#13694=CARTESIAN_POINT('',(1.62363575473428,1.74778310656548,2.695));
#13695=CARTESIAN_POINT('',(1.62363575473428,1.74778310656548,2.74));
#13696=CARTESIAN_POINT('Ctrl Pts',(1.62363575473428,1.74778310656548,2.695));
#13697=CARTESIAN_POINT('Ctrl Pts',(1.61473397985101,1.72967259287834,2.695));
#13698=CARTESIAN_POINT('Ctrl Pts',(1.60163711085916,1.71984998583794,2.695));
#13699=CARTESIAN_POINT('Ctrl Pts',(1.63253752961755,1.78697137236595,2.74));
#13700=CARTESIAN_POINT('Ctrl Pts',(1.63253752961755,1.78697137236595,2.695));
#13701=CARTESIAN_POINT('Ctrl Pts',(1.63253752961755,1.76589362025261,2.74));
#13702=CARTESIAN_POINT('Ctrl Pts',(1.63253752961755,1.76589362025261,2.695));
#13703=CARTESIAN_POINT('Ctrl Pts',(1.62363575473428,1.74778310656548,2.74));
#13704=CARTESIAN_POINT('Ctrl Pts',(1.62363575473428,1.74778310656548,2.695));
#13705=CARTESIAN_POINT('',(1.63253752961755,1.78697137236595,2.74));
#13706=CARTESIAN_POINT('Ctrl Pts',(1.63253752961755,1.78697137236595,2.74));
#13707=CARTESIAN_POINT('Ctrl Pts',(1.63253752961755,1.76589362025261,2.74));
#13708=CARTESIAN_POINT('Ctrl Pts',(1.62363575473428,1.74778310656548,2.74));
#13709=CARTESIAN_POINT('',(1.63253752961755,1.78697137236595,2.695));
#13710=CARTESIAN_POINT('',(1.63253752961755,1.78697137236595,2.74));
#13711=CARTESIAN_POINT('Ctrl Pts',(1.63253752961755,1.78697137236595,2.695));
#13712=CARTESIAN_POINT('Ctrl Pts',(1.63253752961755,1.76589362025261,2.695));
#13713=CARTESIAN_POINT('Ctrl Pts',(1.62363575473428,1.74778310656548,2.695));
#13714=CARTESIAN_POINT('Ctrl Pts',(1.61790590062737,1.83240113854408,2.74));
#13715=CARTESIAN_POINT('Ctrl Pts',(1.61790590062737,1.83240113854408,2.695));
#13716=CARTESIAN_POINT('Ctrl Pts',(1.63253752961755,1.81316511034966,2.74));
#13717=CARTESIAN_POINT('Ctrl Pts',(1.63253752961755,1.81316511034966,2.695));
#13718=CARTESIAN_POINT('Ctrl Pts',(1.63253752961755,1.78697137236595,2.74));
#13719=CARTESIAN_POINT('Ctrl Pts',(1.63253752961755,1.78697137236595,2.695));
#13720=CARTESIAN_POINT('',(1.61790590062737,1.83240113854408,2.74));
#13721=CARTESIAN_POINT('Ctrl Pts',(1.61790590062737,1.83240113854408,2.74));
#13722=CARTESIAN_POINT('Ctrl Pts',(1.63253752961755,1.81316511034966,2.74));
#13723=CARTESIAN_POINT('Ctrl Pts',(1.63253752961755,1.78697137236595,2.74));
#13724=CARTESIAN_POINT('',(1.61790590062737,1.83240113854408,2.695));
#13725=CARTESIAN_POINT('',(1.61790590062737,1.83240113854408,2.74));
#13726=CARTESIAN_POINT('Ctrl Pts',(1.61790590062737,1.83240113854408,2.695));
#13727=CARTESIAN_POINT('Ctrl Pts',(1.63253752961755,1.81316511034966,2.695));
#13728=CARTESIAN_POINT('Ctrl Pts',(1.63253752961755,1.78697137236595,2.695));
#13729=CARTESIAN_POINT('Ctrl Pts',(1.57605730071664,1.85961804986,2.74));
#13730=CARTESIAN_POINT('Ctrl Pts',(1.57605730071664,1.85961804986,2.695));
#13731=CARTESIAN_POINT('Ctrl Pts',(1.60327421203256,1.85163713693619,2.74));
#13732=CARTESIAN_POINT('Ctrl Pts',(1.60327421203256,1.85163713693619,2.695));
#13733=CARTESIAN_POINT('Ctrl Pts',(1.61790590062737,1.83240113854408,2.74));
#13734=CARTESIAN_POINT('Ctrl Pts',(1.61790590062737,1.83240113854408,2.695));
#13735=CARTESIAN_POINT('',(1.57605730071664,1.85961804986,2.74));
#13736=CARTESIAN_POINT('Ctrl Pts',(1.57605730071664,1.85961804986,2.74));
#13737=CARTESIAN_POINT('Ctrl Pts',(1.60327421203256,1.85163713693619,2.74));
#13738=CARTESIAN_POINT('Ctrl Pts',(1.61790590062737,1.83240113854408,2.74));
#13739=CARTESIAN_POINT('',(1.57605730071664,1.85961804986,2.695));
#13740=CARTESIAN_POINT('',(1.57605730071664,1.85961804986,2.74));
#13741=CARTESIAN_POINT('Ctrl Pts',(1.57605730071664,1.85961804986,2.695));
#13742=CARTESIAN_POINT('Ctrl Pts',(1.60327421203256,1.85163713693619,2.695));
#13743=CARTESIAN_POINT('Ctrl Pts',(1.61790590062737,1.83240113854408,2.695));
#13744=CARTESIAN_POINT('Ctrl Pts',(1.60757164731622,1.88703958392143,2.74));
#13745=CARTESIAN_POINT('Ctrl Pts',(1.60757164731622,1.88703958392143,2.695));
#13746=CARTESIAN_POINT('Ctrl Pts',(1.59713505282998,1.87005458474159,2.74));
#13747=CARTESIAN_POINT('Ctrl Pts',(1.59713505282998,1.87005458474159,2.695));
#13748=CARTESIAN_POINT('Ctrl Pts',(1.57605730071664,1.85961804986,2.74));
#13749=CARTESIAN_POINT('Ctrl Pts',(1.57605730071664,1.85961804986,2.695));
#13750=CARTESIAN_POINT('',(1.60757164731622,1.88703958392143,2.74));
#13751=CARTESIAN_POINT('Ctrl Pts',(1.60757164731622,1.88703958392143,2.74));
#13752=CARTESIAN_POINT('Ctrl Pts',(1.59713505282998,1.87005458474159,2.74));
#13753=CARTESIAN_POINT('Ctrl Pts',(1.57605730071664,1.85961804986,2.74));
#13754=CARTESIAN_POINT('',(1.60757164731622,1.88703958392143,2.695));
#13755=CARTESIAN_POINT('',(1.60757164731622,1.88703958392143,2.74));
#13756=CARTESIAN_POINT('Ctrl Pts',(1.60757164731622,1.88703958392143,2.695));
#13757=CARTESIAN_POINT('Ctrl Pts',(1.59713505282998,1.87005458474159,2.695));
#13758=CARTESIAN_POINT('Ctrl Pts',(1.57605730071664,1.85961804986,2.695));
#13759=CARTESIAN_POINT('Ctrl Pts',(1.61800824180245,1.9232606112957,2.74));
#13760=CARTESIAN_POINT('Ctrl Pts',(1.61800824180245,1.9232606112957,2.695));
#13761=CARTESIAN_POINT('Ctrl Pts',(1.61800824180245,1.90402458310127,2.74));
#13762=CARTESIAN_POINT('Ctrl Pts',(1.61800824180245,1.90402458310127,2.695));
#13763=CARTESIAN_POINT('Ctrl Pts',(1.60757164731622,1.88703958392143,2.74));
#13764=CARTESIAN_POINT('Ctrl Pts',(1.60757164731622,1.88703958392143,2.695));
#13765=CARTESIAN_POINT('',(1.61800824180245,1.9232606112957,2.74));
#13766=CARTESIAN_POINT('Ctrl Pts',(1.61800824180245,1.9232606112957,2.74));
#13767=CARTESIAN_POINT('Ctrl Pts',(1.61800824180245,1.90402458310127,2.74));
#13768=CARTESIAN_POINT('Ctrl Pts',(1.60757164731622,1.88703958392143,2.74));
#13769=CARTESIAN_POINT('',(1.61800824180245,1.9232606112957,2.695));
#13770=CARTESIAN_POINT('',(1.61800824180245,1.9232606112957,2.74));
#13771=CARTESIAN_POINT('Ctrl Pts',(1.61800824180245,1.9232606112957,2.695));
#13772=CARTESIAN_POINT('Ctrl Pts',(1.61800824180245,1.90402458310127,2.695));
#13773=CARTESIAN_POINT('Ctrl Pts',(1.60757164731622,1.88703958392143,2.695));
#13774=CARTESIAN_POINT('Ctrl Pts',(1.60624151006341,1.96285815238953,2.74));
#13775=CARTESIAN_POINT('Ctrl Pts',(1.60624151006341,1.96285815238953,2.695));
#13776=CARTESIAN_POINT('Ctrl Pts',(1.61800824180245,1.94392908811569,2.74));
#13777=CARTESIAN_POINT('Ctrl Pts',(1.61800824180245,1.94392908811569,2.695));
#13778=CARTESIAN_POINT('Ctrl Pts',(1.61800824180245,1.9232606112957,2.74));
#13779=CARTESIAN_POINT('Ctrl Pts',(1.61800824180245,1.9232606112957,2.695));
#13780=CARTESIAN_POINT('',(1.60624151006341,1.96285815238953,2.74));
#13781=CARTESIAN_POINT('Ctrl Pts',(1.60624151006341,1.96285815238953,2.74));
#13782=CARTESIAN_POINT('Ctrl Pts',(1.61800824180245,1.94392908811569,2.74));
#13783=CARTESIAN_POINT('Ctrl Pts',(1.61800824180245,1.9232606112957,2.74));
#13784=CARTESIAN_POINT('',(1.60624151006341,1.96285815238953,2.695));
#13785=CARTESIAN_POINT('',(1.60624151006341,1.96285815238953,2.74));
#13786=CARTESIAN_POINT('Ctrl Pts',(1.60624151006341,1.96285815238953,2.695));
#13787=CARTESIAN_POINT('Ctrl Pts',(1.61800824180245,1.94392908811569,2.695));
#13788=CARTESIAN_POINT('Ctrl Pts',(1.61800824180245,1.9232606112957,2.695));
#13789=CARTESIAN_POINT('Ctrl Pts',(1.57370399013162,1.99089361429214,2.74));
#13790=CARTESIAN_POINT('Ctrl Pts',(1.57370399013162,1.99089361429214,2.695));
#13791=CARTESIAN_POINT('Ctrl Pts',(1.59447477832437,1.98178721666336,2.74));
#13792=CARTESIAN_POINT('Ctrl Pts',(1.59447477832437,1.98178721666336,2.695));
#13793=CARTESIAN_POINT('Ctrl Pts',(1.60624151006341,1.96285815238953,2.74));
#13794=CARTESIAN_POINT('Ctrl Pts',(1.60624151006341,1.96285815238953,2.695));
#13795=CARTESIAN_POINT('',(1.57370399013162,1.99089361429214,2.74));
#13796=CARTESIAN_POINT('Ctrl Pts',(1.57370399013162,1.99089361429214,2.74));
#13797=CARTESIAN_POINT('Ctrl Pts',(1.59447477832437,1.98178721666336,2.74));
#13798=CARTESIAN_POINT('Ctrl Pts',(1.60624151006341,1.96285815238953,2.74));
#13799=CARTESIAN_POINT('',(1.57370399013162,1.99089361429214,2.695));
#13800=CARTESIAN_POINT('',(1.57370399013162,1.99089361429214,2.74));
#13801=CARTESIAN_POINT('Ctrl Pts',(1.57370399013162,1.99089361429214,2.695));
#13802=CARTESIAN_POINT('Ctrl Pts',(1.59447477832437,1.98178721666336,2.695));
#13803=CARTESIAN_POINT('Ctrl Pts',(1.60624151006341,1.96285815238953,2.695));
#13804=CARTESIAN_POINT('Ctrl Pts',(1.51855389848351,2.00000004172325,2.74));
#13805=CARTESIAN_POINT('Ctrl Pts',(1.51855389848351,2.00000004172325,2.695));
#13806=CARTESIAN_POINT('Ctrl Pts',(1.55293320193887,2.00000004172325,2.74));
#13807=CARTESIAN_POINT('Ctrl Pts',(1.55293320193887,2.00000004172325,2.695));
#13808=CARTESIAN_POINT('Ctrl Pts',(1.57370399013162,1.99089361429214,2.74));
#13809=CARTESIAN_POINT('Ctrl Pts',(1.57370399013162,1.99089361429214,2.695));
#13810=CARTESIAN_POINT('',(1.51855389848351,2.00000004172325,2.74));
#13811=CARTESIAN_POINT('Ctrl Pts',(1.51855389848351,2.00000004172325,2.74));
#13812=CARTESIAN_POINT('Ctrl Pts',(1.55293320193887,2.00000004172325,2.74));
#13813=CARTESIAN_POINT('Ctrl Pts',(1.57370399013162,1.99089361429214,2.74));
#13814=CARTESIAN_POINT('',(1.51855389848351,2.00000004172325,2.695));
#13815=CARTESIAN_POINT('',(1.51855389848351,2.00000004172325,2.74));
#13816=CARTESIAN_POINT('Ctrl Pts',(1.51855389848351,2.00000004172325,2.695));
#13817=CARTESIAN_POINT('Ctrl Pts',(1.55293320193887,2.00000004172325,2.695));
#13818=CARTESIAN_POINT('Ctrl Pts',(1.57370399013162,1.99089361429214,2.695));
#13819=CARTESIAN_POINT('Origin',(1.40600274577737,2.00000004172325,2.74));
#13820=CARTESIAN_POINT('',(1.40600274577737,2.00000004172325,2.74));
#13821=CARTESIAN_POINT('',(2.70300137288868,2.00000004172325,2.74));
#13822=CARTESIAN_POINT('',(1.40600274577737,2.00000004172325,2.695));
#13823=CARTESIAN_POINT('',(1.40600274577737,2.00000004172325,2.74));
#13824=CARTESIAN_POINT('',(1.40600274577737,2.00000004172325,2.695));
#13825=CARTESIAN_POINT('Origin',(1.40600274577737,1.70000002980232,2.74));
#13826=CARTESIAN_POINT('',(1.40600274577737,1.70000002980232,2.74));
#13827=CARTESIAN_POINT('',(1.40600274577737,1.85000001490116,2.74));
#13828=CARTESIAN_POINT('',(1.40600274577737,1.70000002980232,2.695));
#13829=CARTESIAN_POINT('',(1.40600274577737,1.70000002980232,2.74));
#13830=CARTESIAN_POINT('',(1.40600274577737,1.70000002980232,2.695));
#13831=CARTESIAN_POINT('Origin',(1.52039562240243,1.70000002980232,2.74));
#13832=CARTESIAN_POINT('',(2.76019781120121,1.70000002980232,2.74));
#13833=CARTESIAN_POINT('',(1.52039562240243,1.70000002980232,2.695));
#13834=CARTESIAN_POINT('Origin',(2.14761248119175,1.80590043663979,2.695));
#13835=CARTESIAN_POINT('Ctrl Pts',(1.9679399587214,1.62029336094856,2.74));
#13836=CARTESIAN_POINT('Ctrl Pts',(1.9679399587214,1.62029336094856,2.695));
#13837=CARTESIAN_POINT('Ctrl Pts',(1.95525239482522,1.61180083155632,2.74));
#13838=CARTESIAN_POINT('Ctrl Pts',(1.95525239482522,1.61180083155632,2.695));
#13839=CARTESIAN_POINT('Ctrl Pts',(1.93765352740884,1.61180083155632,2.74));
#13840=CARTESIAN_POINT('Ctrl Pts',(1.93765352740884,1.61180083155632,2.695));
#13841=CARTESIAN_POINT('',(1.9679399587214,1.62029336094856,2.74));
#13842=CARTESIAN_POINT('',(1.93765352740884,1.61180083155632,2.74));
#13843=CARTESIAN_POINT('Ctrl Pts',(1.9679399587214,1.62029336094856,2.74));
#13844=CARTESIAN_POINT('Ctrl Pts',(1.95525239482522,1.61180083155632,2.74));
#13845=CARTESIAN_POINT('Ctrl Pts',(1.93765352740884,1.61180083155632,2.74));
#13846=CARTESIAN_POINT('',(1.9679399587214,1.62029336094856,2.695));
#13847=CARTESIAN_POINT('',(1.9679399587214,1.62029336094856,2.74));
#13848=CARTESIAN_POINT('',(1.93765352740884,1.61180083155632,2.695));
#13849=CARTESIAN_POINT('Ctrl Pts',(1.9679399587214,1.62029336094856,2.695));
#13850=CARTESIAN_POINT('Ctrl Pts',(1.95525239482522,1.61180083155632,2.695));
#13851=CARTESIAN_POINT('Ctrl Pts',(1.93765352740884,1.61180083155632,2.695));
#13852=CARTESIAN_POINT('',(1.93765352740884,1.61180083155632,2.74));
#13853=CARTESIAN_POINT('Ctrl Pts',(1.99045024886727,1.64699868559837,2.74));
#13854=CARTESIAN_POINT('Ctrl Pts',(1.99045024886727,1.64699868559837,2.695));
#13855=CARTESIAN_POINT('Ctrl Pts',(1.98062752261758,1.62878583073616,2.74));
#13856=CARTESIAN_POINT('Ctrl Pts',(1.98062752261758,1.62878583073616,2.695));
#13857=CARTESIAN_POINT('Ctrl Pts',(1.9679399587214,1.62029336094856,2.74));
#13858=CARTESIAN_POINT('Ctrl Pts',(1.9679399587214,1.62029336094856,2.695));
#13859=CARTESIAN_POINT('',(1.99045024886727,1.64699868559837,2.74));
#13860=CARTESIAN_POINT('Ctrl Pts',(1.99045024886727,1.64699868559837,2.74));
#13861=CARTESIAN_POINT('Ctrl Pts',(1.98062752261758,1.62878583073616,2.74));
#13862=CARTESIAN_POINT('Ctrl Pts',(1.9679399587214,1.62029336094856,2.74));
#13863=CARTESIAN_POINT('',(1.99045024886727,1.64699868559837,2.695));
#13864=CARTESIAN_POINT('',(1.99045024886727,1.64699868559837,2.74));
#13865=CARTESIAN_POINT('Ctrl Pts',(1.99045024886727,1.64699868559837,2.695));
#13866=CARTESIAN_POINT('Ctrl Pts',(1.98062752261758,1.62878583073616,2.695));
#13867=CARTESIAN_POINT('Ctrl Pts',(1.9679399587214,1.62029336094856,2.695));
#13868=CARTESIAN_POINT('Ctrl Pts',(2.01111875548959,1.69631652235985,2.74));
#13869=CARTESIAN_POINT('Ctrl Pts',(2.01111875548959,1.69631652235985,2.695));
#13870=CARTESIAN_POINT('Ctrl Pts',(1.99781714454293,1.66050480008125,2.74));
#13871=CARTESIAN_POINT('Ctrl Pts',(1.99781714454293,1.66050480008125,2.695));
#13872=CARTESIAN_POINT('Ctrl Pts',(1.99045024886727,1.64699868559837,2.74));
#13873=CARTESIAN_POINT('Ctrl Pts',(1.99045024886727,1.64699868559837,2.695));
#13874=CARTESIAN_POINT('',(2.01111875548959,1.69631652235985,2.74));
#13875=CARTESIAN_POINT('Ctrl Pts',(2.01111875548959,1.69631652235985,2.74));
#13876=CARTESIAN_POINT('Ctrl Pts',(1.99781714454293,1.66050480008125,2.74));
#13877=CARTESIAN_POINT('Ctrl Pts',(1.99045024886727,1.64699868559837,2.74));
#13878=CARTESIAN_POINT('',(2.01111875548959,1.69631652235985,2.695));
#13879=CARTESIAN_POINT('',(2.01111875548959,1.69631652235985,2.74));
#13880=CARTESIAN_POINT('Ctrl Pts',(2.01111875548959,1.69631652235985,2.695));
#13881=CARTESIAN_POINT('Ctrl Pts',(1.99781714454293,1.66050480008125,2.695));
#13882=CARTESIAN_POINT('Ctrl Pts',(1.99045024886727,1.64699868559837,2.695));
#13883=CARTESIAN_POINT('Origin',(2.09379266276956,1.91732607483864,2.74));
#13884=CARTESIAN_POINT('',(2.09379266276956,1.91732607483864,2.74));
#13885=CARTESIAN_POINT('',(2.22435500982628,2.26635428510417,2.74));
#13886=CARTESIAN_POINT('',(2.09379266276956,1.91732607483864,2.695));
#13887=CARTESIAN_POINT('',(2.09379266276956,1.91732607483864,2.74));
#13888=CARTESIAN_POINT('',(2.09379266276956,1.91732607483864,2.695));
#13889=CARTESIAN_POINT('Origin',(2.0569577075541,1.91732607483864,2.74));
#13890=CARTESIAN_POINT('',(2.0569577075541,1.91732607483864,2.74));
#13891=CARTESIAN_POINT('',(3.02847885377705,1.91732607483864,2.74));
#13892=CARTESIAN_POINT('',(2.0569577075541,1.91732607483864,2.695));
#13893=CARTESIAN_POINT('',(2.0569577075541,1.91732607483864,2.74));
#13894=CARTESIAN_POINT('',(2.0569577075541,1.91732607483864,2.695));
#13895=CARTESIAN_POINT('Origin',(2.0105048276484,1.79065487980843,2.74));
#13896=CARTESIAN_POINT('',(2.0105048276484,1.79065487980843,2.74));
#13897=CARTESIAN_POINT('',(2.16225918760373,2.20447004402663,2.74));
#13898=CARTESIAN_POINT('',(2.0105048276484,1.79065487980843,2.695));
#13899=CARTESIAN_POINT('',(2.0105048276484,1.79065487980843,2.74));
#13900=CARTESIAN_POINT('',(2.0105048276484,1.79065487980843,2.695));
#13901=CARTESIAN_POINT('Ctrl Pts',(1.99536155238748,1.74113236069679,2.74));
#13902=CARTESIAN_POINT('Ctrl Pts',(1.99536155238748,1.74113236069679,2.695));
#13903=CARTESIAN_POINT('Ctrl Pts',(2.00170527473092,1.7665075480938,2.74));
#13904=CARTESIAN_POINT('Ctrl Pts',(2.00170527473092,1.7665075480938,2.695));
#13905=CARTESIAN_POINT('Ctrl Pts',(2.0105048276484,1.79065487980843,2.74));
#13906=CARTESIAN_POINT('Ctrl Pts',(2.0105048276484,1.79065487980843,2.695));
#13907=CARTESIAN_POINT('',(1.99536155238748,1.74113236069679,2.74));
#13908=CARTESIAN_POINT('Ctrl Pts',(1.99536155238748,1.74113236069679,2.74));
#13909=CARTESIAN_POINT('Ctrl Pts',(2.00170527473092,1.7665075480938,2.74));
#13910=CARTESIAN_POINT('Ctrl Pts',(2.0105048276484,1.79065487980843,2.74));
#13911=CARTESIAN_POINT('',(1.99536155238748,1.74113236069679,2.695));
#13912=CARTESIAN_POINT('',(1.99536155238748,1.74113236069679,2.74));
#13913=CARTESIAN_POINT('Ctrl Pts',(1.99536155238748,1.74113236069679,2.695));
#13914=CARTESIAN_POINT('Ctrl Pts',(2.00170527473092,1.7665075480938,2.695));
#13915=CARTESIAN_POINT('Ctrl Pts',(2.0105048276484,1.79065487980843,2.695));
#13916=CARTESIAN_POINT('Ctrl Pts',(1.97960434928536,1.79147343039513,2.74));
#13917=CARTESIAN_POINT('Ctrl Pts',(1.97960434928536,1.79147343039513,2.695));
#13918=CARTESIAN_POINT('Ctrl Pts',(1.98840378299356,1.76753072142601,2.74));
#13919=CARTESIAN_POINT('Ctrl Pts',(1.98840378299356,1.76753072142601,2.695));
#13920=CARTESIAN_POINT('Ctrl Pts',(1.99536155238748,1.74113236069679,2.74));
#13921=CARTESIAN_POINT('Ctrl Pts',(1.99536155238748,1.74113236069679,2.695));
#13922=CARTESIAN_POINT('',(1.97960434928536,1.79147343039513,2.74));
#13923=CARTESIAN_POINT('Ctrl Pts',(1.97960434928536,1.79147343039513,2.74));
#13924=CARTESIAN_POINT('Ctrl Pts',(1.98840378299356,1.76753072142601,2.74));
#13925=CARTESIAN_POINT('Ctrl Pts',(1.99536155238748,1.74113236069679,2.74));
#13926=CARTESIAN_POINT('',(1.97960434928536,1.79147343039513,2.695));
#13927=CARTESIAN_POINT('',(1.97960434928536,1.79147343039513,2.74));
#13928=CARTESIAN_POINT('Ctrl Pts',(1.97960434928536,1.79147343039513,2.695));
#13929=CARTESIAN_POINT('Ctrl Pts',(1.98840378299356,1.76753072142601,2.695));
#13930=CARTESIAN_POINT('Ctrl Pts',(1.99536155238748,1.74113236069679,2.695));
#13931=CARTESIAN_POINT('Origin',(1.93437932506204,1.91732607483864,2.74));
#13932=CARTESIAN_POINT('',(1.93437932506204,1.91732607483864,2.74));
#13933=CARTESIAN_POINT('',(2.03933977690549,1.62524109194832,2.74));
#13934=CARTESIAN_POINT('',(1.93437932506204,1.91732607483864,2.695));
#13935=CARTESIAN_POINT('',(1.93437932506204,1.91732607483864,2.74));
#13936=CARTESIAN_POINT('',(1.93437932506204,1.91732607483864,2.695));
#13937=CARTESIAN_POINT('Origin',(1.89467941299081,1.91732607483864,2.74));
#13938=CARTESIAN_POINT('',(1.89467941299081,1.91732607483864,2.74));
#13939=CARTESIAN_POINT('',(2.9473397064954,1.91732607483864,2.74));
#13940=CARTESIAN_POINT('',(1.89467941299081,1.91732607483864,2.695));
#13941=CARTESIAN_POINT('',(1.89467941299081,1.91732607483864,2.74));
#13942=CARTESIAN_POINT('',(1.89467941299081,1.91732607483864,2.695));
#13943=CARTESIAN_POINT('Origin',(1.97714875712991,1.69959078431129,2.74));
#13944=CARTESIAN_POINT('',(1.97714875712991,1.69959078431129,2.74));
#13945=CARTESIAN_POINT('',(2.05428886337591,1.49592573010091,2.74));
#13946=CARTESIAN_POINT('',(1.97714875712991,1.69959078431129,2.695));
#13947=CARTESIAN_POINT('',(1.97714875712991,1.69959078431129,2.74));
#13948=CARTESIAN_POINT('',(1.97714875712991,1.69959078431129,2.695));
#13949=CARTESIAN_POINT('Ctrl Pts',(1.97387455478311,1.69058666825295,2.74));
#13950=CARTESIAN_POINT('Ctrl Pts',(1.97387455478311,1.69058666825295,2.695));
#13951=CARTESIAN_POINT('Ctrl Pts',(1.97489772811532,1.69365624785423,2.74));
#13952=CARTESIAN_POINT('Ctrl Pts',(1.97489772811532,1.69365624785423,2.695));
#13953=CARTESIAN_POINT('Ctrl Pts',(1.97714875712991,1.69959078431129,2.74));
#13954=CARTESIAN_POINT('Ctrl Pts',(1.97714875712991,1.69959078431129,2.695));
#13955=CARTESIAN_POINT('',(1.97387455478311,1.69058666825295,2.74));
#13956=CARTESIAN_POINT('Ctrl Pts',(1.97387455478311,1.69058666825295,2.74));
#13957=CARTESIAN_POINT('Ctrl Pts',(1.97489772811532,1.69365624785423,2.74));
#13958=CARTESIAN_POINT('Ctrl Pts',(1.97714875712991,1.69959078431129,2.74));
#13959=CARTESIAN_POINT('',(1.97387455478311,1.69058666825295,2.695));
#13960=CARTESIAN_POINT('',(1.97387455478311,1.69058666825295,2.74));
#13961=CARTESIAN_POINT('Ctrl Pts',(1.97387455478311,1.69058666825295,2.695));
#13962=CARTESIAN_POINT('Ctrl Pts',(1.97489772811532,1.69365624785423,2.695));
#13963=CARTESIAN_POINT('Ctrl Pts',(1.97714875712991,1.69959078431129,2.695));
#13964=CARTESIAN_POINT('Ctrl Pts',(1.96261940971017,1.66316507458687,2.74));
#13965=CARTESIAN_POINT('Ctrl Pts',(1.96261940971017,1.66316507458687,2.695));
#13966=CARTESIAN_POINT('Ctrl Pts',(1.96609829440713,1.6686903655529,2.74));
#13967=CARTESIAN_POINT('Ctrl Pts',(1.96609829440713,1.6686903655529,2.695));
#13968=CARTESIAN_POINT('Ctrl Pts',(1.97387455478311,1.69058666825295,2.74));
#13969=CARTESIAN_POINT('Ctrl Pts',(1.97387455478311,1.69058666825295,2.695));
#13970=CARTESIAN_POINT('',(1.96261940971017,1.66316507458687,2.74));
#13971=CARTESIAN_POINT('Ctrl Pts',(1.96261940971017,1.66316507458687,2.74));
#13972=CARTESIAN_POINT('Ctrl Pts',(1.96609829440713,1.6686903655529,2.74));
#13973=CARTESIAN_POINT('Ctrl Pts',(1.97387455478311,1.69058666825295,2.74));
#13974=CARTESIAN_POINT('',(1.96261940971017,1.66316507458687,2.695));
#13975=CARTESIAN_POINT('',(1.96261940971017,1.66316507458687,2.74));
#13976=CARTESIAN_POINT('Ctrl Pts',(1.96261940971017,1.66316507458687,2.695));
#13977=CARTESIAN_POINT('Ctrl Pts',(1.96609829440713,1.6686903655529,2.695));
#13978=CARTESIAN_POINT('Ctrl Pts',(1.97387455478311,1.69058666825295,2.695));
#13979=CARTESIAN_POINT('Ctrl Pts',(1.95054577365518,1.65170536637306,2.74));
#13980=CARTESIAN_POINT('Ctrl Pts',(1.95054577365518,1.65170536637306,2.695));
#13981=CARTESIAN_POINT('Ctrl Pts',(1.95791266933084,1.65579811930656,2.74));
#13982=CARTESIAN_POINT('Ctrl Pts',(1.95791266933084,1.65579811930656,2.695));
#13983=CARTESIAN_POINT('Ctrl Pts',(1.96261940971017,1.66316507458687,2.74));
#13984=CARTESIAN_POINT('Ctrl Pts',(1.96261940971017,1.66316507458687,2.695));
#13985=CARTESIAN_POINT('',(1.95054577365518,1.65170536637306,2.74));
#13986=CARTESIAN_POINT('Ctrl Pts',(1.95054577365518,1.65170536637306,2.74));
#13987=CARTESIAN_POINT('Ctrl Pts',(1.95791266933084,1.65579811930656,2.74));
#13988=CARTESIAN_POINT('Ctrl Pts',(1.96261940971017,1.66316507458687,2.74));
#13989=CARTESIAN_POINT('',(1.95054577365518,1.65170536637306,2.695));
#13990=CARTESIAN_POINT('',(1.95054577365518,1.65170536637306,2.74));
#13991=CARTESIAN_POINT('Ctrl Pts',(1.95054577365518,1.65170536637306,2.695));
#13992=CARTESIAN_POINT('Ctrl Pts',(1.95791266933084,1.65579811930656,2.695));
#13993=CARTESIAN_POINT('Ctrl Pts',(1.96261940971017,1.66316507458687,2.695));
#13994=CARTESIAN_POINT('Ctrl Pts',(1.93090044036508,1.64761255383492,2.74));
#13995=CARTESIAN_POINT('Ctrl Pts',(1.93090044036508,1.64761255383492,2.695));
#13996=CARTESIAN_POINT('Ctrl Pts',(1.94317875877023,1.64761255383492,2.74));
#13997=CARTESIAN_POINT('Ctrl Pts',(1.94317875877023,1.64761255383492,2.695));
#13998=CARTESIAN_POINT('Ctrl Pts',(1.95054577365518,1.65170536637306,2.74));
#13999=CARTESIAN_POINT('Ctrl Pts',(1.95054577365518,1.65170536637306,2.695));
#14000=CARTESIAN_POINT('',(1.93090044036508,1.64761255383492,2.74));
#14001=CARTESIAN_POINT('Ctrl Pts',(1.93090044036508,1.64761255383492,2.74));
#14002=CARTESIAN_POINT('Ctrl Pts',(1.94317875877023,1.64761255383492,2.74));
#14003=CARTESIAN_POINT('Ctrl Pts',(1.95054577365518,1.65170536637306,2.74));
#14004=CARTESIAN_POINT('',(1.93090044036508,1.64761255383492,2.695));
#14005=CARTESIAN_POINT('',(1.93090044036508,1.64761255383492,2.74));
#14006=CARTESIAN_POINT('Ctrl Pts',(1.93090044036508,1.64761255383492,2.695));
#14007=CARTESIAN_POINT('Ctrl Pts',(1.94317875877023,1.64761255383492,2.695));
#14008=CARTESIAN_POINT('Ctrl Pts',(1.95054577365518,1.65170536637306,2.695));
#14009=CARTESIAN_POINT('Ctrl Pts',(1.90982268825173,1.65088681578636,2.74));
#14010=CARTESIAN_POINT('Ctrl Pts',(1.90982268825173,1.65088681578636,2.695));
#14011=CARTESIAN_POINT('Ctrl Pts',(1.92189632430673,1.64761255383492,2.74));
#14012=CARTESIAN_POINT('Ctrl Pts',(1.92189632430673,1.64761255383492,2.695));
#14013=CARTESIAN_POINT('Ctrl Pts',(1.93090044036508,1.64761255383492,2.74));
#14014=CARTESIAN_POINT('Ctrl Pts',(1.93090044036508,1.64761255383492,2.695));
#14015=CARTESIAN_POINT('',(1.90982268825173,1.65088681578636,2.74));
#14016=CARTESIAN_POINT('Ctrl Pts',(1.90982268825173,1.65088681578636,2.74));
#14017=CARTESIAN_POINT('Ctrl Pts',(1.92189632430673,1.64761255383492,2.74));
#14018=CARTESIAN_POINT('Ctrl Pts',(1.93090044036508,1.64761255383492,2.74));
#14019=CARTESIAN_POINT('',(1.90982268825173,1.65088681578636,2.695));
#14020=CARTESIAN_POINT('',(1.90982268825173,1.65088681578636,2.74));
#14021=CARTESIAN_POINT('Ctrl Pts',(1.90982268825173,1.65088681578636,2.695));
#14022=CARTESIAN_POINT('Ctrl Pts',(1.92189632430673,1.64761255383492,2.695));
#14023=CARTESIAN_POINT('Ctrl Pts',(1.93090044036508,1.64761255383492,2.695));
#14024=CARTESIAN_POINT('Origin',(1.91391538158059,1.6163028895855,2.74));
#14025=CARTESIAN_POINT('',(1.91391538158059,1.6163028895855,2.74));
#14026=CARTESIAN_POINT('',(1.90593102654686,1.68377199197364,2.74));
#14027=CARTESIAN_POINT('',(1.91391538158059,1.6163028895855,2.695));
#14028=CARTESIAN_POINT('',(1.91391538158059,1.6163028895855,2.74));
#14029=CARTESIAN_POINT('',(1.91391538158059,1.6163028895855,2.695));
#14030=CARTESIAN_POINT('Ctrl Pts',(1.93765352740884,1.61180083155632,2.74));
#14031=CARTESIAN_POINT('Ctrl Pts',(1.93765352740884,1.61180083155632,2.695));
#14032=CARTESIAN_POINT('Ctrl Pts',(1.92701231017709,1.61180083155632,2.74));
#14033=CARTESIAN_POINT('Ctrl Pts',(1.92701231017709,1.61180083155632,2.695));
#14034=CARTESIAN_POINT('Ctrl Pts',(1.91391538158059,1.6163028895855,2.74));
#14035=CARTESIAN_POINT('Ctrl Pts',(1.91391538158059,1.6163028895855,2.695));
#14036=CARTESIAN_POINT('Ctrl Pts',(1.93765352740884,1.61180083155632,2.74));
#14037=CARTESIAN_POINT('Ctrl Pts',(1.92701231017709,1.61180083155632,2.74));
#14038=CARTESIAN_POINT('Ctrl Pts',(1.91391538158059,1.6163028895855,2.74));
#14039=CARTESIAN_POINT('Ctrl Pts',(1.93765352740884,1.61180083155632,2.695));
#14040=CARTESIAN_POINT('Ctrl Pts',(1.92701231017709,1.61180083155632,2.695));
#14041=CARTESIAN_POINT('Ctrl Pts',(1.91391538158059,1.6163028895855,2.695));
#14042=CARTESIAN_POINT('Origin',(2.14761248119175,1.80590043663979,2.695));
#14043=CARTESIAN_POINT('Ctrl Pts',(2.21330152526498,1.89174626469612,2.74));
#14044=CARTESIAN_POINT('Ctrl Pts',(2.21330152526498,1.89174626469612,2.695));
#14045=CARTESIAN_POINT('Ctrl Pts',(2.18567524924874,1.89174626469612,2.74));
#14046=CARTESIAN_POINT('Ctrl Pts',(2.18567524924874,1.89174626469612,2.695));
#14047=CARTESIAN_POINT('Ctrl Pts',(2.16746245399117,1.87107781767845,2.74));
#14048=CARTESIAN_POINT('Ctrl Pts',(2.16746245399117,1.87107781767845,2.695));
#14049=CARTESIAN_POINT('',(2.21330152526498,1.89174626469612,2.74));
#14050=CARTESIAN_POINT('',(2.16746245399117,1.87107781767845,2.74));
#14051=CARTESIAN_POINT('Ctrl Pts',(2.21330152526498,1.89174626469612,2.74));
#14052=CARTESIAN_POINT('Ctrl Pts',(2.18567524924874,1.89174626469612,2.74));
#14053=CARTESIAN_POINT('Ctrl Pts',(2.16746245399117,1.87107781767845,2.74));
#14054=CARTESIAN_POINT('',(2.21330152526498,1.89174626469612,2.695));
#14055=CARTESIAN_POINT('',(2.21330152526498,1.89174626469612,2.74));
#14056=CARTESIAN_POINT('',(2.16746245399117,1.87107781767845,2.695));
#14057=CARTESIAN_POINT('Ctrl Pts',(2.21330152526498,1.89174626469612,2.695));
#14058=CARTESIAN_POINT('Ctrl Pts',(2.18567524924874,1.89174626469612,2.695));
#14059=CARTESIAN_POINT('Ctrl Pts',(2.16746245399117,1.87107781767845,2.695));
#14060=CARTESIAN_POINT('',(2.16746245399117,1.87107781767845,2.74));
#14061=CARTESIAN_POINT('Ctrl Pts',(2.2588335134089,1.87097547650337,2.74));
#14062=CARTESIAN_POINT('Ctrl Pts',(2.2588335134089,1.87097547650337,2.695));
#14063=CARTESIAN_POINT('Ctrl Pts',(2.2405184365809,1.89174626469612,2.74));
#14064=CARTESIAN_POINT('Ctrl Pts',(2.2405184365809,1.89174626469612,2.695));
#14065=CARTESIAN_POINT('Ctrl Pts',(2.21330152526498,1.89174626469612,2.74));
#14066=CARTESIAN_POINT('Ctrl Pts',(2.21330152526498,1.89174626469612,2.695));
#14067=CARTESIAN_POINT('',(2.2588335134089,1.87097547650337,2.74));
#14068=CARTESIAN_POINT('Ctrl Pts',(2.2588335134089,1.87097547650337,2.74));
#14069=CARTESIAN_POINT('Ctrl Pts',(2.2405184365809,1.89174626469612,2.74));
#14070=CARTESIAN_POINT('Ctrl Pts',(2.21330152526498,1.89174626469612,2.74));
#14071=CARTESIAN_POINT('',(2.2588335134089,1.87097547650337,2.695));
#14072=CARTESIAN_POINT('',(2.2588335134089,1.87097547650337,2.74));
#14073=CARTESIAN_POINT('Ctrl Pts',(2.2588335134089,1.87097547650337,2.695));
#14074=CARTESIAN_POINT('Ctrl Pts',(2.2405184365809,1.89174626469612,2.695));
#14075=CARTESIAN_POINT('Ctrl Pts',(2.21330152526498,1.89174626469612,2.695));
#14076=CARTESIAN_POINT('Ctrl Pts',(2.27714870944619,1.80989087820053,2.74));
#14077=CARTESIAN_POINT('Ctrl Pts',(2.27714870944619,1.80989087820053,2.695));
#14078=CARTESIAN_POINT('Ctrl Pts',(2.27714870944619,1.85020468831062,2.74));
#14079=CARTESIAN_POINT('Ctrl Pts',(2.27714870944619,1.85020468831062,2.695));
#14080=CARTESIAN_POINT('Ctrl Pts',(2.2588335134089,1.87097547650337,2.74));
#14081=CARTESIAN_POINT('Ctrl Pts',(2.2588335134089,1.87097547650337,2.695));
#14082=CARTESIAN_POINT('',(2.27714870944619,1.80989087820053,2.74));
#14083=CARTESIAN_POINT('Ctrl Pts',(2.27714870944619,1.80989087820053,2.74));
#14084=CARTESIAN_POINT('Ctrl Pts',(2.27714870944619,1.85020468831062,2.74));
#14085=CARTESIAN_POINT('Ctrl Pts',(2.2588335134089,1.87097547650337,2.74));
#14086=CARTESIAN_POINT('',(2.27714870944619,1.80989087820053,2.695));
#14087=CARTESIAN_POINT('',(2.27714870944619,1.80989087820053,2.74));
#14088=CARTESIAN_POINT('Ctrl Pts',(2.27714870944619,1.80989087820053,2.695));
#14089=CARTESIAN_POINT('Ctrl Pts',(2.27714870944619,1.85020468831062,2.695));
#14090=CARTESIAN_POINT('Ctrl Pts',(2.2588335134089,1.87097547650337,2.695));
#14091=CARTESIAN_POINT('Ctrl Pts',(2.25893591418862,1.74624834656715,2.74));
#14092=CARTESIAN_POINT('Ctrl Pts',(2.25893591418862,1.74624834656715,2.695));
#14093=CARTESIAN_POINT('Ctrl Pts',(2.27714870944619,1.76712141633034,2.74));
#14094=CARTESIAN_POINT('Ctrl Pts',(2.27714870944619,1.76712141633034,2.695));
#14095=CARTESIAN_POINT('Ctrl Pts',(2.27714870944619,1.80989087820053,2.74));
#14096=CARTESIAN_POINT('Ctrl Pts',(2.27714870944619,1.80989087820053,2.695));
#14097=CARTESIAN_POINT('',(2.25893591418862,1.74624834656715,2.74));
#14098=CARTESIAN_POINT('Ctrl Pts',(2.25893591418862,1.74624834656715,2.74));
#14099=CARTESIAN_POINT('Ctrl Pts',(2.27714870944619,1.76712141633034,2.74));
#14100=CARTESIAN_POINT('Ctrl Pts',(2.27714870944619,1.80989087820053,2.74));
#14101=CARTESIAN_POINT('',(2.25893591418862,1.74624834656715,2.695));
#14102=CARTESIAN_POINT('',(2.25893591418862,1.74624834656715,2.74));
#14103=CARTESIAN_POINT('Ctrl Pts',(2.25893591418862,1.74624834656715,2.695));
#14104=CARTESIAN_POINT('Ctrl Pts',(2.27714870944619,1.76712141633034,2.695));
#14105=CARTESIAN_POINT('Ctrl Pts',(2.27714870944619,1.80989087820053,2.695));
#14106=CARTESIAN_POINT('Ctrl Pts',(2.21330152526498,1.72537521719933,2.74));
#14107=CARTESIAN_POINT('Ctrl Pts',(2.21330152526498,1.72537521719933,2.695));
#14108=CARTESIAN_POINT('Ctrl Pts',(2.24072299972177,1.72537521719933,2.74));
#14109=CARTESIAN_POINT('Ctrl Pts',(2.24072299972177,1.72537521719933,2.695));
#14110=CARTESIAN_POINT('Ctrl Pts',(2.25893591418862,1.74624834656715,2.74));
#14111=CARTESIAN_POINT('Ctrl Pts',(2.25893591418862,1.74624834656715,2.695));
#14112=CARTESIAN_POINT('',(2.21330152526498,1.72537521719933,2.74));
#14113=CARTESIAN_POINT('Ctrl Pts',(2.21330152526498,1.72537521719933,2.74));
#14114=CARTESIAN_POINT('Ctrl Pts',(2.24072299972177,1.72537521719933,2.74));
#14115=CARTESIAN_POINT('Ctrl Pts',(2.25893591418862,1.74624834656715,2.74));
#14116=CARTESIAN_POINT('',(2.21330152526498,1.72537521719933,2.695));
#14117=CARTESIAN_POINT('',(2.21330152526498,1.72537521719933,2.74));
#14118=CARTESIAN_POINT('Ctrl Pts',(2.21330152526498,1.72537521719933,2.695));
#14119=CARTESIAN_POINT('Ctrl Pts',(2.24072299972177,1.72537521719933,2.695));
#14120=CARTESIAN_POINT('Ctrl Pts',(2.25893591418862,1.74624834656715,2.695));
#14121=CARTESIAN_POINT('Ctrl Pts',(2.16746245399117,1.74614600539207,2.74));
#14122=CARTESIAN_POINT('Ctrl Pts',(2.16746245399117,1.74614600539207,2.695));
#14123=CARTESIAN_POINT('Ctrl Pts',(2.18567524924874,1.72537521719933,2.74));
#14124=CARTESIAN_POINT('Ctrl Pts',(2.18567524924874,1.72537521719933,2.695));
#14125=CARTESIAN_POINT('Ctrl Pts',(2.21330152526498,1.72537521719933,2.74));
#14126=CARTESIAN_POINT('Ctrl Pts',(2.21330152526498,1.72537521719933,2.695));
#14127=CARTESIAN_POINT('',(2.16746245399117,1.74614600539207,2.74));
#14128=CARTESIAN_POINT('Ctrl Pts',(2.16746245399117,1.74614600539207,2.74));
#14129=CARTESIAN_POINT('Ctrl Pts',(2.18567524924874,1.72537521719933,2.74));
#14130=CARTESIAN_POINT('Ctrl Pts',(2.21330152526498,1.72537521719933,2.74));
#14131=CARTESIAN_POINT('',(2.16746245399117,1.74614600539207,2.695));
#14132=CARTESIAN_POINT('',(2.16746245399117,1.74614600539207,2.74));
#14133=CARTESIAN_POINT('Ctrl Pts',(2.16746245399117,1.74614600539207,2.695));
#14134=CARTESIAN_POINT('Ctrl Pts',(2.18567524924874,1.72537521719933,2.695));
#14135=CARTESIAN_POINT('Ctrl Pts',(2.21330152526498,1.72537521719933,2.695));
#14136=CARTESIAN_POINT('Ctrl Pts',(2.14924965873361,1.80866305232048,2.74));
#14137=CARTESIAN_POINT('Ctrl Pts',(2.14924965873361,1.80866305232048,2.695));
#14138=CARTESIAN_POINT('Ctrl Pts',(2.14924965873361,1.76691679358482,2.74));
#14139=CARTESIAN_POINT('Ctrl Pts',(2.14924965873361,1.76691679358482,2.695));
#14140=CARTESIAN_POINT('Ctrl Pts',(2.16746245399117,1.74614600539207,2.74));
#14141=CARTESIAN_POINT('Ctrl Pts',(2.16746245399117,1.74614600539207,2.695));
#14142=CARTESIAN_POINT('',(2.14924965873361,1.80866305232048,2.74));
#14143=CARTESIAN_POINT('Ctrl Pts',(2.14924965873361,1.80866305232048,2.74));
#14144=CARTESIAN_POINT('Ctrl Pts',(2.14924965873361,1.76691679358482,2.74));
#14145=CARTESIAN_POINT('Ctrl Pts',(2.16746245399117,1.74614600539207,2.74));
#14146=CARTESIAN_POINT('',(2.14924965873361,1.80866305232048,2.695));
#14147=CARTESIAN_POINT('',(2.14924965873361,1.80866305232048,2.74));
#14148=CARTESIAN_POINT('Ctrl Pts',(2.14924965873361,1.80866305232048,2.695));
#14149=CARTESIAN_POINT('Ctrl Pts',(2.14924965873361,1.76691679358482,2.695));
#14150=CARTESIAN_POINT('Ctrl Pts',(2.16746245399117,1.74614600539207,2.695));
#14151=CARTESIAN_POINT('Ctrl Pts',(2.16746245399117,1.87107781767845,2.74));
#14152=CARTESIAN_POINT('Ctrl Pts',(2.16746245399117,1.87107781767845,2.695));
#14153=CARTESIAN_POINT('Ctrl Pts',(2.14924965873361,1.85040931105614,2.74));
#14154=CARTESIAN_POINT('Ctrl Pts',(2.14924965873361,1.85040931105614,2.695));
#14155=CARTESIAN_POINT('Ctrl Pts',(2.14924965873361,1.80866305232048,2.74));
#14156=CARTESIAN_POINT('Ctrl Pts',(2.14924965873361,1.80866305232048,2.695));
#14157=CARTESIAN_POINT('Ctrl Pts',(2.16746245399117,1.87107781767845,2.74));
#14158=CARTESIAN_POINT('Ctrl Pts',(2.14924965873361,1.85040931105614,2.74));
#14159=CARTESIAN_POINT('Ctrl Pts',(2.14924965873361,1.80866305232048,2.74));
#14160=CARTESIAN_POINT('Ctrl Pts',(2.16746245399117,1.87107781767845,2.695));
#14161=CARTESIAN_POINT('Ctrl Pts',(2.14924965873361,1.85040931105614,2.695));
#14162=CARTESIAN_POINT('Ctrl Pts',(2.14924965873361,1.80866305232048,2.695));
#14163=CARTESIAN_POINT('Ctrl Pts',(2.21330152526498,1.69508872628212,2.74));
#14164=CARTESIAN_POINT('Ctrl Pts',(2.21330152526498,1.69508872628212,2.695));
#14165=CARTESIAN_POINT('Ctrl Pts',(2.16766713634133,1.69508872628212,2.74));
#14166=CARTESIAN_POINT('Ctrl Pts',(2.16766713634133,1.69508872628212,2.695));
#14167=CARTESIAN_POINT('Ctrl Pts',(2.13952933326364,1.72435198426247,2.74));
#14168=CARTESIAN_POINT('Ctrl Pts',(2.13952933326364,1.72435198426247,2.695));
#14169=CARTESIAN_POINT('',(2.21330152526498,1.69508872628212,2.74));
#14170=CARTESIAN_POINT('',(2.13952933326364,1.72435198426247,2.74));
#14171=CARTESIAN_POINT('Ctrl Pts',(2.21330152526498,1.69508872628212,2.74));
#14172=CARTESIAN_POINT('Ctrl Pts',(2.16766713634133,1.69508872628212,2.74));
#14173=CARTESIAN_POINT('Ctrl Pts',(2.13952933326364,1.72435198426247,2.74));
#14174=CARTESIAN_POINT('',(2.21330152526498,1.69508872628212,2.695));
#14175=CARTESIAN_POINT('',(2.21330152526498,1.69508872628212,2.74));
#14176=CARTESIAN_POINT('',(2.13952933326364,1.72435198426247,2.695));
#14177=CARTESIAN_POINT('Ctrl Pts',(2.21330152526498,1.69508872628212,2.695));
#14178=CARTESIAN_POINT('Ctrl Pts',(2.16766713634133,1.69508872628212,2.695));
#14179=CARTESIAN_POINT('Ctrl Pts',(2.13952933326364,1.72435198426247,2.695));
#14180=CARTESIAN_POINT('',(2.13952933326364,1.72435198426247,2.74));
#14181=CARTESIAN_POINT('Ctrl Pts',(2.26579128280282,1.70839021801949,2.74));
#14182=CARTESIAN_POINT('Ctrl Pts',(2.26579128280282,1.70839021801949,2.695));
#14183=CARTESIAN_POINT('Ctrl Pts',(2.24174629226327,1.69508872628212,2.74));
#14184=CARTESIAN_POINT('Ctrl Pts',(2.24174629226327,1.69508872628212,2.695));
#14185=CARTESIAN_POINT('Ctrl Pts',(2.21330152526498,1.69508872628212,2.74));
#14186=CARTESIAN_POINT('Ctrl Pts',(2.21330152526498,1.69508872628212,2.695));
#14187=CARTESIAN_POINT('',(2.26579128280282,1.70839021801949,2.74));
#14188=CARTESIAN_POINT('Ctrl Pts',(2.26579128280282,1.70839021801949,2.74));
#14189=CARTESIAN_POINT('Ctrl Pts',(2.24174629226327,1.69508872628212,2.74));
#14190=CARTESIAN_POINT('Ctrl Pts',(2.21330152526498,1.69508872628212,2.74));
#14191=CARTESIAN_POINT('',(2.26579128280282,1.70839021801949,2.695));
#14192=CARTESIAN_POINT('',(2.26579128280282,1.70839021801949,2.74));
#14193=CARTESIAN_POINT('Ctrl Pts',(2.26579128280282,1.70839021801949,2.695));
#14194=CARTESIAN_POINT('Ctrl Pts',(2.24174629226327,1.69508872628212,2.695));
#14195=CARTESIAN_POINT('Ctrl Pts',(2.21330152526498,1.69508872628212,2.695));
#14196=CARTESIAN_POINT('Ctrl Pts',(2.30242155566812,1.7457367002964,2.74));
#14197=CARTESIAN_POINT('Ctrl Pts',(2.30242155566812,1.7457367002964,2.695));
#14198=CARTESIAN_POINT('Ctrl Pts',(2.28983627334237,1.72169170975685,2.74));
#14199=CARTESIAN_POINT('Ctrl Pts',(2.28983627334237,1.72169170975685,2.695));
#14200=CARTESIAN_POINT('Ctrl Pts',(2.26579128280282,1.70839021801949,2.74));
#14201=CARTESIAN_POINT('Ctrl Pts',(2.26579128280282,1.70839021801949,2.695));
#14202=CARTESIAN_POINT('',(2.30242155566812,1.7457367002964,2.74));
#14203=CARTESIAN_POINT('Ctrl Pts',(2.30242155566812,1.7457367002964,2.74));
#14204=CARTESIAN_POINT('Ctrl Pts',(2.28983627334237,1.72169170975685,2.74));
#14205=CARTESIAN_POINT('Ctrl Pts',(2.26579128280282,1.70839021801949,2.74));
#14206=CARTESIAN_POINT('',(2.30242155566812,1.7457367002964,2.695));
#14207=CARTESIAN_POINT('',(2.30242155566812,1.7457367002964,2.74));
#14208=CARTESIAN_POINT('Ctrl Pts',(2.30242155566812,1.7457367002964,2.695));
#14209=CARTESIAN_POINT('Ctrl Pts',(2.28983627334237,1.72169170975685,2.695));
#14210=CARTESIAN_POINT('Ctrl Pts',(2.26579128280282,1.70839021801949,2.695));
#14211=CARTESIAN_POINT('Ctrl Pts',(2.31500683799386,1.81173263192177,2.74));
#14212=CARTESIAN_POINT('Ctrl Pts',(2.31500683799386,1.81173263192177,2.695));
#14213=CARTESIAN_POINT('Ctrl Pts',(2.31500683799386,1.7697817504406,2.74));
#14214=CARTESIAN_POINT('Ctrl Pts',(2.31500683799386,1.7697817504406,2.695));
#14215=CARTESIAN_POINT('Ctrl Pts',(2.30242155566812,1.7457367002964,2.74));
#14216=CARTESIAN_POINT('Ctrl Pts',(2.30242155566812,1.7457367002964,2.695));
#14217=CARTESIAN_POINT('',(2.31500683799386,1.81173263192177,2.74));
#14218=CARTESIAN_POINT('Ctrl Pts',(2.31500683799386,1.81173263192177,2.74));
#14219=CARTESIAN_POINT('Ctrl Pts',(2.31500683799386,1.7697817504406,2.74));
#14220=CARTESIAN_POINT('Ctrl Pts',(2.30242155566812,1.7457367002964,2.74));
#14221=CARTESIAN_POINT('',(2.31500683799386,1.81173263192177,2.695));
#14222=CARTESIAN_POINT('',(2.31500683799386,1.81173263192177,2.74));
#14223=CARTESIAN_POINT('Ctrl Pts',(2.31500683799386,1.81173263192177,2.695));
#14224=CARTESIAN_POINT('Ctrl Pts',(2.31500683799386,1.7697817504406,2.695));
#14225=CARTESIAN_POINT('Ctrl Pts',(2.30242155566812,1.7457367002964,2.695));
#14226=CARTESIAN_POINT('Ctrl Pts',(2.28656207099557,1.89287177920342,2.74));
#14227=CARTESIAN_POINT('Ctrl Pts',(2.28656207099557,1.89287177920342,2.695));
#14228=CARTESIAN_POINT('Ctrl Pts',(2.31500683799386,1.86350618004799,2.74));
#14229=CARTESIAN_POINT('Ctrl Pts',(2.31500683799386,1.86350618004799,2.695));
#14230=CARTESIAN_POINT('Ctrl Pts',(2.31500683799386,1.81173263192177,2.74));
#14231=CARTESIAN_POINT('Ctrl Pts',(2.31500683799386,1.81173263192177,2.695));
#14232=CARTESIAN_POINT('',(2.28656207099557,1.89287177920342,2.74));
#14233=CARTESIAN_POINT('Ctrl Pts',(2.28656207099557,1.89287177920342,2.74));
#14234=CARTESIAN_POINT('Ctrl Pts',(2.31500683799386,1.86350618004799,2.74));
#14235=CARTESIAN_POINT('Ctrl Pts',(2.31500683799386,1.81173263192177,2.74));
#14236=CARTESIAN_POINT('',(2.28656207099557,1.89287177920342,2.695));
#14237=CARTESIAN_POINT('',(2.28656207099557,1.89287177920342,2.74));
#14238=CARTESIAN_POINT('Ctrl Pts',(2.28656207099557,1.89287177920342,2.695));
#14239=CARTESIAN_POINT('Ctrl Pts',(2.31500683799386,1.86350618004799,2.695));
#14240=CARTESIAN_POINT('Ctrl Pts',(2.31500683799386,1.81173263192177,2.695));
#14241=CARTESIAN_POINT('Ctrl Pts',(2.21330152526498,1.92223743796349,2.74));
#14242=CARTESIAN_POINT('Ctrl Pts',(2.21330152526498,1.92223743796349,2.695));
#14243=CARTESIAN_POINT('Ctrl Pts',(2.25811730399728,1.92223743796349,2.74));
#14244=CARTESIAN_POINT('Ctrl Pts',(2.25811730399728,1.92223743796349,2.695));
#14245=CARTESIAN_POINT('Ctrl Pts',(2.28656207099557,1.89287177920342,2.74));
#14246=CARTESIAN_POINT('Ctrl Pts',(2.28656207099557,1.89287177920342,2.695));
#14247=CARTESIAN_POINT('',(2.21330152526498,1.92223743796349,2.74));
#14248=CARTESIAN_POINT('Ctrl Pts',(2.21330152526498,1.92223743796349,2.74));
#14249=CARTESIAN_POINT('Ctrl Pts',(2.25811730399728,1.92223743796349,2.74));
#14250=CARTESIAN_POINT('Ctrl Pts',(2.28656207099557,1.89287177920342,2.74));
#14251=CARTESIAN_POINT('',(2.21330152526498,1.92223743796349,2.695));
#14252=CARTESIAN_POINT('',(2.21330152526498,1.92223743796349,2.74));
#14253=CARTESIAN_POINT('Ctrl Pts',(2.21330152526498,1.92223743796349,2.695));
#14254=CARTESIAN_POINT('Ctrl Pts',(2.25811730399728,1.92223743796349,2.695));
#14255=CARTESIAN_POINT('Ctrl Pts',(2.28656207099557,1.89287177920342,2.695));
#14256=CARTESIAN_POINT('Ctrl Pts',(2.14495228305459,1.89809007644653,2.74));
#14257=CARTESIAN_POINT('Ctrl Pts',(2.14495228305459,1.89809007644653,2.695));
#14258=CARTESIAN_POINT('Ctrl Pts',(2.17298768535256,1.92223743796349,2.74));
#14259=CARTESIAN_POINT('Ctrl Pts',(2.17298768535256,1.92223743796349,2.695));
#14260=CARTESIAN_POINT('Ctrl Pts',(2.21330152526498,1.92223743796349,2.74));
#14261=CARTESIAN_POINT('Ctrl Pts',(2.21330152526498,1.92223743796349,2.695));
#14262=CARTESIAN_POINT('',(2.14495228305459,1.89809007644653,2.74));
#14263=CARTESIAN_POINT('Ctrl Pts',(2.14495228305459,1.89809007644653,2.74));
#14264=CARTESIAN_POINT('Ctrl Pts',(2.17298768535256,1.92223743796349,2.74));
#14265=CARTESIAN_POINT('Ctrl Pts',(2.21330152526498,1.92223743796349,2.74));
#14266=CARTESIAN_POINT('',(2.14495228305459,1.89809007644653,2.695));
#14267=CARTESIAN_POINT('',(2.14495228305459,1.89809007644653,2.74));
#14268=CARTESIAN_POINT('Ctrl Pts',(2.14495228305459,1.89809007644653,2.695));
#14269=CARTESIAN_POINT('Ctrl Pts',(2.17298768535256,1.92223743796349,2.695));
#14270=CARTESIAN_POINT('Ctrl Pts',(2.21330152526498,1.92223743796349,2.695));
#14271=CARTESIAN_POINT('Ctrl Pts',(2.11139153018594,1.80866305232048,2.74));
#14272=CARTESIAN_POINT('Ctrl Pts',(2.11139153018594,1.80866305232048,2.695));
#14273=CARTESIAN_POINT('Ctrl Pts',(2.11139153018594,1.86903141140938,2.74));
#14274=CARTESIAN_POINT('Ctrl Pts',(2.11139153018594,1.86903141140938,2.695));
#14275=CARTESIAN_POINT('Ctrl Pts',(2.14495228305459,1.89809007644653,2.74));
#14276=CARTESIAN_POINT('Ctrl Pts',(2.14495228305459,1.89809007644653,2.695));
#14277=CARTESIAN_POINT('',(2.11139153018594,1.80866305232048,2.74));
#14278=CARTESIAN_POINT('Ctrl Pts',(2.11139153018594,1.80866305232048,2.74));
#14279=CARTESIAN_POINT('Ctrl Pts',(2.11139153018594,1.86903141140938,2.74));
#14280=CARTESIAN_POINT('Ctrl Pts',(2.14495228305459,1.89809007644653,2.74));
#14281=CARTESIAN_POINT('',(2.11139153018594,1.80866305232048,2.695));
#14282=CARTESIAN_POINT('',(2.11139153018594,1.80866305232048,2.74));
#14283=CARTESIAN_POINT('Ctrl Pts',(2.11139153018594,1.80866305232048,2.695));
#14284=CARTESIAN_POINT('Ctrl Pts',(2.11139153018594,1.86903141140938,2.695));
#14285=CARTESIAN_POINT('Ctrl Pts',(2.14495228305459,1.89809007644653,2.695));
#14286=CARTESIAN_POINT('Ctrl Pts',(2.13952933326364,1.72435198426247,2.74));
#14287=CARTESIAN_POINT('Ctrl Pts',(2.13952933326364,1.72435198426247,2.695));
#14288=CARTESIAN_POINT('Ctrl Pts',(2.11139153018594,1.75361530184746,2.74));
#14289=CARTESIAN_POINT('Ctrl Pts',(2.11139153018594,1.75361530184746,2.695));
#14290=CARTESIAN_POINT('Ctrl Pts',(2.11139153018594,1.80866305232048,2.74));
#14291=CARTESIAN_POINT('Ctrl Pts',(2.11139153018594,1.80866305232048,2.695));
#14292=CARTESIAN_POINT('Ctrl Pts',(2.13952933326364,1.72435198426247,2.74));
#14293=CARTESIAN_POINT('Ctrl Pts',(2.11139153018594,1.75361530184746,2.74));
#14294=CARTESIAN_POINT('Ctrl Pts',(2.11139153018594,1.80866305232048,2.74));
#14295=CARTESIAN_POINT('Ctrl Pts',(2.13952933326364,1.72435198426247,2.695));
#14296=CARTESIAN_POINT('Ctrl Pts',(2.11139153018594,1.75361530184746,2.695));
#14297=CARTESIAN_POINT('Ctrl Pts',(2.11139153018594,1.80866305232048,2.695));
#14298=CARTESIAN_POINT('Origin',(2.14761248119175,1.80590043663979,2.695));
#14299=CARTESIAN_POINT('Ctrl Pts',(2.67332874312997,1.89174626469612,2.74));
#14300=CARTESIAN_POINT('Ctrl Pts',(2.67332874312997,1.89174626469612,2.695));
#14301=CARTESIAN_POINT('Ctrl Pts',(2.64877222552896,1.89174626469612,2.74));
#14302=CARTESIAN_POINT('Ctrl Pts',(2.64877222552896,1.89174626469612,2.695));
#14303=CARTESIAN_POINT('Ctrl Pts',(2.63229881301522,1.87169168591499,2.74));
#14304=CARTESIAN_POINT('Ctrl Pts',(2.63229881301522,1.87169168591499,2.695));
#14305=CARTESIAN_POINT('',(2.67332874312997,1.89174626469612,2.74));
#14306=CARTESIAN_POINT('',(2.63229881301522,1.87169168591499,2.74));
#14307=CARTESIAN_POINT('Ctrl Pts',(2.67332874312997,1.89174626469612,2.74));
#14308=CARTESIAN_POINT('Ctrl Pts',(2.64877222552896,1.89174626469612,2.74));
#14309=CARTESIAN_POINT('Ctrl Pts',(2.63229881301522,1.87169168591499,2.74));
#14310=CARTESIAN_POINT('',(2.67332874312997,1.89174626469612,2.695));
#14311=CARTESIAN_POINT('',(2.67332874312997,1.89174626469612,2.74));
#14312=CARTESIAN_POINT('',(2.63229881301522,1.87169168591499,2.695));
#14313=CARTESIAN_POINT('Ctrl Pts',(2.67332874312997,1.89174626469612,2.695));
#14314=CARTESIAN_POINT('Ctrl Pts',(2.64877222552896,1.89174626469612,2.695));
#14315=CARTESIAN_POINT('Ctrl Pts',(2.63229881301522,1.87169168591499,2.695));
#14316=CARTESIAN_POINT('',(2.63229881301522,1.87169168591499,2.74));
#14317=CARTESIAN_POINT('Ctrl Pts',(2.7156890489161,1.87087313532829,2.74));
#14318=CARTESIAN_POINT('Ctrl Pts',(2.7156890489161,1.87087313532829,2.695));
#14319=CARTESIAN_POINT('Ctrl Pts',(2.69849930778146,1.89174626469612,2.74));
#14320=CARTESIAN_POINT('Ctrl Pts',(2.69849930778146,1.89174626469612,2.695));
#14321=CARTESIAN_POINT('Ctrl Pts',(2.67332874312997,1.89174626469612,2.74));
#14322=CARTESIAN_POINT('Ctrl Pts',(2.67332874312997,1.89174626469612,2.695));
#14323=CARTESIAN_POINT('',(2.7156890489161,1.87087313532829,2.74));
#14324=CARTESIAN_POINT('Ctrl Pts',(2.7156890489161,1.87087313532829,2.74));
#14325=CARTESIAN_POINT('Ctrl Pts',(2.69849930778146,1.89174626469612,2.74));
#14326=CARTESIAN_POINT('Ctrl Pts',(2.67332874312997,1.89174626469612,2.74));
#14327=CARTESIAN_POINT('',(2.7156890489161,1.87087313532829,2.695));
#14328=CARTESIAN_POINT('',(2.7156890489161,1.87087313532829,2.74));
#14329=CARTESIAN_POINT('Ctrl Pts',(2.7156890489161,1.87087313532829,2.695));
#14330=CARTESIAN_POINT('Ctrl Pts',(2.69849930778146,1.89174626469612,2.695));
#14331=CARTESIAN_POINT('Ctrl Pts',(2.67332874312997,1.89174626469612,2.695));
#14332=CARTESIAN_POINT('Ctrl Pts',(2.73287855163217,1.80538884997368,2.74));
#14333=CARTESIAN_POINT('Ctrl Pts',(2.73287855163217,1.80538884997368,2.695));
#14334=CARTESIAN_POINT('Ctrl Pts',(2.73287855163217,1.85000000596046,2.74));
#14335=CARTESIAN_POINT('Ctrl Pts',(2.73287855163217,1.85000000596046,2.695));
#14336=CARTESIAN_POINT('Ctrl Pts',(2.7156890489161,1.87087313532829,2.74));
#14337=CARTESIAN_POINT('Ctrl Pts',(2.7156890489161,1.87087313532829,2.695));
#14338=CARTESIAN_POINT('',(2.73287855163217,1.80538884997368,2.74));
#14339=CARTESIAN_POINT('Ctrl Pts',(2.73287855163217,1.80538884997368,2.74));
#14340=CARTESIAN_POINT('Ctrl Pts',(2.73287855163217,1.85000000596046,2.74));
#14341=CARTESIAN_POINT('Ctrl Pts',(2.7156890489161,1.87087313532829,2.74));
#14342=CARTESIAN_POINT('',(2.73287855163217,1.80538884997368,2.695));
#14343=CARTESIAN_POINT('',(2.73287855163217,1.80538884997368,2.74));
#14344=CARTESIAN_POINT('Ctrl Pts',(2.73287855163217,1.80538884997368,2.695));
#14345=CARTESIAN_POINT('Ctrl Pts',(2.73287855163217,1.85000000596046,2.695));
#14346=CARTESIAN_POINT('Ctrl Pts',(2.7156890489161,1.87087313532829,2.695));
#14347=CARTESIAN_POINT('Ctrl Pts',(2.71599589362741,1.74512283205986,2.74));
#14348=CARTESIAN_POINT('Ctrl Pts',(2.71599589362741,1.74512283205986,2.695));
#14349=CARTESIAN_POINT('Ctrl Pts',(2.73287855163217,1.76487038731575,2.74));
#14350=CARTESIAN_POINT('Ctrl Pts',(2.73287855163217,1.76487038731575,2.695));
#14351=CARTESIAN_POINT('Ctrl Pts',(2.73287855163217,1.80538884997368,2.74));
#14352=CARTESIAN_POINT('Ctrl Pts',(2.73287855163217,1.80538884997368,2.695));
#14353=CARTESIAN_POINT('',(2.71599589362741,1.74512283205986,2.74));
#14354=CARTESIAN_POINT('Ctrl Pts',(2.71599589362741,1.74512283205986,2.74));
#14355=CARTESIAN_POINT('Ctrl Pts',(2.73287855163217,1.76487038731575,2.74));
#14356=CARTESIAN_POINT('Ctrl Pts',(2.73287855163217,1.80538884997368,2.74));
#14357=CARTESIAN_POINT('',(2.71599589362741,1.74512283205986,2.695));
#14358=CARTESIAN_POINT('',(2.71599589362741,1.74512283205986,2.74));
#14359=CARTESIAN_POINT('Ctrl Pts',(2.71599589362741,1.74512283205986,2.695));
#14360=CARTESIAN_POINT('Ctrl Pts',(2.73287855163217,1.76487038731575,2.695));
#14361=CARTESIAN_POINT('Ctrl Pts',(2.73287855163217,1.80538884997368,2.695));
#14362=CARTESIAN_POINT('Ctrl Pts',(2.67496596351266,1.72537521719933,2.74));
#14363=CARTESIAN_POINT('Ctrl Pts',(2.67496596351266,1.72537521719933,2.695));
#14364=CARTESIAN_POINT('Ctrl Pts',(2.69911323562264,1.72537521719933,2.74));
#14365=CARTESIAN_POINT('Ctrl Pts',(2.69911323562264,1.72537521719933,2.695));
#14366=CARTESIAN_POINT('Ctrl Pts',(2.71599589362741,1.74512283205986,2.74));
#14367=CARTESIAN_POINT('Ctrl Pts',(2.71599589362741,1.74512283205986,2.695));
#14368=CARTESIAN_POINT('',(2.67496596351266,1.72537521719933,2.74));
#14369=CARTESIAN_POINT('Ctrl Pts',(2.67496596351266,1.72537521719933,2.74));
#14370=CARTESIAN_POINT('Ctrl Pts',(2.69911323562264,1.72537521719933,2.74));
#14371=CARTESIAN_POINT('Ctrl Pts',(2.71599589362741,1.74512283205986,2.74));
#14372=CARTESIAN_POINT('',(2.67496596351266,1.72537521719933,2.695));
#14373=CARTESIAN_POINT('',(2.67496596351266,1.72537521719933,2.74));
#14374=CARTESIAN_POINT('Ctrl Pts',(2.67496596351266,1.72537521719933,2.695));
#14375=CARTESIAN_POINT('Ctrl Pts',(2.69911323562264,1.72537521719933,2.695));
#14376=CARTESIAN_POINT('Ctrl Pts',(2.71599589362741,1.74512283205986,2.695));
#14377=CARTESIAN_POINT('Ctrl Pts',(2.63342426791787,1.746043664217,2.74));
#14378=CARTESIAN_POINT('Ctrl Pts',(2.63342426791787,1.746043664217,2.695));
#14379=CARTESIAN_POINT('Ctrl Pts',(2.65102325454354,1.72537521719933,2.74));
#14380=CARTESIAN_POINT('Ctrl Pts',(2.65102325454354,1.72537521719933,2.695));
#14381=CARTESIAN_POINT('Ctrl Pts',(2.67496596351266,1.72537521719933,2.74));
#14382=CARTESIAN_POINT('Ctrl Pts',(2.67496596351266,1.72537521719933,2.695));
#14383=CARTESIAN_POINT('',(2.63342426791787,1.746043664217,2.74));
#14384=CARTESIAN_POINT('Ctrl Pts',(2.63342426791787,1.746043664217,2.74));
#14385=CARTESIAN_POINT('Ctrl Pts',(2.65102325454354,1.72537521719933,2.74));
#14386=CARTESIAN_POINT('Ctrl Pts',(2.67496596351266,1.72537521719933,2.74));
#14387=CARTESIAN_POINT('',(2.63342426791787,1.746043664217,2.695));
#14388=CARTESIAN_POINT('',(2.63342426791787,1.746043664217,2.74));
#14389=CARTESIAN_POINT('Ctrl Pts',(2.63342426791787,1.746043664217,2.695));
#14390=CARTESIAN_POINT('Ctrl Pts',(2.65102325454354,1.72537521719933,2.695));
#14391=CARTESIAN_POINT('Ctrl Pts',(2.67496596351266,1.72537521719933,2.695));
#14392=CARTESIAN_POINT('Ctrl Pts',(2.61582540050149,1.80845842957497,2.74));
#14393=CARTESIAN_POINT('Ctrl Pts',(2.61582540050149,1.80845842957497,2.695));
#14394=CARTESIAN_POINT('Ctrl Pts',(2.61582540050149,1.76671217083931,2.74));
#14395=CARTESIAN_POINT('Ctrl Pts',(2.61582540050149,1.76671217083931,2.695));
#14396=CARTESIAN_POINT('Ctrl Pts',(2.63342426791787,1.746043664217,2.74));
#14397=CARTESIAN_POINT('Ctrl Pts',(2.63342426791787,1.746043664217,2.695));
#14398=CARTESIAN_POINT('',(2.61582540050149,1.80845842957497,2.74));
#14399=CARTESIAN_POINT('Ctrl Pts',(2.61582540050149,1.80845842957497,2.74));
#14400=CARTESIAN_POINT('Ctrl Pts',(2.61582540050149,1.76671217083931,2.74));
#14401=CARTESIAN_POINT('Ctrl Pts',(2.63342426791787,1.746043664217,2.74));
#14402=CARTESIAN_POINT('',(2.61582540050149,1.80845842957497,2.695));
#14403=CARTESIAN_POINT('',(2.61582540050149,1.80845842957497,2.74));
#14404=CARTESIAN_POINT('Ctrl Pts',(2.61582540050149,1.80845842957497,2.695));
#14405=CARTESIAN_POINT('Ctrl Pts',(2.61582540050149,1.76671217083931,2.695));
#14406=CARTESIAN_POINT('Ctrl Pts',(2.63342426791787,1.746043664217,2.695));
#14407=CARTESIAN_POINT('Ctrl Pts',(2.63229881301522,1.87169168591499,2.74));
#14408=CARTESIAN_POINT('Ctrl Pts',(2.63229881301522,1.87169168591499,2.695));
#14409=CARTESIAN_POINT('Ctrl Pts',(2.61582540050149,1.85163713693619,2.74));
#14410=CARTESIAN_POINT('Ctrl Pts',(2.61582540050149,1.85163713693619,2.695));
#14411=CARTESIAN_POINT('Ctrl Pts',(2.61582540050149,1.80845842957497,2.74));
#14412=CARTESIAN_POINT('Ctrl Pts',(2.61582540050149,1.80845842957497,2.695));
#14413=CARTESIAN_POINT('Ctrl Pts',(2.63229881301522,1.87169168591499,2.74));
#14414=CARTESIAN_POINT('Ctrl Pts',(2.61582540050149,1.85163713693619,2.74));
#14415=CARTESIAN_POINT('Ctrl Pts',(2.61582540050149,1.80845842957497,2.74));
#14416=CARTESIAN_POINT('Ctrl Pts',(2.63229881301522,1.87169168591499,2.695));
#14417=CARTESIAN_POINT('Ctrl Pts',(2.61582540050149,1.85163713693619,2.695));
#14418=CARTESIAN_POINT('Ctrl Pts',(2.61582540050149,1.80845842957497,2.695));
#14419=CARTESIAN_POINT('Origin',(2.76643930450082,2.00000001192093,2.74));
#14420=CARTESIAN_POINT('',(2.76643930450082,2.00000001192093,2.74));
#14421=CARTESIAN_POINT('',(2.76643930450082,1.70000002980232,2.74));
#14422=CARTESIAN_POINT('',(2.76643930450082,2.00000000596046,2.74));
#14423=CARTESIAN_POINT('',(2.76643930450082,2.00000001192093,2.695));
#14424=CARTESIAN_POINT('',(2.76643930450082,2.00000001192093,2.74));
#14425=CARTESIAN_POINT('',(2.76643930450082,1.70000002980232,2.695));
#14426=CARTESIAN_POINT('',(2.76643930450082,2.00000001192093,2.695));
#14427=CARTESIAN_POINT('',(2.76643930450082,1.70000002980232,2.74));
#14428=CARTESIAN_POINT('Origin',(2.72980891242623,2.00000001192093,2.74));
#14429=CARTESIAN_POINT('',(2.72980891242623,2.00000001192093,2.74));
#14430=CARTESIAN_POINT('',(3.36490445621312,2.00000001192093,2.74));
#14431=CARTESIAN_POINT('',(2.72980891242623,2.00000001192093,2.695));
#14432=CARTESIAN_POINT('',(2.72980891242623,2.00000001192093,2.74));
#14433=CARTESIAN_POINT('',(2.72980891242623,2.00000001192093,2.695));
#14434=CARTESIAN_POINT('Origin',(2.72980891242623,1.89236019253731,2.74));
#14435=CARTESIAN_POINT('',(2.72980891242623,1.89236019253731,2.74));
#14436=CARTESIAN_POINT('',(2.72980891242623,1.94618009626865,2.74));
#14437=CARTESIAN_POINT('',(2.72980891242623,1.89236019253731,2.695));
#14438=CARTESIAN_POINT('',(2.72980891242623,1.89236019253731,2.74));
#14439=CARTESIAN_POINT('',(2.72980891242623,1.89236019253731,2.695));
#14440=CARTESIAN_POINT('Ctrl Pts',(2.70484314933419,1.91394953131676,2.74));
#14441=CARTESIAN_POINT('Ctrl Pts',(2.70484314933419,1.91394953131676,2.695));
#14442=CARTESIAN_POINT('Ctrl Pts',(2.72019110694528,1.90566168427467,2.74));
#14443=CARTESIAN_POINT('Ctrl Pts',(2.72019110694528,1.90566168427467,2.695));
#14444=CARTESIAN_POINT('Ctrl Pts',(2.72980891242623,1.89236019253731,2.74));
#14445=CARTESIAN_POINT('Ctrl Pts',(2.72980891242623,1.89236019253731,2.695));
#14446=CARTESIAN_POINT('',(2.70484314933419,1.91394953131676,2.74));
#14447=CARTESIAN_POINT('Ctrl Pts',(2.70484314933419,1.91394953131676,2.74));
#14448=CARTESIAN_POINT('Ctrl Pts',(2.72019110694528,1.90566168427467,2.74));
#14449=CARTESIAN_POINT('Ctrl Pts',(2.72980891242623,1.89236019253731,2.74));
#14450=CARTESIAN_POINT('',(2.70484314933419,1.91394953131676,2.695));
#14451=CARTESIAN_POINT('',(2.70484314933419,1.91394953131676,2.74));
#14452=CARTESIAN_POINT('Ctrl Pts',(2.70484314933419,1.91394953131676,2.695));
#14453=CARTESIAN_POINT('Ctrl Pts',(2.72019110694528,1.90566168427467,2.695));
#14454=CARTESIAN_POINT('Ctrl Pts',(2.72980891242623,1.89236019253731,2.695));
#14455=CARTESIAN_POINT('Ctrl Pts',(2.6698499776423,1.92223740816116,2.74));
#14456=CARTESIAN_POINT('Ctrl Pts',(2.6698499776423,1.92223740816116,2.695));
#14457=CARTESIAN_POINT('Ctrl Pts',(2.68949519172311,1.92223740816116,2.74));
#14458=CARTESIAN_POINT('Ctrl Pts',(2.68949519172311,1.92223740816116,2.695));
#14459=CARTESIAN_POINT('Ctrl Pts',(2.70484314933419,1.91394953131676,2.74));
#14460=CARTESIAN_POINT('Ctrl Pts',(2.70484314933419,1.91394953131676,2.695));
#14461=CARTESIAN_POINT('',(2.6698499776423,1.92223740816116,2.74));
#14462=CARTESIAN_POINT('Ctrl Pts',(2.6698499776423,1.92223740816116,2.74));
#14463=CARTESIAN_POINT('Ctrl Pts',(2.68949519172311,1.92223740816116,2.74));
#14464=CARTESIAN_POINT('Ctrl Pts',(2.70484314933419,1.91394953131676,2.74));
#14465=CARTESIAN_POINT('',(2.6698499776423,1.92223740816116,2.695));
#14466=CARTESIAN_POINT('',(2.6698499776423,1.92223740816116,2.74));
#14467=CARTESIAN_POINT('Ctrl Pts',(2.6698499776423,1.92223740816116,2.695));
#14468=CARTESIAN_POINT('Ctrl Pts',(2.68949519172311,1.92223740816116,2.695));
#14469=CARTESIAN_POINT('Ctrl Pts',(2.70484314933419,1.91394953131676,2.695));
#14470=CARTESIAN_POINT('Ctrl Pts',(2.62135063186288,1.90811733603477,2.74));
#14471=CARTESIAN_POINT('Ctrl Pts',(2.62135063186288,1.90811733603477,2.695));
#14472=CARTESIAN_POINT('Ctrl Pts',(2.64304231181741,1.92223740816116,2.74));
#14473=CARTESIAN_POINT('Ctrl Pts',(2.64304231181741,1.92223740816116,2.695));
#14474=CARTESIAN_POINT('Ctrl Pts',(2.6698499776423,1.92223740816116,2.74));
#14475=CARTESIAN_POINT('Ctrl Pts',(2.6698499776423,1.92223740816116,2.695));
#14476=CARTESIAN_POINT('',(2.62135063186288,1.90811733603477,2.74));
#14477=CARTESIAN_POINT('Ctrl Pts',(2.62135063186288,1.90811733603477,2.74));
#14478=CARTESIAN_POINT('Ctrl Pts',(2.64304231181741,1.92223740816116,2.74));
#14479=CARTESIAN_POINT('Ctrl Pts',(2.6698499776423,1.92223740816116,2.74));
#14480=CARTESIAN_POINT('',(2.62135063186288,1.90811733603477,2.695));
#14481=CARTESIAN_POINT('',(2.62135063186288,1.90811733603477,2.74));
#14482=CARTESIAN_POINT('Ctrl Pts',(2.62135063186288,1.90811733603477,2.695));
#14483=CARTESIAN_POINT('Ctrl Pts',(2.64304231181741,1.92223740816116,2.695));
#14484=CARTESIAN_POINT('Ctrl Pts',(2.6698499776423,1.92223740816116,2.695));
#14485=CARTESIAN_POINT('Ctrl Pts',(2.58881305232644,1.86749662160873,2.74));
#14486=CARTESIAN_POINT('Ctrl Pts',(2.58881305232644,1.86749662160873,2.695));
#14487=CARTESIAN_POINT('Ctrl Pts',(2.59965895190835,1.89399729371071,2.74));
#14488=CARTESIAN_POINT('Ctrl Pts',(2.59965895190835,1.89399729371071,2.695));
#14489=CARTESIAN_POINT('Ctrl Pts',(2.62135063186288,1.90811733603477,2.74));
#14490=CARTESIAN_POINT('Ctrl Pts',(2.62135063186288,1.90811733603477,2.695));
#14491=CARTESIAN_POINT('',(2.58881305232644,1.86749662160873,2.74));
#14492=CARTESIAN_POINT('Ctrl Pts',(2.58881305232644,1.86749662160873,2.74));
#14493=CARTESIAN_POINT('Ctrl Pts',(2.59965895190835,1.89399729371071,2.74));
#14494=CARTESIAN_POINT('Ctrl Pts',(2.62135063186288,1.90811733603477,2.74));
#14495=CARTESIAN_POINT('',(2.58881305232644,1.86749662160873,2.695));
#14496=CARTESIAN_POINT('',(2.58881305232644,1.86749662160873,2.74));
#14497=CARTESIAN_POINT('Ctrl Pts',(2.58881305232644,1.86749662160873,2.695));
#14498=CARTESIAN_POINT('Ctrl Pts',(2.59965895190835,1.89399729371071,2.695));
#14499=CARTESIAN_POINT('Ctrl Pts',(2.62135063186288,1.90811733603477,2.695));
#14500=CARTESIAN_POINT('Ctrl Pts',(2.57796727195382,1.80845842957497,2.74));
#14501=CARTESIAN_POINT('Ctrl Pts',(2.57796727195382,1.80845842957497,2.695));
#14502=CARTESIAN_POINT('Ctrl Pts',(2.57796727195382,1.84099594950676,2.74));
#14503=CARTESIAN_POINT('Ctrl Pts',(2.57796727195382,1.84099594950676,2.695));
#14504=CARTESIAN_POINT('Ctrl Pts',(2.58881305232644,1.86749662160873,2.74));
#14505=CARTESIAN_POINT('Ctrl Pts',(2.58881305232644,1.86749662160873,2.695));
#14506=CARTESIAN_POINT('',(2.57796727195382,1.80845842957497,2.74));
#14507=CARTESIAN_POINT('Ctrl Pts',(2.57796727195382,1.80845842957497,2.74));
#14508=CARTESIAN_POINT('Ctrl Pts',(2.57796727195382,1.84099594950676,2.74));
#14509=CARTESIAN_POINT('Ctrl Pts',(2.58881305232644,1.86749662160873,2.74));
#14510=CARTESIAN_POINT('',(2.57796727195382,1.80845842957497,2.695));
#14511=CARTESIAN_POINT('',(2.57796727195382,1.80845842957497,2.74));
#14512=CARTESIAN_POINT('Ctrl Pts',(2.57796727195382,1.80845842957497,2.695));
#14513=CARTESIAN_POINT('Ctrl Pts',(2.57796727195382,1.84099594950676,2.695));
#14514=CARTESIAN_POINT('Ctrl Pts',(2.58881305232644,1.86749662160873,2.695));
#14515=CARTESIAN_POINT('Ctrl Pts',(2.58993862643838,1.74942020773888,2.74));
#14516=CARTESIAN_POINT('Ctrl Pts',(2.58993862643838,1.74942020773888,2.695));
#14517=CARTESIAN_POINT('Ctrl Pts',(2.57796727195382,1.77510235905647,2.74));
#14518=CARTESIAN_POINT('Ctrl Pts',(2.57796727195382,1.77510235905647,2.695));
#14519=CARTESIAN_POINT('Ctrl Pts',(2.57796727195382,1.80845842957497,2.74));
#14520=CARTESIAN_POINT('Ctrl Pts',(2.57796727195382,1.80845842957497,2.695));
#14521=CARTESIAN_POINT('',(2.58993862643838,1.74942020773888,2.74));
#14522=CARTESIAN_POINT('Ctrl Pts',(2.58993862643838,1.74942020773888,2.74));
#14523=CARTESIAN_POINT('Ctrl Pts',(2.57796727195382,1.77510235905647,2.74));
#14524=CARTESIAN_POINT('Ctrl Pts',(2.57796727195382,1.80845842957497,2.74));
#14525=CARTESIAN_POINT('',(2.58993862643838,1.74942020773888,2.695));
#14526=CARTESIAN_POINT('',(2.58993862643838,1.74942020773888,2.74));
#14527=CARTESIAN_POINT('Ctrl Pts',(2.58993862643838,1.74942020773888,2.695));
#14528=CARTESIAN_POINT('Ctrl Pts',(2.57796727195382,1.77510235905647,2.695));
#14529=CARTESIAN_POINT('Ctrl Pts',(2.57796727195382,1.80845842957497,2.695));
#14530=CARTESIAN_POINT('Ctrl Pts',(2.6237039424479,1.7094133913517,2.74));
#14531=CARTESIAN_POINT('Ctrl Pts',(2.6237039424479,1.7094133913517,2.695));
#14532=CARTESIAN_POINT('Ctrl Pts',(2.60190998092294,1.72373811602592,2.74));
#14533=CARTESIAN_POINT('Ctrl Pts',(2.60190998092294,1.72373811602592,2.695));
#14534=CARTESIAN_POINT('Ctrl Pts',(2.58993862643838,1.74942020773888,2.74));
#14535=CARTESIAN_POINT('Ctrl Pts',(2.58993862643838,1.74942020773888,2.695));
#14536=CARTESIAN_POINT('',(2.6237039424479,1.7094133913517,2.74));
#14537=CARTESIAN_POINT('Ctrl Pts',(2.6237039424479,1.7094133913517,2.74));
#14538=CARTESIAN_POINT('Ctrl Pts',(2.60190998092294,1.72373811602592,2.74));
#14539=CARTESIAN_POINT('Ctrl Pts',(2.58993862643838,1.74942020773888,2.74));
#14540=CARTESIAN_POINT('',(2.6237039424479,1.7094133913517,2.695));
#14541=CARTESIAN_POINT('',(2.6237039424479,1.7094133913517,2.74));
#14542=CARTESIAN_POINT('Ctrl Pts',(2.6237039424479,1.7094133913517,2.695));
#14543=CARTESIAN_POINT('Ctrl Pts',(2.60190998092294,1.72373811602592,2.695));
#14544=CARTESIAN_POINT('Ctrl Pts',(2.58993862643838,1.74942020773888,2.695));
#14545=CARTESIAN_POINT('Ctrl Pts',(2.67148695960641,1.69508872628212,2.74));
#14546=CARTESIAN_POINT('Ctrl Pts',(2.67148695960641,1.69508872628212,2.695));
#14547=CARTESIAN_POINT('Ctrl Pts',(2.64549802318215,1.69508872628212,2.74));
#14548=CARTESIAN_POINT('Ctrl Pts',(2.64549802318215,1.69508872628212,2.695));
#14549=CARTESIAN_POINT('Ctrl Pts',(2.6237039424479,1.7094133913517,2.74));
#14550=CARTESIAN_POINT('Ctrl Pts',(2.6237039424479,1.7094133913517,2.695));
#14551=CARTESIAN_POINT('',(2.67148695960641,1.69508872628212,2.74));
#14552=CARTESIAN_POINT('Ctrl Pts',(2.67148695960641,1.69508872628212,2.74));
#14553=CARTESIAN_POINT('Ctrl Pts',(2.64549802318215,1.69508872628212,2.74));
#14554=CARTESIAN_POINT('Ctrl Pts',(2.6237039424479,1.7094133913517,2.74));
#14555=CARTESIAN_POINT('',(2.67148695960641,1.69508872628212,2.695));
#14556=CARTESIAN_POINT('',(2.67148695960641,1.69508872628212,2.74));
#14557=CARTESIAN_POINT('Ctrl Pts',(2.67148695960641,1.69508872628212,2.695));
#14558=CARTESIAN_POINT('Ctrl Pts',(2.64549802318215,1.69508872628212,2.695));
#14559=CARTESIAN_POINT('Ctrl Pts',(2.6237039424479,1.7094133913517,2.695));
#14560=CARTESIAN_POINT('Ctrl Pts',(2.73226462379098,1.72742156386375,2.74));
#14561=CARTESIAN_POINT('Ctrl Pts',(2.73226462379098,1.72742156386375,2.695));
#14562=CARTESIAN_POINT('Ctrl Pts',(2.71159611716867,1.69508872628212,2.74));
#14563=CARTESIAN_POINT('Ctrl Pts',(2.71159611716867,1.69508872628212,2.695));
#14564=CARTESIAN_POINT('Ctrl Pts',(2.67148695960641,1.69508872628212,2.74));
#14565=CARTESIAN_POINT('Ctrl Pts',(2.67148695960641,1.69508872628212,2.695));
#14566=CARTESIAN_POINT('',(2.73226462379098,1.72742156386375,2.74));
#14567=CARTESIAN_POINT('Ctrl Pts',(2.73226462379098,1.72742156386375,2.74));
#14568=CARTESIAN_POINT('Ctrl Pts',(2.71159611716867,1.69508872628212,2.74));
#14569=CARTESIAN_POINT('Ctrl Pts',(2.67148695960641,1.69508872628212,2.74));
#14570=CARTESIAN_POINT('',(2.73226462379098,1.72742156386375,2.695));
#14571=CARTESIAN_POINT('',(2.73226462379098,1.72742156386375,2.74));
#14572=CARTESIAN_POINT('Ctrl Pts',(2.73226462379098,1.72742156386375,2.695));
#14573=CARTESIAN_POINT('Ctrl Pts',(2.71159611716867,1.69508872628212,2.695));
#14574=CARTESIAN_POINT('Ctrl Pts',(2.67148695960641,1.69508872628212,2.695));
#14575=CARTESIAN_POINT('Origin',(2.73226462379098,1.70000002980232,2.74));
#14576=CARTESIAN_POINT('',(2.73226462379098,1.70000002980232,2.74));
#14577=CARTESIAN_POINT('',(2.73226462379098,1.85000001490116,2.74));
#14578=CARTESIAN_POINT('',(2.73226462379098,1.70000002980232,2.695));
#14579=CARTESIAN_POINT('',(2.73226462379098,1.70000002980232,2.74));
#14580=CARTESIAN_POINT('',(2.73226462379098,1.70000002980232,2.695));
#14581=CARTESIAN_POINT('Origin',(2.76643930450082,1.70000002980232,2.74));
#14582=CARTESIAN_POINT('',(3.38321965225041,1.70000002980232,2.74));
#14583=CARTESIAN_POINT('',(2.76643930450082,1.70000002980232,2.695));
#14584=CARTESIAN_POINT('Origin',(2.14761248119175,1.80590043663979,2.695));
#14585=CARTESIAN_POINT('Ctrl Pts',(3.30668483749032,1.75873128771782,2.74));
#14586=CARTESIAN_POINT('Ctrl Pts',(3.30668483749032,1.75873128771782,2.695));
#14587=CARTESIAN_POINT('Ctrl Pts',(3.31261931434274,1.77121422886848,2.74));
#14588=CARTESIAN_POINT('Ctrl Pts',(3.31261931434274,1.77121422886848,2.695));
#14589=CARTESIAN_POINT('Ctrl Pts',(3.31261931434274,1.79556618332863,2.74));
#14590=CARTESIAN_POINT('Ctrl Pts',(3.31261931434274,1.79556618332863,2.695));
#14591=CARTESIAN_POINT('',(3.30668483749032,1.75873128771782,2.74));
#14592=CARTESIAN_POINT('',(3.31261931434274,1.79556618332863,2.74));
#14593=CARTESIAN_POINT('Ctrl Pts',(3.30668483749032,1.75873128771782,2.74));
#14594=CARTESIAN_POINT('Ctrl Pts',(3.31261931434274,1.77121422886848,2.74));
#14595=CARTESIAN_POINT('Ctrl Pts',(3.31261931434274,1.79556618332863,2.74));
#14596=CARTESIAN_POINT('',(3.30668483749032,1.75873128771782,2.695));
#14597=CARTESIAN_POINT('',(3.30668483749032,1.75873128771782,2.74));
#14598=CARTESIAN_POINT('',(3.31261931434274,1.79556618332863,2.695));
#14599=CARTESIAN_POINT('Ctrl Pts',(3.30668483749032,1.75873128771782,2.695));
#14600=CARTESIAN_POINT('Ctrl Pts',(3.31261931434274,1.77121422886848,2.695));
#14601=CARTESIAN_POINT('Ctrl Pts',(3.31261931434274,1.79556618332863,2.695));
#14602=CARTESIAN_POINT('',(3.31261931434274,1.79556618332863,2.74));
#14603=CARTESIAN_POINT('Ctrl Pts',(3.28233300223947,1.73325375914574,2.74));
#14604=CARTESIAN_POINT('Ctrl Pts',(3.28233300223947,1.73325375914574,2.695));
#14605=CARTESIAN_POINT('Ctrl Pts',(3.29890857711434,1.74256483912468,2.74));
#14606=CARTESIAN_POINT('Ctrl Pts',(3.29890857711434,1.74256483912468,2.695));
#14607=CARTESIAN_POINT('Ctrl Pts',(3.30668483749032,1.75873128771782,2.74));
#14608=CARTESIAN_POINT('Ctrl Pts',(3.30668483749032,1.75873128771782,2.695));
#14609=CARTESIAN_POINT('',(3.28233300223947,1.73325375914574,2.74));
#14610=CARTESIAN_POINT('Ctrl Pts',(3.28233300223947,1.73325375914574,2.74));
#14611=CARTESIAN_POINT('Ctrl Pts',(3.29890857711434,1.74256483912468,2.74));
#14612=CARTESIAN_POINT('Ctrl Pts',(3.30668483749032,1.75873128771782,2.74));
#14613=CARTESIAN_POINT('',(3.28233300223947,1.73325375914574,2.695));
#14614=CARTESIAN_POINT('',(3.28233300223947,1.73325375914574,2.74));
#14615=CARTESIAN_POINT('Ctrl Pts',(3.28233300223947,1.73325375914574,2.695));
#14616=CARTESIAN_POINT('Ctrl Pts',(3.29890857711434,1.74256483912468,2.695));
#14617=CARTESIAN_POINT('Ctrl Pts',(3.30668483749032,1.75873128771782,2.695));
#14618=CARTESIAN_POINT('Ctrl Pts',(3.24447475448251,1.72394273877144,2.74));
#14619=CARTESIAN_POINT('Ctrl Pts',(3.24447475448251,1.72394273877144,2.695));
#14620=CARTESIAN_POINT('Ctrl Pts',(3.26575718894601,1.72394273877144,2.74));
#14621=CARTESIAN_POINT('Ctrl Pts',(3.26575718894601,1.72394273877144,2.695));
#14622=CARTESIAN_POINT('Ctrl Pts',(3.28233300223947,1.73325375914574,2.74));
#14623=CARTESIAN_POINT('Ctrl Pts',(3.28233300223947,1.73325375914574,2.695));
#14624=CARTESIAN_POINT('',(3.24447475448251,1.72394273877144,2.74));
#14625=CARTESIAN_POINT('Ctrl Pts',(3.24447475448251,1.72394273877144,2.74));
#14626=CARTESIAN_POINT('Ctrl Pts',(3.26575718894601,1.72394273877144,2.74));
#14627=CARTESIAN_POINT('Ctrl Pts',(3.28233300223947,1.73325375914574,2.74));
#14628=CARTESIAN_POINT('',(3.24447475448251,1.72394273877144,2.695));
#14629=CARTESIAN_POINT('',(3.24447475448251,1.72394273877144,2.74));
#14630=CARTESIAN_POINT('Ctrl Pts',(3.24447475448251,1.72394273877144,2.695));
#14631=CARTESIAN_POINT('Ctrl Pts',(3.26575718894601,1.72394273877144,2.695));
#14632=CARTESIAN_POINT('Ctrl Pts',(3.28233300223947,1.73325375914574,2.695));
#14633=CARTESIAN_POINT('Ctrl Pts',(3.21183501258492,1.73376540541649,2.74));
#14634=CARTESIAN_POINT('Ctrl Pts',(3.21183501258492,1.73376540541649,2.695));
#14635=CARTESIAN_POINT('Ctrl Pts',(3.22298775687814,1.72394273877144,2.74));
#14636=CARTESIAN_POINT('Ctrl Pts',(3.22298775687814,1.72394273877144,2.695));
#14637=CARTESIAN_POINT('Ctrl Pts',(3.24447475448251,1.72394273877144,2.74));
#14638=CARTESIAN_POINT('Ctrl Pts',(3.24447475448251,1.72394273877144,2.695));
#14639=CARTESIAN_POINT('',(3.21183501258492,1.73376540541649,2.74));
#14640=CARTESIAN_POINT('Ctrl Pts',(3.21183501258492,1.73376540541649,2.74));
#14641=CARTESIAN_POINT('Ctrl Pts',(3.22298775687814,1.72394273877144,2.74));
#14642=CARTESIAN_POINT('Ctrl Pts',(3.24447475448251,1.72394273877144,2.74));
#14643=CARTESIAN_POINT('',(3.21183501258492,1.73376540541649,2.695));
#14644=CARTESIAN_POINT('',(3.21183501258492,1.73376540541649,2.74));
#14645=CARTESIAN_POINT('Ctrl Pts',(3.21183501258492,1.73376540541649,2.695));
#14646=CARTESIAN_POINT('Ctrl Pts',(3.22298775687814,1.72394273877144,2.695));
#14647=CARTESIAN_POINT('Ctrl Pts',(3.24447475448251,1.72394273877144,2.695));
#14648=CARTESIAN_POINT('Ctrl Pts',(3.20068226829171,1.75832198262215,2.74));
#14649=CARTESIAN_POINT('Ctrl Pts',(3.20068226829171,1.75832198262215,2.695));
#14650=CARTESIAN_POINT('Ctrl Pts',(3.20068226829171,1.74358801245689,2.74));
#14651=CARTESIAN_POINT('Ctrl Pts',(3.20068226829171,1.74358801245689,2.695));
#14652=CARTESIAN_POINT('Ctrl Pts',(3.21183501258492,1.73376540541649,2.74));
#14653=CARTESIAN_POINT('Ctrl Pts',(3.21183501258492,1.73376540541649,2.695));
#14654=CARTESIAN_POINT('',(3.20068226829171,1.75832198262215,2.74));
#14655=CARTESIAN_POINT('Ctrl Pts',(3.20068226829171,1.75832198262215,2.74));
#14656=CARTESIAN_POINT('Ctrl Pts',(3.20068226829171,1.74358801245689,2.74));
#14657=CARTESIAN_POINT('Ctrl Pts',(3.21183501258492,1.73376540541649,2.74));
#14658=CARTESIAN_POINT('',(3.20068226829171,1.75832198262215,2.695));
#14659=CARTESIAN_POINT('',(3.20068226829171,1.75832198262215,2.74));
#14660=CARTESIAN_POINT('Ctrl Pts',(3.20068226829171,1.75832198262215,2.695));
#14661=CARTESIAN_POINT('Ctrl Pts',(3.20068226829171,1.74358801245689,2.695));
#14662=CARTESIAN_POINT('Ctrl Pts',(3.21183501258492,1.73376540541649,2.695));
#14663=CARTESIAN_POINT('Ctrl Pts',(3.20579825416207,1.77581856846809,2.74));
#14664=CARTESIAN_POINT('Ctrl Pts',(3.20579825416207,1.77581856846809,2.695));
#14665=CARTESIAN_POINT('Ctrl Pts',(3.20068226829171,1.76794002652168,2.74));
#14666=CARTESIAN_POINT('Ctrl Pts',(3.20068226829171,1.76794002652168,2.695));
#14667=CARTESIAN_POINT('Ctrl Pts',(3.20068226829171,1.75832198262215,2.74));
#14668=CARTESIAN_POINT('Ctrl Pts',(3.20068226829171,1.75832198262215,2.695));
#14669=CARTESIAN_POINT('',(3.20579825416207,1.77581856846809,2.74));
#14670=CARTESIAN_POINT('Ctrl Pts',(3.20579825416207,1.77581856846809,2.74));
#14671=CARTESIAN_POINT('Ctrl Pts',(3.20068226829171,1.76794002652168,2.74));
#14672=CARTESIAN_POINT('Ctrl Pts',(3.20068226829171,1.75832198262215,2.74));
#14673=CARTESIAN_POINT('',(3.20579825416207,1.77581856846809,2.695));
#14674=CARTESIAN_POINT('',(3.20579825416207,1.77581856846809,2.74));
#14675=CARTESIAN_POINT('Ctrl Pts',(3.20579825416207,1.77581856846809,2.695));
#14676=CARTESIAN_POINT('Ctrl Pts',(3.20068226829171,1.76794002652168,2.695));
#14677=CARTESIAN_POINT('Ctrl Pts',(3.20068226829171,1.75832198262215,2.695));
#14678=CARTESIAN_POINT('Ctrl Pts',(3.22032748237252,1.78778992295265,2.74));
#14679=CARTESIAN_POINT('Ctrl Pts',(3.22032748237252,1.78778992295265,2.695));
#14680=CARTESIAN_POINT('Ctrl Pts',(3.21091400161386,1.78369717001915,2.74));
#14681=CARTESIAN_POINT('Ctrl Pts',(3.21091400161386,1.78369717001915,2.695));
#14682=CARTESIAN_POINT('Ctrl Pts',(3.20579825416207,1.77581856846809,2.74));
#14683=CARTESIAN_POINT('Ctrl Pts',(3.20579825416207,1.77581856846809,2.695));
#14684=CARTESIAN_POINT('',(3.22032748237252,1.78778992295265,2.74));
#14685=CARTESIAN_POINT('Ctrl Pts',(3.22032748237252,1.78778992295265,2.74));
#14686=CARTESIAN_POINT('Ctrl Pts',(3.21091400161386,1.78369717001915,2.74));
#14687=CARTESIAN_POINT('Ctrl Pts',(3.20579825416207,1.77581856846809,2.74));
#14688=CARTESIAN_POINT('',(3.22032748237252,1.78778992295265,2.695));
#14689=CARTESIAN_POINT('',(3.22032748237252,1.78778992295265,2.74));
#14690=CARTESIAN_POINT('Ctrl Pts',(3.22032748237252,1.78778992295265,2.695));
#14691=CARTESIAN_POINT('Ctrl Pts',(3.21091400161386,1.78369717001915,2.695));
#14692=CARTESIAN_POINT('Ctrl Pts',(3.20579825416207,1.77581856846809,2.695));
#14693=CARTESIAN_POINT('Ctrl Pts',(3.25245581641793,1.79515690803528,2.74));
#14694=CARTESIAN_POINT('Ctrl Pts',(3.25245581641793,1.79515690803528,2.695));
#14695=CARTESIAN_POINT('Ctrl Pts',(3.22974096313119,1.79188270568848,2.74));
#14696=CARTESIAN_POINT('Ctrl Pts',(3.22974096313119,1.79188270568848,2.695));
#14697=CARTESIAN_POINT('Ctrl Pts',(3.22032748237252,1.78778992295265,2.74));
#14698=CARTESIAN_POINT('Ctrl Pts',(3.22032748237252,1.78778992295265,2.695));
#14699=CARTESIAN_POINT('',(3.25245581641793,1.79515690803528,2.74));
#14700=CARTESIAN_POINT('Ctrl Pts',(3.25245581641793,1.79515690803528,2.74));
#14701=CARTESIAN_POINT('Ctrl Pts',(3.22974096313119,1.79188270568848,2.74));
#14702=CARTESIAN_POINT('Ctrl Pts',(3.22032748237252,1.78778992295265,2.74));
#14703=CARTESIAN_POINT('',(3.25245581641793,1.79515690803528,2.695));
#14704=CARTESIAN_POINT('',(3.25245581641793,1.79515690803528,2.74));
#14705=CARTESIAN_POINT('Ctrl Pts',(3.25245581641793,1.79515690803528,2.695));
#14706=CARTESIAN_POINT('Ctrl Pts',(3.22974096313119,1.79188270568848,2.695));
#14707=CARTESIAN_POINT('Ctrl Pts',(3.22032748237252,1.78778992295265,2.695));
#14708=CARTESIAN_POINT('Ctrl Pts',(3.31261931434274,1.80907232761383,2.74));
#14709=CARTESIAN_POINT('Ctrl Pts',(3.31261931434274,1.80907232761383,2.695));
#14710=CARTESIAN_POINT('Ctrl Pts',(3.29256497398019,1.8008867919445,2.74));
#14711=CARTESIAN_POINT('Ctrl Pts',(3.29256497398019,1.8008867919445,2.695));
#14712=CARTESIAN_POINT('Ctrl Pts',(3.25245581641793,1.79515690803528,2.74));
#14713=CARTESIAN_POINT('Ctrl Pts',(3.25245581641793,1.79515690803528,2.695));
#14714=CARTESIAN_POINT('',(3.31261931434274,1.80907232761383,2.74));
#14715=CARTESIAN_POINT('Ctrl Pts',(3.31261931434274,1.80907232761383,2.74));
#14716=CARTESIAN_POINT('Ctrl Pts',(3.29256497398019,1.8008867919445,2.74));
#14717=CARTESIAN_POINT('Ctrl Pts',(3.25245581641793,1.79515690803528,2.74));
#14718=CARTESIAN_POINT('',(3.31261931434274,1.80907232761383,2.695));
#14719=CARTESIAN_POINT('',(3.31261931434274,1.80907232761383,2.74));
#14720=CARTESIAN_POINT('Ctrl Pts',(3.31261931434274,1.80907232761383,2.695));
#14721=CARTESIAN_POINT('Ctrl Pts',(3.29256497398019,1.8008867919445,2.695));
#14722=CARTESIAN_POINT('Ctrl Pts',(3.25245581641793,1.79515690803528,2.695));
#14723=CARTESIAN_POINT('Origin',(3.31261931434274,1.79556618332863,2.74));
#14724=CARTESIAN_POINT('',(3.31261931434274,1.89778309166431,2.74));
#14725=CARTESIAN_POINT('',(3.31261931434274,1.79556618332863,2.695));
#14726=CARTESIAN_POINT('Origin',(3.36152802482247,1.70000002980232,2.74));
#14727=CARTESIAN_POINT('',(3.36152802482247,1.70000002980232,2.74));
#14728=CARTESIAN_POINT('',(3.32305608764291,1.70000002980232,2.74));
#14729=CARTESIAN_POINT('',(3.68076401241124,1.70000002980232,2.74));
#14730=CARTESIAN_POINT('',(3.36152802482247,1.70000002980232,2.695));
#14731=CARTESIAN_POINT('',(3.36152802482247,1.70000002980232,2.74));
#14732=CARTESIAN_POINT('',(3.32305608764291,1.70000002980232,2.695));
#14733=CARTESIAN_POINT('',(3.36152802482247,1.70000002980232,2.695));
#14734=CARTESIAN_POINT('',(3.32305608764291,1.70000002980232,2.74));
#14735=CARTESIAN_POINT('Ctrl Pts',(3.35221706405282,1.72609142661095,2.74));
#14736=CARTESIAN_POINT('Ctrl Pts',(3.35221706405282,1.72609142661095,2.695));
#14737=CARTESIAN_POINT('Ctrl Pts',(3.35457025542855,1.71248297095299,2.74));
#14738=CARTESIAN_POINT('Ctrl Pts',(3.35457025542855,1.71248297095299,2.695));
#14739=CARTESIAN_POINT('Ctrl Pts',(3.36152802482247,1.70000002980232,2.74));
#14740=CARTESIAN_POINT('Ctrl Pts',(3.36152802482247,1.70000002980232,2.695));
#14741=CARTESIAN_POINT('',(3.35221706405282,1.72609142661095,2.74));
#14742=CARTESIAN_POINT('Ctrl Pts',(3.35221706405282,1.72609142661095,2.74));
#14743=CARTESIAN_POINT('Ctrl Pts',(3.35457025542855,1.71248297095299,2.74));
#14744=CARTESIAN_POINT('Ctrl Pts',(3.36152802482247,1.70000002980232,2.74));
#14745=CARTESIAN_POINT('',(3.35221706405282,1.72609142661095,2.695));
#14746=CARTESIAN_POINT('',(3.35221706405282,1.72609142661095,2.74));
#14747=CARTESIAN_POINT('Ctrl Pts',(3.35221706405282,1.72609142661095,2.695));
#14748=CARTESIAN_POINT('Ctrl Pts',(3.35457025542855,1.71248297095299,2.695));
#14749=CARTESIAN_POINT('Ctrl Pts',(3.36152802482247,1.70000002980232,2.695));
#14750=CARTESIAN_POINT('Ctrl Pts',(3.34986363425851,1.79106415510178,2.74));
#14751=CARTESIAN_POINT('Ctrl Pts',(3.34986363425851,1.79106415510178,2.695));
#14752=CARTESIAN_POINT('Ctrl Pts',(3.34986363425851,1.73969988226891,2.74));
#14753=CARTESIAN_POINT('Ctrl Pts',(3.34986363425851,1.73969988226891,2.695));
#14754=CARTESIAN_POINT('Ctrl Pts',(3.35221706405282,1.72609142661095,2.74));
#14755=CARTESIAN_POINT('Ctrl Pts',(3.35221706405282,1.72609142661095,2.695));
#14756=CARTESIAN_POINT('',(3.34986363425851,1.79106415510178,2.74));
#14757=CARTESIAN_POINT('Ctrl Pts',(3.34986363425851,1.79106415510178,2.74));
#14758=CARTESIAN_POINT('Ctrl Pts',(3.34986363425851,1.73969988226891,2.74));
#14759=CARTESIAN_POINT('Ctrl Pts',(3.35221706405282,1.72609142661095,2.74));
#14760=CARTESIAN_POINT('',(3.34986363425851,1.79106415510178,2.695));
#14761=CARTESIAN_POINT('',(3.34986363425851,1.79106415510178,2.74));
#14762=CARTESIAN_POINT('Ctrl Pts',(3.34986363425851,1.79106415510178,2.695));
#14763=CARTESIAN_POINT('Ctrl Pts',(3.34986363425851,1.73969988226891,2.695));
#14764=CARTESIAN_POINT('Ctrl Pts',(3.35221706405282,1.72609142661095,2.695));
#14765=CARTESIAN_POINT('Origin',(3.34986363425851,1.84017739892006,2.74));
#14766=CARTESIAN_POINT('',(3.34986363425851,1.84017739892006,2.74));
#14767=CARTESIAN_POINT('',(3.34986363425851,1.92008869946003,2.74));
#14768=CARTESIAN_POINT('',(3.34986363425851,1.84017739892006,2.695));
#14769=CARTESIAN_POINT('',(3.34986363425851,1.84017739892006,2.74));
#14770=CARTESIAN_POINT('',(3.34986363425851,1.84017739892006,2.695));
#14771=CARTESIAN_POINT('Ctrl Pts',(3.34802185073495,1.87414739727974,2.74));
#14772=CARTESIAN_POINT('Ctrl Pts',(3.34802185073495,1.87414739727974,2.695));
#14773=CARTESIAN_POINT('Ctrl Pts',(3.34986363425851,1.86473400592804,2.74));
#14774=CARTESIAN_POINT('Ctrl Pts',(3.34986363425851,1.86473400592804,2.695));
#14775=CARTESIAN_POINT('Ctrl Pts',(3.34986363425851,1.84017739892006,2.74));
#14776=CARTESIAN_POINT('Ctrl Pts',(3.34986363425851,1.84017739892006,2.695));
#14777=CARTESIAN_POINT('',(3.34802185073495,1.87414739727974,2.74));
#14778=CARTESIAN_POINT('Ctrl Pts',(3.34802185073495,1.87414739727974,2.74));
#14779=CARTESIAN_POINT('Ctrl Pts',(3.34986363425851,1.86473400592804,2.74));
#14780=CARTESIAN_POINT('Ctrl Pts',(3.34986363425851,1.84017739892006,2.74));
#14781=CARTESIAN_POINT('',(3.34802185073495,1.87414739727974,2.695));
#14782=CARTESIAN_POINT('',(3.34802185073495,1.87414739727974,2.74));
#14783=CARTESIAN_POINT('Ctrl Pts',(3.34802185073495,1.87414739727974,2.695));
#14784=CARTESIAN_POINT('Ctrl Pts',(3.34986363425851,1.86473400592804,2.695));
#14785=CARTESIAN_POINT('Ctrl Pts',(3.34986363425851,1.84017739892006,2.695));
#14786=CARTESIAN_POINT('Ctrl Pts',(3.33656226173043,1.89921559095383,2.74));
#14787=CARTESIAN_POINT('Ctrl Pts',(3.33656226173043,1.89921559095383,2.695));
#14788=CARTESIAN_POINT('Ctrl Pts',(3.34474764838815,1.88929061293602,2.74));
#14789=CARTESIAN_POINT('Ctrl Pts',(3.34474764838815,1.88929061293602,2.695));
#14790=CARTESIAN_POINT('Ctrl Pts',(3.34802185073495,1.87414739727974,2.74));
#14791=CARTESIAN_POINT('Ctrl Pts',(3.34802185073495,1.87414739727974,2.695));
#14792=CARTESIAN_POINT('',(3.33656226173043,1.89921559095383,2.74));
#14793=CARTESIAN_POINT('Ctrl Pts',(3.33656226173043,1.89921559095383,2.74));
#14794=CARTESIAN_POINT('Ctrl Pts',(3.34474764838815,1.88929061293602,2.74));
#14795=CARTESIAN_POINT('Ctrl Pts',(3.34802185073495,1.87414739727974,2.74));
#14796=CARTESIAN_POINT('',(3.33656226173043,1.89921559095383,2.695));
#14797=CARTESIAN_POINT('',(3.33656226173043,1.89921559095383,2.74));
#14798=CARTESIAN_POINT('Ctrl Pts',(3.33656226173043,1.89921559095383,2.695));
#14799=CARTESIAN_POINT('Ctrl Pts',(3.34474764838815,1.88929061293602,2.695));
#14800=CARTESIAN_POINT('Ctrl Pts',(3.34802185073495,1.87414739727974,2.695));
#14801=CARTESIAN_POINT('Ctrl Pts',(3.31098233237863,1.91568897366524,2.74));
#14802=CARTESIAN_POINT('Ctrl Pts',(3.31098233237863,1.91568897366524,2.695));
#14803=CARTESIAN_POINT('Ctrl Pts',(3.32837663665414,1.90914056897163,2.74));
#14804=CARTESIAN_POINT('Ctrl Pts',(3.32837663665414,1.90914056897163,2.695));
#14805=CARTESIAN_POINT('Ctrl Pts',(3.33656226173043,1.89921559095383,2.74));
#14806=CARTESIAN_POINT('Ctrl Pts',(3.33656226173043,1.89921559095383,2.695));
#14807=CARTESIAN_POINT('',(3.31098233237863,1.91568897366524,2.74));
#14808=CARTESIAN_POINT('Ctrl Pts',(3.31098233237863,1.91568897366524,2.74));
#14809=CARTESIAN_POINT('Ctrl Pts',(3.32837663665414,1.90914056897163,2.74));
#14810=CARTESIAN_POINT('Ctrl Pts',(3.33656226173043,1.89921559095383,2.74));
#14811=CARTESIAN_POINT('',(3.31098233237863,1.91568897366524,2.695));
#14812=CARTESIAN_POINT('',(3.31098233237863,1.91568897366524,2.74));
#14813=CARTESIAN_POINT('Ctrl Pts',(3.31098233237863,1.91568897366524,2.695));
#14814=CARTESIAN_POINT('Ctrl Pts',(3.32837663665414,1.90914056897163,2.695));
#14815=CARTESIAN_POINT('Ctrl Pts',(3.33656226173043,1.89921559095383,2.695));
#14816=CARTESIAN_POINT('Ctrl Pts',(3.26575718894601,1.92223743796349,2.74));
#14817=CARTESIAN_POINT('Ctrl Pts',(3.26575718894601,1.92223743796349,2.695));
#14818=CARTESIAN_POINT('Ctrl Pts',(3.29358802810311,1.92223743796349,2.74));
#14819=CARTESIAN_POINT('Ctrl Pts',(3.29358802810311,1.92223743796349,2.695));
#14820=CARTESIAN_POINT('Ctrl Pts',(3.31098233237863,1.91568897366524,2.74));
#14821=CARTESIAN_POINT('Ctrl Pts',(3.31098233237863,1.91568897366524,2.695));
#14822=CARTESIAN_POINT('',(3.26575718894601,1.92223743796349,2.74));
#14823=CARTESIAN_POINT('Ctrl Pts',(3.26575718894601,1.92223743796349,2.74));
#14824=CARTESIAN_POINT('Ctrl Pts',(3.29358802810311,1.92223743796349,2.74));
#14825=CARTESIAN_POINT('Ctrl Pts',(3.31098233237863,1.91568897366524,2.74));
#14826=CARTESIAN_POINT('',(3.26575718894601,1.92223743796349,2.695));
#14827=CARTESIAN_POINT('',(3.26575718894601,1.92223743796349,2.74));
#14828=CARTESIAN_POINT('Ctrl Pts',(3.26575718894601,1.92223743796349,2.695));
#14829=CARTESIAN_POINT('Ctrl Pts',(3.29358802810311,1.92223743796349,2.695));
#14830=CARTESIAN_POINT('Ctrl Pts',(3.31098233237863,1.91568897366524,2.695));
#14831=CARTESIAN_POINT('Ctrl Pts',(3.21643935218453,1.91456345915794,2.74));
#14832=CARTESIAN_POINT('Ctrl Pts',(3.21643935218453,1.91456345915794,2.695));
#14833=CARTESIAN_POINT('Ctrl Pts',(3.23772178664804,1.92223743796349,2.74));
#14834=CARTESIAN_POINT('Ctrl Pts',(3.23772178664804,1.92223743796349,2.695));
#14835=CARTESIAN_POINT('Ctrl Pts',(3.26575718894601,1.92223743796349,2.74));
#14836=CARTESIAN_POINT('Ctrl Pts',(3.26575718894601,1.92223743796349,2.695));
#14837=CARTESIAN_POINT('',(3.21643935218453,1.91456345915794,2.74));
#14838=CARTESIAN_POINT('Ctrl Pts',(3.21643935218453,1.91456345915794,2.74));
#14839=CARTESIAN_POINT('Ctrl Pts',(3.23772178664804,1.92223743796349,2.74));
#14840=CARTESIAN_POINT('Ctrl Pts',(3.26575718894601,1.92223743796349,2.74));
#14841=CARTESIAN_POINT('',(3.21643935218453,1.91456345915794,2.695));
#14842=CARTESIAN_POINT('',(3.21643935218453,1.91456345915794,2.74));
#14843=CARTESIAN_POINT('Ctrl Pts',(3.21643935218453,1.91456345915794,2.695));
#14844=CARTESIAN_POINT('Ctrl Pts',(3.23772178664804,1.92223743796349,2.695));
#14845=CARTESIAN_POINT('Ctrl Pts',(3.26575718894601,1.92223743796349,2.695));
#14846=CARTESIAN_POINT('Ctrl Pts',(3.18390189185739,1.8926671564579,2.74));
#14847=CARTESIAN_POINT('Ctrl Pts',(3.18390189185739,1.8926671564579,2.695));
#14848=CARTESIAN_POINT('Ctrl Pts',(3.19515691772103,1.90688953995705,2.74));
#14849=CARTESIAN_POINT('Ctrl Pts',(3.19515691772103,1.90688953995705,2.695));
#14850=CARTESIAN_POINT('Ctrl Pts',(3.21643935218453,1.91456345915794,2.74));
#14851=CARTESIAN_POINT('Ctrl Pts',(3.21643935218453,1.91456345915794,2.695));
#14852=CARTESIAN_POINT('',(3.18390189185739,1.8926671564579,2.74));
#14853=CARTESIAN_POINT('Ctrl Pts',(3.18390189185739,1.8926671564579,2.74));
#14854=CARTESIAN_POINT('Ctrl Pts',(3.19515691772103,1.90688953995705,2.74));
#14855=CARTESIAN_POINT('Ctrl Pts',(3.21643935218453,1.91456345915794,2.74));
#14856=CARTESIAN_POINT('',(3.18390189185739,1.8926671564579,2.695));
#14857=CARTESIAN_POINT('',(3.18390189185739,1.8926671564579,2.74));
#14858=CARTESIAN_POINT('Ctrl Pts',(3.18390189185739,1.8926671564579,2.695));
#14859=CARTESIAN_POINT('Ctrl Pts',(3.19515691772103,1.90688953995705,2.695));
#14860=CARTESIAN_POINT('Ctrl Pts',(3.21643935218453,1.91456345915794,2.695));
#14861=CARTESIAN_POINT('Ctrl Pts',(3.16773544326425,1.85532064437866,2.74));
#14862=CARTESIAN_POINT('Ctrl Pts',(3.16773544326425,1.85532064437866,2.695));
#14863=CARTESIAN_POINT('Ctrl Pts',(3.17264662757516,1.87844477295876,2.74));
#14864=CARTESIAN_POINT('Ctrl Pts',(3.17264662757516,1.87844477295876,2.695));
#14865=CARTESIAN_POINT('Ctrl Pts',(3.18390189185739,1.8926671564579,2.74));
#14866=CARTESIAN_POINT('Ctrl Pts',(3.18390189185739,1.8926671564579,2.695));
#14867=CARTESIAN_POINT('',(3.16773544326425,1.85532064437866,2.74));
#14868=CARTESIAN_POINT('Ctrl Pts',(3.16773544326425,1.85532064437866,2.74));
#14869=CARTESIAN_POINT('Ctrl Pts',(3.17264662757516,1.87844477295876,2.74));
#14870=CARTESIAN_POINT('Ctrl Pts',(3.18390189185739,1.8926671564579,2.74));
#14871=CARTESIAN_POINT('',(3.16773544326425,1.85532064437866,2.695));
#14872=CARTESIAN_POINT('',(3.16773544326425,1.85532064437866,2.74));
#14873=CARTESIAN_POINT('Ctrl Pts',(3.16773544326425,1.85532064437866,2.695));
#14874=CARTESIAN_POINT('Ctrl Pts',(3.17264662757516,1.87844477295876,2.695));
#14875=CARTESIAN_POINT('Ctrl Pts',(3.18390189185739,1.8926671564579,2.695));
#14876=CARTESIAN_POINT('Origin',(3.20375166907907,1.85040931105614,2.74));
#14877=CARTESIAN_POINT('',(3.20375166907907,1.85040931105614,2.74));
#14878=CARTESIAN_POINT('',(3.58459453275958,1.79847587814573,2.74));
#14879=CARTESIAN_POINT('',(3.20375166907907,1.85040931105614,2.695));
#14880=CARTESIAN_POINT('',(3.20375166907907,1.85040931105614,2.74));
#14881=CARTESIAN_POINT('',(3.20375166907907,1.85040931105614,2.695));
#14882=CARTESIAN_POINT('Ctrl Pts',(3.22206698432565,1.88263986706734,2.74));
#14883=CARTESIAN_POINT('Ctrl Pts',(3.22206698432565,1.88263986706734,2.695));
#14884=CARTESIAN_POINT('Ctrl Pts',(3.20968638435006,1.87353346943855,2.74));
#14885=CARTESIAN_POINT('Ctrl Pts',(3.20968638435006,1.87353346943855,2.695));
#14886=CARTESIAN_POINT('Ctrl Pts',(3.20375166907907,1.85040931105614,2.74));
#14887=CARTESIAN_POINT('Ctrl Pts',(3.20375166907907,1.85040931105614,2.695));
#14888=CARTESIAN_POINT('',(3.22206698432565,1.88263986706734,2.74));
#14889=CARTESIAN_POINT('Ctrl Pts',(3.22206698432565,1.88263986706734,2.74));
#14890=CARTESIAN_POINT('Ctrl Pts',(3.20968638435006,1.87353346943855,2.74));
#14891=CARTESIAN_POINT('Ctrl Pts',(3.20375166907907,1.85040931105614,2.74));
#14892=CARTESIAN_POINT('',(3.22206698432565,1.88263986706734,2.695));
#14893=CARTESIAN_POINT('',(3.22206698432565,1.88263986706734,2.74));
#14894=CARTESIAN_POINT('Ctrl Pts',(3.22206698432565,1.88263986706734,2.695));
#14895=CARTESIAN_POINT('Ctrl Pts',(3.20968638435006,1.87353346943855,2.695));
#14896=CARTESIAN_POINT('Ctrl Pts',(3.20375166907907,1.85040931105614,2.695));
#14897=CARTESIAN_POINT('Ctrl Pts',(3.26043663993478,1.89174626469612,2.74));
#14898=CARTESIAN_POINT('Ctrl Pts',(3.26043663993478,1.89174626469612,2.695));
#14899=CARTESIAN_POINT('Ctrl Pts',(3.23444758430123,1.89174626469612,2.74));
#14900=CARTESIAN_POINT('Ctrl Pts',(3.23444758430123,1.89174626469612,2.695));
#14901=CARTESIAN_POINT('Ctrl Pts',(3.22206698432565,1.88263986706734,2.74));
#14902=CARTESIAN_POINT('Ctrl Pts',(3.22206698432565,1.88263986706734,2.695));
#14903=CARTESIAN_POINT('',(3.26043663993478,1.89174626469612,2.74));
#14904=CARTESIAN_POINT('Ctrl Pts',(3.26043663993478,1.89174626469612,2.74));
#14905=CARTESIAN_POINT('Ctrl Pts',(3.23444758430123,1.89174626469612,2.74));
#14906=CARTESIAN_POINT('Ctrl Pts',(3.22206698432565,1.88263986706734,2.74));
#14907=CARTESIAN_POINT('',(3.26043663993478,1.89174626469612,2.695));
#14908=CARTESIAN_POINT('',(3.26043663993478,1.89174626469612,2.74));
#14909=CARTESIAN_POINT('Ctrl Pts',(3.26043663993478,1.89174626469612,2.695));
#14910=CARTESIAN_POINT('Ctrl Pts',(3.23444758430123,1.89174626469612,2.695));
#14911=CARTESIAN_POINT('Ctrl Pts',(3.22206698432565,1.88263986706734,2.695));
#14912=CARTESIAN_POINT('Ctrl Pts',(3.30238758102059,1.87926332354546,2.74));
#14913=CARTESIAN_POINT('Ctrl Pts',(3.30238758102059,1.87926332354546,2.695));
#14914=CARTESIAN_POINT('Ctrl Pts',(3.28826747909188,1.89174626469612,2.74));
#14915=CARTESIAN_POINT('Ctrl Pts',(3.28826747909188,1.89174626469612,2.695));
#14916=CARTESIAN_POINT('Ctrl Pts',(3.26043663993478,1.89174626469612,2.74));
#14917=CARTESIAN_POINT('Ctrl Pts',(3.26043663993478,1.89174626469612,2.695));
#14918=CARTESIAN_POINT('',(3.30238758102059,1.87926332354546,2.74));
#14919=CARTESIAN_POINT('Ctrl Pts',(3.30238758102059,1.87926332354546,2.74));
#14920=CARTESIAN_POINT('Ctrl Pts',(3.28826747909188,1.89174626469612,2.74));
#14921=CARTESIAN_POINT('Ctrl Pts',(3.26043663993478,1.89174626469612,2.74));
#14922=CARTESIAN_POINT('',(3.30238758102059,1.87926332354546,2.695));
#14923=CARTESIAN_POINT('',(3.30238758102059,1.87926332354546,2.74));
#14924=CARTESIAN_POINT('Ctrl Pts',(3.30238758102059,1.87926332354546,2.695));
#14925=CARTESIAN_POINT('Ctrl Pts',(3.28826747909188,1.89174626469612,2.695));
#14926=CARTESIAN_POINT('Ctrl Pts',(3.26043663993478,1.89174626469612,2.695));
#14927=CARTESIAN_POINT('Ctrl Pts',(3.31282411590219,1.84754435420036,2.74));
#14928=CARTESIAN_POINT('Ctrl Pts',(3.31282411590219,1.84754435420036,2.695));
#14929=CARTESIAN_POINT('Ctrl Pts',(3.31282411590219,1.87005461454391,2.74));
#14930=CARTESIAN_POINT('Ctrl Pts',(3.31282411590219,1.87005461454391,2.695));
#14931=CARTESIAN_POINT('Ctrl Pts',(3.30238758102059,1.87926332354546,2.74));
#14932=CARTESIAN_POINT('Ctrl Pts',(3.30238758102059,1.87926332354546,2.695));
#14933=CARTESIAN_POINT('',(3.31282411590219,1.84754435420036,2.74));
#14934=CARTESIAN_POINT('Ctrl Pts',(3.31282411590219,1.84754435420036,2.74));
#14935=CARTESIAN_POINT('Ctrl Pts',(3.31282411590219,1.87005461454391,2.74));
#14936=CARTESIAN_POINT('Ctrl Pts',(3.30238758102059,1.87926332354546,2.74));
#14937=CARTESIAN_POINT('',(3.31282411590219,1.84754435420036,2.695));
#14938=CARTESIAN_POINT('',(3.31282411590219,1.84754435420036,2.74));
#14939=CARTESIAN_POINT('Ctrl Pts',(3.31282411590219,1.84754435420036,2.695));
#14940=CARTESIAN_POINT('Ctrl Pts',(3.31282411590219,1.87005461454391,2.695));
#14941=CARTESIAN_POINT('Ctrl Pts',(3.30238758102059,1.87926332354546,2.695));
#14942=CARTESIAN_POINT('Ctrl Pts',(3.31261931434274,1.83792636990547,2.74));
#14943=CARTESIAN_POINT('Ctrl Pts',(3.31261931434274,1.83792636990547,2.695));
#14944=CARTESIAN_POINT('Ctrl Pts',(3.31282411590219,1.84549800753593,2.74));
#14945=CARTESIAN_POINT('Ctrl Pts',(3.31282411590219,1.84549800753593,2.695));
#14946=CARTESIAN_POINT('Ctrl Pts',(3.31282411590219,1.84754435420036,2.74));
#14947=CARTESIAN_POINT('Ctrl Pts',(3.31282411590219,1.84754435420036,2.695));
#14948=CARTESIAN_POINT('',(3.31261931434274,1.83792636990547,2.74));
#14949=CARTESIAN_POINT('Ctrl Pts',(3.31261931434274,1.83792636990547,2.74));
#14950=CARTESIAN_POINT('Ctrl Pts',(3.31282411590219,1.84549800753593,2.74));
#14951=CARTESIAN_POINT('Ctrl Pts',(3.31282411590219,1.84754435420036,2.74));
#14952=CARTESIAN_POINT('',(3.31261931434274,1.83792636990547,2.695));
#14953=CARTESIAN_POINT('',(3.31261931434274,1.83792636990547,2.74));
#14954=CARTESIAN_POINT('Ctrl Pts',(3.31261931434274,1.83792636990547,2.695));
#14955=CARTESIAN_POINT('Ctrl Pts',(3.31282411590219,1.84549800753593,2.695));
#14956=CARTESIAN_POINT('Ctrl Pts',(3.31282411590219,1.84754435420036,2.695));
#14957=CARTESIAN_POINT('Ctrl Pts',(3.24693046584725,1.82523877620697,2.74));
#14958=CARTESIAN_POINT('Ctrl Pts',(3.24693046584725,1.82523877620697,2.695));
#14959=CARTESIAN_POINT('Ctrl Pts',(3.29154168143868,1.83055938482285,2.74));
#14960=CARTESIAN_POINT('Ctrl Pts',(3.29154168143868,1.83055938482285,2.695));
#14961=CARTESIAN_POINT('Ctrl Pts',(3.31261931434274,1.83792636990547,2.74));
#14962=CARTESIAN_POINT('Ctrl Pts',(3.31261931434274,1.83792636990547,2.695));
#14963=CARTESIAN_POINT('',(3.24693046584725,1.82523877620697,2.74));
#14964=CARTESIAN_POINT('Ctrl Pts',(3.24693046584725,1.82523877620697,2.74));
#14965=CARTESIAN_POINT('Ctrl Pts',(3.29154168143868,1.83055938482285,2.74));
#14966=CARTESIAN_POINT('Ctrl Pts',(3.31261931434274,1.83792636990547,2.74));
#14967=CARTESIAN_POINT('',(3.24693046584725,1.82523877620697,2.695));
#14968=CARTESIAN_POINT('',(3.24693046584725,1.82523877620697,2.74));
#14969=CARTESIAN_POINT('Ctrl Pts',(3.24693046584725,1.82523877620697,2.695));
#14970=CARTESIAN_POINT('Ctrl Pts',(3.29154168143868,1.83055938482285,2.695));
#14971=CARTESIAN_POINT('Ctrl Pts',(3.31261931434274,1.83792636990547,2.695));
#14972=CARTESIAN_POINT('Ctrl Pts',(3.21418844237924,1.81971354484558,2.74));
#14973=CARTESIAN_POINT('Ctrl Pts',(3.21418844237924,1.81971354484558,2.695));
#14974=CARTESIAN_POINT('Ctrl Pts',(3.22503410354257,1.82257847189903,2.74));
#14975=CARTESIAN_POINT('Ctrl Pts',(3.22503410354257,1.82257847189903,2.695));
#14976=CARTESIAN_POINT('Ctrl Pts',(3.24693046584725,1.82523877620697,2.74));
#14977=CARTESIAN_POINT('Ctrl Pts',(3.24693046584725,1.82523877620697,2.695));
#14978=CARTESIAN_POINT('',(3.21418844237924,1.81971354484558,2.74));
#14979=CARTESIAN_POINT('Ctrl Pts',(3.21418844237924,1.81971354484558,2.74));
#14980=CARTESIAN_POINT('Ctrl Pts',(3.22503410354257,1.82257847189903,2.74));
#14981=CARTESIAN_POINT('Ctrl Pts',(3.24693046584725,1.82523877620697,2.74));
#14982=CARTESIAN_POINT('',(3.21418844237924,1.81971354484558,2.695));
#14983=CARTESIAN_POINT('',(3.21418844237924,1.81971354484558,2.74));
#14984=CARTESIAN_POINT('Ctrl Pts',(3.21418844237924,1.81971354484558,2.695));
#14985=CARTESIAN_POINT('Ctrl Pts',(3.22503410354257,1.82257847189903,2.695));
#14986=CARTESIAN_POINT('Ctrl Pts',(3.24693046584725,1.82523877620697,2.695));
#14987=CARTESIAN_POINT('Ctrl Pts',(3.18768774047494,1.80763987898827,2.74));
#14988=CARTESIAN_POINT('Ctrl Pts',(3.18768774047494,1.80763987898827,2.695));
#14989=CARTESIAN_POINT('Ctrl Pts',(3.19945441260934,1.81562076210976,2.74));
#14990=CARTESIAN_POINT('Ctrl Pts',(3.19945441260934,1.81562076210976,2.695));
#14991=CARTESIAN_POINT('Ctrl Pts',(3.21418844237924,1.81971354484558,2.74));
#14992=CARTESIAN_POINT('Ctrl Pts',(3.21418844237924,1.81971354484558,2.695));
#14993=CARTESIAN_POINT('',(3.18768774047494,1.80763987898827,2.74));
#14994=CARTESIAN_POINT('Ctrl Pts',(3.18768774047494,1.80763987898827,2.74));
#14995=CARTESIAN_POINT('Ctrl Pts',(3.19945441260934,1.81562076210976,2.74));
#14996=CARTESIAN_POINT('Ctrl Pts',(3.21418844237924,1.81971354484558,2.74));
#14997=CARTESIAN_POINT('',(3.18768774047494,1.80763987898827,2.695));
#14998=CARTESIAN_POINT('',(3.18768774047494,1.80763987898827,2.74));
#14999=CARTESIAN_POINT('Ctrl Pts',(3.18768774047494,1.80763987898827,2.695));
#15000=CARTESIAN_POINT('Ctrl Pts',(3.19945441260934,1.81562076210976,2.695));
#15001=CARTESIAN_POINT('Ctrl Pts',(3.21418844237924,1.81971354484558,2.695));
#15002=CARTESIAN_POINT('Ctrl Pts',(3.16865621581674,1.78645978569984,2.74));
#15003=CARTESIAN_POINT('Ctrl Pts',(3.16865621581674,1.78645978569984,2.695));
#15004=CARTESIAN_POINT('Ctrl Pts',(3.17592082992196,1.79965896606445,2.74));
#15005=CARTESIAN_POINT('Ctrl Pts',(3.17592082992196,1.79965896606445,2.695));
#15006=CARTESIAN_POINT('Ctrl Pts',(3.18768774047494,1.80763987898827,2.74));
#15007=CARTESIAN_POINT('Ctrl Pts',(3.18768774047494,1.80763987898827,2.695));
#15008=CARTESIAN_POINT('',(3.16865621581674,1.78645978569984,2.74));
#15009=CARTESIAN_POINT('Ctrl Pts',(3.16865621581674,1.78645978569984,2.74));
#15010=CARTESIAN_POINT('Ctrl Pts',(3.17592082992196,1.79965896606445,2.74));
#15011=CARTESIAN_POINT('Ctrl Pts',(3.18768774047494,1.80763987898827,2.74));
#15012=CARTESIAN_POINT('',(3.16865621581674,1.78645978569984,2.695));
#15013=CARTESIAN_POINT('',(3.16865621581674,1.78645978569984,2.74));
#15014=CARTESIAN_POINT('Ctrl Pts',(3.16865621581674,1.78645978569984,2.695));
#15015=CARTESIAN_POINT('Ctrl Pts',(3.17592082992196,1.79965896606445,2.695));
#15016=CARTESIAN_POINT('Ctrl Pts',(3.18768774047494,1.80763987898827,2.695));
#15017=CARTESIAN_POINT('Ctrl Pts',(3.16139160171151,1.75729880928993,2.74));
#15018=CARTESIAN_POINT('Ctrl Pts',(3.16139160171151,1.75729880928993,2.695));
#15019=CARTESIAN_POINT('Ctrl Pts',(3.16139160171151,1.77326057553291,2.74));
#15020=CARTESIAN_POINT('Ctrl Pts',(3.16139160171151,1.77326057553291,2.695));
#15021=CARTESIAN_POINT('Ctrl Pts',(3.16865621581674,1.78645978569984,2.74));
#15022=CARTESIAN_POINT('Ctrl Pts',(3.16865621581674,1.78645978569984,2.695));
#15023=CARTESIAN_POINT('',(3.16139160171151,1.75729880928993,2.74));
#15024=CARTESIAN_POINT('Ctrl Pts',(3.16139160171151,1.75729880928993,2.74));
#15025=CARTESIAN_POINT('Ctrl Pts',(3.16139160171151,1.77326057553291,2.74));
#15026=CARTESIAN_POINT('Ctrl Pts',(3.16865621581674,1.78645978569984,2.74));
#15027=CARTESIAN_POINT('',(3.16139160171151,1.75729880928993,2.695));
#15028=CARTESIAN_POINT('',(3.16139160171151,1.75729880928993,2.74));
#15029=CARTESIAN_POINT('Ctrl Pts',(3.16139160171151,1.75729880928993,2.695));
#15030=CARTESIAN_POINT('Ctrl Pts',(3.16139160171151,1.77326057553291,2.695));
#15031=CARTESIAN_POINT('Ctrl Pts',(3.16865621581674,1.78645978569984,2.695));
#15032=CARTESIAN_POINT('Ctrl Pts',(3.18062768951058,1.71258531212807,2.74));
#15033=CARTESIAN_POINT('Ctrl Pts',(3.18062768951058,1.71258531212807,2.695));
#15034=CARTESIAN_POINT('Ctrl Pts',(3.16139160171151,1.73008189797401,2.74));
#15035=CARTESIAN_POINT('Ctrl Pts',(3.16139160171151,1.73008189797401,2.695));
#15036=CARTESIAN_POINT('Ctrl Pts',(3.16139160171151,1.75729880928993,2.74));
#15037=CARTESIAN_POINT('Ctrl Pts',(3.16139160171151,1.75729880928993,2.695));
#15038=CARTESIAN_POINT('',(3.18062768951058,1.71258531212807,2.74));
#15039=CARTESIAN_POINT('Ctrl Pts',(3.18062768951058,1.71258531212807,2.74));
#15040=CARTESIAN_POINT('Ctrl Pts',(3.16139160171151,1.73008189797401,2.74));
#15041=CARTESIAN_POINT('Ctrl Pts',(3.16139160171151,1.75729880928993,2.74));
#15042=CARTESIAN_POINT('',(3.18062768951058,1.71258531212807,2.695));
#15043=CARTESIAN_POINT('',(3.18062768951058,1.71258531212807,2.74));
#15044=CARTESIAN_POINT('Ctrl Pts',(3.18062768951058,1.71258531212807,2.695));
#15045=CARTESIAN_POINT('Ctrl Pts',(3.16139160171151,1.73008189797401,2.695));
#15046=CARTESIAN_POINT('Ctrl Pts',(3.16139160171151,1.75729880928993,2.695));
#15047=CARTESIAN_POINT('Ctrl Pts',(3.23567543998361,1.69508872628212,2.74));
#15048=CARTESIAN_POINT('Ctrl Pts',(3.23567543998361,1.69508872628212,2.695));
#15049=CARTESIAN_POINT('Ctrl Pts',(3.19986353889108,1.69508872628212,2.74));
#15050=CARTESIAN_POINT('Ctrl Pts',(3.19986353889108,1.69508872628212,2.695));
#15051=CARTESIAN_POINT('Ctrl Pts',(3.18062768951058,1.71258531212807,2.74));
#15052=CARTESIAN_POINT('Ctrl Pts',(3.18062768951058,1.71258531212807,2.695));
#15053=CARTESIAN_POINT('',(3.23567543998361,1.69508872628212,2.74));
#15054=CARTESIAN_POINT('Ctrl Pts',(3.23567543998361,1.69508872628212,2.74));
#15055=CARTESIAN_POINT('Ctrl Pts',(3.19986353889108,1.69508872628212,2.74));
#15056=CARTESIAN_POINT('Ctrl Pts',(3.18062768951058,1.71258531212807,2.74));
#15057=CARTESIAN_POINT('',(3.23567543998361,1.69508872628212,2.695));
#15058=CARTESIAN_POINT('',(3.23567543998361,1.69508872628212,2.74));
#15059=CARTESIAN_POINT('Ctrl Pts',(3.23567543998361,1.69508872628212,2.695));
#15060=CARTESIAN_POINT('Ctrl Pts',(3.19986353889108,1.69508872628212,2.695));
#15061=CARTESIAN_POINT('Ctrl Pts',(3.18062768951058,1.71258531212807,2.695));
#15062=CARTESIAN_POINT('Ctrl Pts',(3.27629600539804,1.70225105881691,2.74));
#15063=CARTESIAN_POINT('Ctrl Pts',(3.27629600539804,1.70225105881691,2.695));
#15064=CARTESIAN_POINT('Ctrl Pts',(3.25736700072885,1.69508872628212,2.74));
#15065=CARTESIAN_POINT('Ctrl Pts',(3.25736700072885,1.69508872628212,2.695));
#15066=CARTESIAN_POINT('Ctrl Pts',(3.23567543998361,1.69508872628212,2.74));
#15067=CARTESIAN_POINT('Ctrl Pts',(3.23567543998361,1.69508872628212,2.695));
#15068=CARTESIAN_POINT('',(3.27629600539804,1.70225105881691,2.74));
#15069=CARTESIAN_POINT('Ctrl Pts',(3.27629600539804,1.70225105881691,2.74));
#15070=CARTESIAN_POINT('Ctrl Pts',(3.25736700072885,1.69508872628212,2.74));
#15071=CARTESIAN_POINT('Ctrl Pts',(3.23567543998361,1.69508872628212,2.74));
#15072=CARTESIAN_POINT('',(3.27629600539804,1.70225105881691,2.695));
#15073=CARTESIAN_POINT('',(3.27629600539804,1.70225105881691,2.74));
#15074=CARTESIAN_POINT('Ctrl Pts',(3.27629600539804,1.70225105881691,2.695));
#15075=CARTESIAN_POINT('Ctrl Pts',(3.25736700072885,1.69508872628212,2.695));
#15076=CARTESIAN_POINT('Ctrl Pts',(3.23567543998361,1.69508872628212,2.695));
#15077=CARTESIAN_POINT('Ctrl Pts',(3.31568895354867,1.72680769562721,2.74));
#15078=CARTESIAN_POINT('Ctrl Pts',(3.31568895354867,1.72680769562721,2.695));
#15079=CARTESIAN_POINT('Ctrl Pts',(3.2952252484858,1.7094133913517,2.74));
#15080=CARTESIAN_POINT('Ctrl Pts',(3.2952252484858,1.7094133913517,2.695));
#15081=CARTESIAN_POINT('Ctrl Pts',(3.27629600539804,1.70225105881691,2.74));
#15082=CARTESIAN_POINT('Ctrl Pts',(3.27629600539804,1.70225105881691,2.695));
#15083=CARTESIAN_POINT('',(3.31568895354867,1.72680769562721,2.74));
#15084=CARTESIAN_POINT('Ctrl Pts',(3.31568895354867,1.72680769562721,2.74));
#15085=CARTESIAN_POINT('Ctrl Pts',(3.2952252484858,1.7094133913517,2.74));
#15086=CARTESIAN_POINT('Ctrl Pts',(3.27629600539804,1.70225105881691,2.74));
#15087=CARTESIAN_POINT('',(3.31568895354867,1.72680769562721,2.695));
#15088=CARTESIAN_POINT('',(3.31568895354867,1.72680769562721,2.74));
#15089=CARTESIAN_POINT('Ctrl Pts',(3.31568895354867,1.72680769562721,2.695));
#15090=CARTESIAN_POINT('Ctrl Pts',(3.2952252484858,1.7094133913517,2.695));
#15091=CARTESIAN_POINT('Ctrl Pts',(3.27629600539804,1.70225105881691,2.695));
#15092=CARTESIAN_POINT('Ctrl Pts',(3.32305608764291,1.70000002980232,2.74));
#15093=CARTESIAN_POINT('Ctrl Pts',(3.32305608764291,1.70000002980232,2.695));
#15094=CARTESIAN_POINT('Ctrl Pts',(3.31732617393136,1.71145979762077,2.74));
#15095=CARTESIAN_POINT('Ctrl Pts',(3.31732617393136,1.71145979762077,2.695));
#15096=CARTESIAN_POINT('Ctrl Pts',(3.31568895354867,1.72680769562721,2.74));
#15097=CARTESIAN_POINT('Ctrl Pts',(3.31568895354867,1.72680769562721,2.695));
#15098=CARTESIAN_POINT('Ctrl Pts',(3.32305608764291,1.70000002980232,2.74));
#15099=CARTESIAN_POINT('Ctrl Pts',(3.31732617393136,1.71145979762077,2.74));
#15100=CARTESIAN_POINT('Ctrl Pts',(3.31568895354867,1.72680769562721,2.74));
#15101=CARTESIAN_POINT('Ctrl Pts',(3.32305608764291,1.70000002980232,2.695));
#15102=CARTESIAN_POINT('Ctrl Pts',(3.31732617393136,1.71145979762077,2.695));
#15103=CARTESIAN_POINT('Ctrl Pts',(3.31568895354867,1.72680769562721,2.695));
#15104=CARTESIAN_POINT('Origin',(2.14761248119175,1.80590043663979,2.695));
#15105=CARTESIAN_POINT('Origin',(3.13130961433053,1.73540250658989,2.74));
#15106=CARTESIAN_POINT('',(3.13130961433053,1.73540250658989,2.74));
#15107=CARTESIAN_POINT('',(3.13130961433053,1.70000002980232,2.74));
#15108=CARTESIAN_POINT('',(3.13130961433053,1.86770125329494,2.74));
#15109=CARTESIAN_POINT('',(3.13130961433053,1.73540250658989,2.695));
#15110=CARTESIAN_POINT('',(3.13130961433053,1.73540250658989,2.74));
#15111=CARTESIAN_POINT('',(3.13130961433053,1.70000002980232,2.695));
#15112=CARTESIAN_POINT('',(3.13130961433053,1.73540250658989,2.695));
#15113=CARTESIAN_POINT('',(3.13130961433053,1.70000002980232,2.74));
#15114=CARTESIAN_POINT('Origin',(2.98356066718698,1.73540250658989,2.74));
#15115=CARTESIAN_POINT('',(2.98356066718698,1.73540250658989,2.74));
#15116=CARTESIAN_POINT('',(3.49178033359349,1.73540250658989,2.74));
#15117=CARTESIAN_POINT('',(2.98356066718698,1.73540250658989,2.695));
#15118=CARTESIAN_POINT('',(2.98356066718698,1.73540250658989,2.74));
#15119=CARTESIAN_POINT('',(2.98356066718698,1.73540250658989,2.695));
#15120=CARTESIAN_POINT('Origin',(2.98356066718698,2.00000004172325,2.74));
#15121=CARTESIAN_POINT('',(2.98356066718698,2.00000004172325,2.74));
#15122=CARTESIAN_POINT('',(2.98356066718698,2.00000002086163,2.74));
#15123=CARTESIAN_POINT('',(2.98356066718698,2.00000004172325,2.695));
#15124=CARTESIAN_POINT('',(2.98356066718698,2.00000004172325,2.74));
#15125=CARTESIAN_POINT('',(2.98356066718698,2.00000004172325,2.695));
#15126=CARTESIAN_POINT('Origin',(2.94386087432504,2.00000004172325,2.74));
#15127=CARTESIAN_POINT('',(2.94386087432504,2.00000004172325,2.74));
#15128=CARTESIAN_POINT('',(3.47193043716252,2.00000004172325,2.74));
#15129=CARTESIAN_POINT('',(2.94386087432504,2.00000004172325,2.695));
#15130=CARTESIAN_POINT('',(2.94386087432504,2.00000004172325,2.74));
#15131=CARTESIAN_POINT('',(2.94386087432504,2.00000004172325,2.695));
#15132=CARTESIAN_POINT('Origin',(2.94386087432504,1.70000002980232,2.74));
#15133=CARTESIAN_POINT('',(2.94386087432504,1.70000002980232,2.74));
#15134=CARTESIAN_POINT('',(2.94386087432504,1.85000001490116,2.74));
#15135=CARTESIAN_POINT('',(2.94386087432504,1.70000002980232,2.695));
#15136=CARTESIAN_POINT('',(2.94386087432504,1.70000002980232,2.74));
#15137=CARTESIAN_POINT('',(2.94386087432504,1.70000002980232,2.695));
#15138=CARTESIAN_POINT('Origin',(3.13130961433053,1.70000002980232,2.74));
#15139=CARTESIAN_POINT('',(3.56565480716527,1.70000002980232,2.74));
#15140=CARTESIAN_POINT('',(3.13130961433053,1.70000002980232,2.695));
#15141=CARTESIAN_POINT('Origin',(2.14761248119175,1.80590043663979,2.695));
#15142=CARTESIAN_POINT('Origin',(2.39502047076821,1.81869034171104,2.74));
#15143=CARTESIAN_POINT('',(2.39502047076821,1.81869034171104,2.74));
#15144=CARTESIAN_POINT('',(2.39502047076821,1.70000002980232,2.74));
#15145=CARTESIAN_POINT('',(2.39502047076821,1.90934517085552,2.74));
#15146=CARTESIAN_POINT('',(2.39502047076821,1.81869034171104,2.695));
#15147=CARTESIAN_POINT('',(2.39502047076821,1.81869034171104,2.74));
#15148=CARTESIAN_POINT('',(2.39502047076821,1.70000002980232,2.695));
#15149=CARTESIAN_POINT('',(2.39502047076821,1.81869034171104,2.695));
#15150=CARTESIAN_POINT('',(2.39502047076821,1.70000002980232,2.74));
#15151=CARTESIAN_POINT('Ctrl Pts',(2.41210781112313,1.87537519335747,2.74));
#15152=CARTESIAN_POINT('Ctrl Pts',(2.41210781112313,1.87537519335747,2.695));
#15153=CARTESIAN_POINT('Ctrl Pts',(2.39502047076821,1.8604366004467,2.74));
#15154=CARTESIAN_POINT('Ctrl Pts',(2.39502047076821,1.8604366004467,2.695));
#15155=CARTESIAN_POINT('Ctrl Pts',(2.39502047076821,1.81869034171104,2.74));
#15156=CARTESIAN_POINT('Ctrl Pts',(2.39502047076821,1.81869034171104,2.695));
#15157=CARTESIAN_POINT('',(2.41210781112313,1.87537519335747,2.74));
#15158=CARTESIAN_POINT('Ctrl Pts',(2.41210781112313,1.87537519335747,2.74));
#15159=CARTESIAN_POINT('Ctrl Pts',(2.39502047076821,1.8604366004467,2.74));
#15160=CARTESIAN_POINT('Ctrl Pts',(2.39502047076821,1.81869034171104,2.74));
#15161=CARTESIAN_POINT('',(2.41210781112313,1.87537519335747,2.695));
#15162=CARTESIAN_POINT('',(2.41210781112313,1.87537519335747,2.74));
#15163=CARTESIAN_POINT('Ctrl Pts',(2.41210781112313,1.87537519335747,2.695));
#15164=CARTESIAN_POINT('Ctrl Pts',(2.39502047076821,1.8604366004467,2.695));
#15165=CARTESIAN_POINT('Ctrl Pts',(2.39502047076821,1.81869034171104,2.695));
#15166=CARTESIAN_POINT('Ctrl Pts',(2.45272849574685,1.89031381607056,2.74));
#15167=CARTESIAN_POINT('Ctrl Pts',(2.45272849574685,1.89031381607056,2.695));
#15168=CARTESIAN_POINT('Ctrl Pts',(2.42919503226876,1.89031381607056,2.74));
#15169=CARTESIAN_POINT('Ctrl Pts',(2.42919503226876,1.89031381607056,2.695));
#15170=CARTESIAN_POINT('Ctrl Pts',(2.41210781112313,1.87537519335747,2.74));
#15171=CARTESIAN_POINT('Ctrl Pts',(2.41210781112313,1.87537519335747,2.695));
#15172=CARTESIAN_POINT('',(2.45272849574685,1.89031381607056,2.74));
#15173=CARTESIAN_POINT('Ctrl Pts',(2.45272849574685,1.89031381607056,2.74));
#15174=CARTESIAN_POINT('Ctrl Pts',(2.42919503226876,1.89031381607056,2.74));
#15175=CARTESIAN_POINT('Ctrl Pts',(2.41210781112313,1.87537519335747,2.74));
#15176=CARTESIAN_POINT('',(2.45272849574685,1.89031381607056,2.695));
#15177=CARTESIAN_POINT('',(2.45272849574685,1.89031381607056,2.74));
#15178=CARTESIAN_POINT('Ctrl Pts',(2.45272849574685,1.89031381607056,2.695));
#15179=CARTESIAN_POINT('Ctrl Pts',(2.42919503226876,1.89031381607056,2.695));
#15180=CARTESIAN_POINT('Ctrl Pts',(2.41210781112313,1.87537519335747,2.695));
#15181=CARTESIAN_POINT('Ctrl Pts',(2.4784105874598,1.88366304039955,2.74));
#15182=CARTESIAN_POINT('Ctrl Pts',(2.4784105874598,1.88366304039955,2.695));
#15183=CARTESIAN_POINT('Ctrl Pts',(2.46746240630746,1.89031381607056,2.74));
#15184=CARTESIAN_POINT('Ctrl Pts',(2.46746240630746,1.89031381607056,2.695));
#15185=CARTESIAN_POINT('Ctrl Pts',(2.45272849574685,1.89031381607056,2.74));
#15186=CARTESIAN_POINT('Ctrl Pts',(2.45272849574685,1.89031381607056,2.695));
#15187=CARTESIAN_POINT('',(2.4784105874598,1.88366304039955,2.74));
#15188=CARTESIAN_POINT('Ctrl Pts',(2.4784105874598,1.88366304039955,2.74));
#15189=CARTESIAN_POINT('Ctrl Pts',(2.46746240630746,1.89031381607056,2.74));
#15190=CARTESIAN_POINT('Ctrl Pts',(2.45272849574685,1.89031381607056,2.74));
#15191=CARTESIAN_POINT('',(2.4784105874598,1.88366304039955,2.695));
#15192=CARTESIAN_POINT('',(2.4784105874598,1.88366304039955,2.74));
#15193=CARTESIAN_POINT('Ctrl Pts',(2.4784105874598,1.88366304039955,2.695));
#15194=CARTESIAN_POINT('Ctrl Pts',(2.46746240630746,1.89031381607056,2.695));
#15195=CARTESIAN_POINT('Ctrl Pts',(2.45272849574685,1.89031381607056,2.695));
#15196=CARTESIAN_POINT('Ctrl Pts',(2.49365614429116,1.86585952043533,2.74));
#15197=CARTESIAN_POINT('Ctrl Pts',(2.49365614429116,1.86585952043533,2.695));
#15198=CARTESIAN_POINT('Ctrl Pts',(2.48935876861215,1.87701229453087,2.74));
#15199=CARTESIAN_POINT('Ctrl Pts',(2.48935876861215,1.87701229453087,2.695));
#15200=CARTESIAN_POINT('Ctrl Pts',(2.4784105874598,1.88366304039955,2.74));
#15201=CARTESIAN_POINT('Ctrl Pts',(2.4784105874598,1.88366304039955,2.695));
#15202=CARTESIAN_POINT('',(2.49365614429116,1.86585952043533,2.74));
#15203=CARTESIAN_POINT('Ctrl Pts',(2.49365614429116,1.86585952043533,2.74));
#15204=CARTESIAN_POINT('Ctrl Pts',(2.48935876861215,1.87701229453087,2.74));
#15205=CARTESIAN_POINT('Ctrl Pts',(2.4784105874598,1.88366304039955,2.74));
#15206=CARTESIAN_POINT('',(2.49365614429116,1.86585952043533,2.695));
#15207=CARTESIAN_POINT('',(2.49365614429116,1.86585952043533,2.74));
#15208=CARTESIAN_POINT('Ctrl Pts',(2.49365614429116,1.86585952043533,2.695));
#15209=CARTESIAN_POINT('Ctrl Pts',(2.48935876861215,1.87701229453087,2.695));
#15210=CARTESIAN_POINT('Ctrl Pts',(2.4784105874598,1.88366304039955,2.695));
#15211=CARTESIAN_POINT('Ctrl Pts',(2.49795363917947,1.83219648599625,2.74));
#15212=CARTESIAN_POINT('Ctrl Pts',(2.49795363917947,1.83219648599625,2.695));
#15213=CARTESIAN_POINT('Ctrl Pts',(2.49795363917947,1.85470671653748,2.74));
#15214=CARTESIAN_POINT('Ctrl Pts',(2.49795363917947,1.85470671653748,2.695));
#15215=CARTESIAN_POINT('Ctrl Pts',(2.49365614429116,1.86585952043533,2.74));
#15216=CARTESIAN_POINT('Ctrl Pts',(2.49365614429116,1.86585952043533,2.695));
#15217=CARTESIAN_POINT('',(2.49795363917947,1.83219648599625,2.74));
#15218=CARTESIAN_POINT('Ctrl Pts',(2.49795363917947,1.83219648599625,2.74));
#15219=CARTESIAN_POINT('Ctrl Pts',(2.49795363917947,1.85470671653748,2.74));
#15220=CARTESIAN_POINT('Ctrl Pts',(2.49365614429116,1.86585952043533,2.74));
#15221=CARTESIAN_POINT('',(2.49795363917947,1.83219648599625,2.695));
#15222=CARTESIAN_POINT('',(2.49795363917947,1.83219648599625,2.74));
#15223=CARTESIAN_POINT('Ctrl Pts',(2.49795363917947,1.83219648599625,2.695));
#15224=CARTESIAN_POINT('Ctrl Pts',(2.49795363917947,1.85470671653748,2.695));
#15225=CARTESIAN_POINT('Ctrl Pts',(2.49365614429116,1.86585952043533,2.695));
#15226=CARTESIAN_POINT('Origin',(2.49795363917947,1.70000002980232,2.74));
#15227=CARTESIAN_POINT('',(2.49795363917947,1.70000002980232,2.74));
#15228=CARTESIAN_POINT('',(2.49795363917947,1.85000001490116,2.74));
#15229=CARTESIAN_POINT('',(2.49795363917947,1.70000002980232,2.695));
#15230=CARTESIAN_POINT('',(2.49795363917947,1.70000002980232,2.74));
#15231=CARTESIAN_POINT('',(2.49795363917947,1.70000002980232,2.695));
#15232=CARTESIAN_POINT('Origin',(2.53478847518563,1.70000002980232,2.74));
#15233=CARTESIAN_POINT('',(2.53478847518563,1.70000002980232,2.74));
#15234=CARTESIAN_POINT('',(3.26739423759282,1.70000002980232,2.74));
#15235=CARTESIAN_POINT('',(2.53478847518563,1.70000002980232,2.695));
#15236=CARTESIAN_POINT('',(2.53478847518563,1.70000002980232,2.74));
#15237=CARTESIAN_POINT('',(2.53478847518563,1.70000002980232,2.695));
#15238=CARTESIAN_POINT('Origin',(2.53478847518563,1.83362893462181,2.74));
#15239=CARTESIAN_POINT('',(2.53478847518563,1.83362893462181,2.74));
#15240=CARTESIAN_POINT('',(2.53478847518563,1.91681446731091,2.74));
#15241=CARTESIAN_POINT('',(2.53478847518563,1.83362893462181,2.695));
#15242=CARTESIAN_POINT('',(2.53478847518563,1.83362893462181,2.74));
#15243=CARTESIAN_POINT('',(2.53478847518563,1.83362893462181,2.695));
#15244=CARTESIAN_POINT('Ctrl Pts',(2.5327421285212,1.86944068670273,2.74));
#15245=CARTESIAN_POINT('Ctrl Pts',(2.5327421285212,1.86944068670273,2.695));
#15246=CARTESIAN_POINT('Ctrl Pts',(2.53478847518563,1.85920874476433,2.74));
#15247=CARTESIAN_POINT('Ctrl Pts',(2.53478847518563,1.85920874476433,2.695));
#15248=CARTESIAN_POINT('Ctrl Pts',(2.53478847518563,1.83362893462181,2.74));
#15249=CARTESIAN_POINT('Ctrl Pts',(2.53478847518563,1.83362893462181,2.695));
#15250=CARTESIAN_POINT('',(2.5327421285212,1.86944068670273,2.74));
#15251=CARTESIAN_POINT('Ctrl Pts',(2.5327421285212,1.86944068670273,2.74));
#15252=CARTESIAN_POINT('Ctrl Pts',(2.53478847518563,1.85920874476433,2.74));
#15253=CARTESIAN_POINT('Ctrl Pts',(2.53478847518563,1.83362893462181,2.74));
#15254=CARTESIAN_POINT('',(2.5327421285212,1.86944068670273,2.695));
#15255=CARTESIAN_POINT('',(2.5327421285212,1.86944068670273,2.74));
#15256=CARTESIAN_POINT('Ctrl Pts',(2.5327421285212,1.86944068670273,2.695));
#15257=CARTESIAN_POINT('Ctrl Pts',(2.53478847518563,1.85920874476433,2.695));
#15258=CARTESIAN_POINT('Ctrl Pts',(2.53478847518563,1.83362893462181,2.695));
#15259=CARTESIAN_POINT('Ctrl Pts',(2.5212824203074,1.89665759801865,2.74));
#15260=CARTESIAN_POINT('Ctrl Pts',(2.5212824203074,1.89665759801865,2.695));
#15261=CARTESIAN_POINT('Ctrl Pts',(2.5294679261744,1.88519786000252,2.74));
#15262=CARTESIAN_POINT('Ctrl Pts',(2.5294679261744,1.88519786000252,2.695));
#15263=CARTESIAN_POINT('Ctrl Pts',(2.5327421285212,1.86944068670273,2.74));
#15264=CARTESIAN_POINT('Ctrl Pts',(2.5327421285212,1.86944068670273,2.695));
#15265=CARTESIAN_POINT('',(2.5212824203074,1.89665759801865,2.74));
#15266=CARTESIAN_POINT('Ctrl Pts',(2.5212824203074,1.89665759801865,2.74));
#15267=CARTESIAN_POINT('Ctrl Pts',(2.5294679261744,1.88519786000252,2.74));
#15268=CARTESIAN_POINT('Ctrl Pts',(2.5327421285212,1.86944068670273,2.74));
#15269=CARTESIAN_POINT('',(2.5212824203074,1.89665759801865,2.695));
#15270=CARTESIAN_POINT('',(2.5212824203074,1.89665759801865,2.74));
#15271=CARTESIAN_POINT('Ctrl Pts',(2.5212824203074,1.89665759801865,2.695));
#15272=CARTESIAN_POINT('Ctrl Pts',(2.5294679261744,1.88519786000252,2.695));
#15273=CARTESIAN_POINT('Ctrl Pts',(2.5327421285212,1.86944068670273,2.695));
#15274=CARTESIAN_POINT('Ctrl Pts',(2.49662338271737,1.91517738699913,2.74));
#15275=CARTESIAN_POINT('Ctrl Pts',(2.49662338271737,1.91517738699913,2.695));
#15276=CARTESIAN_POINT('Ctrl Pts',(2.5130967952311,1.9081173658371,2.74));
#15277=CARTESIAN_POINT('Ctrl Pts',(2.5130967952311,1.9081173658371,2.695));
#15278=CARTESIAN_POINT('Ctrl Pts',(2.5212824203074,1.89665759801865,2.74));
#15279=CARTESIAN_POINT('Ctrl Pts',(2.5212824203074,1.89665759801865,2.695));
#15280=CARTESIAN_POINT('',(2.49662338271737,1.91517738699913,2.74));
#15281=CARTESIAN_POINT('Ctrl Pts',(2.49662338271737,1.91517738699913,2.74));
#15282=CARTESIAN_POINT('Ctrl Pts',(2.5130967952311,1.9081173658371,2.74));
#15283=CARTESIAN_POINT('Ctrl Pts',(2.5212824203074,1.89665759801865,2.74));
#15284=CARTESIAN_POINT('',(2.49662338271737,1.91517738699913,2.695));
#15285=CARTESIAN_POINT('',(2.49662338271737,1.91517738699913,2.74));
#15286=CARTESIAN_POINT('Ctrl Pts',(2.49662338271737,1.91517738699913,2.695));
#15287=CARTESIAN_POINT('Ctrl Pts',(2.5130967952311,1.9081173658371,2.695));
#15288=CARTESIAN_POINT('Ctrl Pts',(2.5212824203074,1.89665759801865,2.695));
#15289=CARTESIAN_POINT('Ctrl Pts',(2.46050475612283,1.92223740816116,2.74));
#15290=CARTESIAN_POINT('Ctrl Pts',(2.46050475612283,1.92223740816116,2.695));
#15291=CARTESIAN_POINT('Ctrl Pts',(2.48015008941293,1.92223740816116,2.74));
#15292=CARTESIAN_POINT('Ctrl Pts',(2.48015008941293,1.92223740816116,2.695));
#15293=CARTESIAN_POINT('Ctrl Pts',(2.49662338271737,1.91517738699913,2.74));
#15294=CARTESIAN_POINT('Ctrl Pts',(2.49662338271737,1.91517738699913,2.695));
#15295=CARTESIAN_POINT('',(2.46050475612283,1.92223740816116,2.74));
#15296=CARTESIAN_POINT('Ctrl Pts',(2.46050475612283,1.92223740816116,2.74));
#15297=CARTESIAN_POINT('Ctrl Pts',(2.48015008941293,1.92223740816116,2.74));
#15298=CARTESIAN_POINT('Ctrl Pts',(2.49662338271737,1.91517738699913,2.74));
#15299=CARTESIAN_POINT('',(2.46050475612283,1.92223740816116,2.695));
#15300=CARTESIAN_POINT('',(2.46050475612283,1.92223740816116,2.74));
#15301=CARTESIAN_POINT('Ctrl Pts',(2.46050475612283,1.92223740816116,2.695));
#15302=CARTESIAN_POINT('Ctrl Pts',(2.48015008941293,1.92223740816116,2.695));
#15303=CARTESIAN_POINT('Ctrl Pts',(2.49662338271737,1.91517738699913,2.695));
#15304=CARTESIAN_POINT('Ctrl Pts',(2.39133690372109,1.88642568588257,2.74));
#15305=CARTESIAN_POINT('Ctrl Pts',(2.39133690372109,1.88642568588257,2.695));
#15306=CARTESIAN_POINT('Ctrl Pts',(2.41527961269021,1.92223740816116,2.74));
#15307=CARTESIAN_POINT('Ctrl Pts',(2.41527961269021,1.92223740816116,2.695));
#15308=CARTESIAN_POINT('Ctrl Pts',(2.46050475612283,1.92223740816116,2.74));
#15309=CARTESIAN_POINT('Ctrl Pts',(2.46050475612283,1.92223740816116,2.695));
#15310=CARTESIAN_POINT('',(2.39133690372109,1.88642568588257,2.74));
#15311=CARTESIAN_POINT('Ctrl Pts',(2.39133690372109,1.88642568588257,2.74));
#15312=CARTESIAN_POINT('Ctrl Pts',(2.41527961269021,1.92223740816116,2.74));
#15313=CARTESIAN_POINT('Ctrl Pts',(2.46050475612283,1.92223740816116,2.74));
#15314=CARTESIAN_POINT('',(2.39133690372109,1.88642568588257,2.695));
#15315=CARTESIAN_POINT('',(2.39133690372109,1.88642568588257,2.74));
#15316=CARTESIAN_POINT('Ctrl Pts',(2.39133690372109,1.88642568588257,2.695));
#15317=CARTESIAN_POINT('Ctrl Pts',(2.41527961269021,1.92223740816116,2.695));
#15318=CARTESIAN_POINT('Ctrl Pts',(2.46050475612283,1.92223740816116,2.695));
#15319=CARTESIAN_POINT('Origin',(2.39133690372109,1.91732607483864,2.74));
#15320=CARTESIAN_POINT('',(2.39133690372109,1.91732607483864,2.74));
#15321=CARTESIAN_POINT('',(2.39133690372109,1.95866303741932,2.74));
#15322=CARTESIAN_POINT('',(2.39133690372109,1.91732607483864,2.695));
#15323=CARTESIAN_POINT('',(2.39133690372109,1.91732607483864,2.74));
#15324=CARTESIAN_POINT('',(2.39133690372109,1.91732607483864,2.695));
#15325=CARTESIAN_POINT('Origin',(2.35818551555276,1.91732607483864,2.74));
#15326=CARTESIAN_POINT('',(2.35818551555276,1.91732607483864,2.74));
#15327=CARTESIAN_POINT('',(3.17909275777638,1.91732607483864,2.74));
#15328=CARTESIAN_POINT('',(2.35818551555276,1.91732607483864,2.695));
#15329=CARTESIAN_POINT('',(2.35818551555276,1.91732607483864,2.74));
#15330=CARTESIAN_POINT('',(2.35818551555276,1.91732607483864,2.695));
#15331=CARTESIAN_POINT('Origin',(2.35818551555276,1.70000002980232,2.74));
#15332=CARTESIAN_POINT('',(2.35818551555276,1.70000002980232,2.74));
#15333=CARTESIAN_POINT('',(2.35818551555276,1.85000001490116,2.74));
#15334=CARTESIAN_POINT('',(2.35818551555276,1.70000002980232,2.695));
#15335=CARTESIAN_POINT('',(2.35818551555276,1.70000002980232,2.74));
#15336=CARTESIAN_POINT('',(2.35818551555276,1.70000002980232,2.695));
#15337=CARTESIAN_POINT('Origin',(2.39502047076821,1.70000002980232,2.74));
#15338=CARTESIAN_POINT('',(3.19751023538411,1.70000002980232,2.74));
#15339=CARTESIAN_POINT('',(2.39502047076821,1.70000002980232,2.695));
#15340=CARTESIAN_POINT('Origin',(2.14761248119175,1.80590043663979,2.695));
#15341=CARTESIAN_POINT('Ctrl Pts',(3.49986349120736,1.89195091724396,2.74));
#15342=CARTESIAN_POINT('Ctrl Pts',(3.49986349120736,1.89195091724396,2.695));
#15343=CARTESIAN_POINT('Ctrl Pts',(3.47571621909738,1.89195091724396,2.74));
#15344=CARTESIAN_POINT('Ctrl Pts',(3.47571621909738,1.89195091724396,2.695));
#15345=CARTESIAN_POINT('Ctrl Pts',(3.45811711326242,1.87097547650337,2.74));
#15346=CARTESIAN_POINT('Ctrl Pts',(3.45811711326242,1.87097547650337,2.695));
#15347=CARTESIAN_POINT('',(3.49986349120736,1.89195091724396,2.74));
#15348=CARTESIAN_POINT('',(3.45811711326242,1.87097547650337,2.74));
#15349=CARTESIAN_POINT('Ctrl Pts',(3.49986349120736,1.89195091724396,2.74));
#15350=CARTESIAN_POINT('Ctrl Pts',(3.47571621909738,1.89195091724396,2.74));
#15351=CARTESIAN_POINT('Ctrl Pts',(3.45811711326242,1.87097547650337,2.74));
#15352=CARTESIAN_POINT('',(3.49986349120736,1.89195091724396,2.695));
#15353=CARTESIAN_POINT('',(3.49986349120736,1.89195091724396,2.74));
#15354=CARTESIAN_POINT('',(3.45811711326242,1.87097547650337,2.695));
#15355=CARTESIAN_POINT('Ctrl Pts',(3.49986349120736,1.89195091724396,2.695));
#15356=CARTESIAN_POINT('Ctrl Pts',(3.47571621909738,1.89195091724396,2.695));
#15357=CARTESIAN_POINT('Ctrl Pts',(3.45811711326242,1.87097547650337,2.695));
#15358=CARTESIAN_POINT('',(3.45811711326242,1.87097547650337,2.74));
#15359=CARTESIAN_POINT('Ctrl Pts',(3.54068885818124,1.87169168591499,2.74));
#15360=CARTESIAN_POINT('Ctrl Pts',(3.54068885818124,1.87169168591499,2.695));
#15361=CARTESIAN_POINT('Ctrl Pts',(3.52380620017648,1.89195091724396,2.74));
#15362=CARTESIAN_POINT('Ctrl Pts',(3.52380620017648,1.89195091724396,2.695));
#15363=CARTESIAN_POINT('Ctrl Pts',(3.49986349120736,1.89195091724396,2.74));
#15364=CARTESIAN_POINT('Ctrl Pts',(3.49986349120736,1.89195091724396,2.695));
#15365=CARTESIAN_POINT('',(3.54068885818124,1.87169168591499,2.74));
#15366=CARTESIAN_POINT('Ctrl Pts',(3.54068885818124,1.87169168591499,2.74));
#15367=CARTESIAN_POINT('Ctrl Pts',(3.52380620017648,1.89195091724396,2.74));
#15368=CARTESIAN_POINT('Ctrl Pts',(3.49986349120736,1.89195091724396,2.74));
#15369=CARTESIAN_POINT('',(3.54068885818124,1.87169168591499,2.695));
#15370=CARTESIAN_POINT('',(3.54068885818124,1.87169168591499,2.74));
#15371=CARTESIAN_POINT('Ctrl Pts',(3.54068885818124,1.87169168591499,2.695));
#15372=CARTESIAN_POINT('Ctrl Pts',(3.52380620017648,1.89195091724396,2.695));
#15373=CARTESIAN_POINT('Ctrl Pts',(3.49986349120736,1.89195091724396,2.695));
#15374=CARTESIAN_POINT('Ctrl Pts',(3.557571516186,1.80886767506599,2.74));
#15375=CARTESIAN_POINT('Ctrl Pts',(3.557571516186,1.80886767506599,2.695));
#15376=CARTESIAN_POINT('Ctrl Pts',(3.557571516186,1.85143248438835,2.74));
#15377=CARTESIAN_POINT('Ctrl Pts',(3.557571516186,1.85143248438835,2.695));
#15378=CARTESIAN_POINT('Ctrl Pts',(3.54068885818124,1.87169168591499,2.74));
#15379=CARTESIAN_POINT('Ctrl Pts',(3.54068885818124,1.87169168591499,2.695));
#15380=CARTESIAN_POINT('',(3.557571516186,1.80886767506599,2.74));
#15381=CARTESIAN_POINT('Ctrl Pts',(3.557571516186,1.80886767506599,2.74));
#15382=CARTESIAN_POINT('Ctrl Pts',(3.557571516186,1.85143248438835,2.74));
#15383=CARTESIAN_POINT('Ctrl Pts',(3.54068885818124,1.87169168591499,2.74));
#15384=CARTESIAN_POINT('',(3.557571516186,1.80886767506599,2.695));
#15385=CARTESIAN_POINT('',(3.557571516186,1.80886767506599,2.74));
#15386=CARTESIAN_POINT('Ctrl Pts',(3.557571516186,1.80886767506599,2.695));
#15387=CARTESIAN_POINT('Ctrl Pts',(3.557571516186,1.85143248438835,2.695));
#15388=CARTESIAN_POINT('Ctrl Pts',(3.54068885818124,1.87169168591499,2.695));
#15389=CARTESIAN_POINT('Ctrl Pts',(3.53997264876962,1.74635062813759,2.74));
#15390=CARTESIAN_POINT('Ctrl Pts',(3.53997264876962,1.74635062813759,2.695));
#15391=CARTESIAN_POINT('Ctrl Pts',(3.557571516186,1.7673260986805,2.74));
#15392=CARTESIAN_POINT('Ctrl Pts',(3.557571516186,1.7673260986805,2.695));
#15393=CARTESIAN_POINT('Ctrl Pts',(3.557571516186,1.80886767506599,2.74));
#15394=CARTESIAN_POINT('Ctrl Pts',(3.557571516186,1.80886767506599,2.695));
#15395=CARTESIAN_POINT('',(3.53997264876962,1.74635062813759,2.74));
#15396=CARTESIAN_POINT('Ctrl Pts',(3.53997264876962,1.74635062813759,2.74));
#15397=CARTESIAN_POINT('Ctrl Pts',(3.557571516186,1.7673260986805,2.74));
#15398=CARTESIAN_POINT('Ctrl Pts',(3.557571516186,1.80886767506599,2.74));
#15399=CARTESIAN_POINT('',(3.53997264876962,1.74635062813759,2.695));
#15400=CARTESIAN_POINT('',(3.53997264876962,1.74635062813759,2.74));
#15401=CARTESIAN_POINT('Ctrl Pts',(3.53997264876962,1.74635062813759,2.695));
#15402=CARTESIAN_POINT('Ctrl Pts',(3.557571516186,1.7673260986805,2.695));
#15403=CARTESIAN_POINT('Ctrl Pts',(3.557571516186,1.80886767506599,2.695));
#15404=CARTESIAN_POINT('Ctrl Pts',(3.49822627082467,1.72537521719933,2.74));
#15405=CARTESIAN_POINT('Ctrl Pts',(3.49822627082467,1.72537521719933,2.695));
#15406=CARTESIAN_POINT('Ctrl Pts',(3.52237378135324,1.72537521719933,2.74));
#15407=CARTESIAN_POINT('Ctrl Pts',(3.52237378135324,1.72537521719933,2.695));
#15408=CARTESIAN_POINT('Ctrl Pts',(3.53997264876962,1.74635062813759,2.74));
#15409=CARTESIAN_POINT('Ctrl Pts',(3.53997264876962,1.74635062813759,2.695));
#15410=CARTESIAN_POINT('',(3.49822627082467,1.72537521719933,2.74));
#15411=CARTESIAN_POINT('Ctrl Pts',(3.49822627082467,1.72537521719933,2.74));
#15412=CARTESIAN_POINT('Ctrl Pts',(3.52237378135324,1.72537521719933,2.74));
#15413=CARTESIAN_POINT('Ctrl Pts',(3.53997264876962,1.74635062813759,2.74));
#15414=CARTESIAN_POINT('',(3.49822627082467,1.72537521719933,2.695));
#15415=CARTESIAN_POINT('',(3.49822627082467,1.72537521719933,2.74));
#15416=CARTESIAN_POINT('Ctrl Pts',(3.49822627082467,1.72537521719933,2.695));
#15417=CARTESIAN_POINT('Ctrl Pts',(3.52237378135324,1.72537521719933,2.695));
#15418=CARTESIAN_POINT('Ctrl Pts',(3.53997264876962,1.74635062813759,2.695));
#15419=CARTESIAN_POINT('Ctrl Pts',(3.45115958228707,1.75381992459297,2.74));
#15420=CARTESIAN_POINT('Ctrl Pts',(3.45115958228707,1.75381992459297,2.695));
#15421=CARTESIAN_POINT('Ctrl Pts',(3.46855364814401,1.72537521719933,2.74));
#15422=CARTESIAN_POINT('Ctrl Pts',(3.46855364814401,1.72537521719933,2.695));
#15423=CARTESIAN_POINT('Ctrl Pts',(3.49822627082467,1.72537521719933,2.74));
#15424=CARTESIAN_POINT('Ctrl Pts',(3.49822627082467,1.72537521719933,2.695));
#15425=CARTESIAN_POINT('',(3.45115958228707,1.75381992459297,2.74));
#15426=CARTESIAN_POINT('Ctrl Pts',(3.45115958228707,1.75381992459297,2.74));
#15427=CARTESIAN_POINT('Ctrl Pts',(3.46855364814401,1.72537521719933,2.74));
#15428=CARTESIAN_POINT('Ctrl Pts',(3.49822627082467,1.72537521719933,2.74));
#15429=CARTESIAN_POINT('',(3.45115958228707,1.75381992459297,2.695));
#15430=CARTESIAN_POINT('',(3.45115958228707,1.75381992459297,2.74));
#15431=CARTESIAN_POINT('Ctrl Pts',(3.45115958228707,1.75381992459297,2.695));
#15432=CARTESIAN_POINT('Ctrl Pts',(3.46855364814401,1.72537521719933,2.695));
#15433=CARTESIAN_POINT('Ctrl Pts',(3.49822627082467,1.72537521719933,2.695));
#15434=CARTESIAN_POINT('Ctrl Pts',(3.44051824584603,1.81030015349388,2.74));
#15435=CARTESIAN_POINT('Ctrl Pts',(3.44051824584603,1.81030015349388,2.695));
#15436=CARTESIAN_POINT('Ctrl Pts',(3.44051824584603,1.77121422886848,2.74));
#15437=CARTESIAN_POINT('Ctrl Pts',(3.44051824584603,1.77121422886848,2.695));
#15438=CARTESIAN_POINT('Ctrl Pts',(3.45115958228707,1.75381992459297,2.74));
#15439=CARTESIAN_POINT('Ctrl Pts',(3.45115958228707,1.75381992459297,2.695));
#15440=CARTESIAN_POINT('',(3.44051824584603,1.81030015349388,2.74));
#15441=CARTESIAN_POINT('Ctrl Pts',(3.44051824584603,1.81030015349388,2.74));
#15442=CARTESIAN_POINT('Ctrl Pts',(3.44051824584603,1.77121422886848,2.74));
#15443=CARTESIAN_POINT('Ctrl Pts',(3.45115958228707,1.75381992459297,2.74));
#15444=CARTESIAN_POINT('',(3.44051824584603,1.81030015349388,2.695));
#15445=CARTESIAN_POINT('',(3.44051824584603,1.81030015349388,2.74));
#15446=CARTESIAN_POINT('Ctrl Pts',(3.44051824584603,1.81030015349388,2.695));
#15447=CARTESIAN_POINT('Ctrl Pts',(3.44051824584603,1.77121422886848,2.695));
#15448=CARTESIAN_POINT('Ctrl Pts',(3.45115958228707,1.75381992459297,2.695));
#15449=CARTESIAN_POINT('Ctrl Pts',(3.45811711326242,1.87097547650337,2.74));
#15450=CARTESIAN_POINT('Ctrl Pts',(3.45811711326242,1.87097547650337,2.695));
#15451=CARTESIAN_POINT('Ctrl Pts',(3.44051824584603,1.85000000596046,2.74));
#15452=CARTESIAN_POINT('Ctrl Pts',(3.44051824584603,1.85000000596046,2.695));
#15453=CARTESIAN_POINT('Ctrl Pts',(3.44051824584603,1.81030015349388,2.74));
#15454=CARTESIAN_POINT('Ctrl Pts',(3.44051824584603,1.81030015349388,2.695));
#15455=CARTESIAN_POINT('Ctrl Pts',(3.45811711326242,1.87097547650337,2.74));
#15456=CARTESIAN_POINT('Ctrl Pts',(3.44051824584603,1.85000000596046,2.74));
#15457=CARTESIAN_POINT('Ctrl Pts',(3.44051824584603,1.81030015349388,2.74));
#15458=CARTESIAN_POINT('Ctrl Pts',(3.45811711326242,1.87097547650337,2.695));
#15459=CARTESIAN_POINT('Ctrl Pts',(3.44051824584603,1.85000000596046,2.695));
#15460=CARTESIAN_POINT('Ctrl Pts',(3.44051824584603,1.81030015349388,2.695));
#15461=CARTESIAN_POINT('Ctrl Pts',(3.5012959100306,1.69508872628212,2.74));
#15462=CARTESIAN_POINT('Ctrl Pts',(3.5012959100306,1.69508872628212,2.695));
#15463=CARTESIAN_POINT('Ctrl Pts',(3.46282397285104,1.69508872628212,2.74));
#15464=CARTESIAN_POINT('Ctrl Pts',(3.46282397285104,1.69508872628212,2.695));
#15465=CARTESIAN_POINT('Ctrl Pts',(3.44092761054635,1.72721694111824,2.74));
#15466=CARTESIAN_POINT('Ctrl Pts',(3.44092761054635,1.72721694111824,2.695));
#15467=CARTESIAN_POINT('',(3.5012959100306,1.69508872628212,2.74));
#15468=CARTESIAN_POINT('',(3.44092761054635,1.72721694111824,2.74));
#15469=CARTESIAN_POINT('Ctrl Pts',(3.5012959100306,1.69508872628212,2.74));
#15470=CARTESIAN_POINT('Ctrl Pts',(3.46282397285104,1.69508872628212,2.74));
#15471=CARTESIAN_POINT('Ctrl Pts',(3.44092761054635,1.72721694111824,2.74));
#15472=CARTESIAN_POINT('',(3.5012959100306,1.69508872628212,2.695));
#15473=CARTESIAN_POINT('',(3.5012959100306,1.69508872628212,2.74));
#15474=CARTESIAN_POINT('',(3.44092761054635,1.72721694111824,2.695));
#15475=CARTESIAN_POINT('Ctrl Pts',(3.5012959100306,1.69508872628212,2.695));
#15476=CARTESIAN_POINT('Ctrl Pts',(3.46282397285104,1.69508872628212,2.695));
#15477=CARTESIAN_POINT('Ctrl Pts',(3.44092761054635,1.72721694111824,2.695));
#15478=CARTESIAN_POINT('',(3.44092761054635,1.72721694111824,2.74));
#15479=CARTESIAN_POINT('Ctrl Pts',(3.56759868636727,1.72557983994484,2.74));
#15480=CARTESIAN_POINT('Ctrl Pts',(3.56759868636727,1.72557983994484,2.695));
#15481=CARTESIAN_POINT('Ctrl Pts',(3.53997264876962,1.69508872628212,2.74));
#15482=CARTESIAN_POINT('Ctrl Pts',(3.53997264876962,1.69508872628212,2.695));
#15483=CARTESIAN_POINT('Ctrl Pts',(3.5012959100306,1.69508872628212,2.74));
#15484=CARTESIAN_POINT('Ctrl Pts',(3.5012959100306,1.69508872628212,2.695));
#15485=CARTESIAN_POINT('',(3.56759868636727,1.72557983994484,2.74));
#15486=CARTESIAN_POINT('Ctrl Pts',(3.56759868636727,1.72557983994484,2.74));
#15487=CARTESIAN_POINT('Ctrl Pts',(3.53997264876962,1.69508872628212,2.74));
#15488=CARTESIAN_POINT('Ctrl Pts',(3.5012959100306,1.69508872628212,2.74));
#15489=CARTESIAN_POINT('',(3.56759868636727,1.72557983994484,2.695));
#15490=CARTESIAN_POINT('',(3.56759868636727,1.72557983994484,2.74));
#15491=CARTESIAN_POINT('Ctrl Pts',(3.56759868636727,1.72557983994484,2.695));
#15492=CARTESIAN_POINT('Ctrl Pts',(3.53997264876962,1.69508872628212,2.695));
#15493=CARTESIAN_POINT('Ctrl Pts',(3.5012959100306,1.69508872628212,2.695));
#15494=CARTESIAN_POINT('Ctrl Pts',(3.59522496238351,1.81193725466728,2.74));
#15495=CARTESIAN_POINT('Ctrl Pts',(3.59522496238351,1.81193725466728,2.695));
#15496=CARTESIAN_POINT('Ctrl Pts',(3.59522496238351,1.75607095360756,2.74));
#15497=CARTESIAN_POINT('Ctrl Pts',(3.59522496238351,1.75607095360756,2.695));
#15498=CARTESIAN_POINT('Ctrl Pts',(3.56759868636727,1.72557983994484,2.74));
#15499=CARTESIAN_POINT('Ctrl Pts',(3.56759868636727,1.72557983994484,2.695));
#15500=CARTESIAN_POINT('',(3.59522496238351,1.81193725466728,2.74));
#15501=CARTESIAN_POINT('Ctrl Pts',(3.59522496238351,1.81193725466728,2.74));
#15502=CARTESIAN_POINT('Ctrl Pts',(3.59522496238351,1.75607095360756,2.74));
#15503=CARTESIAN_POINT('Ctrl Pts',(3.56759868636727,1.72557983994484,2.74));
#15504=CARTESIAN_POINT('',(3.59522496238351,1.81193725466728,2.695));
#15505=CARTESIAN_POINT('',(3.59522496238351,1.81193725466728,2.74));
#15506=CARTESIAN_POINT('Ctrl Pts',(3.59522496238351,1.81193725466728,2.695));
#15507=CARTESIAN_POINT('Ctrl Pts',(3.59522496238351,1.75607095360756,2.695));
#15508=CARTESIAN_POINT('Ctrl Pts',(3.56759868636727,1.72557983994484,2.695));
#15509=CARTESIAN_POINT('Ctrl Pts',(3.58867655768991,1.85613916516304,2.74));
#15510=CARTESIAN_POINT('Ctrl Pts',(3.58867655768991,1.85613916516304,2.695));
#15511=CARTESIAN_POINT('Ctrl Pts',(3.59522496238351,1.83547071814537,2.74));
#15512=CARTESIAN_POINT('Ctrl Pts',(3.59522496238351,1.83547071814537,2.695));
#15513=CARTESIAN_POINT('Ctrl Pts',(3.59522496238351,1.81193725466728,2.74));
#15514=CARTESIAN_POINT('Ctrl Pts',(3.59522496238351,1.81193725466728,2.695));
#15515=CARTESIAN_POINT('',(3.58867655768991,1.85613916516304,2.74));
#15516=CARTESIAN_POINT('Ctrl Pts',(3.58867655768991,1.85613916516304,2.74));
#15517=CARTESIAN_POINT('Ctrl Pts',(3.59522496238351,1.83547071814537,2.74));
#15518=CARTESIAN_POINT('Ctrl Pts',(3.59522496238351,1.81193725466728,2.74));
#15519=CARTESIAN_POINT('',(3.58867655768991,1.85613916516304,2.695));
#15520=CARTESIAN_POINT('',(3.58867655768991,1.85613916516304,2.74));
#15521=CARTESIAN_POINT('Ctrl Pts',(3.58867655768991,1.85613916516304,2.695));
#15522=CARTESIAN_POINT('Ctrl Pts',(3.59522496238351,1.83547071814537,2.695));
#15523=CARTESIAN_POINT('Ctrl Pts',(3.59522496238351,1.81193725466728,2.695));
#15524=CARTESIAN_POINT('Ctrl Pts',(3.57056604400277,1.89143930077553,2.74));
#15525=CARTESIAN_POINT('Ctrl Pts',(3.57056604400277,1.89143930077553,2.695));
#15526=CARTESIAN_POINT('Ctrl Pts',(3.5821281529963,1.87680767178535,2.74));
#15527=CARTESIAN_POINT('Ctrl Pts',(3.5821281529963,1.87680767178535,2.695));
#15528=CARTESIAN_POINT('Ctrl Pts',(3.58867655768991,1.85613916516304,2.74));
#15529=CARTESIAN_POINT('Ctrl Pts',(3.58867655768991,1.85613916516304,2.695));
#15530=CARTESIAN_POINT('',(3.57056604400277,1.89143930077553,2.74));
#15531=CARTESIAN_POINT('Ctrl Pts',(3.57056604400277,1.89143930077553,2.74));
#15532=CARTESIAN_POINT('Ctrl Pts',(3.5821281529963,1.87680767178535,2.74));
#15533=CARTESIAN_POINT('Ctrl Pts',(3.58867655768991,1.85613916516304,2.74));
#15534=CARTESIAN_POINT('',(3.57056604400277,1.89143930077553,2.695));
#15535=CARTESIAN_POINT('',(3.57056604400277,1.89143930077553,2.74));
#15536=CARTESIAN_POINT('Ctrl Pts',(3.57056604400277,1.89143930077553,2.695));
#15537=CARTESIAN_POINT('Ctrl Pts',(3.5821281529963,1.87680767178535,2.695));
#15538=CARTESIAN_POINT('Ctrl Pts',(3.58867655768991,1.85613916516304,2.695));
#15539=CARTESIAN_POINT('Ctrl Pts',(3.54109798446298,1.91415418386459,2.74));
#15540=CARTESIAN_POINT('Ctrl Pts',(3.54109798446298,1.91415418386459,2.695));
#15541=CARTESIAN_POINT('Ctrl Pts',(3.55900393500924,1.90607095956802,2.74));
#15542=CARTESIAN_POINT('Ctrl Pts',(3.55900393500924,1.90607095956802,2.695));
#15543=CARTESIAN_POINT('Ctrl Pts',(3.57056604400277,1.89143930077553,2.74));
#15544=CARTESIAN_POINT('Ctrl Pts',(3.57056604400277,1.89143930077553,2.695));
#15545=CARTESIAN_POINT('',(3.54109798446298,1.91415418386459,2.74));
#15546=CARTESIAN_POINT('Ctrl Pts',(3.54109798446298,1.91415418386459,2.74));
#15547=CARTESIAN_POINT('Ctrl Pts',(3.55900393500924,1.90607095956802,2.74));
#15548=CARTESIAN_POINT('Ctrl Pts',(3.57056604400277,1.89143930077553,2.74));
#15549=CARTESIAN_POINT('',(3.54109798446298,1.91415418386459,2.695));
#15550=CARTESIAN_POINT('',(3.54109798446298,1.91415418386459,2.74));
#15551=CARTESIAN_POINT('Ctrl Pts',(3.54109798446298,1.91415418386459,2.695));
#15552=CARTESIAN_POINT('Ctrl Pts',(3.55900393500924,1.90607095956802,2.695));
#15553=CARTESIAN_POINT('Ctrl Pts',(3.57056604400277,1.89143930077553,2.695));
#15554=CARTESIAN_POINT('Ctrl Pts',(3.50313769355416,1.92223740816116,2.74));
#15555=CARTESIAN_POINT('Ctrl Pts',(3.50313769355416,1.92223740816116,2.695));
#15556=CARTESIAN_POINT('Ctrl Pts',(3.52319227233529,1.92223740816116,2.74));
#15557=CARTESIAN_POINT('Ctrl Pts',(3.52319227233529,1.92223740816116,2.695));
#15558=CARTESIAN_POINT('Ctrl Pts',(3.54109798446298,1.91415418386459,2.74));
#15559=CARTESIAN_POINT('Ctrl Pts',(3.54109798446298,1.91415418386459,2.695));
#15560=CARTESIAN_POINT('',(3.50313769355416,1.92223740816116,2.74));
#15561=CARTESIAN_POINT('Ctrl Pts',(3.50313769355416,1.92223740816116,2.74));
#15562=CARTESIAN_POINT('Ctrl Pts',(3.52319227233529,1.92223740816116,2.74));
#15563=CARTESIAN_POINT('Ctrl Pts',(3.54109798446298,1.91415418386459,2.74));
#15564=CARTESIAN_POINT('',(3.50313769355416,1.92223740816116,2.695));
#15565=CARTESIAN_POINT('',(3.50313769355416,1.92223740816116,2.74));
#15566=CARTESIAN_POINT('Ctrl Pts',(3.50313769355416,1.92223740816116,2.695));
#15567=CARTESIAN_POINT('Ctrl Pts',(3.52319227233529,1.92223740816116,2.695));
#15568=CARTESIAN_POINT('Ctrl Pts',(3.54109798446298,1.91415418386459,2.695));
#15569=CARTESIAN_POINT('Ctrl Pts',(3.44358788505197,1.89297412037849,2.74));
#15570=CARTESIAN_POINT('Ctrl Pts',(3.44358788505197,1.89297412037849,2.695));
#15571=CARTESIAN_POINT('Ctrl Pts',(3.4669166661799,1.92223740816116,2.74));
#15572=CARTESIAN_POINT('Ctrl Pts',(3.4669166661799,1.92223740816116,2.695));
#15573=CARTESIAN_POINT('Ctrl Pts',(3.50313769355416,1.92223740816116,2.74));
#15574=CARTESIAN_POINT('Ctrl Pts',(3.50313769355416,1.92223740816116,2.695));
#15575=CARTESIAN_POINT('',(3.44358788505197,1.89297412037849,2.74));
#15576=CARTESIAN_POINT('Ctrl Pts',(3.44358788505197,1.89297412037849,2.74));
#15577=CARTESIAN_POINT('Ctrl Pts',(3.4669166661799,1.92223740816116,2.74));
#15578=CARTESIAN_POINT('Ctrl Pts',(3.50313769355416,1.92223740816116,2.74));
#15579=CARTESIAN_POINT('',(3.44358788505197,1.89297412037849,2.695));
#15580=CARTESIAN_POINT('',(3.44358788505197,1.89297412037849,2.74));
#15581=CARTESIAN_POINT('Ctrl Pts',(3.44358788505197,1.89297412037849,2.695));
#15582=CARTESIAN_POINT('Ctrl Pts',(3.4669166661799,1.92223740816116,2.695));
#15583=CARTESIAN_POINT('Ctrl Pts',(3.50313769355416,1.92223740816116,2.695));
#15584=CARTESIAN_POINT('Origin',(3.44358788505197,2.00000001192093,2.74));
#15585=CARTESIAN_POINT('',(3.44358788505197,2.00000001192093,2.74));
#15586=CARTESIAN_POINT('',(3.44358788505197,2.00000000596046,2.74));
#15587=CARTESIAN_POINT('',(3.44358788505197,2.00000001192093,2.695));
#15588=CARTESIAN_POINT('',(3.44358788505197,2.00000001192093,2.74));
#15589=CARTESIAN_POINT('',(3.44358788505197,2.00000001192093,2.695));
#15590=CARTESIAN_POINT('Origin',(3.40675292983651,2.00000001192093,2.74));
#15591=CARTESIAN_POINT('',(3.40675292983651,2.00000001192093,2.74));
#15592=CARTESIAN_POINT('',(3.70337646491826,2.00000001192093,2.74));
#15593=CARTESIAN_POINT('',(3.40675292983651,2.00000001192093,2.695));
#15594=CARTESIAN_POINT('',(3.40675292983651,2.00000001192093,2.74));
#15595=CARTESIAN_POINT('',(3.40675292983651,2.00000001192093,2.695));
#15596=CARTESIAN_POINT('Origin',(3.40675292983651,1.70000002980232,2.74));
#15597=CARTESIAN_POINT('',(3.40675292983651,1.70000002980232,2.74));
#15598=CARTESIAN_POINT('',(3.40675292983651,1.85000001490116,2.74));
#15599=CARTESIAN_POINT('',(3.40675292983651,1.70000002980232,2.695));
#15600=CARTESIAN_POINT('',(3.40675292983651,1.70000002980232,2.74));
#15601=CARTESIAN_POINT('',(3.40675292983651,1.70000002980232,2.695));
#15602=CARTESIAN_POINT('Origin',(3.44092761054635,1.70000002980232,2.74));
#15603=CARTESIAN_POINT('',(3.44092761054635,1.70000002980232,2.74));
#15604=CARTESIAN_POINT('',(3.72046380527318,1.70000002980232,2.74));
#15605=CARTESIAN_POINT('',(3.44092761054635,1.70000002980232,2.695));
#15606=CARTESIAN_POINT('',(3.44092761054635,1.70000002980232,2.74));
#15607=CARTESIAN_POINT('',(3.44092761054635,1.70000002980232,2.695));
#15608=CARTESIAN_POINT('Origin',(3.44092761054635,1.72721694111824,2.74));
#15609=CARTESIAN_POINT('',(3.44092761054635,1.86360847055912,2.74));
#15610=CARTESIAN_POINT('',(3.44092761054635,1.72721694111824,2.695));
#15611=CARTESIAN_POINT('Origin',(2.14761248119175,1.80590043663979,2.695));
#15612=CARTESIAN_POINT('Ctrl Pts',(1.77210103049874,1.89195094704628,2.74));
#15613=CARTESIAN_POINT('Ctrl Pts',(1.77210103049874,1.89195094704628,2.695));
#15614=CARTESIAN_POINT('Ctrl Pts',(1.7467257834971,1.89195094704628,2.74));
#15615=CARTESIAN_POINT('Ctrl Pts',(1.7467257834971,1.89195094704628,2.695));
#15616=CARTESIAN_POINT('Ctrl Pts',(1.72943388000131,1.87496594786644,2.74));
#15617=CARTESIAN_POINT('Ctrl Pts',(1.72943388000131,1.87496594786644,2.695));
#15618=CARTESIAN_POINT('',(1.77210103049874,1.89195094704628,2.74));
#15619=CARTESIAN_POINT('',(1.72943388000131,1.87496594786644,2.74));
#15620=CARTESIAN_POINT('Ctrl Pts',(1.77210103049874,1.89195094704628,2.74));
#15621=CARTESIAN_POINT('Ctrl Pts',(1.7467257834971,1.89195094704628,2.74));
#15622=CARTESIAN_POINT('Ctrl Pts',(1.72943388000131,1.87496594786644,2.74));
#15623=CARTESIAN_POINT('',(1.77210103049874,1.89195094704628,2.695));
#15624=CARTESIAN_POINT('',(1.77210103049874,1.89195094704628,2.74));
#15625=CARTESIAN_POINT('',(1.72943388000131,1.87496594786644,2.695));
#15626=CARTESIAN_POINT('Ctrl Pts',(1.77210103049874,1.89195094704628,2.695));
#15627=CARTESIAN_POINT('Ctrl Pts',(1.7467257834971,1.89195094704628,2.695));
#15628=CARTESIAN_POINT('Ctrl Pts',(1.72943388000131,1.87496594786644,2.695));
#15629=CARTESIAN_POINT('',(1.72943388000131,1.87496594786644,2.74));
#15630=CARTESIAN_POINT('Ctrl Pts',(1.8177353002131,1.87066851258278,2.74));
#15631=CARTESIAN_POINT('Ctrl Pts',(1.8177353002131,1.87066851258278,2.695));
#15632=CARTESIAN_POINT('Ctrl Pts',(1.80013643279672,1.89195094704628,2.74));
#15633=CARTESIAN_POINT('Ctrl Pts',(1.80013643279672,1.89195094704628,2.695));
#15634=CARTESIAN_POINT('Ctrl Pts',(1.77210103049874,1.89195094704628,2.74));
#15635=CARTESIAN_POINT('Ctrl Pts',(1.77210103049874,1.89195094704628,2.695));
#15636=CARTESIAN_POINT('',(1.8177353002131,1.87066851258278,2.74));
#15637=CARTESIAN_POINT('Ctrl Pts',(1.8177353002131,1.87066851258278,2.74));
#15638=CARTESIAN_POINT('Ctrl Pts',(1.80013643279672,1.89195094704628,2.74));
#15639=CARTESIAN_POINT('Ctrl Pts',(1.77210103049874,1.89195094704628,2.74));
#15640=CARTESIAN_POINT('',(1.8177353002131,1.87066851258278,2.695));
#15641=CARTESIAN_POINT('',(1.8177353002131,1.87066851258278,2.74));
#15642=CARTESIAN_POINT('Ctrl Pts',(1.8177353002131,1.87066851258278,2.695));
#15643=CARTESIAN_POINT('Ctrl Pts',(1.80013643279672,1.89195094704628,2.695));
#15644=CARTESIAN_POINT('Ctrl Pts',(1.77210103049874,1.89195094704628,2.695));
#15645=CARTESIAN_POINT('Ctrl Pts',(1.83165083900094,1.82953618168831,2.74));
#15646=CARTESIAN_POINT('Ctrl Pts',(1.83165083900094,1.82953618168831,2.695));
#15647=CARTESIAN_POINT('Ctrl Pts',(1.82919512763619,1.85695774555206,2.74));
#15648=CARTESIAN_POINT('Ctrl Pts',(1.82919512763619,1.85695774555206,2.695));
#15649=CARTESIAN_POINT('Ctrl Pts',(1.8177353002131,1.87066851258278,2.74));
#15650=CARTESIAN_POINT('Ctrl Pts',(1.8177353002131,1.87066851258278,2.695));
#15651=CARTESIAN_POINT('',(1.83165083900094,1.82953618168831,2.74));
#15652=CARTESIAN_POINT('Ctrl Pts',(1.83165083900094,1.82953618168831,2.74));
#15653=CARTESIAN_POINT('Ctrl Pts',(1.82919512763619,1.85695774555206,2.74));
#15654=CARTESIAN_POINT('Ctrl Pts',(1.8177353002131,1.87066851258278,2.74));
#15655=CARTESIAN_POINT('',(1.83165083900094,1.82953618168831,2.695));
#15656=CARTESIAN_POINT('',(1.83165083900094,1.82953618168831,2.74));
#15657=CARTESIAN_POINT('Ctrl Pts',(1.83165083900094,1.82953618168831,2.695));
#15658=CARTESIAN_POINT('Ctrl Pts',(1.82919512763619,1.85695774555206,2.695));
#15659=CARTESIAN_POINT('Ctrl Pts',(1.8177353002131,1.87066851258278,2.695));
#15660=CARTESIAN_POINT('Origin',(1.71030019298196,1.82953618168831,2.74));
#15661=CARTESIAN_POINT('',(1.71030019298196,1.82953618168831,2.74));
#15662=CARTESIAN_POINT('',(2.85515009649098,1.82953618168831,2.74));
#15663=CARTESIAN_POINT('',(1.71030019298196,1.82953618168831,2.695));
#15664=CARTESIAN_POINT('',(1.71030019298196,1.82953618168831,2.74));
#15665=CARTESIAN_POINT('',(1.71030019298196,1.82953618168831,2.695));
#15666=CARTESIAN_POINT('Ctrl Pts',(1.72943388000131,1.87496594786644,2.74));
#15667=CARTESIAN_POINT('Ctrl Pts',(1.72943388000131,1.87496594786644,2.695));
#15668=CARTESIAN_POINT('Ctrl Pts',(1.71214197650552,1.8579809486866,2.74));
#15669=CARTESIAN_POINT('Ctrl Pts',(1.71214197650552,1.8579809486866,2.695));
#15670=CARTESIAN_POINT('Ctrl Pts',(1.71030019298196,1.82953618168831,2.74));
#15671=CARTESIAN_POINT('Ctrl Pts',(1.71030019298196,1.82953618168831,2.695));
#15672=CARTESIAN_POINT('Ctrl Pts',(1.72943388000131,1.87496594786644,2.74));
#15673=CARTESIAN_POINT('Ctrl Pts',(1.71214197650552,1.8579809486866,2.74));
#15674=CARTESIAN_POINT('Ctrl Pts',(1.71030019298196,1.82953618168831,2.74));
#15675=CARTESIAN_POINT('Ctrl Pts',(1.72943388000131,1.87496594786644,2.695));
#15676=CARTESIAN_POINT('Ctrl Pts',(1.71214197650552,1.8579809486866,2.695));
#15677=CARTESIAN_POINT('Ctrl Pts',(1.71030019298196,1.82953618168831,2.695));
#15678=CARTESIAN_POINT('Ctrl Pts',(1.77394269481301,1.72537521719933,2.74));
#15679=CARTESIAN_POINT('Ctrl Pts',(1.77394269481301,1.72537521719933,2.695));
#15680=CARTESIAN_POINT('Ctrl Pts',(1.7942019559443,1.72537521719933,2.74));
#15681=CARTESIAN_POINT('Ctrl Pts',(1.7942019559443,1.72537521719933,2.695));
#15682=CARTESIAN_POINT('Ctrl Pts',(1.80852662101388,1.73601637482643,2.74));
#15683=CARTESIAN_POINT('Ctrl Pts',(1.80852662101388,1.73601637482643,2.695));
#15684=CARTESIAN_POINT('',(1.77394269481301,1.72537521719933,2.74));
#15685=CARTESIAN_POINT('',(1.80852662101388,1.73601637482643,2.74));
#15686=CARTESIAN_POINT('Ctrl Pts',(1.77394269481301,1.72537521719933,2.74));
#15687=CARTESIAN_POINT('Ctrl Pts',(1.7942019559443,1.72537521719933,2.74));
#15688=CARTESIAN_POINT('Ctrl Pts',(1.80852662101388,1.73601637482643,2.74));
#15689=CARTESIAN_POINT('',(1.77394269481301,1.72537521719933,2.695));
#15690=CARTESIAN_POINT('',(1.77394269481301,1.72537521719933,2.74));
#15691=CARTESIAN_POINT('',(1.80852662101388,1.73601637482643,2.695));
#15692=CARTESIAN_POINT('Ctrl Pts',(1.77394269481301,1.72537521719933,2.695));
#15693=CARTESIAN_POINT('Ctrl Pts',(1.7942019559443,1.72537521719933,2.695));
#15694=CARTESIAN_POINT('Ctrl Pts',(1.80852662101388,1.73601637482643,2.695));
#15695=CARTESIAN_POINT('',(1.80852662101388,1.73601637482643,2.74));
#15696=CARTESIAN_POINT('Ctrl Pts',(1.72851298823953,1.74440656304359,2.74));
#15697=CARTESIAN_POINT('Ctrl Pts',(1.72851298823953,1.74440656304359,2.695));
#15698=CARTESIAN_POINT('Ctrl Pts',(1.7467257834971,1.72537521719933,2.74));
#15699=CARTESIAN_POINT('Ctrl Pts',(1.7467257834971,1.72537521719933,2.695));
#15700=CARTESIAN_POINT('Ctrl Pts',(1.77394269481301,1.72537521719933,2.74));
#15701=CARTESIAN_POINT('Ctrl Pts',(1.77394269481301,1.72537521719933,2.695));
#15702=CARTESIAN_POINT('',(1.72851298823953,1.74440656304359,2.74));
#15703=CARTESIAN_POINT('Ctrl Pts',(1.72851298823953,1.74440656304359,2.74));
#15704=CARTESIAN_POINT('Ctrl Pts',(1.7467257834971,1.72537521719933,2.74));
#15705=CARTESIAN_POINT('Ctrl Pts',(1.77394269481301,1.72537521719933,2.74));
#15706=CARTESIAN_POINT('',(1.72851298823953,1.74440656304359,2.695));
#15707=CARTESIAN_POINT('',(1.72851298823953,1.74440656304359,2.74));
#15708=CARTESIAN_POINT('Ctrl Pts',(1.72851298823953,1.74440656304359,2.695));
#15709=CARTESIAN_POINT('Ctrl Pts',(1.7467257834971,1.72537521719933,2.695));
#15710=CARTESIAN_POINT('Ctrl Pts',(1.77394269481301,1.72537521719933,2.695));
#15711=CARTESIAN_POINT('Ctrl Pts',(1.70825384631753,1.7992496907711,2.74));
#15712=CARTESIAN_POINT('Ctrl Pts',(1.70825384631753,1.7992496907711,2.695));
#15713=CARTESIAN_POINT('Ctrl Pts',(1.71030019298196,1.76343796849251,2.74));
#15714=CARTESIAN_POINT('Ctrl Pts',(1.71030019298196,1.76343796849251,2.695));
#15715=CARTESIAN_POINT('Ctrl Pts',(1.72851298823953,1.74440656304359,2.74));
#15716=CARTESIAN_POINT('Ctrl Pts',(1.72851298823953,1.74440656304359,2.695));
#15717=CARTESIAN_POINT('',(1.70825384631753,1.7992496907711,2.74));
#15718=CARTESIAN_POINT('Ctrl Pts',(1.70825384631753,1.7992496907711,2.74));
#15719=CARTESIAN_POINT('Ctrl Pts',(1.71030019298196,1.76343796849251,2.74));
#15720=CARTESIAN_POINT('Ctrl Pts',(1.72851298823953,1.74440656304359,2.74));
#15721=CARTESIAN_POINT('',(1.70825384631753,1.7992496907711,2.695));
#15722=CARTESIAN_POINT('',(1.70825384631753,1.7992496907711,2.74));
#15723=CARTESIAN_POINT('Ctrl Pts',(1.70825384631753,1.7992496907711,2.695));
#15724=CARTESIAN_POINT('Ctrl Pts',(1.71030019298196,1.76343796849251,2.695));
#15725=CARTESIAN_POINT('Ctrl Pts',(1.72851298823953,1.74440656304359,2.695));
#15726=CARTESIAN_POINT('Origin',(1.87032745853066,1.7992496907711,2.74));
#15727=CARTESIAN_POINT('',(1.87032745853066,1.7992496907711,2.74));
#15728=CARTESIAN_POINT('',(2.93516372926533,1.7992496907711,2.74));
#15729=CARTESIAN_POINT('',(1.87032745853066,1.7992496907711,2.695));
#15730=CARTESIAN_POINT('',(1.87032745853066,1.7992496907711,2.74));
#15731=CARTESIAN_POINT('',(1.87032745853066,1.7992496907711,2.695));
#15732=CARTESIAN_POINT('Ctrl Pts',(1.87053214088082,1.80907232761383,2.74));
#15733=CARTESIAN_POINT('Ctrl Pts',(1.87053214088082,1.80907232761383,2.695));
#15734=CARTESIAN_POINT('Ctrl Pts',(1.87053214088082,1.80579812526703,2.74));
#15735=CARTESIAN_POINT('Ctrl Pts',(1.87053214088082,1.80579812526703,2.695));
#15736=CARTESIAN_POINT('Ctrl Pts',(1.87032745853066,1.7992496907711,2.74));
#15737=CARTESIAN_POINT('Ctrl Pts',(1.87032745853066,1.7992496907711,2.695));
#15738=CARTESIAN_POINT('',(1.87053214088082,1.80907232761383,2.74));
#15739=CARTESIAN_POINT('Ctrl Pts',(1.87053214088082,1.80907232761383,2.74));
#15740=CARTESIAN_POINT('Ctrl Pts',(1.87053214088082,1.80579812526703,2.74));
#15741=CARTESIAN_POINT('Ctrl Pts',(1.87032745853066,1.7992496907711,2.74));
#15742=CARTESIAN_POINT('',(1.87053214088082,1.80907232761383,2.695));
#15743=CARTESIAN_POINT('',(1.87053214088082,1.80907232761383,2.74));
#15744=CARTESIAN_POINT('Ctrl Pts',(1.87053214088082,1.80907232761383,2.695));
#15745=CARTESIAN_POINT('Ctrl Pts',(1.87053214088082,1.80579812526703,2.695));
#15746=CARTESIAN_POINT('Ctrl Pts',(1.87032745853066,1.7992496907711,2.695));
#15747=CARTESIAN_POINT('Ctrl Pts',(1.84290586486459,1.89256484508514,2.74));
#15748=CARTESIAN_POINT('Ctrl Pts',(1.84290586486459,1.89256484508514,2.695));
#15749=CARTESIAN_POINT('Ctrl Pts',(1.87053214088082,1.8628922522068,2.74));
#15750=CARTESIAN_POINT('Ctrl Pts',(1.87053214088082,1.8628922522068,2.695));
#15751=CARTESIAN_POINT('Ctrl Pts',(1.87053214088082,1.80907232761383,2.74));
#15752=CARTESIAN_POINT('Ctrl Pts',(1.87053214088082,1.80907232761383,2.695));
#15753=CARTESIAN_POINT('',(1.84290586486459,1.89256484508514,2.74));
#15754=CARTESIAN_POINT('Ctrl Pts',(1.84290586486459,1.89256484508514,2.74));
#15755=CARTESIAN_POINT('Ctrl Pts',(1.87053214088082,1.8628922522068,2.74));
#15756=CARTESIAN_POINT('Ctrl Pts',(1.87053214088082,1.80907232761383,2.74));
#15757=CARTESIAN_POINT('',(1.84290586486459,1.89256484508514,2.695));
#15758=CARTESIAN_POINT('',(1.84290586486459,1.89256484508514,2.74));
#15759=CARTESIAN_POINT('Ctrl Pts',(1.84290586486459,1.89256484508514,2.695));
#15760=CARTESIAN_POINT('Ctrl Pts',(1.87053214088082,1.8628922522068,2.695));
#15761=CARTESIAN_POINT('Ctrl Pts',(1.87053214088082,1.80907232761383,2.695));
#15762=CARTESIAN_POINT('Ctrl Pts',(1.77169166579843,1.92223743796349,2.74));
#15763=CARTESIAN_POINT('Ctrl Pts',(1.77169166579843,1.92223743796349,2.695));
#15764=CARTESIAN_POINT('Ctrl Pts',(1.81527970805764,1.92223743796349,2.74));
#15765=CARTESIAN_POINT('Ctrl Pts',(1.81527970805764,1.92223743796349,2.695));
#15766=CARTESIAN_POINT('Ctrl Pts',(1.84290586486459,1.89256484508514,2.74));
#15767=CARTESIAN_POINT('Ctrl Pts',(1.84290586486459,1.89256484508514,2.695));
#15768=CARTESIAN_POINT('',(1.77169166579843,1.92223743796349,2.74));
#15769=CARTESIAN_POINT('Ctrl Pts',(1.77169166579843,1.92223743796349,2.74));
#15770=CARTESIAN_POINT('Ctrl Pts',(1.81527970805764,1.92223743796349,2.74));
#15771=CARTESIAN_POINT('Ctrl Pts',(1.84290586486459,1.89256484508514,2.74));
#15772=CARTESIAN_POINT('',(1.77169166579843,1.92223743796349,2.695));
#15773=CARTESIAN_POINT('',(1.77169166579843,1.92223743796349,2.74));
#15774=CARTESIAN_POINT('Ctrl Pts',(1.77169166579843,1.92223743796349,2.695));
#15775=CARTESIAN_POINT('Ctrl Pts',(1.81527970805764,1.92223743796349,2.695));
#15776=CARTESIAN_POINT('Ctrl Pts',(1.84290586486459,1.89256484508514,2.695));
#15777=CARTESIAN_POINT('Ctrl Pts',(1.69843112006783,1.89195094704628,2.74));
#15778=CARTESIAN_POINT('Ctrl Pts',(1.69843112006783,1.89195094704628,2.695));
#15779=CARTESIAN_POINT('Ctrl Pts',(1.72667120471597,1.92223743796349,2.74));
#15780=CARTESIAN_POINT('Ctrl Pts',(1.72667120471597,1.92223743796349,2.695));
#15781=CARTESIAN_POINT('Ctrl Pts',(1.77169166579843,1.92223743796349,2.74));
#15782=CARTESIAN_POINT('Ctrl Pts',(1.77169166579843,1.92223743796349,2.695));
#15783=CARTESIAN_POINT('',(1.69843112006783,1.89195094704628,2.74));
#15784=CARTESIAN_POINT('Ctrl Pts',(1.69843112006783,1.89195094704628,2.74));
#15785=CARTESIAN_POINT('Ctrl Pts',(1.72667120471597,1.92223743796349,2.74));
#15786=CARTESIAN_POINT('Ctrl Pts',(1.77169166579843,1.92223743796349,2.74));
#15787=CARTESIAN_POINT('',(1.69843112006783,1.89195094704628,2.695));
#15788=CARTESIAN_POINT('',(1.69843112006783,1.89195094704628,2.74));
#15789=CARTESIAN_POINT('Ctrl Pts',(1.69843112006783,1.89195094704628,2.695));
#15790=CARTESIAN_POINT('Ctrl Pts',(1.72667120471597,1.92223743796349,2.695));
#15791=CARTESIAN_POINT('Ctrl Pts',(1.77169166579843,1.92223743796349,2.695));
#15792=CARTESIAN_POINT('Ctrl Pts',(1.6701910354197,1.80682132840157,2.74));
#15793=CARTESIAN_POINT('Ctrl Pts',(1.6701910354197,1.80682132840157,2.695));
#15794=CARTESIAN_POINT('Ctrl Pts',(1.6701910354197,1.86166442632675,2.74));
#15795=CARTESIAN_POINT('Ctrl Pts',(1.6701910354197,1.86166442632675,2.695));
#15796=CARTESIAN_POINT('Ctrl Pts',(1.69843112006783,1.89195094704628,2.74));
#15797=CARTESIAN_POINT('Ctrl Pts',(1.69843112006783,1.89195094704628,2.695));
#15798=CARTESIAN_POINT('',(1.6701910354197,1.80682132840157,2.74));
#15799=CARTESIAN_POINT('Ctrl Pts',(1.6701910354197,1.80682132840157,2.74));
#15800=CARTESIAN_POINT('Ctrl Pts',(1.6701910354197,1.86166442632675,2.74));
#15801=CARTESIAN_POINT('Ctrl Pts',(1.69843112006783,1.89195094704628,2.74));
#15802=CARTESIAN_POINT('',(1.6701910354197,1.80682132840157,2.695));
#15803=CARTESIAN_POINT('',(1.6701910354197,1.80682132840157,2.74));
#15804=CARTESIAN_POINT('Ctrl Pts',(1.6701910354197,1.80682132840157,2.695));
#15805=CARTESIAN_POINT('Ctrl Pts',(1.6701910354197,1.86166442632675,2.695));
#15806=CARTESIAN_POINT('Ctrl Pts',(1.69843112006783,1.89195094704628,2.695));
#15807=CARTESIAN_POINT('Ctrl Pts',(1.69812415614724,1.72445432543755,2.74));
#15808=CARTESIAN_POINT('Ctrl Pts',(1.69812415614724,1.72445432543755,2.695));
#15809=CARTESIAN_POINT('Ctrl Pts',(1.6701910354197,1.75381992459297,2.74));
#15810=CARTESIAN_POINT('Ctrl Pts',(1.6701910354197,1.75381992459297,2.695));
#15811=CARTESIAN_POINT('Ctrl Pts',(1.6701910354197,1.80682132840157,2.74));
#15812=CARTESIAN_POINT('Ctrl Pts',(1.6701910354197,1.80682132840157,2.695));
#15813=CARTESIAN_POINT('',(1.69812415614724,1.72445432543755,2.74));
#15814=CARTESIAN_POINT('Ctrl Pts',(1.69812415614724,1.72445432543755,2.74));
#15815=CARTESIAN_POINT('Ctrl Pts',(1.6701910354197,1.75381992459297,2.74));
#15816=CARTESIAN_POINT('Ctrl Pts',(1.6701910354197,1.80682132840157,2.74));
#15817=CARTESIAN_POINT('',(1.69812415614724,1.72445432543755,2.695));
#15818=CARTESIAN_POINT('',(1.69812415614724,1.72445432543755,2.74));
#15819=CARTESIAN_POINT('Ctrl Pts',(1.69812415614724,1.72445432543755,2.695));
#15820=CARTESIAN_POINT('Ctrl Pts',(1.6701910354197,1.75381992459297,2.695));
#15821=CARTESIAN_POINT('Ctrl Pts',(1.6701910354197,1.80682132840157,2.695));
#15822=CARTESIAN_POINT('Ctrl Pts',(1.77373813167214,1.69508872628212,2.74));
#15823=CARTESIAN_POINT('Ctrl Pts',(1.77373813167214,1.69508872628212,2.695));
#15824=CARTESIAN_POINT('Ctrl Pts',(1.72605739608407,1.69508872628212,2.74));
#15825=CARTESIAN_POINT('Ctrl Pts',(1.72605739608407,1.69508872628212,2.695));
#15826=CARTESIAN_POINT('Ctrl Pts',(1.69812415614724,1.72445432543755,2.74));
#15827=CARTESIAN_POINT('Ctrl Pts',(1.69812415614724,1.72445432543755,2.695));
#15828=CARTESIAN_POINT('',(1.77373813167214,1.69508872628212,2.74));
#15829=CARTESIAN_POINT('Ctrl Pts',(1.77373813167214,1.69508872628212,2.74));
#15830=CARTESIAN_POINT('Ctrl Pts',(1.72605739608407,1.69508872628212,2.74));
#15831=CARTESIAN_POINT('Ctrl Pts',(1.69812415614724,1.72445432543755,2.74));
#15832=CARTESIAN_POINT('',(1.77373813167214,1.69508872628212,2.695));
#15833=CARTESIAN_POINT('',(1.77373813167214,1.69508872628212,2.74));
#15834=CARTESIAN_POINT('Ctrl Pts',(1.77373813167214,1.69508872628212,2.695));
#15835=CARTESIAN_POINT('Ctrl Pts',(1.72605739608407,1.69508872628212,2.695));
#15836=CARTESIAN_POINT('Ctrl Pts',(1.69812415614724,1.72445432543755,2.695));
#15837=CARTESIAN_POINT('Ctrl Pts',(1.83594821467996,1.7135061442852,2.74));
#15838=CARTESIAN_POINT('Ctrl Pts',(1.83594821467996,1.7135061442852,2.695));
#15839=CARTESIAN_POINT('Ctrl Pts',(1.81159626021981,1.69508872628212,2.74));
#15840=CARTESIAN_POINT('Ctrl Pts',(1.81159626021981,1.69508872628212,2.695));
#15841=CARTESIAN_POINT('Ctrl Pts',(1.77373813167214,1.69508872628212,2.74));
#15842=CARTESIAN_POINT('Ctrl Pts',(1.77373813167214,1.69508872628212,2.695));
#15843=CARTESIAN_POINT('',(1.83594821467996,1.7135061442852,2.74));
#15844=CARTESIAN_POINT('Ctrl Pts',(1.83594821467996,1.7135061442852,2.74));
#15845=CARTESIAN_POINT('Ctrl Pts',(1.81159626021981,1.69508872628212,2.74));
#15846=CARTESIAN_POINT('Ctrl Pts',(1.77373813167214,1.69508872628212,2.74));
#15847=CARTESIAN_POINT('',(1.83594821467996,1.7135061442852,2.695));
#15848=CARTESIAN_POINT('',(1.83594821467996,1.7135061442852,2.74));
#15849=CARTESIAN_POINT('Ctrl Pts',(1.83594821467996,1.7135061442852,2.695));
#15850=CARTESIAN_POINT('Ctrl Pts',(1.81159626021981,1.69508872628212,2.695));
#15851=CARTESIAN_POINT('Ctrl Pts',(1.77373813167214,1.69508872628212,2.695));
#15852=CARTESIAN_POINT('Ctrl Pts',(1.86930428519845,1.76527969241142,2.74));
#15853=CARTESIAN_POINT('Ctrl Pts',(1.86930428519845,1.76527969241142,2.695));
#15854=CARTESIAN_POINT('Ctrl Pts',(1.8603001691401,1.73192362189293,2.74));
#15855=CARTESIAN_POINT('Ctrl Pts',(1.8603001691401,1.73192362189293,2.695));
#15856=CARTESIAN_POINT('Ctrl Pts',(1.83594821467996,1.7135061442852,2.74));
#15857=CARTESIAN_POINT('Ctrl Pts',(1.83594821467996,1.7135061442852,2.695));
#15858=CARTESIAN_POINT('',(1.86930428519845,1.76527969241142,2.74));
#15859=CARTESIAN_POINT('Ctrl Pts',(1.86930428519845,1.76527969241142,2.74));
#15860=CARTESIAN_POINT('Ctrl Pts',(1.8603001691401,1.73192362189293,2.74));
#15861=CARTESIAN_POINT('Ctrl Pts',(1.83594821467996,1.7135061442852,2.74));
#15862=CARTESIAN_POINT('',(1.86930428519845,1.76527969241142,2.695));
#15863=CARTESIAN_POINT('',(1.86930428519845,1.76527969241142,2.74));
#15864=CARTESIAN_POINT('Ctrl Pts',(1.86930428519845,1.76527969241142,2.695));
#15865=CARTESIAN_POINT('Ctrl Pts',(1.8603001691401,1.73192362189293,2.695));
#15866=CARTESIAN_POINT('Ctrl Pts',(1.83594821467996,1.7135061442852,2.695));
#15867=CARTESIAN_POINT('Origin',(1.83124147430062,1.76998637318611,2.74));
#15868=CARTESIAN_POINT('',(1.83124147430062,1.76998637318611,2.74));
#15869=CARTESIAN_POINT('',(2.88528245793683,1.63964827370282,2.74));
#15870=CARTESIAN_POINT('',(1.83124147430062,1.76998637318611,2.695));
#15871=CARTESIAN_POINT('',(1.83124147430062,1.76998637318611,2.74));
#15872=CARTESIAN_POINT('',(1.83124147430062,1.76998637318611,2.695));
#15873=CARTESIAN_POINT('Ctrl Pts',(1.80852662101388,1.73601637482643,2.74));
#15874=CARTESIAN_POINT('Ctrl Pts',(1.80852662101388,1.73601637482643,2.695));
#15875=CARTESIAN_POINT('Ctrl Pts',(1.82285128608346,1.74665759205818,2.74));
#15876=CARTESIAN_POINT('Ctrl Pts',(1.82285128608346,1.74665759205818,2.695));
#15877=CARTESIAN_POINT('Ctrl Pts',(1.83124147430062,1.76998637318611,2.74));
#15878=CARTESIAN_POINT('Ctrl Pts',(1.83124147430062,1.76998637318611,2.695));
#15879=CARTESIAN_POINT('Ctrl Pts',(1.80852662101388,1.73601637482643,2.74));
#15880=CARTESIAN_POINT('Ctrl Pts',(1.82285128608346,1.74665759205818,2.74));
#15881=CARTESIAN_POINT('Ctrl Pts',(1.83124147430062,1.76998637318611,2.74));
#15882=CARTESIAN_POINT('Ctrl Pts',(1.80852662101388,1.73601637482643,2.695));
#15883=CARTESIAN_POINT('Ctrl Pts',(1.82285128608346,1.74665759205818,2.695));
#15884=CARTESIAN_POINT('Ctrl Pts',(1.83124147430062,1.76998637318611,2.695));
#15885=CARTESIAN_POINT('Origin',(2.14761248119175,1.80590043663979,2.695));
#15886=CARTESIAN_POINT('Origin',(1.15879945531487,1.96459756493568,2.74));
#15887=CARTESIAN_POINT('',(1.15879945531487,1.96459756493568,2.74));
#15888=CARTESIAN_POINT('',(1.15879945531487,1.70000002980232,2.74));
#15889=CARTESIAN_POINT('',(1.15879945531487,1.98229878246784,2.74));
#15890=CARTESIAN_POINT('',(1.15879945531487,1.96459756493568,2.695));
#15891=CARTESIAN_POINT('',(1.15879945531487,1.96459756493568,2.74));
#15892=CARTESIAN_POINT('',(1.15879945531487,1.70000002980232,2.695));
#15893=CARTESIAN_POINT('',(1.15879945531487,1.96459756493568,2.695));
#15894=CARTESIAN_POINT('',(1.15879945531487,1.70000002980232,2.74));
#15895=CARTESIAN_POINT('Origin',(1.25804911628366,1.96459756493568,2.74));
#15896=CARTESIAN_POINT('',(1.25804911628366,1.96459756493568,2.74));
#15897=CARTESIAN_POINT('',(2.62902455814183,1.96459756493568,2.74));
#15898=CARTESIAN_POINT('',(1.25804911628366,1.96459756493568,2.695));
#15899=CARTESIAN_POINT('',(1.25804911628366,1.96459756493568,2.74));
#15900=CARTESIAN_POINT('',(1.25804911628366,1.96459756493568,2.695));
#15901=CARTESIAN_POINT('Origin',(1.25804911628366,2.00000004172325,2.74));
#15902=CARTESIAN_POINT('',(1.25804911628366,2.00000004172325,2.74));
#15903=CARTESIAN_POINT('',(1.25804911628366,2.00000002086163,2.74));
#15904=CARTESIAN_POINT('',(1.25804911628366,2.00000004172325,2.695));
#15905=CARTESIAN_POINT('',(1.25804911628366,2.00000004172325,2.74));
#15906=CARTESIAN_POINT('',(1.25804911628366,2.00000004172325,2.695));
#15907=CARTESIAN_POINT('Origin',(1.02025921717286,2.00000004172325,2.74));
#15908=CARTESIAN_POINT('',(1.02025921717286,2.00000004172325,2.74));
#15909=CARTESIAN_POINT('',(2.51012960858643,2.00000004172325,2.74));
#15910=CARTESIAN_POINT('',(1.02025921717286,2.00000004172325,2.695));
#15911=CARTESIAN_POINT('',(1.02025921717286,2.00000004172325,2.74));
#15912=CARTESIAN_POINT('',(1.02025921717286,2.00000004172325,2.695));
#15913=CARTESIAN_POINT('Origin',(1.02025921717286,1.96459756493568,2.74));
#15914=CARTESIAN_POINT('',(1.02025921717286,1.96459756493568,2.74));
#15915=CARTESIAN_POINT('',(1.02025921717286,1.98229878246784,2.74));
#15916=CARTESIAN_POINT('',(1.02025921717286,1.96459756493568,2.695));
#15917=CARTESIAN_POINT('',(1.02025921717286,1.96459756493568,2.74));
#15918=CARTESIAN_POINT('',(1.02025921717286,1.96459756493568,2.695));
#15919=CARTESIAN_POINT('Origin',(1.11909960284829,1.96459756493568,2.74));
#15920=CARTESIAN_POINT('',(1.11909960284829,1.96459756493568,2.74));
#15921=CARTESIAN_POINT('',(2.55954980142415,1.96459756493568,2.74));
#15922=CARTESIAN_POINT('',(1.11909960284829,1.96459756493568,2.695));
#15923=CARTESIAN_POINT('',(1.11909960284829,1.96459756493568,2.74));
#15924=CARTESIAN_POINT('',(1.11909960284829,1.96459756493568,2.695));
#15925=CARTESIAN_POINT('Origin',(1.11909960284829,1.70000002980232,2.74));
#15926=CARTESIAN_POINT('',(1.11909960284829,1.70000002980232,2.74));
#15927=CARTESIAN_POINT('',(1.11909960284829,1.85000001490116,2.74));
#15928=CARTESIAN_POINT('',(1.11909960284829,1.70000002980232,2.695));
#15929=CARTESIAN_POINT('',(1.11909960284829,1.70000002980232,2.74));
#15930=CARTESIAN_POINT('',(1.11909960284829,1.70000002980232,2.695));
#15931=CARTESIAN_POINT('Origin',(1.15879945531487,1.70000002980232,2.74));
#15932=CARTESIAN_POINT('',(2.57939972765744,1.70000002980232,2.74));
#15933=CARTESIAN_POINT('',(1.15879945531487,1.70000002980232,2.695));
#15934=CARTESIAN_POINT('Origin',(2.14761248119175,1.80590043663979,2.695));
#15935=CARTESIAN_POINT('Origin',(0.739699863642454,2.00000004172325,2.74));
#15936=CARTESIAN_POINT('',(0.739699863642454,2.00000004172325,2.74));
#15937=CARTESIAN_POINT('',(0.739699863642454,1.70000002980232,2.74));
#15938=CARTESIAN_POINT('',(0.739699863642454,2.00000002086163,2.74));
#15939=CARTESIAN_POINT('',(0.739699863642454,2.00000004172325,2.695));
#15940=CARTESIAN_POINT('',(0.739699863642454,2.00000004172325,2.74));
#15941=CARTESIAN_POINT('',(0.739699863642454,1.70000002980232,2.695));
#15942=CARTESIAN_POINT('',(0.739699863642454,2.00000004172325,2.695));
#15943=CARTESIAN_POINT('',(0.739699863642454,1.70000002980232,2.74));
#15944=CARTESIAN_POINT('Origin',(0.7,2.00000004172325,2.74));
#15945=CARTESIAN_POINT('',(0.7,2.00000004172325,2.74));
#15946=CARTESIAN_POINT('',(2.35,2.00000004172325,2.74));
#15947=CARTESIAN_POINT('',(0.7,2.00000004172325,2.695));
#15948=CARTESIAN_POINT('',(0.7,2.00000004172325,2.74));
#15949=CARTESIAN_POINT('',(0.7,2.00000004172325,2.695));
#15950=CARTESIAN_POINT('Origin',(0.7,1.70000002980232,2.74));
#15951=CARTESIAN_POINT('',(0.7,1.70000002980232,2.74));
#15952=CARTESIAN_POINT('',(0.7,1.85000001490116,2.74));
#15953=CARTESIAN_POINT('',(0.7,1.70000002980232,2.695));
#15954=CARTESIAN_POINT('',(0.7,1.70000002980232,2.74));
#15955=CARTESIAN_POINT('',(0.7,1.70000002980232,2.695));
#15956=CARTESIAN_POINT('Origin',(0.739699863642454,1.70000002980232,2.74));
#15957=CARTESIAN_POINT('',(2.36984993182123,1.70000002980232,2.74));
#15958=CARTESIAN_POINT('',(0.739699863642454,1.70000002980232,2.695));
#15959=CARTESIAN_POINT('Origin',(2.14761248119175,1.80590043663979,2.695));
#15960=CARTESIAN_POINT('Origin',(4.,2.,2.74));
#15961=CARTESIAN_POINT('Origin',(4.,2.,2.74));
#15962=CARTESIAN_POINT('Origin',(4.,2.,2.74));
#15963=CARTESIAN_POINT('Origin',(4.,2.,2.74));
#15964=CARTESIAN_POINT('Origin',(4.,2.,2.74));
#15965=CARTESIAN_POINT('Origin',(4.,2.,2.74));
#15966=CARTESIAN_POINT('Origin',(4.,2.,2.74));
#15967=CARTESIAN_POINT('Origin',(4.,2.,2.74));
#15968=CARTESIAN_POINT('Ctrl Pts',(1.96534787192941,2.48424285650253,2.74));
#15969=CARTESIAN_POINT('Ctrl Pts',(1.96534787192941,2.48424285650253,2.695));
#15970=CARTESIAN_POINT('Ctrl Pts',(1.99638472571969,2.51732611656189,2.74));
#15971=CARTESIAN_POINT('Ctrl Pts',(1.99638472571969,2.51732611656189,2.695));
#15972=CARTESIAN_POINT('Ctrl Pts',(1.99638472571969,2.61145979166031,2.74));
#15973=CARTESIAN_POINT('Ctrl Pts',(1.99638472571969,2.61145979166031,2.695));
#15974=CARTESIAN_POINT('',(1.96534787192941,2.48424285650253,2.74));
#15975=CARTESIAN_POINT('',(1.99638472571969,2.61145979166031,2.74));
#15976=CARTESIAN_POINT('Ctrl Pts',(1.96534787192941,2.48424285650253,2.74));
#15977=CARTESIAN_POINT('Ctrl Pts',(1.99638472571969,2.51732611656189,2.74));
#15978=CARTESIAN_POINT('Ctrl Pts',(1.99638472571969,2.61145979166031,2.74));
#15979=CARTESIAN_POINT('',(1.96534787192941,2.48424285650253,2.695));
#15980=CARTESIAN_POINT('',(1.96534787192941,2.48424285650253,2.74));
#15981=CARTESIAN_POINT('',(1.99638472571969,2.61145979166031,2.695));
#15982=CARTESIAN_POINT('Ctrl Pts',(1.96534787192941,2.48424285650253,2.695));
#15983=CARTESIAN_POINT('Ctrl Pts',(1.99638472571969,2.51732611656189,2.695));
#15984=CARTESIAN_POINT('Ctrl Pts',(1.99638472571969,2.61145979166031,2.695));
#15985=CARTESIAN_POINT('',(1.99638472571969,2.61145979166031,2.74));
#15986=CARTESIAN_POINT('Ctrl Pts',(1.86132334247231,2.45115965604782,2.74));
#15987=CARTESIAN_POINT('Ctrl Pts',(1.86132334247231,2.45115965604782,2.695));
#15988=CARTESIAN_POINT('Ctrl Pts',(1.93431101813912,2.45115965604782,2.74));
#15989=CARTESIAN_POINT('Ctrl Pts',(1.93431101813912,2.45115965604782,2.695));
#15990=CARTESIAN_POINT('Ctrl Pts',(1.96534787192941,2.48424285650253,2.74));
#15991=CARTESIAN_POINT('Ctrl Pts',(1.96534787192941,2.48424285650253,2.695));
#15992=CARTESIAN_POINT('',(1.86132334247231,2.45115965604782,2.74));
#15993=CARTESIAN_POINT('Ctrl Pts',(1.86132334247231,2.45115965604782,2.74));
#15994=CARTESIAN_POINT('Ctrl Pts',(1.93431101813912,2.45115965604782,2.74));
#15995=CARTESIAN_POINT('Ctrl Pts',(1.96534787192941,2.48424285650253,2.74));
#15996=CARTESIAN_POINT('',(1.86132334247231,2.45115965604782,2.695));
#15997=CARTESIAN_POINT('',(1.86132334247231,2.45115965604782,2.74));
#15998=CARTESIAN_POINT('Ctrl Pts',(1.86132334247231,2.45115965604782,2.695));
#15999=CARTESIAN_POINT('Ctrl Pts',(1.93431101813912,2.45115965604782,2.695));
#16000=CARTESIAN_POINT('Ctrl Pts',(1.96534787192941,2.48424285650253,2.695));
#16001=CARTESIAN_POINT('Ctrl Pts',(1.78918825164437,2.46787178516388,2.74));
#16002=CARTESIAN_POINT('Ctrl Pts',(1.78918825164437,2.46787178516388,2.695));
#16003=CARTESIAN_POINT('Ctrl Pts',(1.81869028583169,2.45115965604782,2.74));
#16004=CARTESIAN_POINT('Ctrl Pts',(1.81869028583169,2.45115965604782,2.695));
#16005=CARTESIAN_POINT('Ctrl Pts',(1.86132334247231,2.45115965604782,2.74));
#16006=CARTESIAN_POINT('Ctrl Pts',(1.86132334247231,2.45115965604782,2.695));
#16007=CARTESIAN_POINT('',(1.78918825164437,2.46787178516388,2.74));
#16008=CARTESIAN_POINT('Ctrl Pts',(1.78918825164437,2.46787178516388,2.74));
#16009=CARTESIAN_POINT('Ctrl Pts',(1.81869028583169,2.45115965604782,2.74));
#16010=CARTESIAN_POINT('Ctrl Pts',(1.86132334247231,2.45115965604782,2.74));
#16011=CARTESIAN_POINT('',(1.78918825164437,2.46787178516388,2.695));
#16012=CARTESIAN_POINT('',(1.78918825164437,2.46787178516388,2.74));
#16013=CARTESIAN_POINT('Ctrl Pts',(1.78918825164437,2.46787178516388,2.695));
#16014=CARTESIAN_POINT('Ctrl Pts',(1.81869028583169,2.45115965604782,2.695));
#16015=CARTESIAN_POINT('Ctrl Pts',(1.86132334247231,2.45115965604782,2.695));
#16016=CARTESIAN_POINT('Ctrl Pts',(1.74757848754525,2.51545023918152,2.74));
#16017=CARTESIAN_POINT('Ctrl Pts',(1.74757848754525,2.51545023918152,2.695));
#16018=CARTESIAN_POINT('Ctrl Pts',(1.75968621745706,2.48458391427994,2.74));
#16019=CARTESIAN_POINT('Ctrl Pts',(1.75968621745706,2.48458391427994,2.695));
#16020=CARTESIAN_POINT('Ctrl Pts',(1.78918825164437,2.46787178516388,2.74));
#16021=CARTESIAN_POINT('Ctrl Pts',(1.78918825164437,2.46787178516388,2.695));
#16022=CARTESIAN_POINT('',(1.74757848754525,2.51545023918152,2.74));
#16023=CARTESIAN_POINT('Ctrl Pts',(1.74757848754525,2.51545023918152,2.74));
#16024=CARTESIAN_POINT('Ctrl Pts',(1.75968621745706,2.48458391427994,2.74));
#16025=CARTESIAN_POINT('Ctrl Pts',(1.78918825164437,2.46787178516388,2.74));
#16026=CARTESIAN_POINT('',(1.74757848754525,2.51545023918152,2.695));
#16027=CARTESIAN_POINT('',(1.74757848754525,2.51545023918152,2.74));
#16028=CARTESIAN_POINT('Ctrl Pts',(1.74757848754525,2.51545023918152,2.695));
#16029=CARTESIAN_POINT('Ctrl Pts',(1.75968621745706,2.48458391427994,2.695));
#16030=CARTESIAN_POINT('Ctrl Pts',(1.78918825164437,2.46787178516388,2.695));
#16031=CARTESIAN_POINT('Ctrl Pts',(1.73547063842416,2.61145979166031,2.74));
#16032=CARTESIAN_POINT('Ctrl Pts',(1.73547063842416,2.61145979166031,2.695));
#16033=CARTESIAN_POINT('Ctrl Pts',(1.73547063842416,2.5463165640831,2.74));
#16034=CARTESIAN_POINT('Ctrl Pts',(1.73547063842416,2.5463165640831,2.695));
#16035=CARTESIAN_POINT('Ctrl Pts',(1.74757848754525,2.51545023918152,2.74));
#16036=CARTESIAN_POINT('Ctrl Pts',(1.74757848754525,2.51545023918152,2.695));
#16037=CARTESIAN_POINT('',(1.73547063842416,2.61145979166031,2.74));
#16038=CARTESIAN_POINT('Ctrl Pts',(1.73547063842416,2.61145979166031,2.74));
#16039=CARTESIAN_POINT('Ctrl Pts',(1.73547063842416,2.5463165640831,2.74));
#16040=CARTESIAN_POINT('Ctrl Pts',(1.74757848754525,2.51545023918152,2.74));
#16041=CARTESIAN_POINT('',(1.73547063842416,2.61145979166031,2.695));
#16042=CARTESIAN_POINT('',(1.73547063842416,2.61145979166031,2.74));
#16043=CARTESIAN_POINT('Ctrl Pts',(1.73547063842416,2.61145979166031,2.695));
#16044=CARTESIAN_POINT('Ctrl Pts',(1.73547063842416,2.5463165640831,2.695));
#16045=CARTESIAN_POINT('Ctrl Pts',(1.74757848754525,2.51545023918152,2.695));
#16046=CARTESIAN_POINT('Origin',(1.73547063842416,2.90000003576279,2.74));
#16047=CARTESIAN_POINT('',(1.73547063842416,2.90000003576279,2.74));
#16048=CARTESIAN_POINT('',(1.73547063842416,2.45000001788139,2.74));
#16049=CARTESIAN_POINT('',(1.73547063842416,2.90000003576279,2.695));
#16050=CARTESIAN_POINT('',(1.73547063842416,2.90000003576279,2.74));
#16051=CARTESIAN_POINT('',(1.73547063842416,2.90000003576279,2.695));
#16052=CARTESIAN_POINT('Origin',(1.66930423751473,2.90000003576279,2.74));
#16053=CARTESIAN_POINT('',(1.66930423751473,2.90000003576279,2.74));
#16054=CARTESIAN_POINT('',(2.83465211875737,2.90000003576279,2.74));
#16055=CARTESIAN_POINT('',(1.66930423751473,2.90000003576279,2.695));
#16056=CARTESIAN_POINT('',(1.66930423751473,2.90000003576279,2.74));
#16057=CARTESIAN_POINT('',(1.66930423751473,2.90000003576279,2.695));
#16058=CARTESIAN_POINT('Origin',(1.66930423751473,2.6111187338829,2.74));
#16059=CARTESIAN_POINT('',(1.66930423751473,2.6111187338829,2.74));
#16060=CARTESIAN_POINT('',(1.66930423751473,2.30555936694145,2.74));
#16061=CARTESIAN_POINT('',(1.66930423751473,2.6111187338829,2.695));
#16062=CARTESIAN_POINT('',(1.66930423751473,2.6111187338829,2.74));
#16063=CARTESIAN_POINT('',(1.66930423751473,2.6111187338829,2.695));
#16064=CARTESIAN_POINT('Ctrl Pts',(1.68840383067727,2.4857776761055,2.74));
#16065=CARTESIAN_POINT('Ctrl Pts',(1.68840383067727,2.4857776761055,2.695));
#16066=CARTESIAN_POINT('Ctrl Pts',(1.66930423751473,2.53165078163147,2.74));
#16067=CARTESIAN_POINT('Ctrl Pts',(1.66930423751473,2.53165078163147,2.695));
#16068=CARTESIAN_POINT('Ctrl Pts',(1.66930423751473,2.6111187338829,2.74));
#16069=CARTESIAN_POINT('Ctrl Pts',(1.66930423751473,2.6111187338829,2.695));
#16070=CARTESIAN_POINT('',(1.68840383067727,2.4857776761055,2.74));
#16071=CARTESIAN_POINT('Ctrl Pts',(1.68840383067727,2.4857776761055,2.74));
#16072=CARTESIAN_POINT('Ctrl Pts',(1.66930423751473,2.53165078163147,2.74));
#16073=CARTESIAN_POINT('Ctrl Pts',(1.66930423751473,2.6111187338829,2.74));
#16074=CARTESIAN_POINT('',(1.68840383067727,2.4857776761055,2.695));
#16075=CARTESIAN_POINT('',(1.68840383067727,2.4857776761055,2.74));
#16076=CARTESIAN_POINT('Ctrl Pts',(1.68840383067727,2.4857776761055,2.695));
#16077=CARTESIAN_POINT('Ctrl Pts',(1.66930423751473,2.53165078163147,2.695));
#16078=CARTESIAN_POINT('Ctrl Pts',(1.66930423751473,2.6111187338829,2.695));
#16079=CARTESIAN_POINT('Ctrl Pts',(1.75218282714486,2.41568899154663,2.74));
#16080=CARTESIAN_POINT('Ctrl Pts',(1.75218282714486,2.41568899154663,2.695));
#16081=CARTESIAN_POINT('Ctrl Pts',(1.70750342383981,2.43990451097488,2.74));
#16082=CARTESIAN_POINT('Ctrl Pts',(1.70750342383981,2.43990451097488,2.695));
#16083=CARTESIAN_POINT('Ctrl Pts',(1.68840383067727,2.4857776761055,2.74));
#16084=CARTESIAN_POINT('Ctrl Pts',(1.68840383067727,2.4857776761055,2.695));
#16085=CARTESIAN_POINT('',(1.75218282714486,2.41568899154663,2.74));
#16086=CARTESIAN_POINT('Ctrl Pts',(1.75218282714486,2.41568899154663,2.74));
#16087=CARTESIAN_POINT('Ctrl Pts',(1.70750342383981,2.43990451097488,2.74));
#16088=CARTESIAN_POINT('Ctrl Pts',(1.68840383067727,2.4857776761055,2.74));
#16089=CARTESIAN_POINT('',(1.75218282714486,2.41568899154663,2.695));
#16090=CARTESIAN_POINT('',(1.75218282714486,2.41568899154663,2.74));
#16091=CARTESIAN_POINT('Ctrl Pts',(1.75218282714486,2.41568899154663,2.695));
#16092=CARTESIAN_POINT('Ctrl Pts',(1.70750342383981,2.43990451097488,2.695));
#16093=CARTESIAN_POINT('Ctrl Pts',(1.68840383067727,2.4857776761055,2.695));
#16094=CARTESIAN_POINT('Ctrl Pts',(1.86712144389749,2.39147341251373,2.74));
#16095=CARTESIAN_POINT('Ctrl Pts',(1.86712144389749,2.39147341251373,2.695));
#16096=CARTESIAN_POINT('Ctrl Pts',(1.79686223044991,2.39147341251373,2.74));
#16097=CARTESIAN_POINT('Ctrl Pts',(1.79686223044991,2.39147341251373,2.695));
#16098=CARTESIAN_POINT('Ctrl Pts',(1.75218282714486,2.41568899154663,2.74));
#16099=CARTESIAN_POINT('Ctrl Pts',(1.75218282714486,2.41568899154663,2.695));
#16100=CARTESIAN_POINT('',(1.86712144389749,2.39147341251373,2.74));
#16101=CARTESIAN_POINT('Ctrl Pts',(1.86712144389749,2.39147341251373,2.74));
#16102=CARTESIAN_POINT('Ctrl Pts',(1.79686223044991,2.39147341251373,2.74));
#16103=CARTESIAN_POINT('Ctrl Pts',(1.75218282714486,2.41568899154663,2.74));
#16104=CARTESIAN_POINT('',(1.86712144389749,2.39147341251373,2.695));
#16105=CARTESIAN_POINT('',(1.86712144389749,2.39147341251373,2.74));
#16106=CARTESIAN_POINT('Ctrl Pts',(1.86712144389749,2.39147341251373,2.695));
#16107=CARTESIAN_POINT('Ctrl Pts',(1.79686223044991,2.39147341251373,2.695));
#16108=CARTESIAN_POINT('Ctrl Pts',(1.75218282714486,2.41568899154663,2.695));
#16109=CARTESIAN_POINT('Ctrl Pts',(1.98393593803048,2.41927015781403,2.74));
#16110=CARTESIAN_POINT('Ctrl Pts',(1.98393593803048,2.41927015781403,2.695));
#16111=CARTESIAN_POINT('Ctrl Pts',(1.93942700400949,2.39147341251373,2.74));
#16112=CARTESIAN_POINT('Ctrl Pts',(1.93942700400949,2.39147341251373,2.695));
#16113=CARTESIAN_POINT('Ctrl Pts',(1.86712144389749,2.39147341251373,2.74));
#16114=CARTESIAN_POINT('Ctrl Pts',(1.86712144389749,2.39147341251373,2.695));
#16115=CARTESIAN_POINT('',(1.98393593803048,2.41927015781403,2.74));
#16116=CARTESIAN_POINT('Ctrl Pts',(1.98393593803048,2.41927015781403,2.74));
#16117=CARTESIAN_POINT('Ctrl Pts',(1.93942700400949,2.39147341251373,2.74));
#16118=CARTESIAN_POINT('Ctrl Pts',(1.86712144389749,2.39147341251373,2.74));
#16119=CARTESIAN_POINT('',(1.98393593803048,2.41927015781403,2.695));
#16120=CARTESIAN_POINT('',(1.98393593803048,2.41927015781403,2.74));
#16121=CARTESIAN_POINT('Ctrl Pts',(1.98393593803048,2.41927015781403,2.695));
#16122=CARTESIAN_POINT('Ctrl Pts',(1.93942700400949,2.39147341251373,2.695));
#16123=CARTESIAN_POINT('Ctrl Pts',(1.86712144389749,2.39147341251373,2.695));
#16124=CARTESIAN_POINT('Ctrl Pts',(2.0454979993403,2.49140524864197,2.74));
#16125=CARTESIAN_POINT('Ctrl Pts',(2.0454979993403,2.49140524864197,2.695));
#16126=CARTESIAN_POINT('Ctrl Pts',(2.02844475284219,2.44706690311432,2.74));
#16127=CARTESIAN_POINT('Ctrl Pts',(2.02844475284219,2.44706690311432,2.695));
#16128=CARTESIAN_POINT('Ctrl Pts',(1.98393593803048,2.41927015781403,2.74));
#16129=CARTESIAN_POINT('Ctrl Pts',(1.98393593803048,2.41927015781403,2.695));
#16130=CARTESIAN_POINT('',(2.0454979993403,2.49140524864197,2.74));
#16131=CARTESIAN_POINT('Ctrl Pts',(2.0454979993403,2.49140524864197,2.74));
#16132=CARTESIAN_POINT('Ctrl Pts',(2.02844475284219,2.44706690311432,2.74));
#16133=CARTESIAN_POINT('Ctrl Pts',(1.98393593803048,2.41927015781403,2.74));
#16134=CARTESIAN_POINT('',(2.0454979993403,2.49140524864197,2.695));
#16135=CARTESIAN_POINT('',(2.0454979993403,2.49140524864197,2.74));
#16136=CARTESIAN_POINT('Ctrl Pts',(2.0454979993403,2.49140524864197,2.695));
#16137=CARTESIAN_POINT('Ctrl Pts',(2.02844475284219,2.44706690311432,2.695));
#16138=CARTESIAN_POINT('Ctrl Pts',(1.98393593803048,2.41927015781403,2.695));
#16139=CARTESIAN_POINT('Ctrl Pts',(2.06255112662911,2.6111187338829,2.74));
#16140=CARTESIAN_POINT('Ctrl Pts',(2.06255112662911,2.6111187338829,2.695));
#16141=CARTESIAN_POINT('Ctrl Pts',(2.06255112662911,2.53574353456497,2.74));
#16142=CARTESIAN_POINT('Ctrl Pts',(2.06255112662911,2.53574353456497,2.695));
#16143=CARTESIAN_POINT('Ctrl Pts',(2.0454979993403,2.49140524864197,2.74));
#16144=CARTESIAN_POINT('Ctrl Pts',(2.0454979993403,2.49140524864197,2.695));
#16145=CARTESIAN_POINT('',(2.06255112662911,2.6111187338829,2.74));
#16146=CARTESIAN_POINT('Ctrl Pts',(2.06255112662911,2.6111187338829,2.74));
#16147=CARTESIAN_POINT('Ctrl Pts',(2.06255112662911,2.53574353456497,2.74));
#16148=CARTESIAN_POINT('Ctrl Pts',(2.0454979993403,2.49140524864197,2.74));
#16149=CARTESIAN_POINT('',(2.06255112662911,2.6111187338829,2.695));
#16150=CARTESIAN_POINT('',(2.06255112662911,2.6111187338829,2.74));
#16151=CARTESIAN_POINT('Ctrl Pts',(2.06255112662911,2.6111187338829,2.695));
#16152=CARTESIAN_POINT('Ctrl Pts',(2.06255112662911,2.53574353456497,2.695));
#16153=CARTESIAN_POINT('Ctrl Pts',(2.0454979993403,2.49140524864197,2.695));
#16154=CARTESIAN_POINT('Origin',(2.06255112662911,2.90000003576279,2.74));
#16155=CARTESIAN_POINT('',(2.06255112662911,2.90000003576279,2.74));
#16156=CARTESIAN_POINT('',(2.06255112662911,2.45000001788139,2.74));
#16157=CARTESIAN_POINT('',(2.06255112662911,2.90000003576279,2.695));
#16158=CARTESIAN_POINT('',(2.06255112662911,2.90000003576279,2.74));
#16159=CARTESIAN_POINT('',(2.06255112662911,2.90000003576279,2.695));
#16160=CARTESIAN_POINT('Origin',(1.99638472571969,2.90000003576279,2.74));
#16161=CARTESIAN_POINT('',(1.99638472571969,2.90000003576279,2.74));
#16162=CARTESIAN_POINT('',(2.99819236285985,2.90000003576279,2.74));
#16163=CARTESIAN_POINT('',(1.99638472571969,2.90000003576279,2.695));
#16164=CARTESIAN_POINT('',(1.99638472571969,2.90000003576279,2.74));
#16165=CARTESIAN_POINT('',(1.99638472571969,2.90000003576279,2.695));
#16166=CARTESIAN_POINT('Origin',(1.99638472571969,2.61145979166031,2.74));
#16167=CARTESIAN_POINT('',(1.99638472571969,2.30572989583015,2.74));
#16168=CARTESIAN_POINT('',(1.99638472571969,2.61145979166031,2.695));
#16169=CARTESIAN_POINT('Origin',(1.38127556331456,2.64573672413826,2.695));
#16170=CARTESIAN_POINT('Origin',(1.26582537665963,2.57326060533524,2.74));
#16171=CARTESIAN_POINT('',(1.26582537665963,2.57326060533524,2.74));
#16172=CARTESIAN_POINT('',(1.26582537665963,2.40000003576279,2.74));
#16173=CARTESIAN_POINT('',(1.26582537665963,2.28663030266762,2.74));
#16174=CARTESIAN_POINT('',(1.26582537665963,2.57326060533524,2.695));
#16175=CARTESIAN_POINT('',(1.26582537665963,2.57326060533524,2.74));
#16176=CARTESIAN_POINT('',(1.26582537665963,2.40000003576279,2.695));
#16177=CARTESIAN_POINT('',(1.26582537665963,2.57326060533524,2.695));
#16178=CARTESIAN_POINT('',(1.26582537665963,2.40000003576279,2.74));
#16179=CARTESIAN_POINT('Origin',(1.3476807333529,2.65306961536407,2.74));
#16180=CARTESIAN_POINT('',(1.3476807333529,2.65306961536407,2.74));
#16181=CARTESIAN_POINT('',(1.86432928892952,3.15680219218139,2.74));
#16182=CARTESIAN_POINT('',(1.3476807333529,2.65306961536407,2.695));
#16183=CARTESIAN_POINT('',(1.3476807333529,2.65306961536407,2.74));
#16184=CARTESIAN_POINT('',(1.3476807333529,2.65306961536407,2.695));
#16185=CARTESIAN_POINT('Origin',(1.5257162310183,2.40000003576279,2.74));
#16186=CARTESIAN_POINT('',(1.5257162310183,2.40000003576279,2.74));
#16187=CARTESIAN_POINT('',(2.02941254494336,1.68401802047224,2.74));
#16188=CARTESIAN_POINT('',(1.5257162310183,2.40000003576279,2.695));
#16189=CARTESIAN_POINT('',(1.5257162310183,2.40000003576279,2.74));
#16190=CARTESIAN_POINT('',(1.5257162310183,2.40000003576279,2.695));
#16191=CARTESIAN_POINT('Origin',(1.61302863135934,2.40000003576279,2.74));
#16192=CARTESIAN_POINT('',(1.61302863135934,2.40000003576279,2.74));
#16193=CARTESIAN_POINT('',(2.80651431567967,2.40000003576279,2.74));
#16194=CARTESIAN_POINT('',(1.61302863135934,2.40000003576279,2.695));
#16195=CARTESIAN_POINT('',(1.61302863135934,2.40000003576279,2.74));
#16196=CARTESIAN_POINT('',(1.61302863135934,2.40000003576279,2.695));
#16197=CARTESIAN_POINT('Origin',(1.39406548514962,2.69740796089172,2.74));
#16198=CARTESIAN_POINT('',(1.39406548514962,2.69740796089172,2.74));
#16199=CARTESIAN_POINT('',(2.01855928606038,1.84918574267942,2.74));
#16200=CARTESIAN_POINT('',(1.39406548514962,2.69740796089172,2.695));
#16201=CARTESIAN_POINT('',(1.39406548514962,2.69740796089172,2.74));
#16202=CARTESIAN_POINT('',(1.39406548514962,2.69740796089172,2.695));
#16203=CARTESIAN_POINT('Origin',(1.60381989255548,2.90000003576279,2.74));
#16204=CARTESIAN_POINT('',(1.60381989255548,2.90000003576279,2.74));
#16205=CARTESIAN_POINT('',(1.9988048191471,3.28149769681627,2.74));
#16206=CARTESIAN_POINT('',(1.60381989255548,2.90000003576279,2.695));
#16207=CARTESIAN_POINT('',(1.60381989255548,2.90000003576279,2.74));
#16208=CARTESIAN_POINT('',(1.60381989255548,2.90000003576279,2.695));
#16209=CARTESIAN_POINT('Origin',(1.51412002816796,2.90000003576279,2.74));
#16210=CARTESIAN_POINT('',(1.51412002816796,2.90000003576279,2.74));
#16211=CARTESIAN_POINT('',(2.75706001408398,2.90000003576279,2.74));
#16212=CARTESIAN_POINT('',(1.51412002816796,2.90000003576279,2.695));
#16213=CARTESIAN_POINT('',(1.51412002816796,2.90000003576279,2.74));
#16214=CARTESIAN_POINT('',(1.51412002816796,2.90000003576279,2.695));
#16215=CARTESIAN_POINT('Origin',(1.26582537665963,2.65204641222954,2.74));
#16216=CARTESIAN_POINT('',(1.26582537665963,2.65204641222954,2.74));
#16217=CARTESIAN_POINT('',(1.78729706233333,3.17280186647438,2.74));
#16218=CARTESIAN_POINT('',(1.26582537665963,2.65204641222954,2.695));
#16219=CARTESIAN_POINT('',(1.26582537665963,2.65204641222954,2.74));
#16220=CARTESIAN_POINT('',(1.26582537665963,2.65204641222954,2.695));
#16221=CARTESIAN_POINT('Origin',(1.26582537665963,2.90000003576279,2.74));
#16222=CARTESIAN_POINT('',(1.26582537665963,2.90000003576279,2.74));
#16223=CARTESIAN_POINT('',(1.26582537665963,2.45000001788139,2.74));
#16224=CARTESIAN_POINT('',(1.26582537665963,2.90000003576279,2.695));
#16225=CARTESIAN_POINT('',(1.26582537665963,2.90000003576279,2.74));
#16226=CARTESIAN_POINT('',(1.26582537665963,2.90000003576279,2.695));
#16227=CARTESIAN_POINT('Origin',(1.19965891614556,2.90000003576279,2.74));
#16228=CARTESIAN_POINT('',(1.19965891614556,2.90000003576279,2.74));
#16229=CARTESIAN_POINT('',(2.59982945807278,2.90000003576279,2.74));
#16230=CARTESIAN_POINT('',(1.19965891614556,2.90000003576279,2.695));
#16231=CARTESIAN_POINT('',(1.19965891614556,2.90000003576279,2.74));
#16232=CARTESIAN_POINT('',(1.19965891614556,2.90000003576279,2.695));
#16233=CARTESIAN_POINT('Origin',(1.19965891614556,2.40000003576279,2.74));
#16234=CARTESIAN_POINT('',(1.19965891614556,2.40000003576279,2.74));
#16235=CARTESIAN_POINT('',(1.19965891614556,2.20000001788139,2.74));
#16236=CARTESIAN_POINT('',(1.19965891614556,2.40000003576279,2.695));
#16237=CARTESIAN_POINT('',(1.19965891614556,2.40000003576279,2.74));
#16238=CARTESIAN_POINT('',(1.19965891614556,2.40000003576279,2.695));
#16239=CARTESIAN_POINT('Origin',(1.26582537665963,2.40000003576279,2.74));
#16240=CARTESIAN_POINT('',(2.63291268832982,2.40000003576279,2.74));
#16241=CARTESIAN_POINT('',(1.26582537665963,2.40000003576279,2.695));
#16242=CARTESIAN_POINT('Origin',(1.38127556331456,2.64573672413826,2.695));
#16243=CARTESIAN_POINT('Origin',(0.766166434437036,2.63567534089088,2.74));
#16244=CARTESIAN_POINT('',(0.766166434437036,2.63567534089088,2.74));
#16245=CARTESIAN_POINT('',(0.766166434437036,2.40000003576279,2.74));
#16246=CARTESIAN_POINT('',(0.766166434437037,2.31783767044544,2.74));
#16247=CARTESIAN_POINT('',(0.766166434437036,2.63567534089088,2.695));
#16248=CARTESIAN_POINT('',(0.766166434437036,2.63567534089088,2.74));
#16249=CARTESIAN_POINT('',(0.766166434437036,2.40000003576279,2.695));
#16250=CARTESIAN_POINT('',(0.766166434437036,2.63567534089088,2.695));
#16251=CARTESIAN_POINT('',(0.766166434437036,2.40000003576279,2.74));
#16252=CARTESIAN_POINT('Origin',(1.02605731859803,2.63567534089088,2.74));
#16253=CARTESIAN_POINT('',(1.02605731859803,2.63567534089088,2.74));
#16254=CARTESIAN_POINT('',(2.51302865929902,2.63567534089088,2.74));
#16255=CARTESIAN_POINT('',(1.02605731859803,2.63567534089088,2.695));
#16256=CARTESIAN_POINT('',(1.02605731859803,2.63567534089088,2.74));
#16257=CARTESIAN_POINT('',(1.02605731859803,2.63567534089088,2.695));
#16258=CARTESIAN_POINT('Origin',(1.02605731859803,2.40000003576279,2.74));
#16259=CARTESIAN_POINT('',(1.02605731859803,2.40000003576279,2.74));
#16260=CARTESIAN_POINT('',(1.02605731859803,2.20000001788139,2.74));
#16261=CARTESIAN_POINT('',(1.02605731859803,2.40000003576279,2.695));
#16262=CARTESIAN_POINT('',(1.02605731859803,2.40000003576279,2.74));
#16263=CARTESIAN_POINT('',(1.02605731859803,2.40000003576279,2.695));
#16264=CARTESIAN_POINT('Origin',(1.09222374930978,2.40000003576279,2.74));
#16265=CARTESIAN_POINT('',(1.09222374930978,2.40000003576279,2.74));
#16266=CARTESIAN_POINT('',(2.54611187465489,2.40000003576279,2.74));
#16267=CARTESIAN_POINT('',(1.09222374930978,2.40000003576279,2.695));
#16268=CARTESIAN_POINT('',(1.09222374930978,2.40000003576279,2.74));
#16269=CARTESIAN_POINT('',(1.09222374930978,2.40000003576279,2.695));
#16270=CARTESIAN_POINT('Origin',(1.09222374930978,2.90000003576279,2.74));
#16271=CARTESIAN_POINT('',(1.09222374930978,2.90000003576279,2.74));
#16272=CARTESIAN_POINT('',(1.09222374930978,2.45000001788139,2.74));
#16273=CARTESIAN_POINT('',(1.09222374930978,2.90000003576279,2.695));
#16274=CARTESIAN_POINT('',(1.09222374930978,2.90000003576279,2.74));
#16275=CARTESIAN_POINT('',(1.09222374930978,2.90000003576279,2.695));
#16276=CARTESIAN_POINT('Origin',(1.02605731859803,2.90000003576279,2.74));
#16277=CARTESIAN_POINT('',(1.02605731859803,2.90000003576279,2.74));
#16278=CARTESIAN_POINT('',(2.51302865929902,2.90000003576279,2.74));
#16279=CARTESIAN_POINT('',(1.02605731859803,2.90000003576279,2.695));
#16280=CARTESIAN_POINT('',(1.02605731859803,2.90000003576279,2.74));
#16281=CARTESIAN_POINT('',(1.02605731859803,2.90000003576279,2.695));
#16282=CARTESIAN_POINT('Origin',(1.02605731859803,2.69467943906784,2.74));
#16283=CARTESIAN_POINT('',(1.02605731859803,2.69467943906784,2.74));
#16284=CARTESIAN_POINT('',(1.02605731859803,2.34733971953392,2.74));
#16285=CARTESIAN_POINT('',(1.02605731859803,2.69467943906784,2.695));
#16286=CARTESIAN_POINT('',(1.02605731859803,2.69467943906784,2.74));
#16287=CARTESIAN_POINT('',(1.02605731859803,2.69467943906784,2.695));
#16288=CARTESIAN_POINT('Origin',(0.766166434437036,2.69467943906784,2.74));
#16289=CARTESIAN_POINT('',(0.766166434437036,2.69467943906784,2.74));
#16290=CARTESIAN_POINT('',(2.38308321721852,2.69467943906784,2.74));
#16291=CARTESIAN_POINT('',(0.766166434437036,2.69467943906784,2.695));
#16292=CARTESIAN_POINT('',(0.766166434437036,2.69467943906784,2.74));
#16293=CARTESIAN_POINT('',(0.766166434437036,2.69467943906784,2.695));
#16294=CARTESIAN_POINT('Origin',(0.766166434437036,2.90000003576279,2.74));
#16295=CARTESIAN_POINT('',(0.766166434437036,2.90000003576279,2.74));
#16296=CARTESIAN_POINT('',(0.766166434437037,2.45000001788139,2.74));
#16297=CARTESIAN_POINT('',(0.766166434437036,2.90000003576279,2.695));
#16298=CARTESIAN_POINT('',(0.766166434437036,2.90000003576279,2.74));
#16299=CARTESIAN_POINT('',(0.766166434437036,2.90000003576279,2.695));
#16300=CARTESIAN_POINT('Origin',(0.7,2.90000003576279,2.74));
#16301=CARTESIAN_POINT('',(0.7,2.90000003576279,2.74));
#16302=CARTESIAN_POINT('',(2.35,2.90000003576279,2.74));
#16303=CARTESIAN_POINT('',(0.7,2.90000003576279,2.695));
#16304=CARTESIAN_POINT('',(0.7,2.90000003576279,2.74));
#16305=CARTESIAN_POINT('',(0.7,2.90000003576279,2.695));
#16306=CARTESIAN_POINT('Origin',(0.7,2.40000003576279,2.74));
#16307=CARTESIAN_POINT('',(0.7,2.40000003576279,2.74));
#16308=CARTESIAN_POINT('',(0.7,2.20000001788139,2.74));
#16309=CARTESIAN_POINT('',(0.7,2.40000003576279,2.695));
#16310=CARTESIAN_POINT('',(0.7,2.40000003576279,2.74));
#16311=CARTESIAN_POINT('',(0.7,2.40000003576279,2.695));
#16312=CARTESIAN_POINT('Origin',(0.766166434437036,2.40000003576279,2.74));
#16313=CARTESIAN_POINT('',(2.38308321721852,2.40000003576279,2.74));
#16314=CARTESIAN_POINT('',(0.766166434437036,2.40000003576279,2.695));
#16315=CARTESIAN_POINT('Origin',(1.38127556331456,2.64573672413826,2.695));
#16316=CARTESIAN_POINT('Origin',(6.9,2.,2.49));
#16317=CARTESIAN_POINT('',(6.34,2.,2.5));
#16318=CARTESIAN_POINT('Origin',(6.9,2.,2.5));
#16319=CARTESIAN_POINT('',(6.34,2.,2.74));
#16320=CARTESIAN_POINT('',(6.34,2.,2.49));
#16321=CARTESIAN_POINT('Origin',(6.9,2.,2.74));
#16322=CARTESIAN_POINT('Origin',(8.5,3.6,2.49));
#16323=CARTESIAN_POINT('',(8.33,3.6,2.5));
#16324=CARTESIAN_POINT('Origin',(8.5,3.6,2.5));
#16325=CARTESIAN_POINT('',(8.33,3.6,2.74));
#16326=CARTESIAN_POINT('',(8.33,3.6,2.49));
#16327=CARTESIAN_POINT('Origin',(8.5,3.6,2.74));
#16328=CARTESIAN_POINT('Origin',(8.5,3.6,2.5));
#16329=CARTESIAN_POINT('',(8.4,3.92496153618544,2.74));
#16330=CARTESIAN_POINT('',(8.4,3.92496153618544,2.501));
#16331=CARTESIAN_POINT('',(8.4,3.92496153618544,2.5));
#16332=CARTESIAN_POINT('',(8.4,3.27503846381456,2.74));
#16333=CARTESIAN_POINT('Origin',(8.5,3.6,2.74));
#16334=CARTESIAN_POINT('',(8.4,3.27503846381456,2.501));
#16335=CARTESIAN_POINT('',(8.4,3.27503846381456,2.5));
#16336=CARTESIAN_POINT('',(8.25,3.36956562756394,2.501));
#16337=CARTESIAN_POINT('Origin',(8.5,3.6,2.501));
#16338=CARTESIAN_POINT('',(8.25,3.36956562756394,2.5));
#16339=CARTESIAN_POINT('',(8.25,3.36956562756394,2.5));
#16340=CARTESIAN_POINT('',(8.25,3.83043437243606,2.5));
#16341=CARTESIAN_POINT('Origin',(8.5,3.6,2.5));
#16342=CARTESIAN_POINT('',(8.25,3.83043437243606,2.501));
#16343=CARTESIAN_POINT('',(8.25,3.83043437243606,2.5));
#16344=CARTESIAN_POINT('Origin',(8.5,3.6,2.501));
#16345=CARTESIAN_POINT('Origin',(8.4,0.05,2.5));
#16346=CARTESIAN_POINT('',(8.4,0.724961536185438,2.74));
#16347=CARTESIAN_POINT('',(8.4,0.05,2.74));
#16348=CARTESIAN_POINT('',(8.4,0.724961536185438,2.501));
#16349=CARTESIAN_POINT('',(8.4,0.724961536185438,2.5));
#16350=CARTESIAN_POINT('',(8.4,0.77,2.501));
#16351=CARTESIAN_POINT('',(8.4,0.225,2.501));
#16352=CARTESIAN_POINT('',(8.4,0.77,2.3));
#16353=CARTESIAN_POINT('',(8.4,0.77,2.3995));
#16354=CARTESIAN_POINT('',(8.4,3.23,2.3));
#16355=CARTESIAN_POINT('',(8.4,0.05,2.3));
#16356=CARTESIAN_POINT('',(8.4,3.23,2.501));
#16357=CARTESIAN_POINT('',(8.4,3.23,2.3995));
#16358=CARTESIAN_POINT('',(8.4,1.825,2.501));
#16359=CARTESIAN_POINT('Origin',(4.,2.,2.5));
#16360=CARTESIAN_POINT('',(8.25,3.23,2.5));
#16361=CARTESIAN_POINT('',(8.25,2.985,2.5));
#16362=CARTESIAN_POINT('',(8.28,3.23,2.5));
#16363=CARTESIAN_POINT('',(6.125,3.23,2.5));
#16364=CARTESIAN_POINT('',(8.28,0.77,2.5));
#16365=CARTESIAN_POINT('',(8.28,2.975,2.5));
#16366=CARTESIAN_POINT('',(8.25,0.77,2.5));
#16367=CARTESIAN_POINT('',(6.425,0.77,2.5));
#16368=CARTESIAN_POINT('',(8.25,0.630434372436058,2.5));
#16369=CARTESIAN_POINT('',(8.25,1.385,2.5));
#16370=CARTESIAN_POINT('',(8.25,0.169565627563942,2.5));
#16371=CARTESIAN_POINT('Origin',(8.5,0.4,2.5));
#16372=CARTESIAN_POINT('',(8.25,0.03,2.5));
#16373=CARTESIAN_POINT('',(8.25,1.385,2.5));
#16374=CARTESIAN_POINT('',(8.27939338184001,0.03,2.5));
#16375=CARTESIAN_POINT('',(6.125,0.0299999999999999,2.5));
#16376=CARTESIAN_POINT('',(7.95,-0.28,2.5));
#16377=CARTESIAN_POINT('Origin',(7.95,0.05,2.5));
#16378=CARTESIAN_POINT('',(0.05,-0.28,2.5));
#16379=CARTESIAN_POINT('',(5.975,-0.28,2.5));
#16380=CARTESIAN_POINT('',(-0.279393381840012,0.03,2.5));
#16381=CARTESIAN_POINT('Origin',(0.05,0.05,2.5));
#16382=CARTESIAN_POINT('',(-0.25,0.03,2.5));
#16383=CARTESIAN_POINT('',(1.575,0.0299999999999999,2.5));
#16384=CARTESIAN_POINT('',(-0.25,0.169565627563942,2.5));
#16385=CARTESIAN_POINT('',(-0.25,1.015,2.5));
#16386=CARTESIAN_POINT('',(-0.25,0.630434372436058,2.5));
#16387=CARTESIAN_POINT('Origin',(-0.5,0.4,2.5));
#16388=CARTESIAN_POINT('',(-0.25,0.77,2.5));
#16389=CARTESIAN_POINT('',(-0.25,1.015,2.5));
#16390=CARTESIAN_POINT('',(-0.28,0.77,2.5));
#16391=CARTESIAN_POINT('',(1.875,0.77,2.5));
#16392=CARTESIAN_POINT('',(-0.28,3.23,2.5));
#16393=CARTESIAN_POINT('',(-0.28,1.025,2.5));
#16394=CARTESIAN_POINT('',(-0.25,3.23,2.5));
#16395=CARTESIAN_POINT('',(1.575,3.23,2.5));
#16396=CARTESIAN_POINT('',(-0.25,3.36956562756394,2.5));
#16397=CARTESIAN_POINT('',(-0.25,2.615,2.5));
#16398=CARTESIAN_POINT('',(-0.25,3.83043437243606,2.5));
#16399=CARTESIAN_POINT('Origin',(-0.5,3.6,2.5));
#16400=CARTESIAN_POINT('',(-0.25,3.97,2.5));
#16401=CARTESIAN_POINT('',(-0.25,2.615,2.5));
#16402=CARTESIAN_POINT('',(-0.279393381840011,3.97,2.5));
#16403=CARTESIAN_POINT('',(1.875,3.97,2.5));
#16404=CARTESIAN_POINT('',(0.05,4.28,2.5));
#16405=CARTESIAN_POINT('Origin',(0.05,3.95,2.5));
#16406=CARTESIAN_POINT('',(7.95,4.28,2.5));
#16407=CARTESIAN_POINT('',(2.025,4.28,2.5));
#16408=CARTESIAN_POINT('',(8.27939338184001,3.97,2.5));
#16409=CARTESIAN_POINT('Origin',(7.95,3.95,2.5));
#16410=CARTESIAN_POINT('',(8.25,3.97,2.5));
#16411=CARTESIAN_POINT('',(6.425,3.97,2.5));
#16412=CARTESIAN_POINT('',(8.25,2.985,2.5));
#16413=CARTESIAN_POINT('',(-0.67,0.4,2.5));
#16414=CARTESIAN_POINT('Origin',(-0.5,0.4,2.5));
#16415=CARTESIAN_POINT('',(-0.67,3.6,2.5));
#16416=CARTESIAN_POINT('Origin',(-0.5,3.6,2.5));
#16417=CARTESIAN_POINT('',(8.33,0.4,2.5));
#16418=CARTESIAN_POINT('Origin',(8.5,0.4,2.5));
#16419=CARTESIAN_POINT('Origin',(8.55,3.6,2.501));
#16420=CARTESIAN_POINT('',(8.25,3.23,2.501));
#16421=CARTESIAN_POINT('',(8.25,3.23,2.501));
#16422=CARTESIAN_POINT('',(8.25,3.97,2.501));
#16423=CARTESIAN_POINT('Origin',(8.55,3.6,2.501));
#16424=CARTESIAN_POINT('',(8.25,3.97,2.501));
#16425=CARTESIAN_POINT('',(8.25,3.97,2.501));
#16426=CARTESIAN_POINT('',(8.39955533585978,3.97,2.501));
#16427=CARTESIAN_POINT('',(8.85,3.97,2.501));
#16428=CARTESIAN_POINT('',(8.4,3.95,2.501));
#16429=CARTESIAN_POINT('Origin',(7.95,3.95,2.501));
#16430=CARTESIAN_POINT('',(8.4,1.825,2.501));
#16431=CARTESIAN_POINT('Origin',(8.25,3.97,2.299));
#16432=CARTESIAN_POINT('',(8.25,3.23,2.299));
#16433=CARTESIAN_POINT('Origin',(8.25,3.97,2.299));
#16434=CARTESIAN_POINT('',(8.25,3.97,2.299));
#16435=CARTESIAN_POINT('Origin',(8.5,0.4,2.49));
#16436=CARTESIAN_POINT('',(8.33,0.4,2.74));
#16437=CARTESIAN_POINT('',(8.33,0.4,2.49));
#16438=CARTESIAN_POINT('Origin',(8.5,0.4,2.74));
#16439=CARTESIAN_POINT('Origin',(8.5,0.4,2.5));
#16440=CARTESIAN_POINT('',(8.4,0.0750384638145616,2.501));
#16441=CARTESIAN_POINT('',(8.4,0.0750384638145616,2.74));
#16442=CARTESIAN_POINT('',(8.4,0.0750384638145616,2.5));
#16443=CARTESIAN_POINT('',(8.25,0.169565627563942,2.501));
#16444=CARTESIAN_POINT('Origin',(8.5,0.4,2.501));
#16445=CARTESIAN_POINT('',(8.25,0.169565627563942,2.5));
#16446=CARTESIAN_POINT('',(8.25,0.630434372436058,2.501));
#16447=CARTESIAN_POINT('',(8.25,0.630434372436058,2.5));
#16448=CARTESIAN_POINT('Origin',(8.5,0.4,2.501));
#16449=CARTESIAN_POINT('Origin',(8.5,0.4,2.74));
#16450=CARTESIAN_POINT('Origin',(4.,2.,2.74));
#16451=CARTESIAN_POINT('',(8.4,3.95,2.74));
#16452=CARTESIAN_POINT('',(8.4,0.05,2.74));
#16453=CARTESIAN_POINT('',(7.95,4.4,2.74));
#16454=CARTESIAN_POINT('Origin',(7.95,3.95,2.74));
#16455=CARTESIAN_POINT('',(0.05,4.4,2.74));
#16456=CARTESIAN_POINT('',(7.95,4.4,2.74));
#16457=CARTESIAN_POINT('',(-0.4,3.95,2.74));
#16458=CARTESIAN_POINT('Origin',(0.05,3.95,2.74));
#16459=CARTESIAN_POINT('',(-0.4,3.92496153618544,2.74));
#16460=CARTESIAN_POINT('',(-0.4,3.95,2.74));
#16461=CARTESIAN_POINT('',(-0.4,3.27503846381456,2.74));
#16462=CARTESIAN_POINT('Origin',(-0.5,3.6,2.74));
#16463=CARTESIAN_POINT('',(-0.4,0.724961536185438,2.74));
#16464=CARTESIAN_POINT('',(-0.4,3.95,2.74));
#16465=CARTESIAN_POINT('',(-0.4,0.0750384638145616,2.74));
#16466=CARTESIAN_POINT('Origin',(-0.5,0.4,2.74));
#16467=CARTESIAN_POINT('',(-0.4,0.05,2.74));
#16468=CARTESIAN_POINT('',(-0.4,3.95,2.74));
#16469=CARTESIAN_POINT('',(0.05,-0.4,2.74));
#16470=CARTESIAN_POINT('Origin',(0.05,0.05,2.74));
#16471=CARTESIAN_POINT('',(7.95,-0.4,2.74));
#16472=CARTESIAN_POINT('',(0.05,-0.4,2.74));
#16473=CARTESIAN_POINT('',(8.4,0.05,2.74));
#16474=CARTESIAN_POINT('Origin',(7.95,0.05,2.74));
#16475=CARTESIAN_POINT('',(8.4,0.05,2.74));
#16476=CARTESIAN_POINT('',(-0.67,3.6,2.74));
#16477=CARTESIAN_POINT('Origin',(-0.5,3.6,2.74));
#16478=CARTESIAN_POINT('',(-0.67,0.4,2.74));
#16479=CARTESIAN_POINT('Origin',(-0.5,0.4,2.74));
#16480=CARTESIAN_POINT('Origin',(8.4,0.05,2.5));
#16481=CARTESIAN_POINT('',(8.4,3.95,2.5));
#16482=CARTESIAN_POINT('Origin',(8.55,0.4,2.501));
#16483=CARTESIAN_POINT('',(8.25,0.77,2.501));
#16484=CARTESIAN_POINT('',(8.25,0.77,2.501));
#16485=CARTESIAN_POINT('',(8.85,0.77,2.501));
#16486=CARTESIAN_POINT('Origin',(8.25,0.77,2.299));
#16487=CARTESIAN_POINT('',(8.25,0.77,2.299));
#16488=CARTESIAN_POINT('Origin',(-0.5,3.6,2.49));
#16489=CARTESIAN_POINT('',(-0.67,3.6,2.49));
#16490=CARTESIAN_POINT('Origin',(-0.5,3.6,2.5));
#16491=CARTESIAN_POINT('',(-0.4,3.92496153618544,2.501));
#16492=CARTESIAN_POINT('',(-0.4,3.92496153618544,2.5));
#16493=CARTESIAN_POINT('',(-0.25,3.83043437243606,2.501));
#16494=CARTESIAN_POINT('Origin',(-0.5,3.6,2.501));
#16495=CARTESIAN_POINT('',(-0.25,3.83043437243606,2.5));
#16496=CARTESIAN_POINT('',(-0.25,3.36956562756394,2.501));
#16497=CARTESIAN_POINT('',(-0.25,3.36956562756394,2.5));
#16498=CARTESIAN_POINT('',(-0.4,3.27503846381456,2.501));
#16499=CARTESIAN_POINT('Origin',(-0.5,3.6,2.501));
#16500=CARTESIAN_POINT('',(-0.4,3.27503846381456,2.5));
#16501=CARTESIAN_POINT('Origin',(-0.4,3.95,2.5));
#16502=CARTESIAN_POINT('',(-0.4,3.23,2.501));
#16503=CARTESIAN_POINT('',(-0.4,3.775,2.501));
#16504=CARTESIAN_POINT('',(-0.4,3.23,2.3));
#16505=CARTESIAN_POINT('',(-0.4,3.23,2.3995));
#16506=CARTESIAN_POINT('',(-0.4,0.77,2.3));
#16507=CARTESIAN_POINT('',(-0.4,3.95,2.3));
#16508=CARTESIAN_POINT('',(-0.4,0.77,2.501));
#16509=CARTESIAN_POINT('',(-0.4,0.77,2.3995));
#16510=CARTESIAN_POINT('',(-0.4,0.724961536185438,2.501));
#16511=CARTESIAN_POINT('',(-0.4,2.175,2.501));
#16512=CARTESIAN_POINT('',(-0.4,0.724961536185438,2.5));
#16513=CARTESIAN_POINT('Origin',(-0.55,3.6,2.501));
#16514=CARTESIAN_POINT('',(-0.25,3.23,2.501));
#16515=CARTESIAN_POINT('',(-0.25,3.23,2.501));
#16516=CARTESIAN_POINT('',(-0.85,3.23,2.501));
#16517=CARTESIAN_POINT('Origin',(-0.25,3.23,2.299));
#16518=CARTESIAN_POINT('',(-0.25,3.23,2.299));
#16519=CARTESIAN_POINT('Origin',(-0.5,0.4,2.49));
#16520=CARTESIAN_POINT('',(-0.67,0.4,2.49));
#16521=CARTESIAN_POINT('Origin',(-0.5,0.4,2.5));
#16522=CARTESIAN_POINT('',(-0.25,0.630434372436058,2.501));
#16523=CARTESIAN_POINT('',(-0.25,0.630434372436058,2.5));
#16524=CARTESIAN_POINT('',(-0.25,0.169565627563942,2.501));
#16525=CARTESIAN_POINT('',(-0.25,0.169565627563942,2.5));
#16526=CARTESIAN_POINT('',(-0.4,0.0750384638145616,2.501));
#16527=CARTESIAN_POINT('Origin',(-0.5,0.4,2.501));
#16528=CARTESIAN_POINT('',(-0.4,0.0750384638145616,2.5));
#16529=CARTESIAN_POINT('Origin',(-0.5,0.4,2.501));
#16530=CARTESIAN_POINT('Origin',(-0.25,0.03,2.299));
#16531=CARTESIAN_POINT('',(-0.25,0.03,2.501));
#16532=CARTESIAN_POINT('',(-0.25,0.03,2.299));
#16533=CARTESIAN_POINT('',(-0.25,0.03,2.501));
#16534=CARTESIAN_POINT('Origin',(-0.25,0.03,2.299));
#16535=CARTESIAN_POINT('',(-0.25,0.77,2.501));
#16536=CARTESIAN_POINT('',(-0.25,0.03,2.501));
#16537=CARTESIAN_POINT('',(-0.25,0.77,2.299));
#16538=CARTESIAN_POINT('Origin',(-0.55,0.4,2.501));
#16539=CARTESIAN_POINT('',(-0.39955533585978,0.03,2.501));
#16540=CARTESIAN_POINT('',(-0.85,0.03,2.501));
#16541=CARTESIAN_POINT('',(-0.4,0.05,2.501));
#16542=CARTESIAN_POINT('Origin',(0.05,0.05,2.501));
#16543=CARTESIAN_POINT('',(-0.4,2.175,2.501));
#16544=CARTESIAN_POINT('Origin',(-0.55,0.4,2.501));
#16545=CARTESIAN_POINT('',(-0.25,0.77,2.501));
#16546=CARTESIAN_POINT('Origin',(-0.4,3.95,2.5));
#16547=CARTESIAN_POINT('',(-0.4,0.05,2.3));
#16548=CARTESIAN_POINT('Origin',(-0.4,3.95,2.5));
#16549=CARTESIAN_POINT('',(-0.4,3.95,2.501));
#16550=CARTESIAN_POINT('',(-0.4,3.95,2.5));
#16551=CARTESIAN_POINT('',(-0.4,3.775,2.501));
#16552=CARTESIAN_POINT('Origin',(8.85,3.97,2.299));
#16553=CARTESIAN_POINT('',(8.39955533585978,3.97,2.3));
#16554=CARTESIAN_POINT('',(8.39955533585978,3.97,2.5));
#16555=CARTESIAN_POINT('',(8.27939338184001,3.97,2.3));
#16556=CARTESIAN_POINT('',(8.27939338184001,3.97,2.3));
#16557=CARTESIAN_POINT('',(6.425,3.97,2.3));
#16558=CARTESIAN_POINT('Origin',(8.25,3.23,2.299));
#16559=CARTESIAN_POINT('',(8.28,3.23,2.3));
#16560=CARTESIAN_POINT('',(6.125,3.23,2.3));
#16561=CARTESIAN_POINT('',(8.28,3.23,2.2995));
#16562=CARTESIAN_POINT('Origin',(7.95,3.95,2.3));
#16563=CARTESIAN_POINT('',(7.95,4.28,2.3));
#16564=CARTESIAN_POINT('',(7.95,4.28,2.3));
#16565=CARTESIAN_POINT('Origin',(7.95,3.95,2.3));
#16566=CARTESIAN_POINT('Origin',(4.,2.,2.3));
#16567=CARTESIAN_POINT('',(8.28,0.77,2.3));
#16568=CARTESIAN_POINT('',(6.425,0.77,2.3));
#16569=CARTESIAN_POINT('',(8.28,0.05,2.3));
#16570=CARTESIAN_POINT('Origin',(4.,2.,2.3));
#16571=CARTESIAN_POINT('',(0.05,4.28,2.3));
#16572=CARTESIAN_POINT('',(7.95,4.28,2.3));
#16573=CARTESIAN_POINT('',(-0.279393381840011,3.97,2.3));
#16574=CARTESIAN_POINT('Origin',(0.05,3.95,2.3));
#16575=CARTESIAN_POINT('',(-0.399555335859781,3.97,2.3));
#16576=CARTESIAN_POINT('',(1.875,3.97,2.3));
#16577=CARTESIAN_POINT('',(0.05,4.4,2.3));
#16578=CARTESIAN_POINT('Origin',(0.05,3.95,2.3));
#16579=CARTESIAN_POINT('',(7.95,4.4,2.3));
#16580=CARTESIAN_POINT('',(7.95,4.4,2.3));
#16581=CARTESIAN_POINT('Origin',(7.95,3.95,2.3));
#16582=CARTESIAN_POINT('Origin',(8.85,0.77,2.299));
#16583=CARTESIAN_POINT('',(8.28,0.77,2.2995));
#16584=CARTESIAN_POINT('Origin',(8.25,0.77,2.299));
#16585=CARTESIAN_POINT('',(8.25,0.03,2.501));
#16586=CARTESIAN_POINT('',(8.25,0.77,2.501));
#16587=CARTESIAN_POINT('',(8.25,0.03,2.299));
#16588=CARTESIAN_POINT('Origin',(8.25,0.03,2.299));
#16589=CARTESIAN_POINT('',(8.39955533585978,0.03,2.3));
#16590=CARTESIAN_POINT('',(8.39955533585978,0.03,2.501));
#16591=CARTESIAN_POINT('',(8.39955533585978,0.03,2.5));
#16592=CARTESIAN_POINT('',(8.27939338184001,0.03,2.3));
#16593=CARTESIAN_POINT('',(6.125,0.0299999999999999,2.3));
#16594=CARTESIAN_POINT('',(8.27939338184001,0.03,2.3));
#16595=CARTESIAN_POINT('',(8.25,0.03,2.501));
#16596=CARTESIAN_POINT('Origin',(8.55,0.4,2.501));
#16597=CARTESIAN_POINT('',(8.4,0.05,2.501));
#16598=CARTESIAN_POINT('',(8.4,0.225,2.501));
#16599=CARTESIAN_POINT('Origin',(7.95,0.05,2.501));
#16600=CARTESIAN_POINT('Origin',(8.28,3.95,2.3));
#16601=CARTESIAN_POINT('Origin',(4.,2.,2.3));
#16602=CARTESIAN_POINT('',(7.95,-0.4,2.3));
#16603=CARTESIAN_POINT('Origin',(7.95,0.05,2.3));
#16604=CARTESIAN_POINT('',(0.05,-0.4,2.3));
#16605=CARTESIAN_POINT('',(0.05,-0.4,2.3));
#16606=CARTESIAN_POINT('',(-0.39955533585978,0.03,2.3));
#16607=CARTESIAN_POINT('Origin',(0.05,0.05,2.3));
#16608=CARTESIAN_POINT('',(-0.279393381840012,0.03,2.3));
#16609=CARTESIAN_POINT('',(1.575,0.0299999999999999,2.3));
#16610=CARTESIAN_POINT('',(0.05,-0.28,2.3));
#16611=CARTESIAN_POINT('Origin',(0.05,0.05,2.3));
#16612=CARTESIAN_POINT('',(7.95,-0.28,2.3));
#16613=CARTESIAN_POINT('',(0.05,-0.28,2.3));
#16614=CARTESIAN_POINT('Origin',(7.95,0.05,2.3));
#16615=CARTESIAN_POINT('Origin',(-0.55,3.6,2.501));
#16616=CARTESIAN_POINT('',(-0.399555335859781,3.97,2.501));
#16617=CARTESIAN_POINT('Origin',(0.05,3.95,2.501));
#16618=CARTESIAN_POINT('',(-0.25,3.97,2.501));
#16619=CARTESIAN_POINT('',(-0.25,3.97,2.501));
#16620=CARTESIAN_POINT('',(-0.25,3.23,2.501));
#16621=CARTESIAN_POINT('Origin',(-0.85,3.23,2.299));
#16622=CARTESIAN_POINT('',(-0.28,3.23,2.3));
#16623=CARTESIAN_POINT('',(-0.28,3.23,2.2995));
#16624=CARTESIAN_POINT('',(1.575,3.23,2.3));
#16625=CARTESIAN_POINT('Origin',(-0.25,3.97,2.299));
#16626=CARTESIAN_POINT('',(-0.399555335859781,3.97,2.5));
#16627=CARTESIAN_POINT('',(-0.279393381840011,3.97,2.3));
#16628=CARTESIAN_POINT('',(-0.25,3.97,2.299));
#16629=CARTESIAN_POINT('Origin',(-0.25,3.23,2.299));
#16630=CARTESIAN_POINT('Origin',(0.05,3.95,2.5));
#16631=CARTESIAN_POINT('',(0.05,4.4,2.5));
#16632=CARTESIAN_POINT('Origin',(4.,2.,2.3));
#16633=CARTESIAN_POINT('',(-0.28,0.77,2.3));
#16634=CARTESIAN_POINT('',(-0.28,3.95,2.3));
#16635=CARTESIAN_POINT('',(1.875,0.77,2.3));
#16636=CARTESIAN_POINT('Origin',(-0.85,0.03,2.299));
#16637=CARTESIAN_POINT('',(-0.39955533585978,0.03,2.5));
#16638=CARTESIAN_POINT('',(-0.279393381840012,0.03,2.3));
#16639=CARTESIAN_POINT('Origin',(-0.25,0.77,2.299));
#16640=CARTESIAN_POINT('',(-0.28,0.77,2.2995));
#16641=CARTESIAN_POINT('Origin',(0.05,0.05,2.5));
#16642=CARTESIAN_POINT('',(0.05,-0.4,2.5));
#16643=CARTESIAN_POINT('Origin',(7.95,-0.28,2.3));
#16644=CARTESIAN_POINT('',(0.05,-0.28,2.3));
#16645=CARTESIAN_POINT('',(7.95,-0.28,2.3));
#16646=CARTESIAN_POINT('Origin',(7.95,0.05,2.3));
#16647=CARTESIAN_POINT('Origin',(0.0499999999999998,4.28,2.3));
#16648=CARTESIAN_POINT('',(0.05,4.28,2.3));
#16649=CARTESIAN_POINT('Origin',(0.05,3.95,2.3));
#16650=CARTESIAN_POINT('Origin',(-0.28,0.0499999999999998,2.3));
#16651=CARTESIAN_POINT('Origin',(0.05,0.05,2.3));
#16652=CARTESIAN_POINT('Origin',(7.95,4.4,2.5));
#16653=CARTESIAN_POINT('',(7.95,4.4,2.5));
#16654=CARTESIAN_POINT('Origin',(7.95,3.95,2.5));
#16655=CARTESIAN_POINT('Origin',(8.4,0.05,2.5));
#16656=CARTESIAN_POINT('',(8.4,0.05,2.5));
#16657=CARTESIAN_POINT('Origin',(7.95,0.05,2.5));
#16658=CARTESIAN_POINT('',(7.95,-0.4,2.5));
#16659=CARTESIAN_POINT('Origin',(0.05,-0.4,2.5));
#16660=UNCERTAINTY_MEASURE_WITH_UNIT(LENGTH_MEASURE(0.001),#16664,
'DISTANCE_ACCURACY_VALUE',
'Maximum model space distance between geometric entities at asserted c
onnectivities');
#16661=UNCERTAINTY_MEASURE_WITH_UNIT(LENGTH_MEASURE(0.001),#16664,
'DISTANCE_ACCURACY_VALUE',
'Maximum model space distance between geometric entities at asserted c
onnectivities');
#16662=(
GEOMETRIC_REPRESENTATION_CONTEXT(3)
GLOBAL_UNCERTAINTY_ASSIGNED_CONTEXT((#16660))
GLOBAL_UNIT_ASSIGNED_CONTEXT((#16664,#16666,#16667))
REPRESENTATION_CONTEXT('','3D')
);
#16663=(
GEOMETRIC_REPRESENTATION_CONTEXT(3)
GLOBAL_UNCERTAINTY_ASSIGNED_CONTEXT((#16661))
GLOBAL_UNIT_ASSIGNED_CONTEXT((#16664,#16666,#16667))
REPRESENTATION_CONTEXT('','3D')
);
#16664=(
LENGTH_UNIT()
NAMED_UNIT(*)
SI_UNIT(.CENTI.,.METRE.)
);
#16665=(
LENGTH_UNIT()
NAMED_UNIT(*)
SI_UNIT($,.METRE.)
);
#16666=(
NAMED_UNIT(*)
PLANE_ANGLE_UNIT()
SI_UNIT($,.RADIAN.)
);
#16667=(
NAMED_UNIT(*)
SI_UNIT($,.STERADIAN.)
SOLID_ANGLE_UNIT()
);
#16668=SHAPE_DEFINITION_REPRESENTATION(#16669,#16670);
#16669=PRODUCT_DEFINITION_SHAPE('',$,#16672);
#16670=SHAPE_REPRESENTATION('',(#9776),#16662);
#16671=PRODUCT_DEFINITION_CONTEXT('part definition',#16676,'design');
#16672=PRODUCT_DEFINITION('2026-09-24-21-10-19-740',
'02 Flat front lid - Rev B',#16673,#16671);
#16673=PRODUCT_DEFINITION_FORMATION('',$,#16678);
#16674=PRODUCT_RELATED_PRODUCT_CATEGORY('02 Flat front lid - Rev B',
'02 Flat front lid - Rev B',(#16678));
#16675=APPLICATION_PROTOCOL_DEFINITION('international standard',
'automotive_design',2009,#16676);
#16676=APPLICATION_CONTEXT(
'Core Data for Automotive Mechanical Design Process');
#16677=PRODUCT_CONTEXT('part definition',#16676,'mechanical');
#16678=PRODUCT('2026-09-24-21-10-19-740','02 Flat front lid - Rev B',$,
(#16677));
#16679=PRESENTATION_STYLE_ASSIGNMENT((#16681));
#16680=PRESENTATION_STYLE_ASSIGNMENT((#16682));
#16681=SURFACE_STYLE_USAGE(.BOTH.,#16683);
#16682=SURFACE_STYLE_USAGE(.BOTH.,#16684);
#16683=SURFACE_SIDE_STYLE('',(#16685));
#16684=SURFACE_SIDE_STYLE('',(#16686));
#16685=SURFACE_STYLE_FILL_AREA(#16687);
#16686=SURFACE_STYLE_FILL_AREA(#16688);
#16687=FILL_AREA_STYLE('Steel - Satin',(#16689));
#16688=FILL_AREA_STYLE('Front porcelain',(#16690));
#16689=FILL_AREA_STYLE_COLOUR('Steel - Satin',#16691);
#16690=FILL_AREA_STYLE_COLOUR('Front porcelain',#16692);
#16691=COLOUR_RGB('Steel - Satin',0.627450980392157,0.627450980392157,0.627450980392157);
#16692=COLOUR_RGB('Front porcelain',0.87843137254902,0.886274509803922,
0.858823529411765);
ENDSEC;
END-ISO-10303-21;
