ISO-10303-21;
HEADER;
/* Generated by software containing ST-Developer
 * from STEP Tools, Inc. (www.steptools.com) 
 */

FILE_DESCRIPTION(
/* description */ (''),
/* implementation_level */ '2;1');

FILE_NAME(
/* name */ 'main-housing.step',
/* time_stamp */ '2026-09-24T21:10:18+08:00',
/* author */ (''),
/* organization */ (''),
/* preprocessor_version */ 'ST-DEVELOPER v20.2',
/* originating_system */ 'Autodesk Translation Framework v15.15.0.0',
/* authorisation */ '');

FILE_SCHEMA (('AUTOMOTIVE_DESIGN { 1 0 10303 214 3 1 1 }'));
ENDSEC;

DATA;
#10=MECHANICAL_DESIGN_GEOMETRIC_PRESENTATION_REPRESENTATION('',(#13),#5488);
#11=SHAPE_REPRESENTATION_RELATIONSHIP('SRR','None',#5495,#12);
#12=ADVANCED_BREP_SHAPE_REPRESENTATION('',(#14),#5487);
#13=STYLED_ITEM('',(#5505),#14);
#14=MANIFOLD_SOLID_BREP('Rear floor',#3320);
#15=CONICAL_SURFACE('',#3587,0.311,0.785398163397449);
#16=CONICAL_SURFACE('',#3591,0.311,0.785398163397449);
#17=CONICAL_SURFACE('',#3595,0.311,0.785398163397449);
#18=CONICAL_SURFACE('',#3599,0.311,0.785398163397449);
#19=FACE_BOUND('',#408,.T.);
#20=FACE_BOUND('',#409,.T.);
#21=FACE_BOUND('',#410,.T.);
#22=FACE_BOUND('',#411,.T.);
#23=FACE_BOUND('',#412,.T.);
#24=FACE_BOUND('',#413,.T.);
#25=FACE_BOUND('',#414,.T.);
#26=FACE_BOUND('',#428,.T.);
#27=FACE_BOUND('',#429,.T.);
#28=FACE_BOUND('',#430,.T.);
#29=FACE_BOUND('',#431,.T.);
#30=FACE_BOUND('',#432,.T.);
#31=FACE_BOUND('',#433,.T.);
#32=FACE_BOUND('',#434,.T.);
#33=FACE_BOUND('',#435,.T.);
#34=FACE_BOUND('',#458,.T.);
#35=FACE_BOUND('',#459,.T.);
#36=FACE_BOUND('',#460,.T.);
#37=FACE_BOUND('',#461,.T.);
#38=FACE_BOUND('',#462,.T.);
#39=FACE_BOUND('',#476,.T.);
#40=FACE_BOUND('',#477,.T.);
#41=FACE_BOUND('',#478,.T.);
#42=FACE_BOUND('',#479,.T.);
#43=FACE_BOUND('',#480,.T.);
#44=FACE_BOUND('',#481,.T.);
#45=FACE_BOUND('',#482,.T.);
#46=FACE_BOUND('',#483,.T.);
#47=FACE_BOUND('',#485,.T.);
#48=FACE_BOUND('',#487,.T.);
#49=FACE_BOUND('',#583,.T.);
#50=FACE_BOUND('',#587,.T.);
#51=FACE_BOUND('',#591,.T.);
#52=FACE_BOUND('',#595,.T.);
#53=FACE_BOUND('',#600,.T.);
#54=FACE_BOUND('',#601,.T.);
#55=FACE_BOUND('',#602,.T.);
#56=FACE_BOUND('',#603,.T.);
#57=FACE_BOUND('',#604,.T.);
#58=FACE_BOUND('',#605,.T.);
#59=FACE_BOUND('',#611,.T.);
#60=FACE_BOUND('',#612,.T.);
#61=FACE_BOUND('',#613,.T.);
#62=FACE_BOUND('',#614,.T.);
#63=FACE_BOUND('',#615,.T.);
#64=FACE_BOUND('',#616,.T.);
#65=CIRCLE('',#3342,0.34);
#66=CIRCLE('',#3343,0.34);
#67=CIRCLE('',#3345,0.34);
#68=CIRCLE('',#3346,0.3);
#69=CIRCLE('',#3347,0.3);
#70=CIRCLE('',#3348,0.34);
#71=CIRCLE('',#3349,0.34);
#72=CIRCLE('',#3350,0.3);
#73=CIRCLE('',#3351,0.3);
#74=CIRCLE('',#3352,0.12);
#75=CIRCLE('',#3353,0.12);
#76=CIRCLE('',#3354,0.130000000000001);
#77=CIRCLE('',#3355,0.13);
#78=CIRCLE('',#3356,0.13);
#79=CIRCLE('',#3357,0.130000000000001);
#80=CIRCLE('',#3358,0.12);
#81=CIRCLE('',#3359,0.12);
#82=CIRCLE('',#3367,0.130000000000001);
#83=CIRCLE('',#3370,0.130000000000001);
#84=CIRCLE('',#3372,0.130000000000001);
#85=CIRCLE('',#3376,0.12);
#86=CIRCLE('',#3377,0.12);
#87=CIRCLE('',#3378,0.12);
#88=CIRCLE('',#3379,0.12);
#89=CIRCLE('',#3380,0.0499999999999998);
#90=CIRCLE('',#3381,0.05);
#91=CIRCLE('',#3382,0.0499999999999998);
#92=CIRCLE('',#3383,0.0499999999999998);
#93=CIRCLE('',#3384,0.2);
#94=CIRCLE('',#3385,0.2);
#95=CIRCLE('',#3386,0.12);
#96=CIRCLE('',#3387,0.12);
#97=CIRCLE('',#3388,0.12);
#98=CIRCLE('',#3389,0.12);
#99=CIRCLE('',#3390,0.31);
#100=CIRCLE('',#3391,0.31);
#101=CIRCLE('',#3392,0.31);
#102=CIRCLE('',#3393,0.31);
#103=CIRCLE('',#3399,0.34);
#104=CIRCLE('',#3407,0.130000000000001);
#105=CIRCLE('',#3410,0.130000000000001);
#106=CIRCLE('',#3412,0.130000000000001);
#107=CIRCLE('',#3419,0.34);
#108=CIRCLE('',#3421,0.3);
#109=CIRCLE('',#3422,0.3);
#110=CIRCLE('',#3423,0.34);
#111=CIRCLE('',#3424,0.3);
#112=CIRCLE('',#3425,0.3);
#113=CIRCLE('',#3426,0.12);
#114=CIRCLE('',#3427,0.12);
#115=CIRCLE('',#3428,0.03);
#116=CIRCLE('',#3429,0.0300000000000002);
#117=CIRCLE('',#3430,0.12);
#118=CIRCLE('',#3431,0.12);
#119=CIRCLE('',#3432,0.13);
#120=CIRCLE('',#3433,0.13);
#121=CIRCLE('',#3441,0.13);
#122=CIRCLE('',#3444,0.13);
#123=CIRCLE('',#3449,0.12);
#124=CIRCLE('',#3450,0.12);
#125=CIRCLE('',#3451,0.12);
#126=CIRCLE('',#3452,0.12);
#127=CIRCLE('',#3453,0.32);
#128=CIRCLE('',#3454,0.32);
#129=CIRCLE('',#3455,0.32);
#130=CIRCLE('',#3456,0.32);
#131=CIRCLE('',#3457,0.12);
#132=CIRCLE('',#3458,0.12);
#133=CIRCLE('',#3459,0.12);
#134=CIRCLE('',#3460,0.12);
#135=CIRCLE('',#3461,0.2);
#136=CIRCLE('',#3462,0.2);
#137=CIRCLE('',#3463,0.0499999999999998);
#138=CIRCLE('',#3464,0.0499999999999998);
#139=CIRCLE('',#3465,0.05);
#140=CIRCLE('',#3466,0.0499999999999998);
#141=CIRCLE('',#3479,0.13);
#142=CIRCLE('',#3482,0.13);
#143=CIRCLE('',#3496,0.17);
#144=CIRCLE('',#3497,0.17);
#145=CIRCLE('',#3499,0.13);
#146=CIRCLE('',#3500,0.13);
#147=CIRCLE('',#3504,0.17);
#148=CIRCLE('',#3505,0.17);
#149=CIRCLE('',#3507,0.13);
#150=CIRCLE('',#3508,0.13);
#151=CIRCLE('',#3512,0.17);
#152=CIRCLE('',#3513,0.17);
#153=CIRCLE('',#3515,0.13);
#154=CIRCLE('',#3516,0.13);
#155=CIRCLE('',#3520,0.17);
#156=CIRCLE('',#3521,0.17);
#157=CIRCLE('',#3523,0.13);
#158=CIRCLE('',#3524,0.13);
#159=CIRCLE('',#3546,0.325);
#160=CIRCLE('',#3547,0.325);
#161=CIRCLE('',#3569,0.0300000000000002);
#162=CIRCLE('',#3572,0.03);
#163=CIRCLE('',#3579,0.1);
#164=CIRCLE('',#3580,0.1);
#165=CIRCLE('',#3582,0.1);
#166=CIRCLE('',#3585,0.1);
#167=CIRCLE('',#3589,0.32);
#168=CIRCLE('',#3593,0.32);
#169=CIRCLE('',#3597,0.32);
#170=CIRCLE('',#3601,0.32);
#171=CYLINDRICAL_SURFACE('',#3341,0.34);
#172=CYLINDRICAL_SURFACE('',#3366,0.130000000000001);
#173=CYLINDRICAL_SURFACE('',#3371,0.130000000000001);
#174=CYLINDRICAL_SURFACE('',#3398,0.34);
#175=CYLINDRICAL_SURFACE('',#3406,0.130000000000001);
#176=CYLINDRICAL_SURFACE('',#3411,0.130000000000001);
#177=CYLINDRICAL_SURFACE('',#3418,0.34);
#178=CYLINDRICAL_SURFACE('',#3442,0.13);
#179=CYLINDRICAL_SURFACE('',#3443,0.13);
#180=CYLINDRICAL_SURFACE('',#3471,0.34);
#181=CYLINDRICAL_SURFACE('',#3480,0.13);
#182=CYLINDRICAL_SURFACE('',#3481,0.13);
#183=CYLINDRICAL_SURFACE('',#3490,0.12);
#184=CYLINDRICAL_SURFACE('',#3492,0.12);
#185=CYLINDRICAL_SURFACE('',#3493,0.12);
#186=CYLINDRICAL_SURFACE('',#3494,0.12);
#187=CYLINDRICAL_SURFACE('',#3495,0.17);
#188=CYLINDRICAL_SURFACE('',#3498,0.13);
#189=CYLINDRICAL_SURFACE('',#3503,0.17);
#190=CYLINDRICAL_SURFACE('',#3506,0.13);
#191=CYLINDRICAL_SURFACE('',#3511,0.17);
#192=CYLINDRICAL_SURFACE('',#3514,0.13);
#193=CYLINDRICAL_SURFACE('',#3519,0.17);
#194=CYLINDRICAL_SURFACE('',#3522,0.13);
#195=CYLINDRICAL_SURFACE('',#3528,0.05);
#196=CYLINDRICAL_SURFACE('',#3530,0.0499999999999998);
#197=CYLINDRICAL_SURFACE('',#3532,0.0499999999999998);
#198=CYLINDRICAL_SURFACE('',#3534,0.0499999999999998);
#199=CYLINDRICAL_SURFACE('',#3535,0.2);
#200=CYLINDRICAL_SURFACE('',#3536,0.2);
#201=CYLINDRICAL_SURFACE('',#3538,0.12);
#202=CYLINDRICAL_SURFACE('',#3540,0.12);
#203=CYLINDRICAL_SURFACE('',#3542,0.12);
#204=CYLINDRICAL_SURFACE('',#3544,0.12);
#205=CYLINDRICAL_SURFACE('',#3545,0.325);
#206=CYLINDRICAL_SURFACE('',#3568,0.0300000000000002);
#207=CYLINDRICAL_SURFACE('',#3575,0.03);
#208=CYLINDRICAL_SURFACE('',#3578,0.1);
#209=CYLINDRICAL_SURFACE('',#3584,0.1);
#210=CYLINDRICAL_SURFACE('',#3588,0.32);
#211=CYLINDRICAL_SURFACE('',#3592,0.32);
#212=CYLINDRICAL_SURFACE('',#3596,0.32);
#213=CYLINDRICAL_SURFACE('',#3600,0.32);
#214=CYLINDRICAL_SURFACE('',#3604,0.12);
#215=CYLINDRICAL_SURFACE('',#3605,0.12);
#216=CYLINDRICAL_SURFACE('',#3607,0.12);
#217=CYLINDRICAL_SURFACE('',#3608,0.12);
#218=CYLINDRICAL_SURFACE('',#3610,0.3);
#219=CYLINDRICAL_SURFACE('',#3612,0.3);
#220=CYLINDRICAL_SURFACE('',#3614,0.3);
#221=CYLINDRICAL_SURFACE('',#3616,0.3);
#222=FACE_OUTER_BOUND('',#399,.T.);
#223=FACE_OUTER_BOUND('',#400,.T.);
#224=FACE_OUTER_BOUND('',#401,.T.);
#225=FACE_OUTER_BOUND('',#402,.T.);
#226=FACE_OUTER_BOUND('',#403,.T.);
#227=FACE_OUTER_BOUND('',#404,.T.);
#228=FACE_OUTER_BOUND('',#405,.T.);
#229=FACE_OUTER_BOUND('',#406,.T.);
#230=FACE_OUTER_BOUND('',#407,.T.);
#231=FACE_OUTER_BOUND('',#415,.T.);
#232=FACE_OUTER_BOUND('',#416,.T.);
#233=FACE_OUTER_BOUND('',#417,.T.);
#234=FACE_OUTER_BOUND('',#418,.T.);
#235=FACE_OUTER_BOUND('',#419,.T.);
#236=FACE_OUTER_BOUND('',#420,.T.);
#237=FACE_OUTER_BOUND('',#421,.T.);
#238=FACE_OUTER_BOUND('',#422,.T.);
#239=FACE_OUTER_BOUND('',#423,.T.);
#240=FACE_OUTER_BOUND('',#424,.T.);
#241=FACE_OUTER_BOUND('',#425,.T.);
#242=FACE_OUTER_BOUND('',#426,.T.);
#243=FACE_OUTER_BOUND('',#427,.T.);
#244=FACE_OUTER_BOUND('',#436,.T.);
#245=FACE_OUTER_BOUND('',#437,.T.);
#246=FACE_OUTER_BOUND('',#438,.T.);
#247=FACE_OUTER_BOUND('',#439,.T.);
#248=FACE_OUTER_BOUND('',#440,.T.);
#249=FACE_OUTER_BOUND('',#441,.T.);
#250=FACE_OUTER_BOUND('',#442,.T.);
#251=FACE_OUTER_BOUND('',#443,.T.);
#252=FACE_OUTER_BOUND('',#444,.T.);
#253=FACE_OUTER_BOUND('',#445,.T.);
#254=FACE_OUTER_BOUND('',#446,.T.);
#255=FACE_OUTER_BOUND('',#447,.T.);
#256=FACE_OUTER_BOUND('',#448,.T.);
#257=FACE_OUTER_BOUND('',#449,.T.);
#258=FACE_OUTER_BOUND('',#450,.T.);
#259=FACE_OUTER_BOUND('',#451,.T.);
#260=FACE_OUTER_BOUND('',#452,.T.);
#261=FACE_OUTER_BOUND('',#453,.T.);
#262=FACE_OUTER_BOUND('',#454,.T.);
#263=FACE_OUTER_BOUND('',#455,.T.);
#264=FACE_OUTER_BOUND('',#456,.T.);
#265=FACE_OUTER_BOUND('',#457,.T.);
#266=FACE_OUTER_BOUND('',#463,.T.);
#267=FACE_OUTER_BOUND('',#464,.T.);
#268=FACE_OUTER_BOUND('',#465,.T.);
#269=FACE_OUTER_BOUND('',#466,.T.);
#270=FACE_OUTER_BOUND('',#467,.T.);
#271=FACE_OUTER_BOUND('',#468,.T.);
#272=FACE_OUTER_BOUND('',#469,.T.);
#273=FACE_OUTER_BOUND('',#470,.T.);
#274=FACE_OUTER_BOUND('',#471,.T.);
#275=FACE_OUTER_BOUND('',#472,.T.);
#276=FACE_OUTER_BOUND('',#473,.T.);
#277=FACE_OUTER_BOUND('',#474,.T.);
#278=FACE_OUTER_BOUND('',#475,.T.);
#279=FACE_OUTER_BOUND('',#484,.T.);
#280=FACE_OUTER_BOUND('',#486,.T.);
#281=FACE_OUTER_BOUND('',#488,.T.);
#282=FACE_OUTER_BOUND('',#489,.T.);
#283=FACE_OUTER_BOUND('',#490,.T.);
#284=FACE_OUTER_BOUND('',#491,.T.);
#285=FACE_OUTER_BOUND('',#492,.T.);
#286=FACE_OUTER_BOUND('',#493,.T.);
#287=FACE_OUTER_BOUND('',#494,.T.);
#288=FACE_OUTER_BOUND('',#495,.T.);
#289=FACE_OUTER_BOUND('',#496,.T.);
#290=FACE_OUTER_BOUND('',#497,.T.);
#291=FACE_OUTER_BOUND('',#498,.T.);
#292=FACE_OUTER_BOUND('',#499,.T.);
#293=FACE_OUTER_BOUND('',#500,.T.);
#294=FACE_OUTER_BOUND('',#501,.T.);
#295=FACE_OUTER_BOUND('',#502,.T.);
#296=FACE_OUTER_BOUND('',#503,.T.);
#297=FACE_OUTER_BOUND('',#504,.T.);
#298=FACE_OUTER_BOUND('',#505,.T.);
#299=FACE_OUTER_BOUND('',#506,.T.);
#300=FACE_OUTER_BOUND('',#507,.T.);
#301=FACE_OUTER_BOUND('',#508,.T.);
#302=FACE_OUTER_BOUND('',#509,.T.);
#303=FACE_OUTER_BOUND('',#510,.T.);
#304=FACE_OUTER_BOUND('',#511,.T.);
#305=FACE_OUTER_BOUND('',#512,.T.);
#306=FACE_OUTER_BOUND('',#513,.T.);
#307=FACE_OUTER_BOUND('',#514,.T.);
#308=FACE_OUTER_BOUND('',#515,.T.);
#309=FACE_OUTER_BOUND('',#516,.T.);
#310=FACE_OUTER_BOUND('',#517,.T.);
#311=FACE_OUTER_BOUND('',#518,.T.);
#312=FACE_OUTER_BOUND('',#519,.T.);
#313=FACE_OUTER_BOUND('',#520,.T.);
#314=FACE_OUTER_BOUND('',#521,.T.);
#315=FACE_OUTER_BOUND('',#522,.T.);
#316=FACE_OUTER_BOUND('',#523,.T.);
#317=FACE_OUTER_BOUND('',#524,.T.);
#318=FACE_OUTER_BOUND('',#525,.T.);
#319=FACE_OUTER_BOUND('',#526,.T.);
#320=FACE_OUTER_BOUND('',#527,.T.);
#321=FACE_OUTER_BOUND('',#528,.T.);
#322=FACE_OUTER_BOUND('',#529,.T.);
#323=FACE_OUTER_BOUND('',#530,.T.);
#324=FACE_OUTER_BOUND('',#531,.T.);
#325=FACE_OUTER_BOUND('',#532,.T.);
#326=FACE_OUTER_BOUND('',#533,.T.);
#327=FACE_OUTER_BOUND('',#534,.T.);
#328=FACE_OUTER_BOUND('',#535,.T.);
#329=FACE_OUTER_BOUND('',#536,.T.);
#330=FACE_OUTER_BOUND('',#537,.T.);
#331=FACE_OUTER_BOUND('',#538,.T.);
#332=FACE_OUTER_BOUND('',#539,.T.);
#333=FACE_OUTER_BOUND('',#540,.T.);
#334=FACE_OUTER_BOUND('',#541,.T.);
#335=FACE_OUTER_BOUND('',#542,.T.);
#336=FACE_OUTER_BOUND('',#543,.T.);
#337=FACE_OUTER_BOUND('',#544,.T.);
#338=FACE_OUTER_BOUND('',#545,.T.);
#339=FACE_OUTER_BOUND('',#546,.T.);
#340=FACE_OUTER_BOUND('',#547,.T.);
#341=FACE_OUTER_BOUND('',#548,.T.);
#342=FACE_OUTER_BOUND('',#549,.T.);
#343=FACE_OUTER_BOUND('',#550,.T.);
#344=FACE_OUTER_BOUND('',#551,.T.);
#345=FACE_OUTER_BOUND('',#552,.T.);
#346=FACE_OUTER_BOUND('',#553,.T.);
#347=FACE_OUTER_BOUND('',#554,.T.);
#348=FACE_OUTER_BOUND('',#555,.T.);
#349=FACE_OUTER_BOUND('',#556,.T.);
#350=FACE_OUTER_BOUND('',#557,.T.);
#351=FACE_OUTER_BOUND('',#558,.T.);
#352=FACE_OUTER_BOUND('',#559,.T.);
#353=FACE_OUTER_BOUND('',#560,.T.);
#354=FACE_OUTER_BOUND('',#561,.T.);
#355=FACE_OUTER_BOUND('',#562,.T.);
#356=FACE_OUTER_BOUND('',#563,.T.);
#357=FACE_OUTER_BOUND('',#564,.T.);
#358=FACE_OUTER_BOUND('',#565,.T.);
#359=FACE_OUTER_BOUND('',#566,.T.);
#360=FACE_OUTER_BOUND('',#567,.T.);
#361=FACE_OUTER_BOUND('',#568,.T.);
#362=FACE_OUTER_BOUND('',#569,.T.);
#363=FACE_OUTER_BOUND('',#570,.T.);
#364=FACE_OUTER_BOUND('',#571,.T.);
#365=FACE_OUTER_BOUND('',#572,.T.);
#366=FACE_OUTER_BOUND('',#573,.T.);
#367=FACE_OUTER_BOUND('',#574,.T.);
#368=FACE_OUTER_BOUND('',#575,.T.);
#369=FACE_OUTER_BOUND('',#576,.T.);
#370=FACE_OUTER_BOUND('',#577,.T.);
#371=FACE_OUTER_BOUND('',#578,.T.);
#372=FACE_OUTER_BOUND('',#579,.T.);
#373=FACE_OUTER_BOUND('',#580,.T.);
#374=FACE_OUTER_BOUND('',#581,.T.);
#375=FACE_OUTER_BOUND('',#582,.T.);
#376=FACE_OUTER_BOUND('',#584,.T.);
#377=FACE_OUTER_BOUND('',#585,.T.);
#378=FACE_OUTER_BOUND('',#586,.T.);
#379=FACE_OUTER_BOUND('',#588,.T.);
#380=FACE_OUTER_BOUND('',#589,.T.);
#381=FACE_OUTER_BOUND('',#590,.T.);
#382=FACE_OUTER_BOUND('',#592,.T.);
#383=FACE_OUTER_BOUND('',#593,.T.);
#384=FACE_OUTER_BOUND('',#594,.T.);
#385=FACE_OUTER_BOUND('',#596,.T.);
#386=FACE_OUTER_BOUND('',#597,.T.);
#387=FACE_OUTER_BOUND('',#598,.T.);
#388=FACE_OUTER_BOUND('',#599,.T.);
#389=FACE_OUTER_BOUND('',#606,.T.);
#390=FACE_OUTER_BOUND('',#607,.T.);
#391=FACE_OUTER_BOUND('',#608,.T.);
#392=FACE_OUTER_BOUND('',#609,.T.);
#393=FACE_OUTER_BOUND('',#610,.T.);
#394=FACE_OUTER_BOUND('',#617,.T.);
#395=FACE_OUTER_BOUND('',#618,.T.);
#396=FACE_OUTER_BOUND('',#619,.T.);
#397=FACE_OUTER_BOUND('',#620,.T.);
#398=FACE_OUTER_BOUND('',#621,.T.);
#399=EDGE_LOOP('',(#2099,#2100,#2101,#2102));
#400=EDGE_LOOP('',(#2103,#2104,#2105,#2106));
#401=EDGE_LOOP('',(#2107,#2108,#2109,#2110));
#402=EDGE_LOOP('',(#2111,#2112,#2113,#2114,#2115,#2116,#2117,#2118,#2119,
#2120,#2121,#2122));
#403=EDGE_LOOP('',(#2123,#2124,#2125,#2126));
#404=EDGE_LOOP('',(#2127,#2128,#2129,#2130));
#405=EDGE_LOOP('',(#2131,#2132,#2133,#2134));
#406=EDGE_LOOP('',(#2135,#2136,#2137,#2138));
#407=EDGE_LOOP('',(#2139,#2140,#2141,#2142,#2143,#2144,#2145,#2146,#2147,
#2148,#2149,#2150,#2151,#2152,#2153,#2154,#2155,#2156,#2157,#2158,#2159,
#2160,#2161,#2162));
#408=EDGE_LOOP('',(#2163,#2164,#2165,#2166));
#409=EDGE_LOOP('',(#2167,#2168,#2169,#2170,#2171,#2172,#2173,#2174,#2175,
#2176,#2177,#2178,#2179,#2180));
#410=EDGE_LOOP('',(#2181));
#411=EDGE_LOOP('',(#2182));
#412=EDGE_LOOP('',(#2183));
#413=EDGE_LOOP('',(#2184));
#414=EDGE_LOOP('',(#2185,#2186,#2187,#2188,#2189,#2190,#2191,#2192,#2193,
#2194,#2195,#2196,#2197,#2198));
#415=EDGE_LOOP('',(#2199,#2200,#2201,#2202));
#416=EDGE_LOOP('',(#2203,#2204,#2205,#2206));
#417=EDGE_LOOP('',(#2207,#2208,#2209,#2210));
#418=EDGE_LOOP('',(#2211,#2212,#2213,#2214));
#419=EDGE_LOOP('',(#2215,#2216,#2217,#2218));
#420=EDGE_LOOP('',(#2219,#2220,#2221,#2222));
#421=EDGE_LOOP('',(#2223,#2224,#2225,#2226));
#422=EDGE_LOOP('',(#2227));
#423=EDGE_LOOP('',(#2228));
#424=EDGE_LOOP('',(#2229,#2230,#2231,#2232));
#425=EDGE_LOOP('',(#2233,#2234,#2235,#2236));
#426=EDGE_LOOP('',(#2237,#2238,#2239,#2240));
#427=EDGE_LOOP('',(#2241,#2242,#2243,#2244,#2245,#2246,#2247,#2248,#2249,
#2250,#2251,#2252,#2253,#2254,#2255,#2256,#2257,#2258,#2259,#2260,#2261,
#2262,#2263,#2264));
#428=EDGE_LOOP('',(#2265,#2266,#2267,#2268,#2269,#2270,#2271,#2272));
#429=EDGE_LOOP('',(#2273));
#430=EDGE_LOOP('',(#2274));
#431=EDGE_LOOP('',(#2275,#2276,#2277,#2278,#2279,#2280,#2281,#2282));
#432=EDGE_LOOP('',(#2283));
#433=EDGE_LOOP('',(#2284));
#434=EDGE_LOOP('',(#2285));
#435=EDGE_LOOP('',(#2286));
#436=EDGE_LOOP('',(#2287,#2288,#2289,#2290));
#437=EDGE_LOOP('',(#2291,#2292,#2293,#2294));
#438=EDGE_LOOP('',(#2295,#2296,#2297,#2298));
#439=EDGE_LOOP('',(#2299,#2300,#2301,#2302));
#440=EDGE_LOOP('',(#2303,#2304,#2305,#2306));
#441=EDGE_LOOP('',(#2307,#2308,#2309,#2310));
#442=EDGE_LOOP('',(#2311,#2312,#2313,#2314));
#443=EDGE_LOOP('',(#2315,#2316,#2317,#2318));
#444=EDGE_LOOP('',(#2319,#2320,#2321,#2322));
#445=EDGE_LOOP('',(#2323,#2324,#2325,#2326));
#446=EDGE_LOOP('',(#2327,#2328,#2329,#2330));
#447=EDGE_LOOP('',(#2331,#2332,#2333,#2334));
#448=EDGE_LOOP('',(#2335));
#449=EDGE_LOOP('',(#2336));
#450=EDGE_LOOP('',(#2337,#2338,#2339,#2340));
#451=EDGE_LOOP('',(#2341,#2342,#2343,#2344));
#452=EDGE_LOOP('',(#2345,#2346,#2347,#2348));
#453=EDGE_LOOP('',(#2349,#2350,#2351,#2352));
#454=EDGE_LOOP('',(#2353,#2354,#2355,#2356));
#455=EDGE_LOOP('',(#2357,#2358,#2359,#2360));
#456=EDGE_LOOP('',(#2361,#2362,#2363,#2364));
#457=EDGE_LOOP('',(#2365,#2366,#2367,#2368,#2369,#2370,#2371,#2372,#2373,
#2374,#2375,#2376,#2377,#2378,#2379,#2380,#2381,#2382,#2383,#2384,#2385,
#2386,#2387,#2388));
#458=EDGE_LOOP('',(#2389));
#459=EDGE_LOOP('',(#2390,#2391,#2392,#2393,#2394,#2395,#2396,#2397,#2398,
#2399,#2400,#2401,#2402,#2403,#2404,#2405,#2406,#2407,#2408,#2409,#2410,
#2411,#2412,#2413,#2414,#2415,#2416,#2417,#2418,#2419));
#460=EDGE_LOOP('',(#2420));
#461=EDGE_LOOP('',(#2421));
#462=EDGE_LOOP('',(#2422));
#463=EDGE_LOOP('',(#2423,#2424,#2425,#2426));
#464=EDGE_LOOP('',(#2427,#2428,#2429,#2430));
#465=EDGE_LOOP('',(#2431,#2432,#2433,#2434));
#466=EDGE_LOOP('',(#2435,#2436,#2437,#2438));
#467=EDGE_LOOP('',(#2439,#2440,#2441,#2442));
#468=EDGE_LOOP('',(#2443,#2444,#2445,#2446));
#469=EDGE_LOOP('',(#2447));
#470=EDGE_LOOP('',(#2448,#2449,#2450,#2451));
#471=EDGE_LOOP('',(#2452,#2453,#2454,#2455));
#472=EDGE_LOOP('',(#2456));
#473=EDGE_LOOP('',(#2457,#2458,#2459,#2460));
#474=EDGE_LOOP('',(#2461,#2462,#2463,#2464));
#475=EDGE_LOOP('',(#2465,#2466,#2467,#2468,#2469,#2470,#2471,#2472,#2473,
#2474,#2475,#2476,#2477,#2478,#2479,#2480,#2481,#2482,#2483,#2484,#2485,
#2486,#2487,#2488));
#476=EDGE_LOOP('',(#2489));
#477=EDGE_LOOP('',(#2490));
#478=EDGE_LOOP('',(#2491));
#479=EDGE_LOOP('',(#2492));
#480=EDGE_LOOP('',(#2493,#2494,#2495,#2496,#2497,#2498,#2499,#2500));
#481=EDGE_LOOP('',(#2501));
#482=EDGE_LOOP('',(#2502));
#483=EDGE_LOOP('',(#2503,#2504,#2505,#2506,#2507,#2508,#2509,#2510));
#484=EDGE_LOOP('',(#2511,#2512,#2513,#2514,#2515,#2516,#2517,#2518));
#485=EDGE_LOOP('',(#2519,#2520,#2521,#2522));
#486=EDGE_LOOP('',(#2523,#2524,#2525,#2526));
#487=EDGE_LOOP('',(#2527,#2528,#2529,#2530));
#488=EDGE_LOOP('',(#2531,#2532,#2533,#2534));
#489=EDGE_LOOP('',(#2535,#2536,#2537,#2538));
#490=EDGE_LOOP('',(#2539,#2540,#2541,#2542));
#491=EDGE_LOOP('',(#2543,#2544,#2545,#2546));
#492=EDGE_LOOP('',(#2547,#2548,#2549,#2550));
#493=EDGE_LOOP('',(#2551,#2552,#2553,#2554));
#494=EDGE_LOOP('',(#2555,#2556,#2557,#2558));
#495=EDGE_LOOP('',(#2559,#2560,#2561,#2562));
#496=EDGE_LOOP('',(#2563,#2564,#2565,#2566));
#497=EDGE_LOOP('',(#2567));
#498=EDGE_LOOP('',(#2568,#2569,#2570,#2571));
#499=EDGE_LOOP('',(#2572,#2573,#2574,#2575));
#500=EDGE_LOOP('',(#2576));
#501=EDGE_LOOP('',(#2577,#2578,#2579,#2580));
#502=EDGE_LOOP('',(#2581,#2582,#2583,#2584));
#503=EDGE_LOOP('',(#2585,#2586,#2587,#2588));
#504=EDGE_LOOP('',(#2589,#2590,#2591,#2592));
#505=EDGE_LOOP('',(#2593,#2594,#2595,#2596));
#506=EDGE_LOOP('',(#2597,#2598,#2599,#2600,#2601,#2602,#2603,#2604,#2605,
#2606,#2607,#2608));
#507=EDGE_LOOP('',(#2609,#2610,#2611,#2612));
#508=EDGE_LOOP('',(#2613,#2614,#2615,#2616));
#509=EDGE_LOOP('',(#2617,#2618,#2619,#2620));
#510=EDGE_LOOP('',(#2621,#2622,#2623,#2624));
#511=EDGE_LOOP('',(#2625,#2626,#2627,#2628));
#512=EDGE_LOOP('',(#2629,#2630,#2631,#2632));
#513=EDGE_LOOP('',(#2633,#2634,#2635,#2636));
#514=EDGE_LOOP('',(#2637));
#515=EDGE_LOOP('',(#2638));
#516=EDGE_LOOP('',(#2639,#2640,#2641,#2642));
#517=EDGE_LOOP('',(#2643,#2644,#2645,#2646));
#518=EDGE_LOOP('',(#2647));
#519=EDGE_LOOP('',(#2648));
#520=EDGE_LOOP('',(#2649,#2650,#2651,#2652));
#521=EDGE_LOOP('',(#2653,#2654,#2655,#2656));
#522=EDGE_LOOP('',(#2657));
#523=EDGE_LOOP('',(#2658));
#524=EDGE_LOOP('',(#2659,#2660,#2661,#2662));
#525=EDGE_LOOP('',(#2663,#2664,#2665,#2666));
#526=EDGE_LOOP('',(#2667));
#527=EDGE_LOOP('',(#2668));
#528=EDGE_LOOP('',(#2669,#2670,#2671,#2672));
#529=EDGE_LOOP('',(#2673,#2674,#2675,#2676));
#530=EDGE_LOOP('',(#2677,#2678,#2679,#2680));
#531=EDGE_LOOP('',(#2681,#2682,#2683,#2684));
#532=EDGE_LOOP('',(#2685,#2686,#2687,#2688));
#533=EDGE_LOOP('',(#2689,#2690,#2691,#2692));
#534=EDGE_LOOP('',(#2693,#2694,#2695,#2696));
#535=EDGE_LOOP('',(#2697,#2698,#2699,#2700));
#536=EDGE_LOOP('',(#2701,#2702,#2703,#2704));
#537=EDGE_LOOP('',(#2705,#2706,#2707,#2708));
#538=EDGE_LOOP('',(#2709,#2710,#2711,#2712));
#539=EDGE_LOOP('',(#2713,#2714,#2715,#2716));
#540=EDGE_LOOP('',(#2717,#2718,#2719,#2720));
#541=EDGE_LOOP('',(#2721,#2722,#2723,#2724));
#542=EDGE_LOOP('',(#2725,#2726,#2727,#2728));
#543=EDGE_LOOP('',(#2729,#2730,#2731,#2732));
#544=EDGE_LOOP('',(#2733,#2734,#2735,#2736));
#545=EDGE_LOOP('',(#2737,#2738,#2739,#2740));
#546=EDGE_LOOP('',(#2741,#2742,#2743,#2744));
#547=EDGE_LOOP('',(#2745,#2746,#2747,#2748));
#548=EDGE_LOOP('',(#2749,#2750,#2751,#2752));
#549=EDGE_LOOP('',(#2753,#2754,#2755,#2756));
#550=EDGE_LOOP('',(#2757,#2758,#2759,#2760));
#551=EDGE_LOOP('',(#2761,#2762,#2763,#2764));
#552=EDGE_LOOP('',(#2765,#2766,#2767,#2768));
#553=EDGE_LOOP('',(#2769,#2770,#2771,#2772));
#554=EDGE_LOOP('',(#2773,#2774,#2775,#2776));
#555=EDGE_LOOP('',(#2777,#2778,#2779,#2780));
#556=EDGE_LOOP('',(#2781,#2782,#2783,#2784));
#557=EDGE_LOOP('',(#2785,#2786,#2787,#2788));
#558=EDGE_LOOP('',(#2789,#2790,#2791,#2792));
#559=EDGE_LOOP('',(#2793,#2794,#2795,#2796));
#560=EDGE_LOOP('',(#2797,#2798,#2799,#2800));
#561=EDGE_LOOP('',(#2801,#2802,#2803,#2804));
#562=EDGE_LOOP('',(#2805,#2806,#2807,#2808));
#563=EDGE_LOOP('',(#2809,#2810,#2811,#2812));
#564=EDGE_LOOP('',(#2813,#2814,#2815,#2816));
#565=EDGE_LOOP('',(#2817,#2818,#2819,#2820));
#566=EDGE_LOOP('',(#2821,#2822,#2823,#2824));
#567=EDGE_LOOP('',(#2825,#2826,#2827,#2828));
#568=EDGE_LOOP('',(#2829,#2830,#2831,#2832));
#569=EDGE_LOOP('',(#2833,#2834,#2835,#2836,#2837,#2838));
#570=EDGE_LOOP('',(#2839,#2840,#2841,#2842));
#571=EDGE_LOOP('',(#2843,#2844,#2845,#2846));
#572=EDGE_LOOP('',(#2847,#2848,#2849,#2850));
#573=EDGE_LOOP('',(#2851,#2852,#2853,#2854));
#574=EDGE_LOOP('',(#2855,#2856,#2857,#2858));
#575=EDGE_LOOP('',(#2859,#2860,#2861,#2862));
#576=EDGE_LOOP('',(#2863,#2864,#2865,#2866,#2867,#2868));
#577=EDGE_LOOP('',(#2869,#2870,#2871,#2872));
#578=EDGE_LOOP('',(#2873,#2874,#2875,#2876));
#579=EDGE_LOOP('',(#2877,#2878,#2879,#2880,#2881,#2882));
#580=EDGE_LOOP('',(#2883,#2884,#2885,#2886));
#581=EDGE_LOOP('',(#2887,#2888,#2889,#2890));
#582=EDGE_LOOP('',(#2891));
#583=EDGE_LOOP('',(#2892));
#584=EDGE_LOOP('',(#2893,#2894,#2895,#2896));
#585=EDGE_LOOP('',(#2897,#2898,#2899,#2900));
#586=EDGE_LOOP('',(#2901));
#587=EDGE_LOOP('',(#2902));
#588=EDGE_LOOP('',(#2903,#2904,#2905,#2906));
#589=EDGE_LOOP('',(#2907,#2908,#2909,#2910));
#590=EDGE_LOOP('',(#2911));
#591=EDGE_LOOP('',(#2912));
#592=EDGE_LOOP('',(#2913,#2914,#2915,#2916));
#593=EDGE_LOOP('',(#2917,#2918,#2919,#2920));
#594=EDGE_LOOP('',(#2921));
#595=EDGE_LOOP('',(#2922));
#596=EDGE_LOOP('',(#2923,#2924,#2925,#2926));
#597=EDGE_LOOP('',(#2927,#2928,#2929,#2930));
#598=EDGE_LOOP('',(#2931,#2932,#2933,#2934));
#599=EDGE_LOOP('',(#2935,#2936,#2937,#2938));
#600=EDGE_LOOP('',(#2939,#2940,#2941,#2942));
#601=EDGE_LOOP('',(#2943,#2944,#2945,#2946));
#602=EDGE_LOOP('',(#2947,#2948,#2949,#2950));
#603=EDGE_LOOP('',(#2951,#2952,#2953,#2954));
#604=EDGE_LOOP('',(#2955,#2956,#2957,#2958));
#605=EDGE_LOOP('',(#2959));
#606=EDGE_LOOP('',(#2960,#2961,#2962,#2963));
#607=EDGE_LOOP('',(#2964,#2965,#2966,#2967));
#608=EDGE_LOOP('',(#2968,#2969,#2970,#2971));
#609=EDGE_LOOP('',(#2972,#2973,#2974,#2975));
#610=EDGE_LOOP('',(#2976,#2977,#2978,#2979));
#611=EDGE_LOOP('',(#2980));
#612=EDGE_LOOP('',(#2981,#2982,#2983,#2984));
#613=EDGE_LOOP('',(#2985,#2986,#2987,#2988));
#614=EDGE_LOOP('',(#2989,#2990,#2991,#2992));
#615=EDGE_LOOP('',(#2993,#2994,#2995,#2996));
#616=EDGE_LOOP('',(#2997,#2998,#2999,#3000));
#617=EDGE_LOOP('',(#3001,#3002,#3003,#3004));
#618=EDGE_LOOP('',(#3005,#3006,#3007,#3008));
#619=EDGE_LOOP('',(#3009,#3010,#3011,#3012));
#620=EDGE_LOOP('',(#3013,#3014,#3015,#3016));
#621=EDGE_LOOP('',(#3017,#3018,#3019,#3020));
#622=LINE('',#4544,#977);
#623=LINE('',#4546,#978);
#624=LINE('',#4548,#979);
#625=LINE('',#4549,#980);
#626=LINE('',#4553,#981);
#627=LINE('',#4555,#982);
#628=LINE('',#4557,#983);
#629=LINE('',#4558,#984);
#630=LINE('',#4560,#985);
#631=LINE('',#4561,#986);
#632=LINE('',#4564,#987);
#633=LINE('',#4566,#988);
#634=LINE('',#4568,#989);
#635=LINE('',#4570,#990);
#636=LINE('',#4572,#991);
#637=LINE('',#4574,#992);
#638=LINE('',#4576,#993);
#639=LINE('',#4578,#994);
#640=LINE('',#4579,#995);
#641=LINE('',#4582,#996);
#642=LINE('',#4584,#997);
#643=LINE('',#4585,#998);
#644=LINE('',#4588,#999);
#645=LINE('',#4590,#1000);
#646=LINE('',#4591,#1001);
#647=LINE('',#4593,#1002);
#648=LINE('',#4597,#1003);
#649=LINE('',#4601,#1004);
#650=LINE('',#4605,#1005);
#651=LINE('',#4607,#1006);
#652=LINE('',#4609,#1007);
#653=LINE('',#4613,#1008);
#654=LINE('',#4615,#1009);
#655=LINE('',#4619,#1010);
#656=LINE('',#4623,#1011);
#657=LINE('',#4625,#1012);
#658=LINE('',#4629,#1013);
#659=LINE('',#4631,#1014);
#660=LINE('',#4633,#1015);
#661=LINE('',#4637,#1016);
#662=LINE('',#4639,#1017);
#663=LINE('',#4643,#1018);
#664=LINE('',#4647,#1019);
#665=LINE('',#4648,#1020);
#666=LINE('',#4649,#1021);
#667=LINE('',#4653,#1022);
#668=LINE('',#4655,#1023);
#669=LINE('',#4657,#1024);
#670=LINE('',#4659,#1025);
#671=LINE('',#4661,#1026);
#672=LINE('',#4663,#1027);
#673=LINE('',#4665,#1028);
#674=LINE('',#4667,#1029);
#675=LINE('',#4669,#1030);
#676=LINE('',#4672,#1031);
#677=LINE('',#4682,#1032);
#678=LINE('',#4686,#1033);
#679=LINE('',#4688,#1034);
#680=LINE('',#4690,#1035);
#681=LINE('',#4692,#1036);
#682=LINE('',#4694,#1037);
#683=LINE('',#4696,#1038);
#684=LINE('',#4698,#1039);
#685=LINE('',#4700,#1040);
#686=LINE('',#4702,#1041);
#687=LINE('',#4706,#1042);
#688=LINE('',#4707,#1043);
#689=LINE('',#4711,#1044);
#690=LINE('',#4713,#1045);
#691=LINE('',#4715,#1046);
#692=LINE('',#4716,#1047);
#693=LINE('',#4720,#1048);
#694=LINE('',#4721,#1049);
#695=LINE('',#4722,#1050);
#696=LINE('',#4725,#1051);
#697=LINE('',#4727,#1052);
#698=LINE('',#4728,#1053);
#699=LINE('',#4731,#1054);
#700=LINE('',#4733,#1055);
#701=LINE('',#4734,#1056);
#702=LINE('',#4737,#1057);
#703=LINE('',#4738,#1058);
#704=LINE('',#4741,#1059);
#705=LINE('',#4749,#1060);
#706=LINE('',#4754,#1061);
#707=LINE('',#4755,#1062);
#708=LINE('',#4756,#1063);
#709=LINE('',#4758,#1064);
#710=LINE('',#4761,#1065);
#711=LINE('',#4763,#1066);
#712=LINE('',#4765,#1067);
#713=LINE('',#4767,#1068);
#714=LINE('',#4769,#1069);
#715=LINE('',#4773,#1070);
#716=LINE('',#4777,#1071);
#717=LINE('',#4779,#1072);
#718=LINE('',#4781,#1073);
#719=LINE('',#4783,#1074);
#720=LINE('',#4785,#1075);
#721=LINE('',#4787,#1076);
#722=LINE('',#4789,#1077);
#723=LINE('',#4791,#1078);
#724=LINE('',#4793,#1079);
#725=LINE('',#4797,#1080);
#726=LINE('',#4800,#1081);
#727=LINE('',#4804,#1082);
#728=LINE('',#4808,#1083);
#729=LINE('',#4812,#1084);
#730=LINE('',#4820,#1085);
#731=LINE('',#4824,#1086);
#732=LINE('',#4828,#1087);
#733=LINE('',#4832,#1088);
#734=LINE('',#4843,#1089);
#735=LINE('',#4846,#1090);
#736=LINE('',#4847,#1091);
#737=LINE('',#4850,#1092);
#738=LINE('',#4852,#1093);
#739=LINE('',#4853,#1094);
#740=LINE('',#4856,#1095);
#741=LINE('',#4858,#1096);
#742=LINE('',#4859,#1097);
#743=LINE('',#4862,#1098);
#744=LINE('',#4865,#1099);
#745=LINE('',#4867,#1100);
#746=LINE('',#4870,#1101);
#747=LINE('',#4872,#1102);
#748=LINE('',#4873,#1103);
#749=LINE('',#4875,#1104);
#750=LINE('',#4878,#1105);
#751=LINE('',#4880,#1106);
#752=LINE('',#4881,#1107);
#753=LINE('',#4885,#1108);
#754=LINE('',#4886,#1109);
#755=LINE('',#4887,#1110);
#756=LINE('',#4890,#1111);
#757=LINE('',#4891,#1112);
#758=LINE('',#4894,#1113);
#759=LINE('',#4902,#1114);
#760=LINE('',#4905,#1115);
#761=LINE('',#4906,#1116);
#762=LINE('',#4909,#1117);
#763=LINE('',#4912,#1118);
#764=LINE('',#4913,#1119);
#765=LINE('',#4916,#1120);
#766=LINE('',#4918,#1121);
#767=LINE('',#4919,#1122);
#768=LINE('',#4922,#1123);
#769=LINE('',#4924,#1124);
#770=LINE('',#4928,#1125);
#771=LINE('',#4932,#1126);
#772=LINE('',#4936,#1127);
#773=LINE('',#4937,#1128);
#774=LINE('',#4939,#1129);
#775=LINE('',#4941,#1130);
#776=LINE('',#4943,#1131);
#777=LINE('',#4947,#1132);
#778=LINE('',#4949,#1133);
#779=LINE('',#4953,#1134);
#780=LINE('',#4958,#1135);
#781=LINE('',#4962,#1136);
#782=LINE('',#4964,#1137);
#783=LINE('',#4966,#1138);
#784=LINE('',#4968,#1139);
#785=LINE('',#4970,#1140);
#786=LINE('',#4972,#1141);
#787=LINE('',#4976,#1142);
#788=LINE('',#4980,#1143);
#789=LINE('',#4982,#1144);
#790=LINE('',#4984,#1145);
#791=LINE('',#4986,#1146);
#792=LINE('',#4988,#1147);
#793=LINE('',#4990,#1148);
#794=LINE('',#4994,#1149);
#795=LINE('',#5001,#1150);
#796=LINE('',#5003,#1151);
#797=LINE('',#5004,#1152);
#798=LINE('',#5008,#1153);
#799=LINE('',#5009,#1154);
#800=LINE('',#5010,#1155);
#801=LINE('',#5012,#1156);
#802=LINE('',#5014,#1157);
#803=LINE('',#5016,#1158);
#804=LINE('',#5021,#1159);
#805=LINE('',#5025,#1160);
#806=LINE('',#5029,#1161);
#807=LINE('',#5030,#1162);
#808=LINE('',#5033,#1163);
#809=LINE('',#5034,#1164);
#810=LINE('',#5039,#1165);
#811=LINE('',#5042,#1166);
#812=LINE('',#5044,#1167);
#813=LINE('',#5046,#1168);
#814=LINE('',#5048,#1169);
#815=LINE('',#5050,#1170);
#816=LINE('',#5052,#1171);
#817=LINE('',#5056,#1172);
#818=LINE('',#5068,#1173);
#819=LINE('',#5072,#1174);
#820=LINE('',#5076,#1175);
#821=LINE('',#5080,#1176);
#822=LINE('',#5088,#1177);
#823=LINE('',#5092,#1178);
#824=LINE('',#5096,#1179);
#825=LINE('',#5100,#1180);
#826=LINE('',#5104,#1181);
#827=LINE('',#5106,#1182);
#828=LINE('',#5107,#1183);
#829=LINE('',#5108,#1184);
#830=LINE('',#5111,#1185);
#831=LINE('',#5113,#1186);
#832=LINE('',#5115,#1187);
#833=LINE('',#5116,#1188);
#834=LINE('',#5118,#1189);
#835=LINE('',#5121,#1190);
#836=LINE('',#5123,#1191);
#837=LINE('',#5125,#1192);
#838=LINE('',#5126,#1193);
#839=LINE('',#5128,#1194);
#840=LINE('',#5130,#1195);
#841=LINE('',#5132,#1196);
#842=LINE('',#5133,#1197);
#843=LINE('',#5136,#1198);
#844=LINE('',#5138,#1199);
#845=LINE('',#5140,#1200);
#846=LINE('',#5142,#1201);
#847=LINE('',#5144,#1202);
#848=LINE('',#5149,#1203);
#849=LINE('',#5153,#1204);
#850=LINE('',#5156,#1205);
#851=LINE('',#5158,#1206);
#852=LINE('',#5160,#1207);
#853=LINE('',#5162,#1208);
#854=LINE('',#5164,#1209);
#855=LINE('',#5166,#1210);
#856=LINE('',#5167,#1211);
#857=LINE('',#5170,#1212);
#858=LINE('',#5178,#1213);
#859=LINE('',#5184,#1214);
#860=LINE('',#5192,#1215);
#861=LINE('',#5198,#1216);
#862=LINE('',#5206,#1217);
#863=LINE('',#5212,#1218);
#864=LINE('',#5220,#1219);
#865=LINE('',#5226,#1220);
#866=LINE('',#5231,#1221);
#867=LINE('',#5232,#1222);
#868=LINE('',#5234,#1223);
#869=LINE('',#5236,#1224);
#870=LINE('',#5238,#1225);
#871=LINE('',#5240,#1226);
#872=LINE('',#5242,#1227);
#873=LINE('',#5244,#1228);
#874=LINE('',#5247,#1229);
#875=LINE('',#5249,#1230);
#876=LINE('',#5251,#1231);
#877=LINE('',#5252,#1232);
#878=LINE('',#5254,#1233);
#879=LINE('',#5256,#1234);
#880=LINE('',#5258,#1235);
#881=LINE('',#5260,#1236);
#882=LINE('',#5262,#1237);
#883=LINE('',#5264,#1238);
#884=LINE('',#5270,#1239);
#885=LINE('',#5275,#1240);
#886=LINE('',#5277,#1241);
#887=LINE('',#5279,#1242);
#888=LINE('',#5280,#1243);
#889=LINE('',#5283,#1244);
#890=LINE('',#5285,#1245);
#891=LINE('',#5286,#1246);
#892=LINE('',#5289,#1247);
#893=LINE('',#5291,#1248);
#894=LINE('',#5292,#1249);
#895=LINE('',#5294,#1250);
#896=LINE('',#5295,#1251);
#897=LINE('',#5299,#1252);
#898=LINE('',#5301,#1253);
#899=LINE('',#5303,#1254);
#900=LINE('',#5304,#1255);
#901=LINE('',#5307,#1256);
#902=LINE('',#5309,#1257);
#903=LINE('',#5310,#1258);
#904=LINE('',#5313,#1259);
#905=LINE('',#5315,#1260);
#906=LINE('',#5316,#1261);
#907=LINE('',#5318,#1262);
#908=LINE('',#5319,#1263);
#909=LINE('',#5323,#1264);
#910=LINE('',#5325,#1265);
#911=LINE('',#5327,#1266);
#912=LINE('',#5328,#1267);
#913=LINE('',#5331,#1268);
#914=LINE('',#5333,#1269);
#915=LINE('',#5334,#1270);
#916=LINE('',#5337,#1271);
#917=LINE('',#5339,#1272);
#918=LINE('',#5340,#1273);
#919=LINE('',#5342,#1274);
#920=LINE('',#5343,#1275);
#921=LINE('',#5347,#1276);
#922=LINE('',#5349,#1277);
#923=LINE('',#5351,#1278);
#924=LINE('',#5352,#1279);
#925=LINE('',#5355,#1280);
#926=LINE('',#5357,#1281);
#927=LINE('',#5358,#1282);
#928=LINE('',#5361,#1283);
#929=LINE('',#5363,#1284);
#930=LINE('',#5364,#1285);
#931=LINE('',#5366,#1286);
#932=LINE('',#5367,#1287);
#933=LINE('',#5371,#1288);
#934=LINE('',#5373,#1289);
#935=LINE('',#5375,#1290);
#936=LINE('',#5376,#1291);
#937=LINE('',#5379,#1292);
#938=LINE('',#5381,#1293);
#939=LINE('',#5382,#1294);
#940=LINE('',#5385,#1295);
#941=LINE('',#5387,#1296);
#942=LINE('',#5388,#1297);
#943=LINE('',#5390,#1298);
#944=LINE('',#5391,#1299);
#945=LINE('',#5394,#1300);
#946=LINE('',#5397,#1301);
#947=LINE('',#5399,#1302);
#948=LINE('',#5402,#1303);
#949=LINE('',#5405,#1304);
#950=LINE('',#5407,#1305);
#951=LINE('',#5409,#1306);
#952=LINE('',#5412,#1307);
#953=LINE('',#5415,#1308);
#954=LINE('',#5417,#1309);
#955=LINE('',#5418,#1310);
#956=LINE('',#5425,#1311);
#957=LINE('',#5428,#1312);
#958=LINE('',#5429,#1313);
#959=LINE('',#5434,#1314);
#960=LINE('',#5438,#1315);
#961=LINE('',#5441,#1316);
#962=LINE('',#5445,#1317);
#963=LINE('',#5448,#1318);
#964=LINE('',#5452,#1319);
#965=LINE('',#5455,#1320);
#966=LINE('',#5459,#1321);
#967=LINE('',#5462,#1322);
#968=LINE('',#5463,#1323);
#969=LINE('',#5466,#1324);
#970=LINE('',#5468,#1325);
#971=LINE('',#5472,#1326);
#972=LINE('',#5474,#1327);
#973=LINE('',#5476,#1328);
#974=LINE('',#5478,#1329);
#975=LINE('',#5481,#1330);
#976=LINE('',#5483,#1331);
#977=VECTOR('',#3621,1.);
#978=VECTOR('',#3622,1.);
#979=VECTOR('',#3623,1.);
#980=VECTOR('',#3624,1.);
#981=VECTOR('',#3627,1.);
#982=VECTOR('',#3628,1.);
#983=VECTOR('',#3629,1.);
#984=VECTOR('',#3630,1.);
#985=VECTOR('',#3633,1.);
#986=VECTOR('',#3634,1.);
#987=VECTOR('',#3637,1.);
#988=VECTOR('',#3638,1.);
#989=VECTOR('',#3639,1.);
#990=VECTOR('',#3640,1.);
#991=VECTOR('',#3641,1.);
#992=VECTOR('',#3642,1.);
#993=VECTOR('',#3643,1.);
#994=VECTOR('',#3644,1.);
#995=VECTOR('',#3645,1.);
#996=VECTOR('',#3648,1.);
#997=VECTOR('',#3649,1.);
#998=VECTOR('',#3650,1.);
#999=VECTOR('',#3653,1.);
#1000=VECTOR('',#3654,1.);
#1001=VECTOR('',#3655,1.);
#1002=VECTOR('',#3658,1.);
#1003=VECTOR('',#3661,1.);
#1004=VECTOR('',#3664,1.);
#1005=VECTOR('',#3669,1.);
#1006=VECTOR('',#3670,1.);
#1007=VECTOR('',#3671,1.);
#1008=VECTOR('',#3674,1.);
#1009=VECTOR('',#3675,1.);
#1010=VECTOR('',#3678,1.);
#1011=VECTOR('',#3681,1.);
#1012=VECTOR('',#3682,1.);
#1013=VECTOR('',#3685,1.);
#1014=VECTOR('',#3686,1.);
#1015=VECTOR('',#3687,1.);
#1016=VECTOR('',#3690,1.);
#1017=VECTOR('',#3691,1.);
#1018=VECTOR('',#3694,1.);
#1019=VECTOR('',#3697,1.);
#1020=VECTOR('',#3698,1.);
#1021=VECTOR('',#3699,1.);
#1022=VECTOR('',#3702,1.);
#1023=VECTOR('',#3703,1.);
#1024=VECTOR('',#3704,1.);
#1025=VECTOR('',#3705,1.);
#1026=VECTOR('',#3706,1.);
#1027=VECTOR('',#3707,1.);
#1028=VECTOR('',#3708,1.);
#1029=VECTOR('',#3709,1.);
#1030=VECTOR('',#3710,1.);
#1031=VECTOR('',#3713,1.);
#1032=VECTOR('',#3722,1.);
#1033=VECTOR('',#3725,1.);
#1034=VECTOR('',#3726,1.);
#1035=VECTOR('',#3727,1.);
#1036=VECTOR('',#3728,1.);
#1037=VECTOR('',#3729,1.);
#1038=VECTOR('',#3730,1.);
#1039=VECTOR('',#3731,1.);
#1040=VECTOR('',#3732,1.);
#1041=VECTOR('',#3733,1.);
#1042=VECTOR('',#3738,1.);
#1043=VECTOR('',#3739,1.);
#1044=VECTOR('',#3742,1.);
#1045=VECTOR('',#3743,1.);
#1046=VECTOR('',#3744,1.);
#1047=VECTOR('',#3745,1.);
#1048=VECTOR('',#3748,1.);
#1049=VECTOR('',#3749,1.);
#1050=VECTOR('',#3750,1.);
#1051=VECTOR('',#3753,1.);
#1052=VECTOR('',#3754,1.);
#1053=VECTOR('',#3755,1.);
#1054=VECTOR('',#3758,1.);
#1055=VECTOR('',#3759,1.);
#1056=VECTOR('',#3760,1.);
#1057=VECTOR('',#3763,1.);
#1058=VECTOR('',#3764,1.);
#1059=VECTOR('',#3767,0.130000000000001);
#1060=VECTOR('',#3778,0.130000000000001);
#1061=VECTOR('',#3783,1.);
#1062=VECTOR('',#3784,1.);
#1063=VECTOR('',#3785,1.);
#1064=VECTOR('',#3788,1.);
#1065=VECTOR('',#3791,1.);
#1066=VECTOR('',#3792,1.);
#1067=VECTOR('',#3793,1.);
#1068=VECTOR('',#3794,1.);
#1069=VECTOR('',#3795,1.);
#1070=VECTOR('',#3798,1.);
#1071=VECTOR('',#3801,1.);
#1072=VECTOR('',#3802,1.);
#1073=VECTOR('',#3803,1.);
#1074=VECTOR('',#3804,1.);
#1075=VECTOR('',#3805,1.);
#1076=VECTOR('',#3806,1.);
#1077=VECTOR('',#3807,1.);
#1078=VECTOR('',#3808,1.);
#1079=VECTOR('',#3809,1.);
#1080=VECTOR('',#3814,1.);
#1081=VECTOR('',#3815,1.);
#1082=VECTOR('',#3818,1.);
#1083=VECTOR('',#3821,1.);
#1084=VECTOR('',#3824,1.);
#1085=VECTOR('',#3831,1.);
#1086=VECTOR('',#3834,1.);
#1087=VECTOR('',#3837,1.);
#1088=VECTOR('',#3840,1.);
#1089=VECTOR('',#3853,1.);
#1090=VECTOR('',#3856,1.);
#1091=VECTOR('',#3857,1.);
#1092=VECTOR('',#3860,1.);
#1093=VECTOR('',#3861,1.);
#1094=VECTOR('',#3862,1.);
#1095=VECTOR('',#3865,1.);
#1096=VECTOR('',#3866,1.);
#1097=VECTOR('',#3867,1.);
#1098=VECTOR('',#3870,1.);
#1099=VECTOR('',#3873,1.);
#1100=VECTOR('',#3876,1.);
#1101=VECTOR('',#3879,1.);
#1102=VECTOR('',#3880,1.);
#1103=VECTOR('',#3881,1.);
#1104=VECTOR('',#3884,1.);
#1105=VECTOR('',#3887,1.);
#1106=VECTOR('',#3888,1.);
#1107=VECTOR('',#3889,1.);
#1108=VECTOR('',#3892,1.);
#1109=VECTOR('',#3893,1.);
#1110=VECTOR('',#3894,1.);
#1111=VECTOR('',#3897,1.);
#1112=VECTOR('',#3898,1.);
#1113=VECTOR('',#3901,0.130000000000001);
#1114=VECTOR('',#3912,0.130000000000001);
#1115=VECTOR('',#3917,1.);
#1116=VECTOR('',#3918,1.);
#1117=VECTOR('',#3923,1.);
#1118=VECTOR('',#3926,1.);
#1119=VECTOR('',#3927,1.);
#1120=VECTOR('',#3930,1.);
#1121=VECTOR('',#3931,1.);
#1122=VECTOR('',#3932,1.);
#1123=VECTOR('',#3935,1.);
#1124=VECTOR('',#3936,1.);
#1125=VECTOR('',#3941,1.);
#1126=VECTOR('',#3944,1.);
#1127=VECTOR('',#3947,1.);
#1128=VECTOR('',#3948,1.);
#1129=VECTOR('',#3949,1.);
#1130=VECTOR('',#3950,1.);
#1131=VECTOR('',#3951,1.);
#1132=VECTOR('',#3954,1.);
#1133=VECTOR('',#3955,1.);
#1134=VECTOR('',#3958,1.);
#1135=VECTOR('',#3963,1.);
#1136=VECTOR('',#3966,1.);
#1137=VECTOR('',#3967,1.);
#1138=VECTOR('',#3968,1.);
#1139=VECTOR('',#3969,1.);
#1140=VECTOR('',#3970,1.);
#1141=VECTOR('',#3971,1.);
#1142=VECTOR('',#3974,1.);
#1143=VECTOR('',#3977,1.);
#1144=VECTOR('',#3978,1.);
#1145=VECTOR('',#3979,1.);
#1146=VECTOR('',#3980,1.);
#1147=VECTOR('',#3981,1.);
#1148=VECTOR('',#3982,1.);
#1149=VECTOR('',#3985,1.);
#1150=VECTOR('',#3994,1.);
#1151=VECTOR('',#3997,1.);
#1152=VECTOR('',#3998,1.);
#1153=VECTOR('',#4001,1.);
#1154=VECTOR('',#4002,1.);
#1155=VECTOR('',#4003,1.);
#1156=VECTOR('',#4006,1.);
#1157=VECTOR('',#4009,1.);
#1158=VECTOR('',#4012,1.);
#1159=VECTOR('',#4019,0.13);
#1160=VECTOR('',#4024,0.13);
#1161=VECTOR('',#4029,1.);
#1162=VECTOR('',#4030,1.);
#1163=VECTOR('',#4033,1.);
#1164=VECTOR('',#4034,1.);
#1165=VECTOR('',#4039,1.);
#1166=VECTOR('',#4042,1.);
#1167=VECTOR('',#4043,1.);
#1168=VECTOR('',#4044,1.);
#1169=VECTOR('',#4045,1.);
#1170=VECTOR('',#4046,1.);
#1171=VECTOR('',#4047,1.);
#1172=VECTOR('',#4050,1.);
#1173=VECTOR('',#4061,1.);
#1174=VECTOR('',#4064,1.);
#1175=VECTOR('',#4067,1.);
#1176=VECTOR('',#4070,1.);
#1177=VECTOR('',#4077,1.);
#1178=VECTOR('',#4080,1.);
#1179=VECTOR('',#4083,1.);
#1180=VECTOR('',#4086,1.);
#1181=VECTOR('',#4091,1.);
#1182=VECTOR('',#4092,1.);
#1183=VECTOR('',#4093,1.);
#1184=VECTOR('',#4094,1.);
#1185=VECTOR('',#4095,1.);
#1186=VECTOR('',#4096,1.);
#1187=VECTOR('',#4097,1.);
#1188=VECTOR('',#4098,1.);
#1189=VECTOR('',#4101,1.);
#1190=VECTOR('',#4102,1.);
#1191=VECTOR('',#4103,1.);
#1192=VECTOR('',#4104,1.);
#1193=VECTOR('',#4105,1.);
#1194=VECTOR('',#4108,1.);
#1195=VECTOR('',#4111,1.);
#1196=VECTOR('',#4114,1.);
#1197=VECTOR('',#4115,1.);
#1198=VECTOR('',#4120,1.);
#1199=VECTOR('',#4123,1.);
#1200=VECTOR('',#4126,1.);
#1201=VECTOR('',#4129,1.);
#1202=VECTOR('',#4132,1.);
#1203=VECTOR('',#4139,0.13);
#1204=VECTOR('',#4144,0.13);
#1205=VECTOR('',#4149,1.);
#1206=VECTOR('',#4152,1.);
#1207=VECTOR('',#4155,1.);
#1208=VECTOR('',#4158,1.);
#1209=VECTOR('',#4161,1.);
#1210=VECTOR('',#4164,1.);
#1211=VECTOR('',#4165,1.);
#1212=VECTOR('',#4170,1.);
#1213=VECTOR('',#4181,0.17);
#1214=VECTOR('',#4188,0.13);
#1215=VECTOR('',#4199,0.17);
#1216=VECTOR('',#4206,0.13);
#1217=VECTOR('',#4217,0.17);
#1218=VECTOR('',#4224,0.13);
#1219=VECTOR('',#4235,0.17);
#1220=VECTOR('',#4242,0.13);
#1221=VECTOR('',#4251,1.);
#1222=VECTOR('',#4252,1.);
#1223=VECTOR('',#4255,1.);
#1224=VECTOR('',#4258,1.);
#1225=VECTOR('',#4261,1.);
#1226=VECTOR('',#4264,1.);
#1227=VECTOR('',#4267,1.);
#1228=VECTOR('',#4270,1.);
#1229=VECTOR('',#4275,0.2);
#1230=VECTOR('',#4278,0.2);
#1231=VECTOR('',#4281,1.);
#1232=VECTOR('',#4282,1.);
#1233=VECTOR('',#4285,1.);
#1234=VECTOR('',#4288,1.);
#1235=VECTOR('',#4291,1.);
#1236=VECTOR('',#4294,1.);
#1237=VECTOR('',#4297,1.);
#1238=VECTOR('',#4300,1.);
#1239=VECTOR('',#4307,0.325);
#1240=VECTOR('',#4312,1.);
#1241=VECTOR('',#4313,1.);
#1242=VECTOR('',#4314,1.);
#1243=VECTOR('',#4315,1.);
#1244=VECTOR('',#4318,1.);
#1245=VECTOR('',#4319,1.);
#1246=VECTOR('',#4320,1.);
#1247=VECTOR('',#4323,1.);
#1248=VECTOR('',#4324,1.);
#1249=VECTOR('',#4325,1.);
#1250=VECTOR('',#4328,1.);
#1251=VECTOR('',#4329,1.);
#1252=VECTOR('',#4332,1.);
#1253=VECTOR('',#4333,1.);
#1254=VECTOR('',#4334,1.);
#1255=VECTOR('',#4335,1.);
#1256=VECTOR('',#4338,1.);
#1257=VECTOR('',#4339,1.);
#1258=VECTOR('',#4340,1.);
#1259=VECTOR('',#4343,1.);
#1260=VECTOR('',#4344,1.);
#1261=VECTOR('',#4345,1.);
#1262=VECTOR('',#4348,1.);
#1263=VECTOR('',#4349,1.);
#1264=VECTOR('',#4352,1.);
#1265=VECTOR('',#4353,1.);
#1266=VECTOR('',#4354,1.);
#1267=VECTOR('',#4355,1.);
#1268=VECTOR('',#4358,1.);
#1269=VECTOR('',#4359,1.);
#1270=VECTOR('',#4360,1.);
#1271=VECTOR('',#4363,1.);
#1272=VECTOR('',#4364,1.);
#1273=VECTOR('',#4365,1.);
#1274=VECTOR('',#4368,1.);
#1275=VECTOR('',#4369,1.);
#1276=VECTOR('',#4372,1.);
#1277=VECTOR('',#4373,1.);
#1278=VECTOR('',#4374,1.);
#1279=VECTOR('',#4375,1.);
#1280=VECTOR('',#4378,1.);
#1281=VECTOR('',#4379,1.);
#1282=VECTOR('',#4380,1.);
#1283=VECTOR('',#4383,1.);
#1284=VECTOR('',#4384,1.);
#1285=VECTOR('',#4385,1.);
#1286=VECTOR('',#4388,1.);
#1287=VECTOR('',#4389,1.);
#1288=VECTOR('',#4392,1.);
#1289=VECTOR('',#4393,1.);
#1290=VECTOR('',#4394,1.);
#1291=VECTOR('',#4395,1.);
#1292=VECTOR('',#4398,1.);
#1293=VECTOR('',#4399,1.);
#1294=VECTOR('',#4400,1.);
#1295=VECTOR('',#4403,1.);
#1296=VECTOR('',#4404,1.);
#1297=VECTOR('',#4405,1.);
#1298=VECTOR('',#4408,1.);
#1299=VECTOR('',#4409,1.);
#1300=VECTOR('',#4412,1.);
#1301=VECTOR('',#4415,1.);
#1302=VECTOR('',#4418,1.);
#1303=VECTOR('',#4421,1.);
#1304=VECTOR('',#4424,1.);
#1305=VECTOR('',#4427,1.);
#1306=VECTOR('',#4430,1.);
#1307=VECTOR('',#4435,1.);
#1308=VECTOR('',#4438,1.);
#1309=VECTOR('',#4439,1.);
#1310=VECTOR('',#4440,1.);
#1311=VECTOR('',#4451,1.);
#1312=VECTOR('',#4454,1.);
#1313=VECTOR('',#4455,1.);
#1314=VECTOR('',#4464,0.311);
#1315=VECTOR('',#4469,0.32);
#1316=VECTOR('',#4474,0.311);
#1317=VECTOR('',#4479,0.32);
#1318=VECTOR('',#4484,0.311);
#1319=VECTOR('',#4489,0.32);
#1320=VECTOR('',#4494,0.311);
#1321=VECTOR('',#4499,0.32);
#1322=VECTOR('',#4504,1.);
#1323=VECTOR('',#4505,1.);
#1324=VECTOR('',#4510,1.);
#1325=VECTOR('',#4513,1.);
#1326=VECTOR('',#4520,1.);
#1327=VECTOR('',#4523,1.);
#1328=VECTOR('',#4526,1.);
#1329=VECTOR('',#4529,1.);
#1330=VECTOR('',#4534,1.);
#1331=VECTOR('',#4537,1.);
#1332=VERTEX_POINT('',#4542);
#1333=VERTEX_POINT('',#4543);
#1334=VERTEX_POINT('',#4545);
#1335=VERTEX_POINT('',#4547);
#1336=VERTEX_POINT('',#4551);
#1337=VERTEX_POINT('',#4552);
#1338=VERTEX_POINT('',#4554);
#1339=VERTEX_POINT('',#4556);
#1340=VERTEX_POINT('',#4563);
#1341=VERTEX_POINT('',#4565);
#1342=VERTEX_POINT('',#4567);
#1343=VERTEX_POINT('',#4569);
#1344=VERTEX_POINT('',#4571);
#1345=VERTEX_POINT('',#4573);
#1346=VERTEX_POINT('',#4575);
#1347=VERTEX_POINT('',#4577);
#1348=VERTEX_POINT('',#4581);
#1349=VERTEX_POINT('',#4583);
#1350=VERTEX_POINT('',#4587);
#1351=VERTEX_POINT('',#4589);
#1352=VERTEX_POINT('',#4595);
#1353=VERTEX_POINT('',#4596);
#1354=VERTEX_POINT('',#4598);
#1355=VERTEX_POINT('',#4600);
#1356=VERTEX_POINT('',#4604);
#1357=VERTEX_POINT('',#4606);
#1358=VERTEX_POINT('',#4608);
#1359=VERTEX_POINT('',#4610);
#1360=VERTEX_POINT('',#4612);
#1361=VERTEX_POINT('',#4614);
#1362=VERTEX_POINT('',#4616);
#1363=VERTEX_POINT('',#4618);
#1364=VERTEX_POINT('',#4620);
#1365=VERTEX_POINT('',#4622);
#1366=VERTEX_POINT('',#4624);
#1367=VERTEX_POINT('',#4626);
#1368=VERTEX_POINT('',#4628);
#1369=VERTEX_POINT('',#4630);
#1370=VERTEX_POINT('',#4632);
#1371=VERTEX_POINT('',#4634);
#1372=VERTEX_POINT('',#4636);
#1373=VERTEX_POINT('',#4638);
#1374=VERTEX_POINT('',#4640);
#1375=VERTEX_POINT('',#4642);
#1376=VERTEX_POINT('',#4644);
#1377=VERTEX_POINT('',#4646);
#1378=VERTEX_POINT('',#4650);
#1379=VERTEX_POINT('',#4652);
#1380=VERTEX_POINT('',#4654);
#1381=VERTEX_POINT('',#4656);
#1382=VERTEX_POINT('',#4658);
#1383=VERTEX_POINT('',#4660);
#1384=VERTEX_POINT('',#4662);
#1385=VERTEX_POINT('',#4664);
#1386=VERTEX_POINT('',#4666);
#1387=VERTEX_POINT('',#4668);
#1388=VERTEX_POINT('',#4670);
#1389=VERTEX_POINT('',#4673);
#1390=VERTEX_POINT('',#4675);
#1391=VERTEX_POINT('',#4677);
#1392=VERTEX_POINT('',#4679);
#1393=VERTEX_POINT('',#4681);
#1394=VERTEX_POINT('',#4683);
#1395=VERTEX_POINT('',#4685);
#1396=VERTEX_POINT('',#4687);
#1397=VERTEX_POINT('',#4689);
#1398=VERTEX_POINT('',#4691);
#1399=VERTEX_POINT('',#4693);
#1400=VERTEX_POINT('',#4695);
#1401=VERTEX_POINT('',#4697);
#1402=VERTEX_POINT('',#4699);
#1403=VERTEX_POINT('',#4701);
#1404=VERTEX_POINT('',#4705);
#1405=VERTEX_POINT('',#4709);
#1406=VERTEX_POINT('',#4710);
#1407=VERTEX_POINT('',#4712);
#1408=VERTEX_POINT('',#4714);
#1409=VERTEX_POINT('',#4718);
#1410=VERTEX_POINT('',#4719);
#1411=VERTEX_POINT('',#4724);
#1412=VERTEX_POINT('',#4726);
#1413=VERTEX_POINT('',#4730);
#1414=VERTEX_POINT('',#4732);
#1415=VERTEX_POINT('',#4736);
#1416=VERTEX_POINT('',#4740);
#1417=VERTEX_POINT('',#4745);
#1418=VERTEX_POINT('',#4748);
#1419=VERTEX_POINT('',#4752);
#1420=VERTEX_POINT('',#4753);
#1421=VERTEX_POINT('',#4760);
#1422=VERTEX_POINT('',#4762);
#1423=VERTEX_POINT('',#4764);
#1424=VERTEX_POINT('',#4766);
#1425=VERTEX_POINT('',#4768);
#1426=VERTEX_POINT('',#4770);
#1427=VERTEX_POINT('',#4772);
#1428=VERTEX_POINT('',#4774);
#1429=VERTEX_POINT('',#4776);
#1430=VERTEX_POINT('',#4778);
#1431=VERTEX_POINT('',#4780);
#1432=VERTEX_POINT('',#4782);
#1433=VERTEX_POINT('',#4784);
#1434=VERTEX_POINT('',#4786);
#1435=VERTEX_POINT('',#4788);
#1436=VERTEX_POINT('',#4790);
#1437=VERTEX_POINT('',#4792);
#1438=VERTEX_POINT('',#4795);
#1439=VERTEX_POINT('',#4798);
#1440=VERTEX_POINT('',#4799);
#1441=VERTEX_POINT('',#4801);
#1442=VERTEX_POINT('',#4803);
#1443=VERTEX_POINT('',#4805);
#1444=VERTEX_POINT('',#4807);
#1445=VERTEX_POINT('',#4809);
#1446=VERTEX_POINT('',#4811);
#1447=VERTEX_POINT('',#4814);
#1448=VERTEX_POINT('',#4816);
#1449=VERTEX_POINT('',#4818);
#1450=VERTEX_POINT('',#4819);
#1451=VERTEX_POINT('',#4821);
#1452=VERTEX_POINT('',#4823);
#1453=VERTEX_POINT('',#4825);
#1454=VERTEX_POINT('',#4827);
#1455=VERTEX_POINT('',#4829);
#1456=VERTEX_POINT('',#4831);
#1457=VERTEX_POINT('',#4834);
#1458=VERTEX_POINT('',#4836);
#1459=VERTEX_POINT('',#4838);
#1460=VERTEX_POINT('',#4840);
#1461=VERTEX_POINT('',#4845);
#1462=VERTEX_POINT('',#4849);
#1463=VERTEX_POINT('',#4851);
#1464=VERTEX_POINT('',#4855);
#1465=VERTEX_POINT('',#4857);
#1466=VERTEX_POINT('',#4861);
#1467=VERTEX_POINT('',#4863);
#1468=VERTEX_POINT('',#4869);
#1469=VERTEX_POINT('',#4871);
#1470=VERTEX_POINT('',#4877);
#1471=VERTEX_POINT('',#4879);
#1472=VERTEX_POINT('',#4883);
#1473=VERTEX_POINT('',#4884);
#1474=VERTEX_POINT('',#4889);
#1475=VERTEX_POINT('',#4893);
#1476=VERTEX_POINT('',#4898);
#1477=VERTEX_POINT('',#4901);
#1478=VERTEX_POINT('',#4911);
#1479=VERTEX_POINT('',#4915);
#1480=VERTEX_POINT('',#4917);
#1481=VERTEX_POINT('',#4921);
#1482=VERTEX_POINT('',#4923);
#1483=VERTEX_POINT('',#4927);
#1484=VERTEX_POINT('',#4929);
#1485=VERTEX_POINT('',#4931);
#1486=VERTEX_POINT('',#4933);
#1487=VERTEX_POINT('',#4935);
#1488=VERTEX_POINT('',#4938);
#1489=VERTEX_POINT('',#4940);
#1490=VERTEX_POINT('',#4942);
#1491=VERTEX_POINT('',#4944);
#1492=VERTEX_POINT('',#4946);
#1493=VERTEX_POINT('',#4948);
#1494=VERTEX_POINT('',#4950);
#1495=VERTEX_POINT('',#4952);
#1496=VERTEX_POINT('',#4955);
#1497=VERTEX_POINT('',#4957);
#1498=VERTEX_POINT('',#4959);
#1499=VERTEX_POINT('',#4961);
#1500=VERTEX_POINT('',#4963);
#1501=VERTEX_POINT('',#4965);
#1502=VERTEX_POINT('',#4967);
#1503=VERTEX_POINT('',#4969);
#1504=VERTEX_POINT('',#4971);
#1505=VERTEX_POINT('',#4973);
#1506=VERTEX_POINT('',#4975);
#1507=VERTEX_POINT('',#4977);
#1508=VERTEX_POINT('',#4979);
#1509=VERTEX_POINT('',#4981);
#1510=VERTEX_POINT('',#4983);
#1511=VERTEX_POINT('',#4985);
#1512=VERTEX_POINT('',#4987);
#1513=VERTEX_POINT('',#4989);
#1514=VERTEX_POINT('',#4991);
#1515=VERTEX_POINT('',#4993);
#1516=VERTEX_POINT('',#4996);
#1517=VERTEX_POINT('',#4998);
#1518=VERTEX_POINT('',#5006);
#1519=VERTEX_POINT('',#5007);
#1520=VERTEX_POINT('',#5018);
#1521=VERTEX_POINT('',#5023);
#1522=VERTEX_POINT('',#5028);
#1523=VERTEX_POINT('',#5032);
#1524=VERTEX_POINT('',#5036);
#1525=VERTEX_POINT('',#5038);
#1526=VERTEX_POINT('',#5040);
#1527=VERTEX_POINT('',#5043);
#1528=VERTEX_POINT('',#5045);
#1529=VERTEX_POINT('',#5047);
#1530=VERTEX_POINT('',#5049);
#1531=VERTEX_POINT('',#5051);
#1532=VERTEX_POINT('',#5053);
#1533=VERTEX_POINT('',#5055);
#1534=VERTEX_POINT('',#5058);
#1535=VERTEX_POINT('',#5060);
#1536=VERTEX_POINT('',#5062);
#1537=VERTEX_POINT('',#5064);
#1538=VERTEX_POINT('',#5066);
#1539=VERTEX_POINT('',#5067);
#1540=VERTEX_POINT('',#5069);
#1541=VERTEX_POINT('',#5071);
#1542=VERTEX_POINT('',#5073);
#1543=VERTEX_POINT('',#5075);
#1544=VERTEX_POINT('',#5077);
#1545=VERTEX_POINT('',#5079);
#1546=VERTEX_POINT('',#5082);
#1547=VERTEX_POINT('',#5084);
#1548=VERTEX_POINT('',#5086);
#1549=VERTEX_POINT('',#5087);
#1550=VERTEX_POINT('',#5089);
#1551=VERTEX_POINT('',#5091);
#1552=VERTEX_POINT('',#5093);
#1553=VERTEX_POINT('',#5095);
#1554=VERTEX_POINT('',#5097);
#1555=VERTEX_POINT('',#5099);
#1556=VERTEX_POINT('',#5103);
#1557=VERTEX_POINT('',#5105);
#1558=VERTEX_POINT('',#5109);
#1559=VERTEX_POINT('',#5110);
#1560=VERTEX_POINT('',#5112);
#1561=VERTEX_POINT('',#5114);
#1562=VERTEX_POINT('',#5119);
#1563=VERTEX_POINT('',#5120);
#1564=VERTEX_POINT('',#5122);
#1565=VERTEX_POINT('',#5124);
#1566=VERTEX_POINT('',#5146);
#1567=VERTEX_POINT('',#5151);
#1568=VERTEX_POINT('',#5175);
#1569=VERTEX_POINT('',#5177);
#1570=VERTEX_POINT('',#5181);
#1571=VERTEX_POINT('',#5183);
#1572=VERTEX_POINT('',#5189);
#1573=VERTEX_POINT('',#5191);
#1574=VERTEX_POINT('',#5195);
#1575=VERTEX_POINT('',#5197);
#1576=VERTEX_POINT('',#5203);
#1577=VERTEX_POINT('',#5205);
#1578=VERTEX_POINT('',#5209);
#1579=VERTEX_POINT('',#5211);
#1580=VERTEX_POINT('',#5217);
#1581=VERTEX_POINT('',#5219);
#1582=VERTEX_POINT('',#5223);
#1583=VERTEX_POINT('',#5225);
#1584=VERTEX_POINT('',#5267);
#1585=VERTEX_POINT('',#5269);
#1586=VERTEX_POINT('',#5273);
#1587=VERTEX_POINT('',#5274);
#1588=VERTEX_POINT('',#5276);
#1589=VERTEX_POINT('',#5278);
#1590=VERTEX_POINT('',#5282);
#1591=VERTEX_POINT('',#5284);
#1592=VERTEX_POINT('',#5288);
#1593=VERTEX_POINT('',#5290);
#1594=VERTEX_POINT('',#5297);
#1595=VERTEX_POINT('',#5298);
#1596=VERTEX_POINT('',#5300);
#1597=VERTEX_POINT('',#5302);
#1598=VERTEX_POINT('',#5306);
#1599=VERTEX_POINT('',#5308);
#1600=VERTEX_POINT('',#5312);
#1601=VERTEX_POINT('',#5314);
#1602=VERTEX_POINT('',#5321);
#1603=VERTEX_POINT('',#5322);
#1604=VERTEX_POINT('',#5324);
#1605=VERTEX_POINT('',#5326);
#1606=VERTEX_POINT('',#5330);
#1607=VERTEX_POINT('',#5332);
#1608=VERTEX_POINT('',#5336);
#1609=VERTEX_POINT('',#5338);
#1610=VERTEX_POINT('',#5345);
#1611=VERTEX_POINT('',#5346);
#1612=VERTEX_POINT('',#5348);
#1613=VERTEX_POINT('',#5350);
#1614=VERTEX_POINT('',#5354);
#1615=VERTEX_POINT('',#5356);
#1616=VERTEX_POINT('',#5360);
#1617=VERTEX_POINT('',#5362);
#1618=VERTEX_POINT('',#5369);
#1619=VERTEX_POINT('',#5370);
#1620=VERTEX_POINT('',#5372);
#1621=VERTEX_POINT('',#5374);
#1622=VERTEX_POINT('',#5378);
#1623=VERTEX_POINT('',#5380);
#1624=VERTEX_POINT('',#5384);
#1625=VERTEX_POINT('',#5386);
#1626=VERTEX_POINT('',#5393);
#1627=VERTEX_POINT('',#5395);
#1628=VERTEX_POINT('',#5401);
#1629=VERTEX_POINT('',#5403);
#1630=VERTEX_POINT('',#5414);
#1631=VERTEX_POINT('',#5416);
#1632=VERTEX_POINT('',#5423);
#1633=VERTEX_POINT('',#5427);
#1634=VERTEX_POINT('',#5436);
#1635=VERTEX_POINT('',#5443);
#1636=VERTEX_POINT('',#5450);
#1637=VERTEX_POINT('',#5457);
#1638=EDGE_CURVE('',#1332,#1333,#622,.T.);
#1639=EDGE_CURVE('',#1334,#1333,#623,.T.);
#1640=EDGE_CURVE('',#1335,#1334,#624,.T.);
#1641=EDGE_CURVE('',#1332,#1335,#625,.T.);
#1642=EDGE_CURVE('',#1336,#1337,#626,.T.);
#1643=EDGE_CURVE('',#1338,#1337,#627,.T.);
#1644=EDGE_CURVE('',#1339,#1338,#628,.T.);
#1645=EDGE_CURVE('',#1336,#1339,#629,.T.);
#1646=EDGE_CURVE('',#1335,#1338,#630,.T.);
#1647=EDGE_CURVE('',#1339,#1334,#631,.T.);
#1648=EDGE_CURVE('',#1333,#1340,#632,.T.);
#1649=EDGE_CURVE('',#1340,#1341,#633,.T.);
#1650=EDGE_CURVE('',#1342,#1341,#634,.T.);
#1651=EDGE_CURVE('',#1343,#1342,#635,.T.);
#1652=EDGE_CURVE('',#1343,#1344,#636,.T.);
#1653=EDGE_CURVE('',#1344,#1345,#637,.T.);
#1654=EDGE_CURVE('',#1345,#1346,#638,.T.);
#1655=EDGE_CURVE('',#1346,#1347,#639,.T.);
#1656=EDGE_CURVE('',#1347,#1336,#640,.T.);
#1657=EDGE_CURVE('',#1348,#1347,#641,.T.);
#1658=EDGE_CURVE('',#1349,#1346,#642,.T.);
#1659=EDGE_CURVE('',#1348,#1349,#643,.T.);
#1660=EDGE_CURVE('',#1344,#1350,#644,.T.);
#1661=EDGE_CURVE('',#1351,#1350,#645,.T.);
#1662=EDGE_CURVE('',#1345,#1351,#646,.T.);
#1663=EDGE_CURVE('',#1349,#1351,#647,.T.);
#1664=EDGE_CURVE('',#1352,#1353,#648,.T.);
#1665=EDGE_CURVE('',#1354,#1353,#65,.T.);
#1666=EDGE_CURVE('',#1355,#1354,#649,.T.);
#1667=EDGE_CURVE('',#1355,#1352,#66,.T.);
#1668=EDGE_CURVE('',#1356,#1355,#650,.T.);
#1669=EDGE_CURVE('',#1357,#1356,#651,.T.);
#1670=EDGE_CURVE('',#1358,#1357,#652,.T.);
#1671=EDGE_CURVE('',#1359,#1358,#67,.T.);
#1672=EDGE_CURVE('',#1360,#1359,#653,.T.);
#1673=EDGE_CURVE('',#1361,#1360,#654,.T.);
#1674=EDGE_CURVE('',#1362,#1361,#68,.T.);
#1675=EDGE_CURVE('',#1363,#1362,#655,.T.);
#1676=EDGE_CURVE('',#1364,#1363,#69,.T.);
#1677=EDGE_CURVE('',#1365,#1364,#656,.T.);
#1678=EDGE_CURVE('',#1366,#1365,#657,.T.);
#1679=EDGE_CURVE('',#1367,#1366,#70,.T.);
#1680=EDGE_CURVE('',#1368,#1367,#658,.T.);
#1681=EDGE_CURVE('',#1369,#1368,#659,.T.);
#1682=EDGE_CURVE('',#1370,#1369,#660,.T.);
#1683=EDGE_CURVE('',#1371,#1370,#71,.T.);
#1684=EDGE_CURVE('',#1372,#1371,#661,.T.);
#1685=EDGE_CURVE('',#1373,#1372,#662,.T.);
#1686=EDGE_CURVE('',#1374,#1373,#72,.T.);
#1687=EDGE_CURVE('',#1375,#1374,#663,.T.);
#1688=EDGE_CURVE('',#1376,#1375,#73,.T.);
#1689=EDGE_CURVE('',#1377,#1376,#664,.T.);
#1690=EDGE_CURVE('',#1352,#1377,#665,.T.);
#1691=EDGE_CURVE('',#1337,#1348,#666,.T.);
#1692=EDGE_CURVE('',#1378,#1343,#74,.T.);
#1693=EDGE_CURVE('',#1379,#1378,#667,.T.);
#1694=EDGE_CURVE('',#1380,#1379,#668,.T.);
#1695=EDGE_CURVE('',#1381,#1380,#669,.T.);
#1696=EDGE_CURVE('',#1382,#1381,#670,.T.);
#1697=EDGE_CURVE('',#1383,#1382,#671,.T.);
#1698=EDGE_CURVE('',#1384,#1383,#672,.T.);
#1699=EDGE_CURVE('',#1385,#1384,#673,.T.);
#1700=EDGE_CURVE('',#1386,#1385,#674,.T.);
#1701=EDGE_CURVE('',#1387,#1386,#675,.T.);
#1702=EDGE_CURVE('',#1388,#1387,#75,.T.);
#1703=EDGE_CURVE('',#1350,#1388,#676,.T.);
#1704=EDGE_CURVE('',#1389,#1389,#76,.T.);
#1705=EDGE_CURVE('',#1390,#1390,#77,.T.);
#1706=EDGE_CURVE('',#1391,#1391,#78,.T.);
#1707=EDGE_CURVE('',#1392,#1392,#79,.T.);
#1708=EDGE_CURVE('',#1393,#1332,#677,.T.);
#1709=EDGE_CURVE('',#1394,#1393,#80,.T.);
#1710=EDGE_CURVE('',#1395,#1394,#678,.T.);
#1711=EDGE_CURVE('',#1396,#1395,#679,.T.);
#1712=EDGE_CURVE('',#1397,#1396,#680,.T.);
#1713=EDGE_CURVE('',#1398,#1397,#681,.T.);
#1714=EDGE_CURVE('',#1399,#1398,#682,.T.);
#1715=EDGE_CURVE('',#1400,#1399,#683,.T.);
#1716=EDGE_CURVE('',#1401,#1400,#684,.T.);
#1717=EDGE_CURVE('',#1402,#1401,#685,.T.);
#1718=EDGE_CURVE('',#1403,#1402,#686,.T.);
#1719=EDGE_CURVE('',#1340,#1403,#81,.T.);
#1720=EDGE_CURVE('',#1404,#1377,#687,.T.);
#1721=EDGE_CURVE('',#1353,#1404,#688,.T.);
#1722=EDGE_CURVE('',#1405,#1406,#689,.T.);
#1723=EDGE_CURVE('',#1405,#1407,#690,.T.);
#1724=EDGE_CURVE('',#1408,#1407,#691,.T.);
#1725=EDGE_CURVE('',#1406,#1408,#692,.T.);
#1726=EDGE_CURVE('',#1409,#1410,#693,.T.);
#1727=EDGE_CURVE('',#1402,#1409,#694,.T.);
#1728=EDGE_CURVE('',#1401,#1410,#695,.T.);
#1729=EDGE_CURVE('',#1411,#1405,#696,.T.);
#1730=EDGE_CURVE('',#1411,#1412,#697,.T.);
#1731=EDGE_CURVE('',#1407,#1412,#698,.T.);
#1732=EDGE_CURVE('',#1413,#1411,#699,.T.);
#1733=EDGE_CURVE('',#1414,#1413,#700,.T.);
#1734=EDGE_CURVE('',#1412,#1414,#701,.T.);
#1735=EDGE_CURVE('',#1356,#1415,#702,.T.);
#1736=EDGE_CURVE('',#1415,#1354,#703,.T.);
#1737=EDGE_CURVE('',#1389,#1416,#704,.T.);
#1738=EDGE_CURVE('',#1416,#1416,#82,.T.);
#1739=EDGE_CURVE('',#1417,#1417,#83,.T.);
#1740=EDGE_CURVE('',#1417,#1418,#705,.T.);
#1741=EDGE_CURVE('',#1418,#1418,#84,.T.);
#1742=EDGE_CURVE('',#1419,#1420,#706,.T.);
#1743=EDGE_CURVE('',#1400,#1419,#707,.T.);
#1744=EDGE_CURVE('',#1420,#1399,#708,.T.);
#1745=EDGE_CURVE('',#1410,#1419,#709,.T.);
#1746=EDGE_CURVE('',#1420,#1421,#710,.T.);
#1747=EDGE_CURVE('',#1421,#1422,#711,.T.);
#1748=EDGE_CURVE('',#1422,#1423,#712,.T.);
#1749=EDGE_CURVE('',#1423,#1424,#713,.T.);
#1750=EDGE_CURVE('',#1424,#1425,#714,.T.);
#1751=EDGE_CURVE('',#1425,#1426,#85,.T.);
#1752=EDGE_CURVE('',#1426,#1427,#715,.T.);
#1753=EDGE_CURVE('',#1427,#1428,#86,.T.);
#1754=EDGE_CURVE('',#1428,#1429,#716,.T.);
#1755=EDGE_CURVE('',#1429,#1430,#717,.T.);
#1756=EDGE_CURVE('',#1430,#1431,#718,.T.);
#1757=EDGE_CURVE('',#1431,#1432,#719,.T.);
#1758=EDGE_CURVE('',#1432,#1433,#720,.T.);
#1759=EDGE_CURVE('',#1433,#1434,#721,.T.);
#1760=EDGE_CURVE('',#1434,#1435,#722,.T.);
#1761=EDGE_CURVE('',#1435,#1436,#723,.T.);
#1762=EDGE_CURVE('',#1436,#1437,#724,.T.);
#1763=EDGE_CURVE('',#1437,#1342,#87,.T.);
#1764=EDGE_CURVE('',#1341,#1438,#88,.T.);
#1765=EDGE_CURVE('',#1438,#1409,#725,.T.);
#1766=EDGE_CURVE('',#1439,#1440,#726,.T.);
#1767=EDGE_CURVE('',#1440,#1441,#89,.T.);
#1768=EDGE_CURVE('',#1441,#1442,#727,.T.);
#1769=EDGE_CURVE('',#1442,#1443,#90,.T.);
#1770=EDGE_CURVE('',#1443,#1444,#728,.T.);
#1771=EDGE_CURVE('',#1444,#1445,#91,.T.);
#1772=EDGE_CURVE('',#1445,#1446,#729,.T.);
#1773=EDGE_CURVE('',#1446,#1439,#92,.T.);
#1774=EDGE_CURVE('',#1447,#1447,#93,.T.);
#1775=EDGE_CURVE('',#1448,#1448,#94,.T.);
#1776=EDGE_CURVE('',#1449,#1450,#730,.T.);
#1777=EDGE_CURVE('',#1450,#1451,#95,.T.);
#1778=EDGE_CURVE('',#1451,#1452,#731,.T.);
#1779=EDGE_CURVE('',#1452,#1453,#96,.T.);
#1780=EDGE_CURVE('',#1453,#1454,#732,.T.);
#1781=EDGE_CURVE('',#1454,#1455,#97,.T.);
#1782=EDGE_CURVE('',#1455,#1456,#733,.T.);
#1783=EDGE_CURVE('',#1456,#1449,#98,.T.);
#1784=EDGE_CURVE('',#1457,#1457,#99,.T.);
#1785=EDGE_CURVE('',#1458,#1458,#100,.T.);
#1786=EDGE_CURVE('',#1459,#1459,#101,.T.);
#1787=EDGE_CURVE('',#1460,#1460,#102,.T.);
#1788=EDGE_CURVE('',#1398,#1421,#734,.T.);
#1789=EDGE_CURVE('',#1461,#1415,#735,.T.);
#1790=EDGE_CURVE('',#1461,#1357,#736,.T.);
#1791=EDGE_CURVE('',#1462,#1413,#737,.T.);
#1792=EDGE_CURVE('',#1462,#1463,#738,.T.);
#1793=EDGE_CURVE('',#1414,#1463,#739,.T.);
#1794=EDGE_CURVE('',#1464,#1408,#740,.T.);
#1795=EDGE_CURVE('',#1465,#1464,#741,.T.);
#1796=EDGE_CURVE('',#1406,#1465,#742,.T.);
#1797=EDGE_CURVE('',#1358,#1466,#743,.T.);
#1798=EDGE_CURVE('',#1467,#1466,#103,.T.);
#1799=EDGE_CURVE('',#1359,#1467,#744,.T.);
#1800=EDGE_CURVE('',#1466,#1461,#745,.T.);
#1801=EDGE_CURVE('',#1468,#1462,#746,.T.);
#1802=EDGE_CURVE('',#1468,#1469,#747,.T.);
#1803=EDGE_CURVE('',#1463,#1469,#748,.T.);
#1804=EDGE_CURVE('',#1397,#1422,#749,.T.);
#1805=EDGE_CURVE('',#1470,#1468,#750,.T.);
#1806=EDGE_CURVE('',#1470,#1471,#751,.T.);
#1807=EDGE_CURVE('',#1469,#1471,#752,.T.);
#1808=EDGE_CURVE('',#1472,#1473,#753,.T.);
#1809=EDGE_CURVE('',#1471,#1472,#754,.T.);
#1810=EDGE_CURVE('',#1473,#1470,#755,.T.);
#1811=EDGE_CURVE('',#1360,#1474,#756,.T.);
#1812=EDGE_CURVE('',#1474,#1467,#757,.T.);
#1813=EDGE_CURVE('',#1392,#1475,#758,.T.);
#1814=EDGE_CURVE('',#1475,#1475,#104,.T.);
#1815=EDGE_CURVE('',#1476,#1476,#105,.T.);
#1816=EDGE_CURVE('',#1476,#1477,#759,.T.);
#1817=EDGE_CURVE('',#1477,#1477,#106,.T.);
#1818=EDGE_CURVE('',#1396,#1423,#760,.T.);
#1819=EDGE_CURVE('',#1424,#1395,#761,.T.);
#1820=EDGE_CURVE('',#1394,#1425,#762,.T.);
#1821=EDGE_CURVE('',#1478,#1474,#763,.T.);
#1822=EDGE_CURVE('',#1361,#1478,#764,.T.);
#1823=EDGE_CURVE('',#1479,#1473,#765,.T.);
#1824=EDGE_CURVE('',#1479,#1480,#766,.T.);
#1825=EDGE_CURVE('',#1472,#1480,#767,.T.);
#1826=EDGE_CURVE('',#1371,#1481,#768,.T.);
#1827=EDGE_CURVE('',#1370,#1482,#769,.T.);
#1828=EDGE_CURVE('',#1481,#1482,#107,.T.);
#1829=EDGE_CURVE('',#1404,#1483,#770,.T.);
#1830=EDGE_CURVE('',#1483,#1484,#108,.T.);
#1831=EDGE_CURVE('',#1484,#1485,#771,.T.);
#1832=EDGE_CURVE('',#1485,#1486,#109,.T.);
#1833=EDGE_CURVE('',#1486,#1487,#772,.T.);
#1834=EDGE_CURVE('',#1487,#1481,#773,.T.);
#1835=EDGE_CURVE('',#1482,#1488,#774,.T.);
#1836=EDGE_CURVE('',#1488,#1489,#775,.T.);
#1837=EDGE_CURVE('',#1489,#1490,#776,.T.);
#1838=EDGE_CURVE('',#1490,#1491,#110,.T.);
#1839=EDGE_CURVE('',#1491,#1492,#777,.T.);
#1840=EDGE_CURVE('',#1492,#1493,#778,.T.);
#1841=EDGE_CURVE('',#1493,#1494,#111,.T.);
#1842=EDGE_CURVE('',#1494,#1495,#779,.T.);
#1843=EDGE_CURVE('',#1495,#1478,#112,.T.);
#1844=EDGE_CURVE('',#1480,#1496,#113,.T.);
#1845=EDGE_CURVE('',#1496,#1497,#780,.T.);
#1846=EDGE_CURVE('',#1497,#1498,#114,.T.);
#1847=EDGE_CURVE('',#1498,#1499,#781,.T.);
#1848=EDGE_CURVE('',#1499,#1500,#782,.T.);
#1849=EDGE_CURVE('',#1500,#1501,#783,.T.);
#1850=EDGE_CURVE('',#1501,#1502,#784,.T.);
#1851=EDGE_CURVE('',#1502,#1503,#785,.T.);
#1852=EDGE_CURVE('',#1503,#1504,#786,.T.);
#1853=EDGE_CURVE('',#1504,#1505,#115,.T.);
#1854=EDGE_CURVE('',#1505,#1506,#787,.T.);
#1855=EDGE_CURVE('',#1506,#1507,#116,.T.);
#1856=EDGE_CURVE('',#1507,#1508,#788,.T.);
#1857=EDGE_CURVE('',#1508,#1509,#789,.T.);
#1858=EDGE_CURVE('',#1509,#1510,#790,.T.);
#1859=EDGE_CURVE('',#1510,#1511,#791,.T.);
#1860=EDGE_CURVE('',#1511,#1512,#792,.T.);
#1861=EDGE_CURVE('',#1512,#1513,#793,.T.);
#1862=EDGE_CURVE('',#1513,#1514,#117,.T.);
#1863=EDGE_CURVE('',#1514,#1515,#794,.T.);
#1864=EDGE_CURVE('',#1515,#1464,#118,.T.);
#1865=EDGE_CURVE('',#1516,#1516,#119,.T.);
#1866=EDGE_CURVE('',#1517,#1517,#120,.T.);
#1867=EDGE_CURVE('',#1372,#1487,#795,.T.);
#1868=EDGE_CURVE('',#1380,#1435,#796,.T.);
#1869=EDGE_CURVE('',#1436,#1379,#797,.T.);
#1870=EDGE_CURVE('',#1518,#1519,#798,.T.);
#1871=EDGE_CURVE('',#1512,#1518,#799,.T.);
#1872=EDGE_CURVE('',#1519,#1511,#800,.T.);
#1873=EDGE_CURVE('',#1381,#1434,#801,.T.);
#1874=EDGE_CURVE('',#1382,#1433,#802,.T.);
#1875=EDGE_CURVE('',#1488,#1369,#803,.T.);
#1876=EDGE_CURVE('',#1520,#1520,#121,.T.);
#1877=EDGE_CURVE('',#1390,#1520,#804,.T.);
#1878=EDGE_CURVE('',#1521,#1521,#122,.T.);
#1879=EDGE_CURVE('',#1521,#1516,#805,.T.);
#1880=EDGE_CURVE('',#1519,#1522,#806,.T.);
#1881=EDGE_CURVE('',#1522,#1510,#807,.T.);
#1882=EDGE_CURVE('',#1522,#1523,#808,.T.);
#1883=EDGE_CURVE('',#1523,#1509,#809,.T.);
#1884=EDGE_CURVE('',#1465,#1524,#123,.T.);
#1885=EDGE_CURVE('',#1524,#1525,#810,.T.);
#1886=EDGE_CURVE('',#1525,#1526,#124,.T.);
#1887=EDGE_CURVE('',#1526,#1518,#811,.T.);
#1888=EDGE_CURVE('',#1523,#1527,#812,.T.);
#1889=EDGE_CURVE('',#1527,#1528,#813,.T.);
#1890=EDGE_CURVE('',#1528,#1529,#814,.T.);
#1891=EDGE_CURVE('',#1529,#1530,#815,.T.);
#1892=EDGE_CURVE('',#1530,#1531,#816,.T.);
#1893=EDGE_CURVE('',#1531,#1532,#125,.T.);
#1894=EDGE_CURVE('',#1532,#1533,#817,.T.);
#1895=EDGE_CURVE('',#1533,#1479,#126,.T.);
#1896=EDGE_CURVE('',#1534,#1534,#127,.T.);
#1897=EDGE_CURVE('',#1535,#1535,#128,.T.);
#1898=EDGE_CURVE('',#1536,#1536,#129,.T.);
#1899=EDGE_CURVE('',#1537,#1537,#130,.T.);
#1900=EDGE_CURVE('',#1538,#1539,#818,.T.);
#1901=EDGE_CURVE('',#1539,#1540,#131,.T.);
#1902=EDGE_CURVE('',#1540,#1541,#819,.T.);
#1903=EDGE_CURVE('',#1541,#1542,#132,.T.);
#1904=EDGE_CURVE('',#1542,#1543,#820,.T.);
#1905=EDGE_CURVE('',#1543,#1544,#133,.T.);
#1906=EDGE_CURVE('',#1544,#1545,#821,.T.);
#1907=EDGE_CURVE('',#1545,#1538,#134,.T.);
#1908=EDGE_CURVE('',#1546,#1546,#135,.T.);
#1909=EDGE_CURVE('',#1547,#1547,#136,.T.);
#1910=EDGE_CURVE('',#1548,#1549,#822,.T.);
#1911=EDGE_CURVE('',#1549,#1550,#137,.T.);
#1912=EDGE_CURVE('',#1550,#1551,#823,.T.);
#1913=EDGE_CURVE('',#1551,#1552,#138,.T.);
#1914=EDGE_CURVE('',#1552,#1553,#824,.T.);
#1915=EDGE_CURVE('',#1553,#1554,#139,.T.);
#1916=EDGE_CURVE('',#1554,#1555,#825,.T.);
#1917=EDGE_CURVE('',#1555,#1548,#140,.T.);
#1918=EDGE_CURVE('',#1508,#1556,#826,.T.);
#1919=EDGE_CURVE('',#1556,#1557,#827,.T.);
#1920=EDGE_CURVE('',#1557,#1503,#828,.T.);
#1921=EDGE_CURVE('',#1502,#1527,#829,.T.);
#1922=EDGE_CURVE('',#1558,#1559,#830,.T.);
#1923=EDGE_CURVE('',#1559,#1560,#831,.T.);
#1924=EDGE_CURVE('',#1560,#1561,#832,.T.);
#1925=EDGE_CURVE('',#1561,#1558,#833,.T.);
#1926=EDGE_CURVE('',#1368,#1489,#834,.T.);
#1927=EDGE_CURVE('',#1562,#1563,#835,.T.);
#1928=EDGE_CURVE('',#1563,#1564,#836,.T.);
#1929=EDGE_CURVE('',#1564,#1565,#837,.T.);
#1930=EDGE_CURVE('',#1565,#1562,#838,.T.);
#1931=EDGE_CURVE('',#1432,#1383,#839,.T.);
#1932=EDGE_CURVE('',#1378,#1437,#840,.T.);
#1933=EDGE_CURVE('',#1367,#1490,#841,.T.);
#1934=EDGE_CURVE('',#1366,#1491,#842,.T.);
#1935=EDGE_CURVE('',#1384,#1431,#843,.T.);
#1936=EDGE_CURVE('',#1528,#1501,#844,.T.);
#1937=EDGE_CURVE('',#1385,#1430,#845,.T.);
#1938=EDGE_CURVE('',#1386,#1429,#846,.T.);
#1939=EDGE_CURVE('',#1492,#1365,#847,.T.);
#1940=EDGE_CURVE('',#1566,#1566,#141,.T.);
#1941=EDGE_CURVE('',#1391,#1566,#848,.T.);
#1942=EDGE_CURVE('',#1567,#1567,#142,.T.);
#1943=EDGE_CURVE('',#1567,#1517,#849,.T.);
#1944=EDGE_CURVE('',#1529,#1500,#850,.T.);
#1945=EDGE_CURVE('',#1530,#1499,#851,.T.);
#1946=EDGE_CURVE('',#1531,#1498,#852,.T.);
#1947=EDGE_CURVE('',#1364,#1493,#853,.T.);
#1948=EDGE_CURVE('',#1387,#1428,#854,.T.);
#1949=EDGE_CURVE('',#1388,#1427,#855,.T.);
#1950=EDGE_CURVE('',#1393,#1426,#856,.T.);
#1951=EDGE_CURVE('',#1403,#1438,#857,.T.);
#1952=EDGE_CURVE('',#1568,#1568,#143,.T.);
#1953=EDGE_CURVE('',#1568,#1569,#858,.T.);
#1954=EDGE_CURVE('',#1569,#1569,#144,.T.);
#1955=EDGE_CURVE('',#1570,#1570,#145,.T.);
#1956=EDGE_CURVE('',#1570,#1571,#859,.T.);
#1957=EDGE_CURVE('',#1571,#1571,#146,.T.);
#1958=EDGE_CURVE('',#1572,#1572,#147,.T.);
#1959=EDGE_CURVE('',#1572,#1573,#860,.T.);
#1960=EDGE_CURVE('',#1573,#1573,#148,.T.);
#1961=EDGE_CURVE('',#1574,#1574,#149,.T.);
#1962=EDGE_CURVE('',#1574,#1575,#861,.T.);
#1963=EDGE_CURVE('',#1575,#1575,#150,.T.);
#1964=EDGE_CURVE('',#1576,#1576,#151,.T.);
#1965=EDGE_CURVE('',#1576,#1577,#862,.T.);
#1966=EDGE_CURVE('',#1577,#1577,#152,.T.);
#1967=EDGE_CURVE('',#1578,#1578,#153,.T.);
#1968=EDGE_CURVE('',#1578,#1579,#863,.T.);
#1969=EDGE_CURVE('',#1579,#1579,#154,.T.);
#1970=EDGE_CURVE('',#1580,#1580,#155,.T.);
#1971=EDGE_CURVE('',#1580,#1581,#864,.T.);
#1972=EDGE_CURVE('',#1581,#1581,#156,.T.);
#1973=EDGE_CURVE('',#1582,#1582,#157,.T.);
#1974=EDGE_CURVE('',#1582,#1583,#865,.T.);
#1975=EDGE_CURVE('',#1583,#1583,#158,.T.);
#1976=EDGE_CURVE('',#1444,#1552,#866,.T.);
#1977=EDGE_CURVE('',#1443,#1553,#867,.T.);
#1978=EDGE_CURVE('',#1442,#1554,#868,.T.);
#1979=EDGE_CURVE('',#1441,#1555,#869,.T.);
#1980=EDGE_CURVE('',#1440,#1548,#870,.T.);
#1981=EDGE_CURVE('',#1439,#1549,#871,.T.);
#1982=EDGE_CURVE('',#1446,#1550,#872,.T.);
#1983=EDGE_CURVE('',#1445,#1551,#873,.T.);
#1984=EDGE_CURVE('',#1447,#1547,#874,.T.);
#1985=EDGE_CURVE('',#1448,#1546,#875,.T.);
#1986=EDGE_CURVE('',#1454,#1542,#876,.T.);
#1987=EDGE_CURVE('',#1453,#1543,#877,.T.);
#1988=EDGE_CURVE('',#1452,#1544,#878,.T.);
#1989=EDGE_CURVE('',#1451,#1545,#879,.T.);
#1990=EDGE_CURVE('',#1450,#1538,#880,.T.);
#1991=EDGE_CURVE('',#1449,#1539,#881,.T.);
#1992=EDGE_CURVE('',#1456,#1540,#882,.T.);
#1993=EDGE_CURVE('',#1455,#1541,#883,.T.);
#1994=EDGE_CURVE('',#1584,#1584,#159,.T.);
#1995=EDGE_CURVE('',#1584,#1585,#884,.T.);
#1996=EDGE_CURVE('',#1585,#1585,#160,.T.);
#1997=EDGE_CURVE('',#1586,#1587,#885,.T.);
#1998=EDGE_CURVE('',#1588,#1586,#886,.T.);
#1999=EDGE_CURVE('',#1589,#1588,#887,.T.);
#2000=EDGE_CURVE('',#1589,#1587,#888,.T.);
#2001=EDGE_CURVE('',#1587,#1590,#889,.T.);
#2002=EDGE_CURVE('',#1591,#1589,#890,.T.);
#2003=EDGE_CURVE('',#1590,#1591,#891,.T.);
#2004=EDGE_CURVE('',#1590,#1592,#892,.T.);
#2005=EDGE_CURVE('',#1593,#1591,#893,.T.);
#2006=EDGE_CURVE('',#1592,#1593,#894,.T.);
#2007=EDGE_CURVE('',#1592,#1586,#895,.T.);
#2008=EDGE_CURVE('',#1588,#1593,#896,.T.);
#2009=EDGE_CURVE('',#1594,#1595,#897,.T.);
#2010=EDGE_CURVE('',#1596,#1594,#898,.T.);
#2011=EDGE_CURVE('',#1597,#1596,#899,.T.);
#2012=EDGE_CURVE('',#1597,#1595,#900,.T.);
#2013=EDGE_CURVE('',#1595,#1598,#901,.T.);
#2014=EDGE_CURVE('',#1599,#1597,#902,.T.);
#2015=EDGE_CURVE('',#1598,#1599,#903,.T.);
#2016=EDGE_CURVE('',#1598,#1600,#904,.T.);
#2017=EDGE_CURVE('',#1601,#1599,#905,.T.);
#2018=EDGE_CURVE('',#1600,#1601,#906,.T.);
#2019=EDGE_CURVE('',#1600,#1594,#907,.T.);
#2020=EDGE_CURVE('',#1596,#1601,#908,.T.);
#2021=EDGE_CURVE('',#1602,#1603,#909,.T.);
#2022=EDGE_CURVE('',#1604,#1602,#910,.T.);
#2023=EDGE_CURVE('',#1605,#1604,#911,.T.);
#2024=EDGE_CURVE('',#1605,#1603,#912,.T.);
#2025=EDGE_CURVE('',#1603,#1606,#913,.T.);
#2026=EDGE_CURVE('',#1607,#1605,#914,.T.);
#2027=EDGE_CURVE('',#1606,#1607,#915,.T.);
#2028=EDGE_CURVE('',#1606,#1608,#916,.T.);
#2029=EDGE_CURVE('',#1609,#1607,#917,.T.);
#2030=EDGE_CURVE('',#1608,#1609,#918,.T.);
#2031=EDGE_CURVE('',#1608,#1602,#919,.T.);
#2032=EDGE_CURVE('',#1604,#1609,#920,.T.);
#2033=EDGE_CURVE('',#1610,#1611,#921,.T.);
#2034=EDGE_CURVE('',#1612,#1610,#922,.T.);
#2035=EDGE_CURVE('',#1613,#1612,#923,.T.);
#2036=EDGE_CURVE('',#1613,#1611,#924,.T.);
#2037=EDGE_CURVE('',#1611,#1614,#925,.T.);
#2038=EDGE_CURVE('',#1615,#1613,#926,.T.);
#2039=EDGE_CURVE('',#1614,#1615,#927,.T.);
#2040=EDGE_CURVE('',#1614,#1616,#928,.T.);
#2041=EDGE_CURVE('',#1617,#1615,#929,.T.);
#2042=EDGE_CURVE('',#1616,#1617,#930,.T.);
#2043=EDGE_CURVE('',#1616,#1610,#931,.T.);
#2044=EDGE_CURVE('',#1612,#1617,#932,.T.);
#2045=EDGE_CURVE('',#1618,#1619,#933,.T.);
#2046=EDGE_CURVE('',#1620,#1618,#934,.T.);
#2047=EDGE_CURVE('',#1621,#1620,#935,.T.);
#2048=EDGE_CURVE('',#1621,#1619,#936,.T.);
#2049=EDGE_CURVE('',#1619,#1622,#937,.T.);
#2050=EDGE_CURVE('',#1623,#1621,#938,.T.);
#2051=EDGE_CURVE('',#1622,#1623,#939,.T.);
#2052=EDGE_CURVE('',#1622,#1624,#940,.T.);
#2053=EDGE_CURVE('',#1625,#1623,#941,.T.);
#2054=EDGE_CURVE('',#1624,#1625,#942,.T.);
#2055=EDGE_CURVE('',#1624,#1618,#943,.T.);
#2056=EDGE_CURVE('',#1620,#1625,#944,.T.);
#2057=EDGE_CURVE('',#1626,#1506,#945,.T.);
#2058=EDGE_CURVE('',#1627,#1626,#161,.T.);
#2059=EDGE_CURVE('',#1627,#1507,#946,.T.);
#2060=EDGE_CURVE('',#1556,#1627,#947,.T.);
#2061=EDGE_CURVE('',#1626,#1628,#948,.T.);
#2062=EDGE_CURVE('',#1628,#1629,#162,.T.);
#2063=EDGE_CURVE('',#1629,#1557,#949,.T.);
#2064=EDGE_CURVE('',#1628,#1505,#950,.T.);
#2065=EDGE_CURVE('',#1629,#1504,#951,.T.);
#2066=EDGE_CURVE('',#1526,#1513,#952,.T.);
#2067=EDGE_CURVE('',#1560,#1630,#953,.T.);
#2068=EDGE_CURVE('',#1631,#1630,#954,.T.);
#2069=EDGE_CURVE('',#1561,#1631,#955,.T.);
#2070=EDGE_CURVE('',#1631,#1564,#163,.T.);
#2071=EDGE_CURVE('',#1630,#1565,#164,.T.);
#2072=EDGE_CURVE('',#1563,#1632,#165,.T.);
#2073=EDGE_CURVE('',#1632,#1558,#956,.T.);
#2074=EDGE_CURVE('',#1632,#1633,#957,.T.);
#2075=EDGE_CURVE('',#1633,#1559,#958,.T.);
#2076=EDGE_CURVE('',#1562,#1633,#166,.T.);
#2077=EDGE_CURVE('',#1457,#1568,#959,.T.);
#2078=EDGE_CURVE('',#1634,#1634,#167,.T.);
#2079=EDGE_CURVE('',#1634,#1537,#960,.T.);
#2080=EDGE_CURVE('',#1458,#1572,#961,.T.);
#2081=EDGE_CURVE('',#1635,#1635,#168,.T.);
#2082=EDGE_CURVE('',#1635,#1536,#962,.T.);
#2083=EDGE_CURVE('',#1459,#1576,#963,.T.);
#2084=EDGE_CURVE('',#1636,#1636,#169,.T.);
#2085=EDGE_CURVE('',#1636,#1535,#964,.T.);
#2086=EDGE_CURVE('',#1460,#1580,#965,.T.);
#2087=EDGE_CURVE('',#1637,#1637,#170,.T.);
#2088=EDGE_CURVE('',#1637,#1534,#966,.T.);
#2089=EDGE_CURVE('',#1532,#1497,#967,.T.);
#2090=EDGE_CURVE('',#1533,#1496,#968,.T.);
#2091=EDGE_CURVE('',#1524,#1515,#969,.T.);
#2092=EDGE_CURVE('',#1525,#1514,#970,.T.);
#2093=EDGE_CURVE('',#1373,#1486,#971,.T.);
#2094=EDGE_CURVE('',#1374,#1485,#972,.T.);
#2095=EDGE_CURVE('',#1375,#1484,#973,.T.);
#2096=EDGE_CURVE('',#1376,#1483,#974,.T.);
#2097=EDGE_CURVE('',#1362,#1495,#975,.T.);
#2098=EDGE_CURVE('',#1363,#1494,#976,.T.);
#2099=ORIENTED_EDGE('',*,*,#1638,.T.);
#2100=ORIENTED_EDGE('',*,*,#1639,.F.);
#2101=ORIENTED_EDGE('',*,*,#1640,.F.);
#2102=ORIENTED_EDGE('',*,*,#1641,.F.);
#2103=ORIENTED_EDGE('',*,*,#1642,.T.);
#2104=ORIENTED_EDGE('',*,*,#1643,.F.);
#2105=ORIENTED_EDGE('',*,*,#1644,.F.);
#2106=ORIENTED_EDGE('',*,*,#1645,.F.);
#2107=ORIENTED_EDGE('',*,*,#1644,.T.);
#2108=ORIENTED_EDGE('',*,*,#1646,.F.);
#2109=ORIENTED_EDGE('',*,*,#1640,.T.);
#2110=ORIENTED_EDGE('',*,*,#1647,.F.);
#2111=ORIENTED_EDGE('',*,*,#1645,.T.);
#2112=ORIENTED_EDGE('',*,*,#1647,.T.);
#2113=ORIENTED_EDGE('',*,*,#1639,.T.);
#2114=ORIENTED_EDGE('',*,*,#1648,.T.);
#2115=ORIENTED_EDGE('',*,*,#1649,.T.);
#2116=ORIENTED_EDGE('',*,*,#1650,.F.);
#2117=ORIENTED_EDGE('',*,*,#1651,.F.);
#2118=ORIENTED_EDGE('',*,*,#1652,.T.);
#2119=ORIENTED_EDGE('',*,*,#1653,.T.);
#2120=ORIENTED_EDGE('',*,*,#1654,.T.);
#2121=ORIENTED_EDGE('',*,*,#1655,.T.);
#2122=ORIENTED_EDGE('',*,*,#1656,.T.);
#2123=ORIENTED_EDGE('',*,*,#1657,.T.);
#2124=ORIENTED_EDGE('',*,*,#1655,.F.);
#2125=ORIENTED_EDGE('',*,*,#1658,.F.);
#2126=ORIENTED_EDGE('',*,*,#1659,.F.);
#2127=ORIENTED_EDGE('',*,*,#1660,.T.);
#2128=ORIENTED_EDGE('',*,*,#1661,.F.);
#2129=ORIENTED_EDGE('',*,*,#1662,.F.);
#2130=ORIENTED_EDGE('',*,*,#1653,.F.);
#2131=ORIENTED_EDGE('',*,*,#1662,.T.);
#2132=ORIENTED_EDGE('',*,*,#1663,.F.);
#2133=ORIENTED_EDGE('',*,*,#1658,.T.);
#2134=ORIENTED_EDGE('',*,*,#1654,.F.);
#2135=ORIENTED_EDGE('',*,*,#1664,.T.);
#2136=ORIENTED_EDGE('',*,*,#1665,.F.);
#2137=ORIENTED_EDGE('',*,*,#1666,.F.);
#2138=ORIENTED_EDGE('',*,*,#1667,.T.);
#2139=ORIENTED_EDGE('',*,*,#1667,.F.);
#2140=ORIENTED_EDGE('',*,*,#1668,.F.);
#2141=ORIENTED_EDGE('',*,*,#1669,.F.);
#2142=ORIENTED_EDGE('',*,*,#1670,.F.);
#2143=ORIENTED_EDGE('',*,*,#1671,.F.);
#2144=ORIENTED_EDGE('',*,*,#1672,.F.);
#2145=ORIENTED_EDGE('',*,*,#1673,.F.);
#2146=ORIENTED_EDGE('',*,*,#1674,.F.);
#2147=ORIENTED_EDGE('',*,*,#1675,.F.);
#2148=ORIENTED_EDGE('',*,*,#1676,.F.);
#2149=ORIENTED_EDGE('',*,*,#1677,.F.);
#2150=ORIENTED_EDGE('',*,*,#1678,.F.);
#2151=ORIENTED_EDGE('',*,*,#1679,.F.);
#2152=ORIENTED_EDGE('',*,*,#1680,.F.);
#2153=ORIENTED_EDGE('',*,*,#1681,.F.);
#2154=ORIENTED_EDGE('',*,*,#1682,.F.);
#2155=ORIENTED_EDGE('',*,*,#1683,.F.);
#2156=ORIENTED_EDGE('',*,*,#1684,.F.);
#2157=ORIENTED_EDGE('',*,*,#1685,.F.);
#2158=ORIENTED_EDGE('',*,*,#1686,.F.);
#2159=ORIENTED_EDGE('',*,*,#1687,.F.);
#2160=ORIENTED_EDGE('',*,*,#1688,.F.);
#2161=ORIENTED_EDGE('',*,*,#1689,.F.);
#2162=ORIENTED_EDGE('',*,*,#1690,.F.);
#2163=ORIENTED_EDGE('',*,*,#1656,.F.);
#2164=ORIENTED_EDGE('',*,*,#1657,.F.);
#2165=ORIENTED_EDGE('',*,*,#1691,.F.);
#2166=ORIENTED_EDGE('',*,*,#1642,.F.);
#2167=ORIENTED_EDGE('',*,*,#1652,.F.);
#2168=ORIENTED_EDGE('',*,*,#1692,.F.);
#2169=ORIENTED_EDGE('',*,*,#1693,.F.);
#2170=ORIENTED_EDGE('',*,*,#1694,.F.);
#2171=ORIENTED_EDGE('',*,*,#1695,.F.);
#2172=ORIENTED_EDGE('',*,*,#1696,.F.);
#2173=ORIENTED_EDGE('',*,*,#1697,.F.);
#2174=ORIENTED_EDGE('',*,*,#1698,.F.);
#2175=ORIENTED_EDGE('',*,*,#1699,.F.);
#2176=ORIENTED_EDGE('',*,*,#1700,.F.);
#2177=ORIENTED_EDGE('',*,*,#1701,.F.);
#2178=ORIENTED_EDGE('',*,*,#1702,.F.);
#2179=ORIENTED_EDGE('',*,*,#1703,.F.);
#2180=ORIENTED_EDGE('',*,*,#1660,.F.);
#2181=ORIENTED_EDGE('',*,*,#1704,.T.);
#2182=ORIENTED_EDGE('',*,*,#1705,.T.);
#2183=ORIENTED_EDGE('',*,*,#1706,.T.);
#2184=ORIENTED_EDGE('',*,*,#1707,.T.);
#2185=ORIENTED_EDGE('',*,*,#1638,.F.);
#2186=ORIENTED_EDGE('',*,*,#1708,.F.);
#2187=ORIENTED_EDGE('',*,*,#1709,.F.);
#2188=ORIENTED_EDGE('',*,*,#1710,.F.);
#2189=ORIENTED_EDGE('',*,*,#1711,.F.);
#2190=ORIENTED_EDGE('',*,*,#1712,.F.);
#2191=ORIENTED_EDGE('',*,*,#1713,.F.);
#2192=ORIENTED_EDGE('',*,*,#1714,.F.);
#2193=ORIENTED_EDGE('',*,*,#1715,.F.);
#2194=ORIENTED_EDGE('',*,*,#1716,.F.);
#2195=ORIENTED_EDGE('',*,*,#1717,.F.);
#2196=ORIENTED_EDGE('',*,*,#1718,.F.);
#2197=ORIENTED_EDGE('',*,*,#1719,.F.);
#2198=ORIENTED_EDGE('',*,*,#1648,.F.);
#2199=ORIENTED_EDGE('',*,*,#1720,.F.);
#2200=ORIENTED_EDGE('',*,*,#1721,.F.);
#2201=ORIENTED_EDGE('',*,*,#1664,.F.);
#2202=ORIENTED_EDGE('',*,*,#1690,.T.);
#2203=ORIENTED_EDGE('',*,*,#1722,.F.);
#2204=ORIENTED_EDGE('',*,*,#1723,.T.);
#2205=ORIENTED_EDGE('',*,*,#1724,.F.);
#2206=ORIENTED_EDGE('',*,*,#1725,.F.);
#2207=ORIENTED_EDGE('',*,*,#1726,.F.);
#2208=ORIENTED_EDGE('',*,*,#1727,.F.);
#2209=ORIENTED_EDGE('',*,*,#1717,.T.);
#2210=ORIENTED_EDGE('',*,*,#1728,.T.);
#2211=ORIENTED_EDGE('',*,*,#1729,.F.);
#2212=ORIENTED_EDGE('',*,*,#1730,.T.);
#2213=ORIENTED_EDGE('',*,*,#1731,.F.);
#2214=ORIENTED_EDGE('',*,*,#1723,.F.);
#2215=ORIENTED_EDGE('',*,*,#1732,.F.);
#2216=ORIENTED_EDGE('',*,*,#1733,.F.);
#2217=ORIENTED_EDGE('',*,*,#1734,.F.);
#2218=ORIENTED_EDGE('',*,*,#1730,.F.);
#2219=ORIENTED_EDGE('',*,*,#1735,.F.);
#2220=ORIENTED_EDGE('',*,*,#1668,.T.);
#2221=ORIENTED_EDGE('',*,*,#1666,.T.);
#2222=ORIENTED_EDGE('',*,*,#1736,.F.);
#2223=ORIENTED_EDGE('',*,*,#1704,.F.);
#2224=ORIENTED_EDGE('',*,*,#1737,.T.);
#2225=ORIENTED_EDGE('',*,*,#1738,.T.);
#2226=ORIENTED_EDGE('',*,*,#1737,.F.);
#2227=ORIENTED_EDGE('',*,*,#1738,.F.);
#2228=ORIENTED_EDGE('',*,*,#1739,.T.);
#2229=ORIENTED_EDGE('',*,*,#1739,.F.);
#2230=ORIENTED_EDGE('',*,*,#1740,.T.);
#2231=ORIENTED_EDGE('',*,*,#1741,.F.);
#2232=ORIENTED_EDGE('',*,*,#1740,.F.);
#2233=ORIENTED_EDGE('',*,*,#1742,.F.);
#2234=ORIENTED_EDGE('',*,*,#1743,.F.);
#2235=ORIENTED_EDGE('',*,*,#1715,.T.);
#2236=ORIENTED_EDGE('',*,*,#1744,.F.);
#2237=ORIENTED_EDGE('',*,*,#1745,.F.);
#2238=ORIENTED_EDGE('',*,*,#1728,.F.);
#2239=ORIENTED_EDGE('',*,*,#1716,.T.);
#2240=ORIENTED_EDGE('',*,*,#1743,.T.);
#2241=ORIENTED_EDGE('',*,*,#1726,.T.);
#2242=ORIENTED_EDGE('',*,*,#1745,.T.);
#2243=ORIENTED_EDGE('',*,*,#1742,.T.);
#2244=ORIENTED_EDGE('',*,*,#1746,.T.);
#2245=ORIENTED_EDGE('',*,*,#1747,.T.);
#2246=ORIENTED_EDGE('',*,*,#1748,.T.);
#2247=ORIENTED_EDGE('',*,*,#1749,.T.);
#2248=ORIENTED_EDGE('',*,*,#1750,.T.);
#2249=ORIENTED_EDGE('',*,*,#1751,.T.);
#2250=ORIENTED_EDGE('',*,*,#1752,.T.);
#2251=ORIENTED_EDGE('',*,*,#1753,.T.);
#2252=ORIENTED_EDGE('',*,*,#1754,.T.);
#2253=ORIENTED_EDGE('',*,*,#1755,.T.);
#2254=ORIENTED_EDGE('',*,*,#1756,.T.);
#2255=ORIENTED_EDGE('',*,*,#1757,.T.);
#2256=ORIENTED_EDGE('',*,*,#1758,.T.);
#2257=ORIENTED_EDGE('',*,*,#1759,.T.);
#2258=ORIENTED_EDGE('',*,*,#1760,.T.);
#2259=ORIENTED_EDGE('',*,*,#1761,.T.);
#2260=ORIENTED_EDGE('',*,*,#1762,.T.);
#2261=ORIENTED_EDGE('',*,*,#1763,.T.);
#2262=ORIENTED_EDGE('',*,*,#1650,.T.);
#2263=ORIENTED_EDGE('',*,*,#1764,.T.);
#2264=ORIENTED_EDGE('',*,*,#1765,.T.);
#2265=ORIENTED_EDGE('',*,*,#1766,.T.);
#2266=ORIENTED_EDGE('',*,*,#1767,.T.);
#2267=ORIENTED_EDGE('',*,*,#1768,.T.);
#2268=ORIENTED_EDGE('',*,*,#1769,.T.);
#2269=ORIENTED_EDGE('',*,*,#1770,.T.);
#2270=ORIENTED_EDGE('',*,*,#1771,.T.);
#2271=ORIENTED_EDGE('',*,*,#1772,.T.);
#2272=ORIENTED_EDGE('',*,*,#1773,.T.);
#2273=ORIENTED_EDGE('',*,*,#1774,.T.);
#2274=ORIENTED_EDGE('',*,*,#1775,.T.);
#2275=ORIENTED_EDGE('',*,*,#1776,.T.);
#2276=ORIENTED_EDGE('',*,*,#1777,.T.);
#2277=ORIENTED_EDGE('',*,*,#1778,.T.);
#2278=ORIENTED_EDGE('',*,*,#1779,.T.);
#2279=ORIENTED_EDGE('',*,*,#1780,.T.);
#2280=ORIENTED_EDGE('',*,*,#1781,.T.);
#2281=ORIENTED_EDGE('',*,*,#1782,.T.);
#2282=ORIENTED_EDGE('',*,*,#1783,.T.);
#2283=ORIENTED_EDGE('',*,*,#1784,.T.);
#2284=ORIENTED_EDGE('',*,*,#1785,.T.);
#2285=ORIENTED_EDGE('',*,*,#1786,.T.);
#2286=ORIENTED_EDGE('',*,*,#1787,.T.);
#2287=ORIENTED_EDGE('',*,*,#1744,.T.);
#2288=ORIENTED_EDGE('',*,*,#1714,.T.);
#2289=ORIENTED_EDGE('',*,*,#1788,.T.);
#2290=ORIENTED_EDGE('',*,*,#1746,.F.);
#2291=ORIENTED_EDGE('',*,*,#1735,.T.);
#2292=ORIENTED_EDGE('',*,*,#1789,.F.);
#2293=ORIENTED_EDGE('',*,*,#1790,.T.);
#2294=ORIENTED_EDGE('',*,*,#1669,.T.);
#2295=ORIENTED_EDGE('',*,*,#1733,.T.);
#2296=ORIENTED_EDGE('',*,*,#1791,.F.);
#2297=ORIENTED_EDGE('',*,*,#1792,.T.);
#2298=ORIENTED_EDGE('',*,*,#1793,.F.);
#2299=ORIENTED_EDGE('',*,*,#1725,.T.);
#2300=ORIENTED_EDGE('',*,*,#1794,.F.);
#2301=ORIENTED_EDGE('',*,*,#1795,.F.);
#2302=ORIENTED_EDGE('',*,*,#1796,.F.);
#2303=ORIENTED_EDGE('',*,*,#1797,.T.);
#2304=ORIENTED_EDGE('',*,*,#1798,.F.);
#2305=ORIENTED_EDGE('',*,*,#1799,.F.);
#2306=ORIENTED_EDGE('',*,*,#1671,.T.);
#2307=ORIENTED_EDGE('',*,*,#1790,.F.);
#2308=ORIENTED_EDGE('',*,*,#1800,.F.);
#2309=ORIENTED_EDGE('',*,*,#1797,.F.);
#2310=ORIENTED_EDGE('',*,*,#1670,.T.);
#2311=ORIENTED_EDGE('',*,*,#1792,.F.);
#2312=ORIENTED_EDGE('',*,*,#1801,.F.);
#2313=ORIENTED_EDGE('',*,*,#1802,.T.);
#2314=ORIENTED_EDGE('',*,*,#1803,.F.);
#2315=ORIENTED_EDGE('',*,*,#1747,.F.);
#2316=ORIENTED_EDGE('',*,*,#1788,.F.);
#2317=ORIENTED_EDGE('',*,*,#1713,.T.);
#2318=ORIENTED_EDGE('',*,*,#1804,.T.);
#2319=ORIENTED_EDGE('',*,*,#1805,.F.);
#2320=ORIENTED_EDGE('',*,*,#1806,.T.);
#2321=ORIENTED_EDGE('',*,*,#1807,.F.);
#2322=ORIENTED_EDGE('',*,*,#1802,.F.);
#2323=ORIENTED_EDGE('',*,*,#1808,.F.);
#2324=ORIENTED_EDGE('',*,*,#1809,.F.);
#2325=ORIENTED_EDGE('',*,*,#1806,.F.);
#2326=ORIENTED_EDGE('',*,*,#1810,.F.);
#2327=ORIENTED_EDGE('',*,*,#1811,.F.);
#2328=ORIENTED_EDGE('',*,*,#1672,.T.);
#2329=ORIENTED_EDGE('',*,*,#1799,.T.);
#2330=ORIENTED_EDGE('',*,*,#1812,.F.);
#2331=ORIENTED_EDGE('',*,*,#1707,.F.);
#2332=ORIENTED_EDGE('',*,*,#1813,.T.);
#2333=ORIENTED_EDGE('',*,*,#1814,.T.);
#2334=ORIENTED_EDGE('',*,*,#1813,.F.);
#2335=ORIENTED_EDGE('',*,*,#1814,.F.);
#2336=ORIENTED_EDGE('',*,*,#1815,.T.);
#2337=ORIENTED_EDGE('',*,*,#1815,.F.);
#2338=ORIENTED_EDGE('',*,*,#1816,.T.);
#2339=ORIENTED_EDGE('',*,*,#1817,.F.);
#2340=ORIENTED_EDGE('',*,*,#1816,.F.);
#2341=ORIENTED_EDGE('',*,*,#1749,.F.);
#2342=ORIENTED_EDGE('',*,*,#1818,.F.);
#2343=ORIENTED_EDGE('',*,*,#1711,.T.);
#2344=ORIENTED_EDGE('',*,*,#1819,.F.);
#2345=ORIENTED_EDGE('',*,*,#1748,.F.);
#2346=ORIENTED_EDGE('',*,*,#1804,.F.);
#2347=ORIENTED_EDGE('',*,*,#1712,.T.);
#2348=ORIENTED_EDGE('',*,*,#1818,.T.);
#2349=ORIENTED_EDGE('',*,*,#1819,.T.);
#2350=ORIENTED_EDGE('',*,*,#1710,.T.);
#2351=ORIENTED_EDGE('',*,*,#1820,.T.);
#2352=ORIENTED_EDGE('',*,*,#1750,.F.);
#2353=ORIENTED_EDGE('',*,*,#1811,.T.);
#2354=ORIENTED_EDGE('',*,*,#1821,.F.);
#2355=ORIENTED_EDGE('',*,*,#1822,.F.);
#2356=ORIENTED_EDGE('',*,*,#1673,.T.);
#2357=ORIENTED_EDGE('',*,*,#1808,.T.);
#2358=ORIENTED_EDGE('',*,*,#1823,.F.);
#2359=ORIENTED_EDGE('',*,*,#1824,.T.);
#2360=ORIENTED_EDGE('',*,*,#1825,.F.);
#2361=ORIENTED_EDGE('',*,*,#1826,.F.);
#2362=ORIENTED_EDGE('',*,*,#1683,.T.);
#2363=ORIENTED_EDGE('',*,*,#1827,.T.);
#2364=ORIENTED_EDGE('',*,*,#1828,.F.);
#2365=ORIENTED_EDGE('',*,*,#1721,.T.);
#2366=ORIENTED_EDGE('',*,*,#1829,.T.);
#2367=ORIENTED_EDGE('',*,*,#1830,.T.);
#2368=ORIENTED_EDGE('',*,*,#1831,.T.);
#2369=ORIENTED_EDGE('',*,*,#1832,.T.);
#2370=ORIENTED_EDGE('',*,*,#1833,.T.);
#2371=ORIENTED_EDGE('',*,*,#1834,.T.);
#2372=ORIENTED_EDGE('',*,*,#1828,.T.);
#2373=ORIENTED_EDGE('',*,*,#1835,.T.);
#2374=ORIENTED_EDGE('',*,*,#1836,.T.);
#2375=ORIENTED_EDGE('',*,*,#1837,.T.);
#2376=ORIENTED_EDGE('',*,*,#1838,.T.);
#2377=ORIENTED_EDGE('',*,*,#1839,.T.);
#2378=ORIENTED_EDGE('',*,*,#1840,.T.);
#2379=ORIENTED_EDGE('',*,*,#1841,.T.);
#2380=ORIENTED_EDGE('',*,*,#1842,.T.);
#2381=ORIENTED_EDGE('',*,*,#1843,.T.);
#2382=ORIENTED_EDGE('',*,*,#1821,.T.);
#2383=ORIENTED_EDGE('',*,*,#1812,.T.);
#2384=ORIENTED_EDGE('',*,*,#1798,.T.);
#2385=ORIENTED_EDGE('',*,*,#1800,.T.);
#2386=ORIENTED_EDGE('',*,*,#1789,.T.);
#2387=ORIENTED_EDGE('',*,*,#1736,.T.);
#2388=ORIENTED_EDGE('',*,*,#1665,.T.);
#2389=ORIENTED_EDGE('',*,*,#1741,.T.);
#2390=ORIENTED_EDGE('',*,*,#1793,.T.);
#2391=ORIENTED_EDGE('',*,*,#1803,.T.);
#2392=ORIENTED_EDGE('',*,*,#1807,.T.);
#2393=ORIENTED_EDGE('',*,*,#1809,.T.);
#2394=ORIENTED_EDGE('',*,*,#1825,.T.);
#2395=ORIENTED_EDGE('',*,*,#1844,.T.);
#2396=ORIENTED_EDGE('',*,*,#1845,.T.);
#2397=ORIENTED_EDGE('',*,*,#1846,.T.);
#2398=ORIENTED_EDGE('',*,*,#1847,.T.);
#2399=ORIENTED_EDGE('',*,*,#1848,.T.);
#2400=ORIENTED_EDGE('',*,*,#1849,.T.);
#2401=ORIENTED_EDGE('',*,*,#1850,.T.);
#2402=ORIENTED_EDGE('',*,*,#1851,.T.);
#2403=ORIENTED_EDGE('',*,*,#1852,.T.);
#2404=ORIENTED_EDGE('',*,*,#1853,.T.);
#2405=ORIENTED_EDGE('',*,*,#1854,.T.);
#2406=ORIENTED_EDGE('',*,*,#1855,.T.);
#2407=ORIENTED_EDGE('',*,*,#1856,.T.);
#2408=ORIENTED_EDGE('',*,*,#1857,.T.);
#2409=ORIENTED_EDGE('',*,*,#1858,.T.);
#2410=ORIENTED_EDGE('',*,*,#1859,.T.);
#2411=ORIENTED_EDGE('',*,*,#1860,.T.);
#2412=ORIENTED_EDGE('',*,*,#1861,.T.);
#2413=ORIENTED_EDGE('',*,*,#1862,.T.);
#2414=ORIENTED_EDGE('',*,*,#1863,.T.);
#2415=ORIENTED_EDGE('',*,*,#1864,.T.);
#2416=ORIENTED_EDGE('',*,*,#1794,.T.);
#2417=ORIENTED_EDGE('',*,*,#1724,.T.);
#2418=ORIENTED_EDGE('',*,*,#1731,.T.);
#2419=ORIENTED_EDGE('',*,*,#1734,.T.);
#2420=ORIENTED_EDGE('',*,*,#1817,.T.);
#2421=ORIENTED_EDGE('',*,*,#1865,.T.);
#2422=ORIENTED_EDGE('',*,*,#1866,.T.);
#2423=ORIENTED_EDGE('',*,*,#1867,.F.);
#2424=ORIENTED_EDGE('',*,*,#1684,.T.);
#2425=ORIENTED_EDGE('',*,*,#1826,.T.);
#2426=ORIENTED_EDGE('',*,*,#1834,.F.);
#2427=ORIENTED_EDGE('',*,*,#1761,.F.);
#2428=ORIENTED_EDGE('',*,*,#1868,.F.);
#2429=ORIENTED_EDGE('',*,*,#1694,.T.);
#2430=ORIENTED_EDGE('',*,*,#1869,.F.);
#2431=ORIENTED_EDGE('',*,*,#1870,.F.);
#2432=ORIENTED_EDGE('',*,*,#1871,.F.);
#2433=ORIENTED_EDGE('',*,*,#1860,.F.);
#2434=ORIENTED_EDGE('',*,*,#1872,.F.);
#2435=ORIENTED_EDGE('',*,*,#1760,.F.);
#2436=ORIENTED_EDGE('',*,*,#1873,.F.);
#2437=ORIENTED_EDGE('',*,*,#1695,.T.);
#2438=ORIENTED_EDGE('',*,*,#1868,.T.);
#2439=ORIENTED_EDGE('',*,*,#1759,.F.);
#2440=ORIENTED_EDGE('',*,*,#1874,.F.);
#2441=ORIENTED_EDGE('',*,*,#1696,.T.);
#2442=ORIENTED_EDGE('',*,*,#1873,.T.);
#2443=ORIENTED_EDGE('',*,*,#1875,.F.);
#2444=ORIENTED_EDGE('',*,*,#1835,.F.);
#2445=ORIENTED_EDGE('',*,*,#1827,.F.);
#2446=ORIENTED_EDGE('',*,*,#1682,.T.);
#2447=ORIENTED_EDGE('',*,*,#1876,.F.);
#2448=ORIENTED_EDGE('',*,*,#1705,.F.);
#2449=ORIENTED_EDGE('',*,*,#1877,.T.);
#2450=ORIENTED_EDGE('',*,*,#1876,.T.);
#2451=ORIENTED_EDGE('',*,*,#1877,.F.);
#2452=ORIENTED_EDGE('',*,*,#1878,.F.);
#2453=ORIENTED_EDGE('',*,*,#1879,.T.);
#2454=ORIENTED_EDGE('',*,*,#1865,.F.);
#2455=ORIENTED_EDGE('',*,*,#1879,.F.);
#2456=ORIENTED_EDGE('',*,*,#1878,.T.);
#2457=ORIENTED_EDGE('',*,*,#1880,.F.);
#2458=ORIENTED_EDGE('',*,*,#1872,.T.);
#2459=ORIENTED_EDGE('',*,*,#1859,.F.);
#2460=ORIENTED_EDGE('',*,*,#1881,.F.);
#2461=ORIENTED_EDGE('',*,*,#1882,.F.);
#2462=ORIENTED_EDGE('',*,*,#1881,.T.);
#2463=ORIENTED_EDGE('',*,*,#1858,.F.);
#2464=ORIENTED_EDGE('',*,*,#1883,.F.);
#2465=ORIENTED_EDGE('',*,*,#1722,.T.);
#2466=ORIENTED_EDGE('',*,*,#1796,.T.);
#2467=ORIENTED_EDGE('',*,*,#1884,.T.);
#2468=ORIENTED_EDGE('',*,*,#1885,.T.);
#2469=ORIENTED_EDGE('',*,*,#1886,.T.);
#2470=ORIENTED_EDGE('',*,*,#1887,.T.);
#2471=ORIENTED_EDGE('',*,*,#1870,.T.);
#2472=ORIENTED_EDGE('',*,*,#1880,.T.);
#2473=ORIENTED_EDGE('',*,*,#1882,.T.);
#2474=ORIENTED_EDGE('',*,*,#1888,.T.);
#2475=ORIENTED_EDGE('',*,*,#1889,.T.);
#2476=ORIENTED_EDGE('',*,*,#1890,.T.);
#2477=ORIENTED_EDGE('',*,*,#1891,.T.);
#2478=ORIENTED_EDGE('',*,*,#1892,.T.);
#2479=ORIENTED_EDGE('',*,*,#1893,.T.);
#2480=ORIENTED_EDGE('',*,*,#1894,.T.);
#2481=ORIENTED_EDGE('',*,*,#1895,.T.);
#2482=ORIENTED_EDGE('',*,*,#1823,.T.);
#2483=ORIENTED_EDGE('',*,*,#1810,.T.);
#2484=ORIENTED_EDGE('',*,*,#1805,.T.);
#2485=ORIENTED_EDGE('',*,*,#1801,.T.);
#2486=ORIENTED_EDGE('',*,*,#1791,.T.);
#2487=ORIENTED_EDGE('',*,*,#1732,.T.);
#2488=ORIENTED_EDGE('',*,*,#1729,.T.);
#2489=ORIENTED_EDGE('',*,*,#1896,.T.);
#2490=ORIENTED_EDGE('',*,*,#1897,.T.);
#2491=ORIENTED_EDGE('',*,*,#1898,.T.);
#2492=ORIENTED_EDGE('',*,*,#1899,.T.);
#2493=ORIENTED_EDGE('',*,*,#1900,.T.);
#2494=ORIENTED_EDGE('',*,*,#1901,.T.);
#2495=ORIENTED_EDGE('',*,*,#1902,.T.);
#2496=ORIENTED_EDGE('',*,*,#1903,.T.);
#2497=ORIENTED_EDGE('',*,*,#1904,.T.);
#2498=ORIENTED_EDGE('',*,*,#1905,.T.);
#2499=ORIENTED_EDGE('',*,*,#1906,.T.);
#2500=ORIENTED_EDGE('',*,*,#1907,.T.);
#2501=ORIENTED_EDGE('',*,*,#1908,.T.);
#2502=ORIENTED_EDGE('',*,*,#1909,.T.);
#2503=ORIENTED_EDGE('',*,*,#1910,.T.);
#2504=ORIENTED_EDGE('',*,*,#1911,.T.);
#2505=ORIENTED_EDGE('',*,*,#1912,.T.);
#2506=ORIENTED_EDGE('',*,*,#1913,.T.);
#2507=ORIENTED_EDGE('',*,*,#1914,.T.);
#2508=ORIENTED_EDGE('',*,*,#1915,.T.);
#2509=ORIENTED_EDGE('',*,*,#1916,.T.);
#2510=ORIENTED_EDGE('',*,*,#1917,.T.);
#2511=ORIENTED_EDGE('',*,*,#1883,.T.);
#2512=ORIENTED_EDGE('',*,*,#1857,.F.);
#2513=ORIENTED_EDGE('',*,*,#1918,.T.);
#2514=ORIENTED_EDGE('',*,*,#1919,.T.);
#2515=ORIENTED_EDGE('',*,*,#1920,.T.);
#2516=ORIENTED_EDGE('',*,*,#1851,.F.);
#2517=ORIENTED_EDGE('',*,*,#1921,.T.);
#2518=ORIENTED_EDGE('',*,*,#1888,.F.);
#2519=ORIENTED_EDGE('',*,*,#1922,.T.);
#2520=ORIENTED_EDGE('',*,*,#1923,.T.);
#2521=ORIENTED_EDGE('',*,*,#1924,.T.);
#2522=ORIENTED_EDGE('',*,*,#1925,.T.);
#2523=ORIENTED_EDGE('',*,*,#1875,.T.);
#2524=ORIENTED_EDGE('',*,*,#1681,.T.);
#2525=ORIENTED_EDGE('',*,*,#1926,.T.);
#2526=ORIENTED_EDGE('',*,*,#1836,.F.);
#2527=ORIENTED_EDGE('',*,*,#1927,.T.);
#2528=ORIENTED_EDGE('',*,*,#1928,.T.);
#2529=ORIENTED_EDGE('',*,*,#1929,.T.);
#2530=ORIENTED_EDGE('',*,*,#1930,.T.);
#2531=ORIENTED_EDGE('',*,*,#1874,.T.);
#2532=ORIENTED_EDGE('',*,*,#1758,.F.);
#2533=ORIENTED_EDGE('',*,*,#1931,.T.);
#2534=ORIENTED_EDGE('',*,*,#1697,.T.);
#2535=ORIENTED_EDGE('',*,*,#1869,.T.);
#2536=ORIENTED_EDGE('',*,*,#1693,.T.);
#2537=ORIENTED_EDGE('',*,*,#1932,.T.);
#2538=ORIENTED_EDGE('',*,*,#1762,.F.);
#2539=ORIENTED_EDGE('',*,*,#1933,.F.);
#2540=ORIENTED_EDGE('',*,*,#1679,.T.);
#2541=ORIENTED_EDGE('',*,*,#1934,.T.);
#2542=ORIENTED_EDGE('',*,*,#1838,.F.);
#2543=ORIENTED_EDGE('',*,*,#1926,.F.);
#2544=ORIENTED_EDGE('',*,*,#1680,.T.);
#2545=ORIENTED_EDGE('',*,*,#1933,.T.);
#2546=ORIENTED_EDGE('',*,*,#1837,.F.);
#2547=ORIENTED_EDGE('',*,*,#1757,.F.);
#2548=ORIENTED_EDGE('',*,*,#1935,.F.);
#2549=ORIENTED_EDGE('',*,*,#1698,.T.);
#2550=ORIENTED_EDGE('',*,*,#1931,.F.);
#2551=ORIENTED_EDGE('',*,*,#1889,.F.);
#2552=ORIENTED_EDGE('',*,*,#1921,.F.);
#2553=ORIENTED_EDGE('',*,*,#1850,.F.);
#2554=ORIENTED_EDGE('',*,*,#1936,.F.);
#2555=ORIENTED_EDGE('',*,*,#1756,.F.);
#2556=ORIENTED_EDGE('',*,*,#1937,.F.);
#2557=ORIENTED_EDGE('',*,*,#1699,.T.);
#2558=ORIENTED_EDGE('',*,*,#1935,.T.);
#2559=ORIENTED_EDGE('',*,*,#1755,.F.);
#2560=ORIENTED_EDGE('',*,*,#1938,.F.);
#2561=ORIENTED_EDGE('',*,*,#1700,.T.);
#2562=ORIENTED_EDGE('',*,*,#1937,.T.);
#2563=ORIENTED_EDGE('',*,*,#1939,.F.);
#2564=ORIENTED_EDGE('',*,*,#1839,.F.);
#2565=ORIENTED_EDGE('',*,*,#1934,.F.);
#2566=ORIENTED_EDGE('',*,*,#1678,.T.);
#2567=ORIENTED_EDGE('',*,*,#1940,.F.);
#2568=ORIENTED_EDGE('',*,*,#1706,.F.);
#2569=ORIENTED_EDGE('',*,*,#1941,.T.);
#2570=ORIENTED_EDGE('',*,*,#1940,.T.);
#2571=ORIENTED_EDGE('',*,*,#1941,.F.);
#2572=ORIENTED_EDGE('',*,*,#1942,.F.);
#2573=ORIENTED_EDGE('',*,*,#1943,.T.);
#2574=ORIENTED_EDGE('',*,*,#1866,.F.);
#2575=ORIENTED_EDGE('',*,*,#1943,.F.);
#2576=ORIENTED_EDGE('',*,*,#1942,.T.);
#2577=ORIENTED_EDGE('',*,*,#1890,.F.);
#2578=ORIENTED_EDGE('',*,*,#1936,.T.);
#2579=ORIENTED_EDGE('',*,*,#1849,.F.);
#2580=ORIENTED_EDGE('',*,*,#1944,.F.);
#2581=ORIENTED_EDGE('',*,*,#1891,.F.);
#2582=ORIENTED_EDGE('',*,*,#1944,.T.);
#2583=ORIENTED_EDGE('',*,*,#1848,.F.);
#2584=ORIENTED_EDGE('',*,*,#1945,.F.);
#2585=ORIENTED_EDGE('',*,*,#1945,.T.);
#2586=ORIENTED_EDGE('',*,*,#1847,.F.);
#2587=ORIENTED_EDGE('',*,*,#1946,.F.);
#2588=ORIENTED_EDGE('',*,*,#1892,.F.);
#2589=ORIENTED_EDGE('',*,*,#1939,.T.);
#2590=ORIENTED_EDGE('',*,*,#1677,.T.);
#2591=ORIENTED_EDGE('',*,*,#1947,.T.);
#2592=ORIENTED_EDGE('',*,*,#1840,.F.);
#2593=ORIENTED_EDGE('',*,*,#1938,.T.);
#2594=ORIENTED_EDGE('',*,*,#1754,.F.);
#2595=ORIENTED_EDGE('',*,*,#1948,.F.);
#2596=ORIENTED_EDGE('',*,*,#1701,.T.);
#2597=ORIENTED_EDGE('',*,*,#1643,.T.);
#2598=ORIENTED_EDGE('',*,*,#1691,.T.);
#2599=ORIENTED_EDGE('',*,*,#1659,.T.);
#2600=ORIENTED_EDGE('',*,*,#1663,.T.);
#2601=ORIENTED_EDGE('',*,*,#1661,.T.);
#2602=ORIENTED_EDGE('',*,*,#1703,.T.);
#2603=ORIENTED_EDGE('',*,*,#1949,.T.);
#2604=ORIENTED_EDGE('',*,*,#1752,.F.);
#2605=ORIENTED_EDGE('',*,*,#1950,.F.);
#2606=ORIENTED_EDGE('',*,*,#1708,.T.);
#2607=ORIENTED_EDGE('',*,*,#1641,.T.);
#2608=ORIENTED_EDGE('',*,*,#1646,.T.);
#2609=ORIENTED_EDGE('',*,*,#1709,.T.);
#2610=ORIENTED_EDGE('',*,*,#1950,.T.);
#2611=ORIENTED_EDGE('',*,*,#1751,.F.);
#2612=ORIENTED_EDGE('',*,*,#1820,.F.);
#2613=ORIENTED_EDGE('',*,*,#1727,.T.);
#2614=ORIENTED_EDGE('',*,*,#1765,.F.);
#2615=ORIENTED_EDGE('',*,*,#1951,.F.);
#2616=ORIENTED_EDGE('',*,*,#1718,.T.);
#2617=ORIENTED_EDGE('',*,*,#1719,.T.);
#2618=ORIENTED_EDGE('',*,*,#1951,.T.);
#2619=ORIENTED_EDGE('',*,*,#1764,.F.);
#2620=ORIENTED_EDGE('',*,*,#1649,.F.);
#2621=ORIENTED_EDGE('',*,*,#1692,.T.);
#2622=ORIENTED_EDGE('',*,*,#1651,.T.);
#2623=ORIENTED_EDGE('',*,*,#1763,.F.);
#2624=ORIENTED_EDGE('',*,*,#1932,.F.);
#2625=ORIENTED_EDGE('',*,*,#1702,.T.);
#2626=ORIENTED_EDGE('',*,*,#1948,.T.);
#2627=ORIENTED_EDGE('',*,*,#1753,.F.);
#2628=ORIENTED_EDGE('',*,*,#1949,.F.);
#2629=ORIENTED_EDGE('',*,*,#1952,.T.);
#2630=ORIENTED_EDGE('',*,*,#1953,.T.);
#2631=ORIENTED_EDGE('',*,*,#1954,.T.);
#2632=ORIENTED_EDGE('',*,*,#1953,.F.);
#2633=ORIENTED_EDGE('',*,*,#1955,.F.);
#2634=ORIENTED_EDGE('',*,*,#1956,.T.);
#2635=ORIENTED_EDGE('',*,*,#1957,.F.);
#2636=ORIENTED_EDGE('',*,*,#1956,.F.);
#2637=ORIENTED_EDGE('',*,*,#1955,.T.);
#2638=ORIENTED_EDGE('',*,*,#1954,.F.);
#2639=ORIENTED_EDGE('',*,*,#1958,.T.);
#2640=ORIENTED_EDGE('',*,*,#1959,.T.);
#2641=ORIENTED_EDGE('',*,*,#1960,.T.);
#2642=ORIENTED_EDGE('',*,*,#1959,.F.);
#2643=ORIENTED_EDGE('',*,*,#1961,.F.);
#2644=ORIENTED_EDGE('',*,*,#1962,.T.);
#2645=ORIENTED_EDGE('',*,*,#1963,.F.);
#2646=ORIENTED_EDGE('',*,*,#1962,.F.);
#2647=ORIENTED_EDGE('',*,*,#1961,.T.);
#2648=ORIENTED_EDGE('',*,*,#1960,.F.);
#2649=ORIENTED_EDGE('',*,*,#1964,.T.);
#2650=ORIENTED_EDGE('',*,*,#1965,.T.);
#2651=ORIENTED_EDGE('',*,*,#1966,.T.);
#2652=ORIENTED_EDGE('',*,*,#1965,.F.);
#2653=ORIENTED_EDGE('',*,*,#1967,.F.);
#2654=ORIENTED_EDGE('',*,*,#1968,.T.);
#2655=ORIENTED_EDGE('',*,*,#1969,.F.);
#2656=ORIENTED_EDGE('',*,*,#1968,.F.);
#2657=ORIENTED_EDGE('',*,*,#1967,.T.);
#2658=ORIENTED_EDGE('',*,*,#1966,.F.);
#2659=ORIENTED_EDGE('',*,*,#1970,.T.);
#2660=ORIENTED_EDGE('',*,*,#1971,.T.);
#2661=ORIENTED_EDGE('',*,*,#1972,.T.);
#2662=ORIENTED_EDGE('',*,*,#1971,.F.);
#2663=ORIENTED_EDGE('',*,*,#1973,.F.);
#2664=ORIENTED_EDGE('',*,*,#1974,.T.);
#2665=ORIENTED_EDGE('',*,*,#1975,.F.);
#2666=ORIENTED_EDGE('',*,*,#1974,.F.);
#2667=ORIENTED_EDGE('',*,*,#1973,.T.);
#2668=ORIENTED_EDGE('',*,*,#1972,.F.);
#2669=ORIENTED_EDGE('',*,*,#1914,.F.);
#2670=ORIENTED_EDGE('',*,*,#1976,.F.);
#2671=ORIENTED_EDGE('',*,*,#1770,.F.);
#2672=ORIENTED_EDGE('',*,*,#1977,.T.);
#2673=ORIENTED_EDGE('',*,*,#1915,.F.);
#2674=ORIENTED_EDGE('',*,*,#1977,.F.);
#2675=ORIENTED_EDGE('',*,*,#1769,.F.);
#2676=ORIENTED_EDGE('',*,*,#1978,.T.);
#2677=ORIENTED_EDGE('',*,*,#1916,.F.);
#2678=ORIENTED_EDGE('',*,*,#1978,.F.);
#2679=ORIENTED_EDGE('',*,*,#1768,.F.);
#2680=ORIENTED_EDGE('',*,*,#1979,.T.);
#2681=ORIENTED_EDGE('',*,*,#1917,.F.);
#2682=ORIENTED_EDGE('',*,*,#1979,.F.);
#2683=ORIENTED_EDGE('',*,*,#1767,.F.);
#2684=ORIENTED_EDGE('',*,*,#1980,.T.);
#2685=ORIENTED_EDGE('',*,*,#1910,.F.);
#2686=ORIENTED_EDGE('',*,*,#1980,.F.);
#2687=ORIENTED_EDGE('',*,*,#1766,.F.);
#2688=ORIENTED_EDGE('',*,*,#1981,.T.);
#2689=ORIENTED_EDGE('',*,*,#1911,.F.);
#2690=ORIENTED_EDGE('',*,*,#1981,.F.);
#2691=ORIENTED_EDGE('',*,*,#1773,.F.);
#2692=ORIENTED_EDGE('',*,*,#1982,.T.);
#2693=ORIENTED_EDGE('',*,*,#1912,.F.);
#2694=ORIENTED_EDGE('',*,*,#1982,.F.);
#2695=ORIENTED_EDGE('',*,*,#1772,.F.);
#2696=ORIENTED_EDGE('',*,*,#1983,.T.);
#2697=ORIENTED_EDGE('',*,*,#1913,.F.);
#2698=ORIENTED_EDGE('',*,*,#1983,.F.);
#2699=ORIENTED_EDGE('',*,*,#1771,.F.);
#2700=ORIENTED_EDGE('',*,*,#1976,.T.);
#2701=ORIENTED_EDGE('',*,*,#1774,.F.);
#2702=ORIENTED_EDGE('',*,*,#1984,.T.);
#2703=ORIENTED_EDGE('',*,*,#1909,.F.);
#2704=ORIENTED_EDGE('',*,*,#1984,.F.);
#2705=ORIENTED_EDGE('',*,*,#1775,.F.);
#2706=ORIENTED_EDGE('',*,*,#1985,.T.);
#2707=ORIENTED_EDGE('',*,*,#1908,.F.);
#2708=ORIENTED_EDGE('',*,*,#1985,.F.);
#2709=ORIENTED_EDGE('',*,*,#1904,.F.);
#2710=ORIENTED_EDGE('',*,*,#1986,.F.);
#2711=ORIENTED_EDGE('',*,*,#1780,.F.);
#2712=ORIENTED_EDGE('',*,*,#1987,.T.);
#2713=ORIENTED_EDGE('',*,*,#1905,.F.);
#2714=ORIENTED_EDGE('',*,*,#1987,.F.);
#2715=ORIENTED_EDGE('',*,*,#1779,.F.);
#2716=ORIENTED_EDGE('',*,*,#1988,.T.);
#2717=ORIENTED_EDGE('',*,*,#1906,.F.);
#2718=ORIENTED_EDGE('',*,*,#1988,.F.);
#2719=ORIENTED_EDGE('',*,*,#1778,.F.);
#2720=ORIENTED_EDGE('',*,*,#1989,.T.);
#2721=ORIENTED_EDGE('',*,*,#1907,.F.);
#2722=ORIENTED_EDGE('',*,*,#1989,.F.);
#2723=ORIENTED_EDGE('',*,*,#1777,.F.);
#2724=ORIENTED_EDGE('',*,*,#1990,.T.);
#2725=ORIENTED_EDGE('',*,*,#1900,.F.);
#2726=ORIENTED_EDGE('',*,*,#1990,.F.);
#2727=ORIENTED_EDGE('',*,*,#1776,.F.);
#2728=ORIENTED_EDGE('',*,*,#1991,.T.);
#2729=ORIENTED_EDGE('',*,*,#1901,.F.);
#2730=ORIENTED_EDGE('',*,*,#1991,.F.);
#2731=ORIENTED_EDGE('',*,*,#1783,.F.);
#2732=ORIENTED_EDGE('',*,*,#1992,.T.);
#2733=ORIENTED_EDGE('',*,*,#1902,.F.);
#2734=ORIENTED_EDGE('',*,*,#1992,.F.);
#2735=ORIENTED_EDGE('',*,*,#1782,.F.);
#2736=ORIENTED_EDGE('',*,*,#1993,.T.);
#2737=ORIENTED_EDGE('',*,*,#1903,.F.);
#2738=ORIENTED_EDGE('',*,*,#1993,.F.);
#2739=ORIENTED_EDGE('',*,*,#1781,.F.);
#2740=ORIENTED_EDGE('',*,*,#1986,.T.);
#2741=ORIENTED_EDGE('',*,*,#1994,.F.);
#2742=ORIENTED_EDGE('',*,*,#1995,.T.);
#2743=ORIENTED_EDGE('',*,*,#1996,.F.);
#2744=ORIENTED_EDGE('',*,*,#1995,.F.);
#2745=ORIENTED_EDGE('',*,*,#1997,.F.);
#2746=ORIENTED_EDGE('',*,*,#1998,.F.);
#2747=ORIENTED_EDGE('',*,*,#1999,.F.);
#2748=ORIENTED_EDGE('',*,*,#2000,.T.);
#2749=ORIENTED_EDGE('',*,*,#2001,.F.);
#2750=ORIENTED_EDGE('',*,*,#2000,.F.);
#2751=ORIENTED_EDGE('',*,*,#2002,.F.);
#2752=ORIENTED_EDGE('',*,*,#2003,.F.);
#2753=ORIENTED_EDGE('',*,*,#2004,.F.);
#2754=ORIENTED_EDGE('',*,*,#2003,.T.);
#2755=ORIENTED_EDGE('',*,*,#2005,.F.);
#2756=ORIENTED_EDGE('',*,*,#2006,.F.);
#2757=ORIENTED_EDGE('',*,*,#2007,.F.);
#2758=ORIENTED_EDGE('',*,*,#2006,.T.);
#2759=ORIENTED_EDGE('',*,*,#2008,.F.);
#2760=ORIENTED_EDGE('',*,*,#1998,.T.);
#2761=ORIENTED_EDGE('',*,*,#2009,.F.);
#2762=ORIENTED_EDGE('',*,*,#2010,.F.);
#2763=ORIENTED_EDGE('',*,*,#2011,.F.);
#2764=ORIENTED_EDGE('',*,*,#2012,.T.);
#2765=ORIENTED_EDGE('',*,*,#2013,.F.);
#2766=ORIENTED_EDGE('',*,*,#2012,.F.);
#2767=ORIENTED_EDGE('',*,*,#2014,.F.);
#2768=ORIENTED_EDGE('',*,*,#2015,.F.);
#2769=ORIENTED_EDGE('',*,*,#2016,.F.);
#2770=ORIENTED_EDGE('',*,*,#2015,.T.);
#2771=ORIENTED_EDGE('',*,*,#2017,.F.);
#2772=ORIENTED_EDGE('',*,*,#2018,.F.);
#2773=ORIENTED_EDGE('',*,*,#2019,.F.);
#2774=ORIENTED_EDGE('',*,*,#2018,.T.);
#2775=ORIENTED_EDGE('',*,*,#2020,.F.);
#2776=ORIENTED_EDGE('',*,*,#2010,.T.);
#2777=ORIENTED_EDGE('',*,*,#2021,.F.);
#2778=ORIENTED_EDGE('',*,*,#2022,.F.);
#2779=ORIENTED_EDGE('',*,*,#2023,.F.);
#2780=ORIENTED_EDGE('',*,*,#2024,.T.);
#2781=ORIENTED_EDGE('',*,*,#2025,.F.);
#2782=ORIENTED_EDGE('',*,*,#2024,.F.);
#2783=ORIENTED_EDGE('',*,*,#2026,.F.);
#2784=ORIENTED_EDGE('',*,*,#2027,.F.);
#2785=ORIENTED_EDGE('',*,*,#2028,.F.);
#2786=ORIENTED_EDGE('',*,*,#2027,.T.);
#2787=ORIENTED_EDGE('',*,*,#2029,.F.);
#2788=ORIENTED_EDGE('',*,*,#2030,.F.);
#2789=ORIENTED_EDGE('',*,*,#2031,.F.);
#2790=ORIENTED_EDGE('',*,*,#2030,.T.);
#2791=ORIENTED_EDGE('',*,*,#2032,.F.);
#2792=ORIENTED_EDGE('',*,*,#2022,.T.);
#2793=ORIENTED_EDGE('',*,*,#2033,.F.);
#2794=ORIENTED_EDGE('',*,*,#2034,.F.);
#2795=ORIENTED_EDGE('',*,*,#2035,.F.);
#2796=ORIENTED_EDGE('',*,*,#2036,.T.);
#2797=ORIENTED_EDGE('',*,*,#2037,.F.);
#2798=ORIENTED_EDGE('',*,*,#2036,.F.);
#2799=ORIENTED_EDGE('',*,*,#2038,.F.);
#2800=ORIENTED_EDGE('',*,*,#2039,.F.);
#2801=ORIENTED_EDGE('',*,*,#2040,.F.);
#2802=ORIENTED_EDGE('',*,*,#2039,.T.);
#2803=ORIENTED_EDGE('',*,*,#2041,.F.);
#2804=ORIENTED_EDGE('',*,*,#2042,.F.);
#2805=ORIENTED_EDGE('',*,*,#2043,.F.);
#2806=ORIENTED_EDGE('',*,*,#2042,.T.);
#2807=ORIENTED_EDGE('',*,*,#2044,.F.);
#2808=ORIENTED_EDGE('',*,*,#2034,.T.);
#2809=ORIENTED_EDGE('',*,*,#2045,.F.);
#2810=ORIENTED_EDGE('',*,*,#2046,.F.);
#2811=ORIENTED_EDGE('',*,*,#2047,.F.);
#2812=ORIENTED_EDGE('',*,*,#2048,.T.);
#2813=ORIENTED_EDGE('',*,*,#2049,.F.);
#2814=ORIENTED_EDGE('',*,*,#2048,.F.);
#2815=ORIENTED_EDGE('',*,*,#2050,.F.);
#2816=ORIENTED_EDGE('',*,*,#2051,.F.);
#2817=ORIENTED_EDGE('',*,*,#2052,.F.);
#2818=ORIENTED_EDGE('',*,*,#2051,.T.);
#2819=ORIENTED_EDGE('',*,*,#2053,.F.);
#2820=ORIENTED_EDGE('',*,*,#2054,.F.);
#2821=ORIENTED_EDGE('',*,*,#2055,.F.);
#2822=ORIENTED_EDGE('',*,*,#2054,.T.);
#2823=ORIENTED_EDGE('',*,*,#2056,.F.);
#2824=ORIENTED_EDGE('',*,*,#2046,.T.);
#2825=ORIENTED_EDGE('',*,*,#1855,.F.);
#2826=ORIENTED_EDGE('',*,*,#2057,.F.);
#2827=ORIENTED_EDGE('',*,*,#2058,.F.);
#2828=ORIENTED_EDGE('',*,*,#2059,.T.);
#2829=ORIENTED_EDGE('',*,*,#1856,.F.);
#2830=ORIENTED_EDGE('',*,*,#2059,.F.);
#2831=ORIENTED_EDGE('',*,*,#2060,.F.);
#2832=ORIENTED_EDGE('',*,*,#1918,.F.);
#2833=ORIENTED_EDGE('',*,*,#1919,.F.);
#2834=ORIENTED_EDGE('',*,*,#2060,.T.);
#2835=ORIENTED_EDGE('',*,*,#2058,.T.);
#2836=ORIENTED_EDGE('',*,*,#2061,.T.);
#2837=ORIENTED_EDGE('',*,*,#2062,.T.);
#2838=ORIENTED_EDGE('',*,*,#2063,.T.);
#2839=ORIENTED_EDGE('',*,*,#1854,.F.);
#2840=ORIENTED_EDGE('',*,*,#2064,.F.);
#2841=ORIENTED_EDGE('',*,*,#2061,.F.);
#2842=ORIENTED_EDGE('',*,*,#2057,.T.);
#2843=ORIENTED_EDGE('',*,*,#1852,.F.);
#2844=ORIENTED_EDGE('',*,*,#1920,.F.);
#2845=ORIENTED_EDGE('',*,*,#2063,.F.);
#2846=ORIENTED_EDGE('',*,*,#2065,.T.);
#2847=ORIENTED_EDGE('',*,*,#1853,.F.);
#2848=ORIENTED_EDGE('',*,*,#2065,.F.);
#2849=ORIENTED_EDGE('',*,*,#2062,.F.);
#2850=ORIENTED_EDGE('',*,*,#2064,.T.);
#2851=ORIENTED_EDGE('',*,*,#1871,.T.);
#2852=ORIENTED_EDGE('',*,*,#1887,.F.);
#2853=ORIENTED_EDGE('',*,*,#2066,.T.);
#2854=ORIENTED_EDGE('',*,*,#1861,.F.);
#2855=ORIENTED_EDGE('',*,*,#1924,.F.);
#2856=ORIENTED_EDGE('',*,*,#2067,.T.);
#2857=ORIENTED_EDGE('',*,*,#2068,.F.);
#2858=ORIENTED_EDGE('',*,*,#2069,.F.);
#2859=ORIENTED_EDGE('',*,*,#1929,.F.);
#2860=ORIENTED_EDGE('',*,*,#2070,.F.);
#2861=ORIENTED_EDGE('',*,*,#2068,.T.);
#2862=ORIENTED_EDGE('',*,*,#2071,.T.);
#2863=ORIENTED_EDGE('',*,*,#1925,.F.);
#2864=ORIENTED_EDGE('',*,*,#2069,.T.);
#2865=ORIENTED_EDGE('',*,*,#2070,.T.);
#2866=ORIENTED_EDGE('',*,*,#1928,.F.);
#2867=ORIENTED_EDGE('',*,*,#2072,.T.);
#2868=ORIENTED_EDGE('',*,*,#2073,.T.);
#2869=ORIENTED_EDGE('',*,*,#1922,.F.);
#2870=ORIENTED_EDGE('',*,*,#2073,.F.);
#2871=ORIENTED_EDGE('',*,*,#2074,.T.);
#2872=ORIENTED_EDGE('',*,*,#2075,.T.);
#2873=ORIENTED_EDGE('',*,*,#1927,.F.);
#2874=ORIENTED_EDGE('',*,*,#2076,.T.);
#2875=ORIENTED_EDGE('',*,*,#2074,.F.);
#2876=ORIENTED_EDGE('',*,*,#2072,.F.);
#2877=ORIENTED_EDGE('',*,*,#1923,.F.);
#2878=ORIENTED_EDGE('',*,*,#2075,.F.);
#2879=ORIENTED_EDGE('',*,*,#2076,.F.);
#2880=ORIENTED_EDGE('',*,*,#1930,.F.);
#2881=ORIENTED_EDGE('',*,*,#2071,.F.);
#2882=ORIENTED_EDGE('',*,*,#2067,.F.);
#2883=ORIENTED_EDGE('',*,*,#1784,.F.);
#2884=ORIENTED_EDGE('',*,*,#2077,.T.);
#2885=ORIENTED_EDGE('',*,*,#1952,.F.);
#2886=ORIENTED_EDGE('',*,*,#2077,.F.);
#2887=ORIENTED_EDGE('',*,*,#2078,.F.);
#2888=ORIENTED_EDGE('',*,*,#2079,.T.);
#2889=ORIENTED_EDGE('',*,*,#1899,.F.);
#2890=ORIENTED_EDGE('',*,*,#2079,.F.);
#2891=ORIENTED_EDGE('',*,*,#2078,.T.);
#2892=ORIENTED_EDGE('',*,*,#1957,.T.);
#2893=ORIENTED_EDGE('',*,*,#1785,.F.);
#2894=ORIENTED_EDGE('',*,*,#2080,.T.);
#2895=ORIENTED_EDGE('',*,*,#1958,.F.);
#2896=ORIENTED_EDGE('',*,*,#2080,.F.);
#2897=ORIENTED_EDGE('',*,*,#2081,.F.);
#2898=ORIENTED_EDGE('',*,*,#2082,.T.);
#2899=ORIENTED_EDGE('',*,*,#1898,.F.);
#2900=ORIENTED_EDGE('',*,*,#2082,.F.);
#2901=ORIENTED_EDGE('',*,*,#2081,.T.);
#2902=ORIENTED_EDGE('',*,*,#1963,.T.);
#2903=ORIENTED_EDGE('',*,*,#1786,.F.);
#2904=ORIENTED_EDGE('',*,*,#2083,.T.);
#2905=ORIENTED_EDGE('',*,*,#1964,.F.);
#2906=ORIENTED_EDGE('',*,*,#2083,.F.);
#2907=ORIENTED_EDGE('',*,*,#2084,.F.);
#2908=ORIENTED_EDGE('',*,*,#2085,.T.);
#2909=ORIENTED_EDGE('',*,*,#1897,.F.);
#2910=ORIENTED_EDGE('',*,*,#2085,.F.);
#2911=ORIENTED_EDGE('',*,*,#2084,.T.);
#2912=ORIENTED_EDGE('',*,*,#1969,.T.);
#2913=ORIENTED_EDGE('',*,*,#1787,.F.);
#2914=ORIENTED_EDGE('',*,*,#2086,.T.);
#2915=ORIENTED_EDGE('',*,*,#1970,.F.);
#2916=ORIENTED_EDGE('',*,*,#2086,.F.);
#2917=ORIENTED_EDGE('',*,*,#2087,.F.);
#2918=ORIENTED_EDGE('',*,*,#2088,.T.);
#2919=ORIENTED_EDGE('',*,*,#1896,.F.);
#2920=ORIENTED_EDGE('',*,*,#2088,.F.);
#2921=ORIENTED_EDGE('',*,*,#2087,.T.);
#2922=ORIENTED_EDGE('',*,*,#1975,.T.);
#2923=ORIENTED_EDGE('',*,*,#1894,.F.);
#2924=ORIENTED_EDGE('',*,*,#2089,.T.);
#2925=ORIENTED_EDGE('',*,*,#1845,.F.);
#2926=ORIENTED_EDGE('',*,*,#2090,.F.);
#2927=ORIENTED_EDGE('',*,*,#1895,.F.);
#2928=ORIENTED_EDGE('',*,*,#2090,.T.);
#2929=ORIENTED_EDGE('',*,*,#1844,.F.);
#2930=ORIENTED_EDGE('',*,*,#1824,.F.);
#2931=ORIENTED_EDGE('',*,*,#1884,.F.);
#2932=ORIENTED_EDGE('',*,*,#1795,.T.);
#2933=ORIENTED_EDGE('',*,*,#1864,.F.);
#2934=ORIENTED_EDGE('',*,*,#2091,.F.);
#2935=ORIENTED_EDGE('',*,*,#1885,.F.);
#2936=ORIENTED_EDGE('',*,*,#2091,.T.);
#2937=ORIENTED_EDGE('',*,*,#1863,.F.);
#2938=ORIENTED_EDGE('',*,*,#2092,.F.);
#2939=ORIENTED_EDGE('',*,*,#2052,.T.);
#2940=ORIENTED_EDGE('',*,*,#2055,.T.);
#2941=ORIENTED_EDGE('',*,*,#2045,.T.);
#2942=ORIENTED_EDGE('',*,*,#2049,.T.);
#2943=ORIENTED_EDGE('',*,*,#2040,.T.);
#2944=ORIENTED_EDGE('',*,*,#2043,.T.);
#2945=ORIENTED_EDGE('',*,*,#2033,.T.);
#2946=ORIENTED_EDGE('',*,*,#2037,.T.);
#2947=ORIENTED_EDGE('',*,*,#2028,.T.);
#2948=ORIENTED_EDGE('',*,*,#2031,.T.);
#2949=ORIENTED_EDGE('',*,*,#2021,.T.);
#2950=ORIENTED_EDGE('',*,*,#2025,.T.);
#2951=ORIENTED_EDGE('',*,*,#2016,.T.);
#2952=ORIENTED_EDGE('',*,*,#2019,.T.);
#2953=ORIENTED_EDGE('',*,*,#2009,.T.);
#2954=ORIENTED_EDGE('',*,*,#2013,.T.);
#2955=ORIENTED_EDGE('',*,*,#2004,.T.);
#2956=ORIENTED_EDGE('',*,*,#2007,.T.);
#2957=ORIENTED_EDGE('',*,*,#1997,.T.);
#2958=ORIENTED_EDGE('',*,*,#2001,.T.);
#2959=ORIENTED_EDGE('',*,*,#1996,.T.);
#2960=ORIENTED_EDGE('',*,*,#1886,.F.);
#2961=ORIENTED_EDGE('',*,*,#2092,.T.);
#2962=ORIENTED_EDGE('',*,*,#1862,.F.);
#2963=ORIENTED_EDGE('',*,*,#2066,.F.);
#2964=ORIENTED_EDGE('',*,*,#1893,.F.);
#2965=ORIENTED_EDGE('',*,*,#1946,.T.);
#2966=ORIENTED_EDGE('',*,*,#1846,.F.);
#2967=ORIENTED_EDGE('',*,*,#2089,.F.);
#2968=ORIENTED_EDGE('',*,*,#1867,.T.);
#2969=ORIENTED_EDGE('',*,*,#1833,.F.);
#2970=ORIENTED_EDGE('',*,*,#2093,.F.);
#2971=ORIENTED_EDGE('',*,*,#1685,.T.);
#2972=ORIENTED_EDGE('',*,*,#2093,.T.);
#2973=ORIENTED_EDGE('',*,*,#1832,.F.);
#2974=ORIENTED_EDGE('',*,*,#2094,.F.);
#2975=ORIENTED_EDGE('',*,*,#1686,.T.);
#2976=ORIENTED_EDGE('',*,*,#2094,.T.);
#2977=ORIENTED_EDGE('',*,*,#1831,.F.);
#2978=ORIENTED_EDGE('',*,*,#2095,.F.);
#2979=ORIENTED_EDGE('',*,*,#1687,.T.);
#2980=ORIENTED_EDGE('',*,*,#1994,.T.);
#2981=ORIENTED_EDGE('',*,*,#2005,.T.);
#2982=ORIENTED_EDGE('',*,*,#2002,.T.);
#2983=ORIENTED_EDGE('',*,*,#1999,.T.);
#2984=ORIENTED_EDGE('',*,*,#2008,.T.);
#2985=ORIENTED_EDGE('',*,*,#2017,.T.);
#2986=ORIENTED_EDGE('',*,*,#2014,.T.);
#2987=ORIENTED_EDGE('',*,*,#2011,.T.);
#2988=ORIENTED_EDGE('',*,*,#2020,.T.);
#2989=ORIENTED_EDGE('',*,*,#2029,.T.);
#2990=ORIENTED_EDGE('',*,*,#2026,.T.);
#2991=ORIENTED_EDGE('',*,*,#2023,.T.);
#2992=ORIENTED_EDGE('',*,*,#2032,.T.);
#2993=ORIENTED_EDGE('',*,*,#2041,.T.);
#2994=ORIENTED_EDGE('',*,*,#2038,.T.);
#2995=ORIENTED_EDGE('',*,*,#2035,.T.);
#2996=ORIENTED_EDGE('',*,*,#2044,.T.);
#2997=ORIENTED_EDGE('',*,*,#2053,.T.);
#2998=ORIENTED_EDGE('',*,*,#2050,.T.);
#2999=ORIENTED_EDGE('',*,*,#2047,.T.);
#3000=ORIENTED_EDGE('',*,*,#2056,.T.);
#3001=ORIENTED_EDGE('',*,*,#2095,.T.);
#3002=ORIENTED_EDGE('',*,*,#1830,.F.);
#3003=ORIENTED_EDGE('',*,*,#2096,.F.);
#3004=ORIENTED_EDGE('',*,*,#1688,.T.);
#3005=ORIENTED_EDGE('',*,*,#1720,.T.);
#3006=ORIENTED_EDGE('',*,*,#1689,.T.);
#3007=ORIENTED_EDGE('',*,*,#2096,.T.);
#3008=ORIENTED_EDGE('',*,*,#1829,.F.);
#3009=ORIENTED_EDGE('',*,*,#1822,.T.);
#3010=ORIENTED_EDGE('',*,*,#1843,.F.);
#3011=ORIENTED_EDGE('',*,*,#2097,.F.);
#3012=ORIENTED_EDGE('',*,*,#1674,.T.);
#3013=ORIENTED_EDGE('',*,*,#2097,.T.);
#3014=ORIENTED_EDGE('',*,*,#1842,.F.);
#3015=ORIENTED_EDGE('',*,*,#2098,.F.);
#3016=ORIENTED_EDGE('',*,*,#1675,.T.);
#3017=ORIENTED_EDGE('',*,*,#2098,.T.);
#3018=ORIENTED_EDGE('',*,*,#1841,.F.);
#3019=ORIENTED_EDGE('',*,*,#1947,.F.);
#3020=ORIENTED_EDGE('',*,*,#1676,.T.);
#3021=PLANE('',#3334);
#3022=PLANE('',#3335);
#3023=PLANE('',#3336);
#3024=PLANE('',#3337);
#3025=PLANE('',#3338);
#3026=PLANE('',#3339);
#3027=PLANE('',#3340);
#3028=PLANE('',#3344);
#3029=PLANE('',#3360);
#3030=PLANE('',#3361);
#3031=PLANE('',#3362);
#3032=PLANE('',#3363);
#3033=PLANE('',#3364);
#3034=PLANE('',#3365);
#3035=PLANE('',#3368);
#3036=PLANE('',#3369);
#3037=PLANE('',#3373);
#3038=PLANE('',#3374);
#3039=PLANE('',#3375);
#3040=PLANE('',#3394);
#3041=PLANE('',#3395);
#3042=PLANE('',#3396);
#3043=PLANE('',#3397);
#3044=PLANE('',#3400);
#3045=PLANE('',#3401);
#3046=PLANE('',#3402);
#3047=PLANE('',#3403);
#3048=PLANE('',#3404);
#3049=PLANE('',#3405);
#3050=PLANE('',#3408);
#3051=PLANE('',#3409);
#3052=PLANE('',#3413);
#3053=PLANE('',#3414);
#3054=PLANE('',#3415);
#3055=PLANE('',#3416);
#3056=PLANE('',#3417);
#3057=PLANE('',#3420);
#3058=PLANE('',#3434);
#3059=PLANE('',#3435);
#3060=PLANE('',#3436);
#3061=PLANE('',#3437);
#3062=PLANE('',#3438);
#3063=PLANE('',#3439);
#3064=PLANE('',#3440);
#3065=PLANE('',#3445);
#3066=PLANE('',#3446);
#3067=PLANE('',#3447);
#3068=PLANE('',#3448);
#3069=PLANE('',#3467);
#3070=PLANE('',#3468);
#3071=PLANE('',#3469);
#3072=PLANE('',#3470);
#3073=PLANE('',#3472);
#3074=PLANE('',#3473);
#3075=PLANE('',#3474);
#3076=PLANE('',#3475);
#3077=PLANE('',#3476);
#3078=PLANE('',#3477);
#3079=PLANE('',#3478);
#3080=PLANE('',#3483);
#3081=PLANE('',#3484);
#3082=PLANE('',#3485);
#3083=PLANE('',#3486);
#3084=PLANE('',#3487);
#3085=PLANE('',#3488);
#3086=PLANE('',#3489);
#3087=PLANE('',#3491);
#3088=PLANE('',#3501);
#3089=PLANE('',#3502);
#3090=PLANE('',#3509);
#3091=PLANE('',#3510);
#3092=PLANE('',#3517);
#3093=PLANE('',#3518);
#3094=PLANE('',#3525);
#3095=PLANE('',#3526);
#3096=PLANE('',#3527);
#3097=PLANE('',#3529);
#3098=PLANE('',#3531);
#3099=PLANE('',#3533);
#3100=PLANE('',#3537);
#3101=PLANE('',#3539);
#3102=PLANE('',#3541);
#3103=PLANE('',#3543);
#3104=PLANE('',#3548);
#3105=PLANE('',#3549);
#3106=PLANE('',#3550);
#3107=PLANE('',#3551);
#3108=PLANE('',#3552);
#3109=PLANE('',#3553);
#3110=PLANE('',#3554);
#3111=PLANE('',#3555);
#3112=PLANE('',#3556);
#3113=PLANE('',#3557);
#3114=PLANE('',#3558);
#3115=PLANE('',#3559);
#3116=PLANE('',#3560);
#3117=PLANE('',#3561);
#3118=PLANE('',#3562);
#3119=PLANE('',#3563);
#3120=PLANE('',#3564);
#3121=PLANE('',#3565);
#3122=PLANE('',#3566);
#3123=PLANE('',#3567);
#3124=PLANE('',#3570);
#3125=PLANE('',#3571);
#3126=PLANE('',#3573);
#3127=PLANE('',#3574);
#3128=PLANE('',#3576);
#3129=PLANE('',#3577);
#3130=PLANE('',#3581);
#3131=PLANE('',#3583);
#3132=PLANE('',#3586);
#3133=PLANE('',#3590);
#3134=PLANE('',#3594);
#3135=PLANE('',#3598);
#3136=PLANE('',#3602);
#3137=PLANE('',#3603);
#3138=PLANE('',#3606);
#3139=PLANE('',#3609);
#3140=PLANE('',#3611);
#3141=PLANE('',#3613);
#3142=PLANE('',#3615);
#3143=ADVANCED_FACE('',(#222),#3021,.T.);
#3144=ADVANCED_FACE('',(#223),#3022,.T.);
#3145=ADVANCED_FACE('',(#224),#3023,.T.);
#3146=ADVANCED_FACE('',(#225),#3024,.T.);
#3147=ADVANCED_FACE('',(#226),#3025,.T.);
#3148=ADVANCED_FACE('',(#227),#3026,.T.);
#3149=ADVANCED_FACE('',(#228),#3027,.T.);
#3150=ADVANCED_FACE('',(#229),#171,.T.);
#3151=ADVANCED_FACE('',(#230,#19,#20,#21,#22,#23,#24,#25),#3028,.F.);
#3152=ADVANCED_FACE('',(#231),#3029,.T.);
#3153=ADVANCED_FACE('',(#232),#3030,.T.);
#3154=ADVANCED_FACE('',(#233),#3031,.T.);
#3155=ADVANCED_FACE('',(#234),#3032,.T.);
#3156=ADVANCED_FACE('',(#235),#3033,.T.);
#3157=ADVANCED_FACE('',(#236),#3034,.T.);
#3158=ADVANCED_FACE('',(#237),#172,.F.);
#3159=ADVANCED_FACE('',(#238),#3035,.F.);
#3160=ADVANCED_FACE('',(#239),#3036,.T.);
#3161=ADVANCED_FACE('',(#240),#173,.F.);
#3162=ADVANCED_FACE('',(#241),#3037,.T.);
#3163=ADVANCED_FACE('',(#242),#3038,.T.);
#3164=ADVANCED_FACE('',(#243,#26,#27,#28,#29,#30,#31,#32,#33),#3039,.F.);
#3165=ADVANCED_FACE('',(#244),#3040,.T.);
#3166=ADVANCED_FACE('',(#245),#3041,.T.);
#3167=ADVANCED_FACE('',(#246),#3042,.T.);
#3168=ADVANCED_FACE('',(#247),#3043,.T.);
#3169=ADVANCED_FACE('',(#248),#174,.T.);
#3170=ADVANCED_FACE('',(#249),#3044,.T.);
#3171=ADVANCED_FACE('',(#250),#3045,.T.);
#3172=ADVANCED_FACE('',(#251),#3046,.T.);
#3173=ADVANCED_FACE('',(#252),#3047,.T.);
#3174=ADVANCED_FACE('',(#253),#3048,.T.);
#3175=ADVANCED_FACE('',(#254),#3049,.T.);
#3176=ADVANCED_FACE('',(#255),#175,.F.);
#3177=ADVANCED_FACE('',(#256),#3050,.F.);
#3178=ADVANCED_FACE('',(#257),#3051,.T.);
#3179=ADVANCED_FACE('',(#258),#176,.F.);
#3180=ADVANCED_FACE('',(#259),#3052,.T.);
#3181=ADVANCED_FACE('',(#260),#3053,.T.);
#3182=ADVANCED_FACE('',(#261),#3054,.T.);
#3183=ADVANCED_FACE('',(#262),#3055,.T.);
#3184=ADVANCED_FACE('',(#263),#3056,.T.);
#3185=ADVANCED_FACE('',(#264),#177,.T.);
#3186=ADVANCED_FACE('',(#265,#34,#35,#36,#37,#38),#3057,.T.);
#3187=ADVANCED_FACE('',(#266),#3058,.T.);
#3188=ADVANCED_FACE('',(#267),#3059,.T.);
#3189=ADVANCED_FACE('',(#268),#3060,.T.);
#3190=ADVANCED_FACE('',(#269),#3061,.T.);
#3191=ADVANCED_FACE('',(#270),#3062,.T.);
#3192=ADVANCED_FACE('',(#271),#3063,.T.);
#3193=ADVANCED_FACE('',(#272),#3064,.F.);
#3194=ADVANCED_FACE('',(#273),#178,.F.);
#3195=ADVANCED_FACE('',(#274),#179,.F.);
#3196=ADVANCED_FACE('',(#275),#3065,.T.);
#3197=ADVANCED_FACE('',(#276),#3066,.T.);
#3198=ADVANCED_FACE('',(#277),#3067,.T.);
#3199=ADVANCED_FACE('',(#278,#39,#40,#41,#42,#43,#44,#45,#46),#3068,.T.);
#3200=ADVANCED_FACE('',(#279,#47),#3069,.T.);
#3201=ADVANCED_FACE('',(#280,#48),#3070,.T.);
#3202=ADVANCED_FACE('',(#281),#3071,.T.);
#3203=ADVANCED_FACE('',(#282),#3072,.T.);
#3204=ADVANCED_FACE('',(#283),#180,.T.);
#3205=ADVANCED_FACE('',(#284),#3073,.T.);
#3206=ADVANCED_FACE('',(#285),#3074,.T.);
#3207=ADVANCED_FACE('',(#286),#3075,.T.);
#3208=ADVANCED_FACE('',(#287),#3076,.T.);
#3209=ADVANCED_FACE('',(#288),#3077,.T.);
#3210=ADVANCED_FACE('',(#289),#3078,.T.);
#3211=ADVANCED_FACE('',(#290),#3079,.F.);
#3212=ADVANCED_FACE('',(#291),#181,.F.);
#3213=ADVANCED_FACE('',(#292),#182,.F.);
#3214=ADVANCED_FACE('',(#293),#3080,.T.);
#3215=ADVANCED_FACE('',(#294),#3081,.T.);
#3216=ADVANCED_FACE('',(#295),#3082,.T.);
#3217=ADVANCED_FACE('',(#296),#3083,.T.);
#3218=ADVANCED_FACE('',(#297),#3084,.T.);
#3219=ADVANCED_FACE('',(#298),#3085,.T.);
#3220=ADVANCED_FACE('',(#299),#3086,.T.);
#3221=ADVANCED_FACE('',(#300),#183,.F.);
#3222=ADVANCED_FACE('',(#301),#3087,.T.);
#3223=ADVANCED_FACE('',(#302),#184,.F.);
#3224=ADVANCED_FACE('',(#303),#185,.F.);
#3225=ADVANCED_FACE('',(#304),#186,.F.);
#3226=ADVANCED_FACE('',(#305),#187,.T.);
#3227=ADVANCED_FACE('',(#306),#188,.F.);
#3228=ADVANCED_FACE('',(#307),#3088,.T.);
#3229=ADVANCED_FACE('',(#308),#3089,.F.);
#3230=ADVANCED_FACE('',(#309),#189,.T.);
#3231=ADVANCED_FACE('',(#310),#190,.F.);
#3232=ADVANCED_FACE('',(#311),#3090,.T.);
#3233=ADVANCED_FACE('',(#312),#3091,.F.);
#3234=ADVANCED_FACE('',(#313),#191,.T.);
#3235=ADVANCED_FACE('',(#314),#192,.F.);
#3236=ADVANCED_FACE('',(#315),#3092,.T.);
#3237=ADVANCED_FACE('',(#316),#3093,.F.);
#3238=ADVANCED_FACE('',(#317),#193,.T.);
#3239=ADVANCED_FACE('',(#318),#194,.F.);
#3240=ADVANCED_FACE('',(#319),#3094,.T.);
#3241=ADVANCED_FACE('',(#320),#3095,.F.);
#3242=ADVANCED_FACE('',(#321),#3096,.F.);
#3243=ADVANCED_FACE('',(#322),#195,.F.);
#3244=ADVANCED_FACE('',(#323),#3097,.F.);
#3245=ADVANCED_FACE('',(#324),#196,.F.);
#3246=ADVANCED_FACE('',(#325),#3098,.F.);
#3247=ADVANCED_FACE('',(#326),#197,.F.);
#3248=ADVANCED_FACE('',(#327),#3099,.F.);
#3249=ADVANCED_FACE('',(#328),#198,.F.);
#3250=ADVANCED_FACE('',(#329),#199,.F.);
#3251=ADVANCED_FACE('',(#330),#200,.F.);
#3252=ADVANCED_FACE('',(#331),#3100,.F.);
#3253=ADVANCED_FACE('',(#332),#201,.F.);
#3254=ADVANCED_FACE('',(#333),#3101,.F.);
#3255=ADVANCED_FACE('',(#334),#202,.F.);
#3256=ADVANCED_FACE('',(#335),#3102,.F.);
#3257=ADVANCED_FACE('',(#336),#203,.F.);
#3258=ADVANCED_FACE('',(#337),#3103,.F.);
#3259=ADVANCED_FACE('',(#338),#204,.F.);
#3260=ADVANCED_FACE('',(#339),#205,.F.);
#3261=ADVANCED_FACE('',(#340),#3104,.F.);
#3262=ADVANCED_FACE('',(#341),#3105,.F.);
#3263=ADVANCED_FACE('',(#342),#3106,.F.);
#3264=ADVANCED_FACE('',(#343),#3107,.T.);
#3265=ADVANCED_FACE('',(#344),#3108,.F.);
#3266=ADVANCED_FACE('',(#345),#3109,.F.);
#3267=ADVANCED_FACE('',(#346),#3110,.F.);
#3268=ADVANCED_FACE('',(#347),#3111,.T.);
#3269=ADVANCED_FACE('',(#348),#3112,.F.);
#3270=ADVANCED_FACE('',(#349),#3113,.F.);
#3271=ADVANCED_FACE('',(#350),#3114,.F.);
#3272=ADVANCED_FACE('',(#351),#3115,.T.);
#3273=ADVANCED_FACE('',(#352),#3116,.F.);
#3274=ADVANCED_FACE('',(#353),#3117,.F.);
#3275=ADVANCED_FACE('',(#354),#3118,.F.);
#3276=ADVANCED_FACE('',(#355),#3119,.T.);
#3277=ADVANCED_FACE('',(#356),#3120,.F.);
#3278=ADVANCED_FACE('',(#357),#3121,.F.);
#3279=ADVANCED_FACE('',(#358),#3122,.F.);
#3280=ADVANCED_FACE('',(#359),#3123,.T.);
#3281=ADVANCED_FACE('',(#360),#206,.F.);
#3282=ADVANCED_FACE('',(#361),#3124,.F.);
#3283=ADVANCED_FACE('',(#362),#3125,.T.);
#3284=ADVANCED_FACE('',(#363),#3126,.F.);
#3285=ADVANCED_FACE('',(#364),#3127,.F.);
#3286=ADVANCED_FACE('',(#365),#207,.F.);
#3287=ADVANCED_FACE('',(#366),#3128,.T.);
#3288=ADVANCED_FACE('',(#367),#3129,.F.);
#3289=ADVANCED_FACE('',(#368),#208,.F.);
#3290=ADVANCED_FACE('',(#369),#3130,.T.);
#3291=ADVANCED_FACE('',(#370),#3131,.F.);
#3292=ADVANCED_FACE('',(#371),#209,.F.);
#3293=ADVANCED_FACE('',(#372),#3132,.F.);
#3294=ADVANCED_FACE('',(#373),#15,.F.);
#3295=ADVANCED_FACE('',(#374),#210,.T.);
#3296=ADVANCED_FACE('',(#375,#49),#3133,.T.);
#3297=ADVANCED_FACE('',(#376),#16,.F.);
#3298=ADVANCED_FACE('',(#377),#211,.T.);
#3299=ADVANCED_FACE('',(#378,#50),#3134,.T.);
#3300=ADVANCED_FACE('',(#379),#17,.F.);
#3301=ADVANCED_FACE('',(#380),#212,.T.);
#3302=ADVANCED_FACE('',(#381,#51),#3135,.T.);
#3303=ADVANCED_FACE('',(#382),#18,.F.);
#3304=ADVANCED_FACE('',(#383),#213,.T.);
#3305=ADVANCED_FACE('',(#384,#52),#3136,.T.);
#3306=ADVANCED_FACE('',(#385),#3137,.T.);
#3307=ADVANCED_FACE('',(#386),#214,.F.);
#3308=ADVANCED_FACE('',(#387),#215,.F.);
#3309=ADVANCED_FACE('',(#388,#53,#54,#55,#56,#57,#58),#3138,.T.);
#3310=ADVANCED_FACE('',(#389),#216,.F.);
#3311=ADVANCED_FACE('',(#390),#217,.F.);
#3312=ADVANCED_FACE('',(#391),#3139,.T.);
#3313=ADVANCED_FACE('',(#392),#218,.T.);
#3314=ADVANCED_FACE('',(#393,#59,#60,#61,#62,#63,#64),#3140,.T.);
#3315=ADVANCED_FACE('',(#394),#219,.T.);
#3316=ADVANCED_FACE('',(#395),#3141,.T.);
#3317=ADVANCED_FACE('',(#396),#220,.T.);
#3318=ADVANCED_FACE('',(#397),#3142,.T.);
#3319=ADVANCED_FACE('',(#398),#221,.T.);
#3320=CLOSED_SHELL('',(#3143,#3144,#3145,#3146,#3147,#3148,#3149,#3150,
#3151,#3152,#3153,#3154,#3155,#3156,#3157,#3158,#3159,#3160,#3161,#3162,
#3163,#3164,#3165,#3166,#3167,#3168,#3169,#3170,#3171,#3172,#3173,#3174,
#3175,#3176,#3177,#3178,#3179,#3180,#3181,#3182,#3183,#3184,#3185,#3186,
#3187,#3188,#3189,#3190,#3191,#3192,#3193,#3194,#3195,#3196,#3197,#3198,
#3199,#3200,#3201,#3202,#3203,#3204,#3205,#3206,#3207,#3208,#3209,#3210,
#3211,#3212,#3213,#3214,#3215,#3216,#3217,#3218,#3219,#3220,#3221,#3222,
#3223,#3224,#3225,#3226,#3227,#3228,#3229,#3230,#3231,#3232,#3233,#3234,
#3235,#3236,#3237,#3238,#3239,#3240,#3241,#3242,#3243,#3244,#3245,#3246,
#3247,#3248,#3249,#3250,#3251,#3252,#3253,#3254,#3255,#3256,#3257,#3258,
#3259,#3260,#3261,#3262,#3263,#3264,#3265,#3266,#3267,#3268,#3269,#3270,
#3271,#3272,#3273,#3274,#3275,#3276,#3277,#3278,#3279,#3280,#3281,#3282,
#3283,#3284,#3285,#3286,#3287,#3288,#3289,#3290,#3291,#3292,#3293,#3294,
#3295,#3296,#3297,#3298,#3299,#3300,#3301,#3302,#3303,#3304,#3305,#3306,
#3307,#3308,#3309,#3310,#3311,#3312,#3313,#3314,#3315,#3316,#3317,#3318,
#3319));
#3321=DERIVED_UNIT_ELEMENT(#3323,1.);
#3322=DERIVED_UNIT_ELEMENT(#5490,-3.);
#3323=(
MASS_UNIT()
NAMED_UNIT(*)
SI_UNIT(.KILO.,.GRAM.)
);
#3324=DERIVED_UNIT((#3321,#3322));
#3325=MEASURE_REPRESENTATION_ITEM('density measure',
POSITIVE_RATIO_MEASURE(7850.),#3324);
#3326=PROPERTY_DEFINITION_REPRESENTATION(#3331,#3328);
#3327=PROPERTY_DEFINITION_REPRESENTATION(#3332,#3329);
#3328=REPRESENTATION('material name',(#3330),#5487);
#3329=REPRESENTATION('density',(#3325),#5487);
#3330=DESCRIPTIVE_REPRESENTATION_ITEM('Steel','Steel');
#3331=PROPERTY_DEFINITION('material property','material name',#5497);
#3332=PROPERTY_DEFINITION('material property','density of part',#5497);
#3333=AXIS2_PLACEMENT_3D('',#4540,#3617,#3618);
#3334=AXIS2_PLACEMENT_3D('',#4541,#3619,#3620);
#3335=AXIS2_PLACEMENT_3D('',#4550,#3625,#3626);
#3336=AXIS2_PLACEMENT_3D('',#4559,#3631,#3632);
#3337=AXIS2_PLACEMENT_3D('',#4562,#3635,#3636);
#3338=AXIS2_PLACEMENT_3D('',#4580,#3646,#3647);
#3339=AXIS2_PLACEMENT_3D('',#4586,#3651,#3652);
#3340=AXIS2_PLACEMENT_3D('',#4592,#3656,#3657);
#3341=AXIS2_PLACEMENT_3D('',#4594,#3659,#3660);
#3342=AXIS2_PLACEMENT_3D('',#4599,#3662,#3663);
#3343=AXIS2_PLACEMENT_3D('',#4602,#3665,#3666);
#3344=AXIS2_PLACEMENT_3D('',#4603,#3667,#3668);
#3345=AXIS2_PLACEMENT_3D('',#4611,#3672,#3673);
#3346=AXIS2_PLACEMENT_3D('',#4617,#3676,#3677);
#3347=AXIS2_PLACEMENT_3D('',#4621,#3679,#3680);
#3348=AXIS2_PLACEMENT_3D('',#4627,#3683,#3684);
#3349=AXIS2_PLACEMENT_3D('',#4635,#3688,#3689);
#3350=AXIS2_PLACEMENT_3D('',#4641,#3692,#3693);
#3351=AXIS2_PLACEMENT_3D('',#4645,#3695,#3696);
#3352=AXIS2_PLACEMENT_3D('',#4651,#3700,#3701);
#3353=AXIS2_PLACEMENT_3D('',#4671,#3711,#3712);
#3354=AXIS2_PLACEMENT_3D('',#4674,#3714,#3715);
#3355=AXIS2_PLACEMENT_3D('',#4676,#3716,#3717);
#3356=AXIS2_PLACEMENT_3D('',#4678,#3718,#3719);
#3357=AXIS2_PLACEMENT_3D('',#4680,#3720,#3721);
#3358=AXIS2_PLACEMENT_3D('',#4684,#3723,#3724);
#3359=AXIS2_PLACEMENT_3D('',#4703,#3734,#3735);
#3360=AXIS2_PLACEMENT_3D('',#4704,#3736,#3737);
#3361=AXIS2_PLACEMENT_3D('',#4708,#3740,#3741);
#3362=AXIS2_PLACEMENT_3D('',#4717,#3746,#3747);
#3363=AXIS2_PLACEMENT_3D('',#4723,#3751,#3752);
#3364=AXIS2_PLACEMENT_3D('',#4729,#3756,#3757);
#3365=AXIS2_PLACEMENT_3D('',#4735,#3761,#3762);
#3366=AXIS2_PLACEMENT_3D('',#4739,#3765,#3766);
#3367=AXIS2_PLACEMENT_3D('',#4742,#3768,#3769);
#3368=AXIS2_PLACEMENT_3D('',#4743,#3770,#3771);
#3369=AXIS2_PLACEMENT_3D('',#4744,#3772,#3773);
#3370=AXIS2_PLACEMENT_3D('',#4746,#3774,#3775);
#3371=AXIS2_PLACEMENT_3D('',#4747,#3776,#3777);
#3372=AXIS2_PLACEMENT_3D('',#4750,#3779,#3780);
#3373=AXIS2_PLACEMENT_3D('',#4751,#3781,#3782);
#3374=AXIS2_PLACEMENT_3D('',#4757,#3786,#3787);
#3375=AXIS2_PLACEMENT_3D('',#4759,#3789,#3790);
#3376=AXIS2_PLACEMENT_3D('',#4771,#3796,#3797);
#3377=AXIS2_PLACEMENT_3D('',#4775,#3799,#3800);
#3378=AXIS2_PLACEMENT_3D('',#4794,#3810,#3811);
#3379=AXIS2_PLACEMENT_3D('',#4796,#3812,#3813);
#3380=AXIS2_PLACEMENT_3D('',#4802,#3816,#3817);
#3381=AXIS2_PLACEMENT_3D('',#4806,#3819,#3820);
#3382=AXIS2_PLACEMENT_3D('',#4810,#3822,#3823);
#3383=AXIS2_PLACEMENT_3D('',#4813,#3825,#3826);
#3384=AXIS2_PLACEMENT_3D('',#4815,#3827,#3828);
#3385=AXIS2_PLACEMENT_3D('',#4817,#3829,#3830);
#3386=AXIS2_PLACEMENT_3D('',#4822,#3832,#3833);
#3387=AXIS2_PLACEMENT_3D('',#4826,#3835,#3836);
#3388=AXIS2_PLACEMENT_3D('',#4830,#3838,#3839);
#3389=AXIS2_PLACEMENT_3D('',#4833,#3841,#3842);
#3390=AXIS2_PLACEMENT_3D('',#4835,#3843,#3844);
#3391=AXIS2_PLACEMENT_3D('',#4837,#3845,#3846);
#3392=AXIS2_PLACEMENT_3D('',#4839,#3847,#3848);
#3393=AXIS2_PLACEMENT_3D('',#4841,#3849,#3850);
#3394=AXIS2_PLACEMENT_3D('',#4842,#3851,#3852);
#3395=AXIS2_PLACEMENT_3D('',#4844,#3854,#3855);
#3396=AXIS2_PLACEMENT_3D('',#4848,#3858,#3859);
#3397=AXIS2_PLACEMENT_3D('',#4854,#3863,#3864);
#3398=AXIS2_PLACEMENT_3D('',#4860,#3868,#3869);
#3399=AXIS2_PLACEMENT_3D('',#4864,#3871,#3872);
#3400=AXIS2_PLACEMENT_3D('',#4866,#3874,#3875);
#3401=AXIS2_PLACEMENT_3D('',#4868,#3877,#3878);
#3402=AXIS2_PLACEMENT_3D('',#4874,#3882,#3883);
#3403=AXIS2_PLACEMENT_3D('',#4876,#3885,#3886);
#3404=AXIS2_PLACEMENT_3D('',#4882,#3890,#3891);
#3405=AXIS2_PLACEMENT_3D('',#4888,#3895,#3896);
#3406=AXIS2_PLACEMENT_3D('',#4892,#3899,#3900);
#3407=AXIS2_PLACEMENT_3D('',#4895,#3902,#3903);
#3408=AXIS2_PLACEMENT_3D('',#4896,#3904,#3905);
#3409=AXIS2_PLACEMENT_3D('',#4897,#3906,#3907);
#3410=AXIS2_PLACEMENT_3D('',#4899,#3908,#3909);
#3411=AXIS2_PLACEMENT_3D('',#4900,#3910,#3911);
#3412=AXIS2_PLACEMENT_3D('',#4903,#3913,#3914);
#3413=AXIS2_PLACEMENT_3D('',#4904,#3915,#3916);
#3414=AXIS2_PLACEMENT_3D('',#4907,#3919,#3920);
#3415=AXIS2_PLACEMENT_3D('',#4908,#3921,#3922);
#3416=AXIS2_PLACEMENT_3D('',#4910,#3924,#3925);
#3417=AXIS2_PLACEMENT_3D('',#4914,#3928,#3929);
#3418=AXIS2_PLACEMENT_3D('',#4920,#3933,#3934);
#3419=AXIS2_PLACEMENT_3D('',#4925,#3937,#3938);
#3420=AXIS2_PLACEMENT_3D('',#4926,#3939,#3940);
#3421=AXIS2_PLACEMENT_3D('',#4930,#3942,#3943);
#3422=AXIS2_PLACEMENT_3D('',#4934,#3945,#3946);
#3423=AXIS2_PLACEMENT_3D('',#4945,#3952,#3953);
#3424=AXIS2_PLACEMENT_3D('',#4951,#3956,#3957);
#3425=AXIS2_PLACEMENT_3D('',#4954,#3959,#3960);
#3426=AXIS2_PLACEMENT_3D('',#4956,#3961,#3962);
#3427=AXIS2_PLACEMENT_3D('',#4960,#3964,#3965);
#3428=AXIS2_PLACEMENT_3D('',#4974,#3972,#3973);
#3429=AXIS2_PLACEMENT_3D('',#4978,#3975,#3976);
#3430=AXIS2_PLACEMENT_3D('',#4992,#3983,#3984);
#3431=AXIS2_PLACEMENT_3D('',#4995,#3986,#3987);
#3432=AXIS2_PLACEMENT_3D('',#4997,#3988,#3989);
#3433=AXIS2_PLACEMENT_3D('',#4999,#3990,#3991);
#3434=AXIS2_PLACEMENT_3D('',#5000,#3992,#3993);
#3435=AXIS2_PLACEMENT_3D('',#5002,#3995,#3996);
#3436=AXIS2_PLACEMENT_3D('',#5005,#3999,#4000);
#3437=AXIS2_PLACEMENT_3D('',#5011,#4004,#4005);
#3438=AXIS2_PLACEMENT_3D('',#5013,#4007,#4008);
#3439=AXIS2_PLACEMENT_3D('',#5015,#4010,#4011);
#3440=AXIS2_PLACEMENT_3D('',#5017,#4013,#4014);
#3441=AXIS2_PLACEMENT_3D('',#5019,#4015,#4016);
#3442=AXIS2_PLACEMENT_3D('',#5020,#4017,#4018);
#3443=AXIS2_PLACEMENT_3D('',#5022,#4020,#4021);
#3444=AXIS2_PLACEMENT_3D('',#5024,#4022,#4023);
#3445=AXIS2_PLACEMENT_3D('',#5026,#4025,#4026);
#3446=AXIS2_PLACEMENT_3D('',#5027,#4027,#4028);
#3447=AXIS2_PLACEMENT_3D('',#5031,#4031,#4032);
#3448=AXIS2_PLACEMENT_3D('',#5035,#4035,#4036);
#3449=AXIS2_PLACEMENT_3D('',#5037,#4037,#4038);
#3450=AXIS2_PLACEMENT_3D('',#5041,#4040,#4041);
#3451=AXIS2_PLACEMENT_3D('',#5054,#4048,#4049);
#3452=AXIS2_PLACEMENT_3D('',#5057,#4051,#4052);
#3453=AXIS2_PLACEMENT_3D('',#5059,#4053,#4054);
#3454=AXIS2_PLACEMENT_3D('',#5061,#4055,#4056);
#3455=AXIS2_PLACEMENT_3D('',#5063,#4057,#4058);
#3456=AXIS2_PLACEMENT_3D('',#5065,#4059,#4060);
#3457=AXIS2_PLACEMENT_3D('',#5070,#4062,#4063);
#3458=AXIS2_PLACEMENT_3D('',#5074,#4065,#4066);
#3459=AXIS2_PLACEMENT_3D('',#5078,#4068,#4069);
#3460=AXIS2_PLACEMENT_3D('',#5081,#4071,#4072);
#3461=AXIS2_PLACEMENT_3D('',#5083,#4073,#4074);
#3462=AXIS2_PLACEMENT_3D('',#5085,#4075,#4076);
#3463=AXIS2_PLACEMENT_3D('',#5090,#4078,#4079);
#3464=AXIS2_PLACEMENT_3D('',#5094,#4081,#4082);
#3465=AXIS2_PLACEMENT_3D('',#5098,#4084,#4085);
#3466=AXIS2_PLACEMENT_3D('',#5101,#4087,#4088);
#3467=AXIS2_PLACEMENT_3D('',#5102,#4089,#4090);
#3468=AXIS2_PLACEMENT_3D('',#5117,#4099,#4100);
#3469=AXIS2_PLACEMENT_3D('',#5127,#4106,#4107);
#3470=AXIS2_PLACEMENT_3D('',#5129,#4109,#4110);
#3471=AXIS2_PLACEMENT_3D('',#5131,#4112,#4113);
#3472=AXIS2_PLACEMENT_3D('',#5134,#4116,#4117);
#3473=AXIS2_PLACEMENT_3D('',#5135,#4118,#4119);
#3474=AXIS2_PLACEMENT_3D('',#5137,#4121,#4122);
#3475=AXIS2_PLACEMENT_3D('',#5139,#4124,#4125);
#3476=AXIS2_PLACEMENT_3D('',#5141,#4127,#4128);
#3477=AXIS2_PLACEMENT_3D('',#5143,#4130,#4131);
#3478=AXIS2_PLACEMENT_3D('',#5145,#4133,#4134);
#3479=AXIS2_PLACEMENT_3D('',#5147,#4135,#4136);
#3480=AXIS2_PLACEMENT_3D('',#5148,#4137,#4138);
#3481=AXIS2_PLACEMENT_3D('',#5150,#4140,#4141);
#3482=AXIS2_PLACEMENT_3D('',#5152,#4142,#4143);
#3483=AXIS2_PLACEMENT_3D('',#5154,#4145,#4146);
#3484=AXIS2_PLACEMENT_3D('',#5155,#4147,#4148);
#3485=AXIS2_PLACEMENT_3D('',#5157,#4150,#4151);
#3486=AXIS2_PLACEMENT_3D('',#5159,#4153,#4154);
#3487=AXIS2_PLACEMENT_3D('',#5161,#4156,#4157);
#3488=AXIS2_PLACEMENT_3D('',#5163,#4159,#4160);
#3489=AXIS2_PLACEMENT_3D('',#5165,#4162,#4163);
#3490=AXIS2_PLACEMENT_3D('',#5168,#4166,#4167);
#3491=AXIS2_PLACEMENT_3D('',#5169,#4168,#4169);
#3492=AXIS2_PLACEMENT_3D('',#5171,#4171,#4172);
#3493=AXIS2_PLACEMENT_3D('',#5172,#4173,#4174);
#3494=AXIS2_PLACEMENT_3D('',#5173,#4175,#4176);
#3495=AXIS2_PLACEMENT_3D('',#5174,#4177,#4178);
#3496=AXIS2_PLACEMENT_3D('',#5176,#4179,#4180);
#3497=AXIS2_PLACEMENT_3D('',#5179,#4182,#4183);
#3498=AXIS2_PLACEMENT_3D('',#5180,#4184,#4185);
#3499=AXIS2_PLACEMENT_3D('',#5182,#4186,#4187);
#3500=AXIS2_PLACEMENT_3D('',#5185,#4189,#4190);
#3501=AXIS2_PLACEMENT_3D('',#5186,#4191,#4192);
#3502=AXIS2_PLACEMENT_3D('',#5187,#4193,#4194);
#3503=AXIS2_PLACEMENT_3D('',#5188,#4195,#4196);
#3504=AXIS2_PLACEMENT_3D('',#5190,#4197,#4198);
#3505=AXIS2_PLACEMENT_3D('',#5193,#4200,#4201);
#3506=AXIS2_PLACEMENT_3D('',#5194,#4202,#4203);
#3507=AXIS2_PLACEMENT_3D('',#5196,#4204,#4205);
#3508=AXIS2_PLACEMENT_3D('',#5199,#4207,#4208);
#3509=AXIS2_PLACEMENT_3D('',#5200,#4209,#4210);
#3510=AXIS2_PLACEMENT_3D('',#5201,#4211,#4212);
#3511=AXIS2_PLACEMENT_3D('',#5202,#4213,#4214);
#3512=AXIS2_PLACEMENT_3D('',#5204,#4215,#4216);
#3513=AXIS2_PLACEMENT_3D('',#5207,#4218,#4219);
#3514=AXIS2_PLACEMENT_3D('',#5208,#4220,#4221);
#3515=AXIS2_PLACEMENT_3D('',#5210,#4222,#4223);
#3516=AXIS2_PLACEMENT_3D('',#5213,#4225,#4226);
#3517=AXIS2_PLACEMENT_3D('',#5214,#4227,#4228);
#3518=AXIS2_PLACEMENT_3D('',#5215,#4229,#4230);
#3519=AXIS2_PLACEMENT_3D('',#5216,#4231,#4232);
#3520=AXIS2_PLACEMENT_3D('',#5218,#4233,#4234);
#3521=AXIS2_PLACEMENT_3D('',#5221,#4236,#4237);
#3522=AXIS2_PLACEMENT_3D('',#5222,#4238,#4239);
#3523=AXIS2_PLACEMENT_3D('',#5224,#4240,#4241);
#3524=AXIS2_PLACEMENT_3D('',#5227,#4243,#4244);
#3525=AXIS2_PLACEMENT_3D('',#5228,#4245,#4246);
#3526=AXIS2_PLACEMENT_3D('',#5229,#4247,#4248);
#3527=AXIS2_PLACEMENT_3D('',#5230,#4249,#4250);
#3528=AXIS2_PLACEMENT_3D('',#5233,#4253,#4254);
#3529=AXIS2_PLACEMENT_3D('',#5235,#4256,#4257);
#3530=AXIS2_PLACEMENT_3D('',#5237,#4259,#4260);
#3531=AXIS2_PLACEMENT_3D('',#5239,#4262,#4263);
#3532=AXIS2_PLACEMENT_3D('',#5241,#4265,#4266);
#3533=AXIS2_PLACEMENT_3D('',#5243,#4268,#4269);
#3534=AXIS2_PLACEMENT_3D('',#5245,#4271,#4272);
#3535=AXIS2_PLACEMENT_3D('',#5246,#4273,#4274);
#3536=AXIS2_PLACEMENT_3D('',#5248,#4276,#4277);
#3537=AXIS2_PLACEMENT_3D('',#5250,#4279,#4280);
#3538=AXIS2_PLACEMENT_3D('',#5253,#4283,#4284);
#3539=AXIS2_PLACEMENT_3D('',#5255,#4286,#4287);
#3540=AXIS2_PLACEMENT_3D('',#5257,#4289,#4290);
#3541=AXIS2_PLACEMENT_3D('',#5259,#4292,#4293);
#3542=AXIS2_PLACEMENT_3D('',#5261,#4295,#4296);
#3543=AXIS2_PLACEMENT_3D('',#5263,#4298,#4299);
#3544=AXIS2_PLACEMENT_3D('',#5265,#4301,#4302);
#3545=AXIS2_PLACEMENT_3D('',#5266,#4303,#4304);
#3546=AXIS2_PLACEMENT_3D('',#5268,#4305,#4306);
#3547=AXIS2_PLACEMENT_3D('',#5271,#4308,#4309);
#3548=AXIS2_PLACEMENT_3D('',#5272,#4310,#4311);
#3549=AXIS2_PLACEMENT_3D('',#5281,#4316,#4317);
#3550=AXIS2_PLACEMENT_3D('',#5287,#4321,#4322);
#3551=AXIS2_PLACEMENT_3D('',#5293,#4326,#4327);
#3552=AXIS2_PLACEMENT_3D('',#5296,#4330,#4331);
#3553=AXIS2_PLACEMENT_3D('',#5305,#4336,#4337);
#3554=AXIS2_PLACEMENT_3D('',#5311,#4341,#4342);
#3555=AXIS2_PLACEMENT_3D('',#5317,#4346,#4347);
#3556=AXIS2_PLACEMENT_3D('',#5320,#4350,#4351);
#3557=AXIS2_PLACEMENT_3D('',#5329,#4356,#4357);
#3558=AXIS2_PLACEMENT_3D('',#5335,#4361,#4362);
#3559=AXIS2_PLACEMENT_3D('',#5341,#4366,#4367);
#3560=AXIS2_PLACEMENT_3D('',#5344,#4370,#4371);
#3561=AXIS2_PLACEMENT_3D('',#5353,#4376,#4377);
#3562=AXIS2_PLACEMENT_3D('',#5359,#4381,#4382);
#3563=AXIS2_PLACEMENT_3D('',#5365,#4386,#4387);
#3564=AXIS2_PLACEMENT_3D('',#5368,#4390,#4391);
#3565=AXIS2_PLACEMENT_3D('',#5377,#4396,#4397);
#3566=AXIS2_PLACEMENT_3D('',#5383,#4401,#4402);
#3567=AXIS2_PLACEMENT_3D('',#5389,#4406,#4407);
#3568=AXIS2_PLACEMENT_3D('',#5392,#4410,#4411);
#3569=AXIS2_PLACEMENT_3D('',#5396,#4413,#4414);
#3570=AXIS2_PLACEMENT_3D('',#5398,#4416,#4417);
#3571=AXIS2_PLACEMENT_3D('',#5400,#4419,#4420);
#3572=AXIS2_PLACEMENT_3D('',#5404,#4422,#4423);
#3573=AXIS2_PLACEMENT_3D('',#5406,#4425,#4426);
#3574=AXIS2_PLACEMENT_3D('',#5408,#4428,#4429);
#3575=AXIS2_PLACEMENT_3D('',#5410,#4431,#4432);
#3576=AXIS2_PLACEMENT_3D('',#5411,#4433,#4434);
#3577=AXIS2_PLACEMENT_3D('',#5413,#4436,#4437);
#3578=AXIS2_PLACEMENT_3D('',#5419,#4441,#4442);
#3579=AXIS2_PLACEMENT_3D('',#5420,#4443,#4444);
#3580=AXIS2_PLACEMENT_3D('',#5421,#4445,#4446);
#3581=AXIS2_PLACEMENT_3D('',#5422,#4447,#4448);
#3582=AXIS2_PLACEMENT_3D('',#5424,#4449,#4450);
#3583=AXIS2_PLACEMENT_3D('',#5426,#4452,#4453);
#3584=AXIS2_PLACEMENT_3D('',#5430,#4456,#4457);
#3585=AXIS2_PLACEMENT_3D('',#5431,#4458,#4459);
#3586=AXIS2_PLACEMENT_3D('',#5432,#4460,#4461);
#3587=AXIS2_PLACEMENT_3D('',#5433,#4462,#4463);
#3588=AXIS2_PLACEMENT_3D('',#5435,#4465,#4466);
#3589=AXIS2_PLACEMENT_3D('',#5437,#4467,#4468);
#3590=AXIS2_PLACEMENT_3D('',#5439,#4470,#4471);
#3591=AXIS2_PLACEMENT_3D('',#5440,#4472,#4473);
#3592=AXIS2_PLACEMENT_3D('',#5442,#4475,#4476);
#3593=AXIS2_PLACEMENT_3D('',#5444,#4477,#4478);
#3594=AXIS2_PLACEMENT_3D('',#5446,#4480,#4481);
#3595=AXIS2_PLACEMENT_3D('',#5447,#4482,#4483);
#3596=AXIS2_PLACEMENT_3D('',#5449,#4485,#4486);
#3597=AXIS2_PLACEMENT_3D('',#5451,#4487,#4488);
#3598=AXIS2_PLACEMENT_3D('',#5453,#4490,#4491);
#3599=AXIS2_PLACEMENT_3D('',#5454,#4492,#4493);
#3600=AXIS2_PLACEMENT_3D('',#5456,#4495,#4496);
#3601=AXIS2_PLACEMENT_3D('',#5458,#4497,#4498);
#3602=AXIS2_PLACEMENT_3D('',#5460,#4500,#4501);
#3603=AXIS2_PLACEMENT_3D('',#5461,#4502,#4503);
#3604=AXIS2_PLACEMENT_3D('',#5464,#4506,#4507);
#3605=AXIS2_PLACEMENT_3D('',#5465,#4508,#4509);
#3606=AXIS2_PLACEMENT_3D('',#5467,#4511,#4512);
#3607=AXIS2_PLACEMENT_3D('',#5469,#4514,#4515);
#3608=AXIS2_PLACEMENT_3D('',#5470,#4516,#4517);
#3609=AXIS2_PLACEMENT_3D('',#5471,#4518,#4519);
#3610=AXIS2_PLACEMENT_3D('',#5473,#4521,#4522);
#3611=AXIS2_PLACEMENT_3D('',#5475,#4524,#4525);
#3612=AXIS2_PLACEMENT_3D('',#5477,#4527,#4528);
#3613=AXIS2_PLACEMENT_3D('',#5479,#4530,#4531);
#3614=AXIS2_PLACEMENT_3D('',#5480,#4532,#4533);
#3615=AXIS2_PLACEMENT_3D('',#5482,#4535,#4536);
#3616=AXIS2_PLACEMENT_3D('',#5484,#4538,#4539);
#3617=DIRECTION('axis',(0.,0.,1.));
#3618=DIRECTION('refdir',(1.,0.,0.));
#3619=DIRECTION('center_axis',(1.,0.,0.));
#3620=DIRECTION('ref_axis',(0.,1.,0.));
#3621=DIRECTION('',(0.,1.,0.));
#3622=DIRECTION('',(0.,0.,-1.));
#3623=DIRECTION('',(0.,1.,0.));
#3624=DIRECTION('',(0.,0.,1.));
#3625=DIRECTION('center_axis',(-1.,0.,0.));
#3626=DIRECTION('ref_axis',(0.,-1.,0.));
#3627=DIRECTION('',(0.,-1.,0.));
#3628=DIRECTION('',(0.,0.,-1.));
#3629=DIRECTION('',(0.,-1.,0.));
#3630=DIRECTION('',(0.,0.,1.));
#3631=DIRECTION('center_axis',(0.,0.,1.));
#3632=DIRECTION('ref_axis',(1.,0.,0.));
#3633=DIRECTION('',(-1.,0.,0.));
#3634=DIRECTION('',(1.,0.,0.));
#3635=DIRECTION('center_axis',(0.,-1.,0.));
#3636=DIRECTION('ref_axis',(1.,0.,0.));
#3637=DIRECTION('',(1.,0.,0.));
#3638=DIRECTION('',(0.,0.,1.));
#3639=DIRECTION('',(1.,0.,0.));
#3640=DIRECTION('',(0.,0.,1.));
#3641=DIRECTION('',(1.,0.,0.));
#3642=DIRECTION('',(0.,0.,1.));
#3643=DIRECTION('',(1.,0.,0.));
#3644=DIRECTION('',(0.,0.,-1.));
#3645=DIRECTION('',(1.,0.,0.));
#3646=DIRECTION('center_axis',(1.,0.,0.));
#3647=DIRECTION('ref_axis',(0.,1.,0.));
#3648=DIRECTION('',(0.,1.,0.));
#3649=DIRECTION('',(0.,1.,0.));
#3650=DIRECTION('',(0.,0.,1.));
#3651=DIRECTION('center_axis',(-1.,0.,0.));
#3652=DIRECTION('ref_axis',(0.,-1.,0.));
#3653=DIRECTION('',(0.,-1.,0.));
#3654=DIRECTION('',(0.,0.,-1.));
#3655=DIRECTION('',(0.,-1.,0.));
#3656=DIRECTION('center_axis',(0.,0.,1.));
#3657=DIRECTION('ref_axis',(1.,0.,0.));
#3658=DIRECTION('',(-1.,0.,0.));
#3659=DIRECTION('center_axis',(0.,0.,1.));
#3660=DIRECTION('ref_axis',(1.,0.,0.));
#3661=DIRECTION('',(0.,0.,1.));
#3662=DIRECTION('center_axis',(0.,0.,1.));
#3663=DIRECTION('ref_axis',(1.,0.,0.));
#3664=DIRECTION('',(0.,0.,1.));
#3665=DIRECTION('center_axis',(0.,0.,1.));
#3666=DIRECTION('ref_axis',(1.,0.,0.));
#3667=DIRECTION('center_axis',(0.,0.,1.));
#3668=DIRECTION('ref_axis',(1.,0.,0.));
#3669=DIRECTION('',(1.,0.,0.));
#3670=DIRECTION('',(0.,1.,0.));
#3671=DIRECTION('',(-1.,0.,0.));
#3672=DIRECTION('center_axis',(0.,0.,1.));
#3673=DIRECTION('ref_axis',(1.,0.,0.));
#3674=DIRECTION('',(1.,0.,0.));
#3675=DIRECTION('',(0.,1.,0.));
#3676=DIRECTION('center_axis',(0.,0.,1.));
#3677=DIRECTION('ref_axis',(0.,-1.,0.));
#3678=DIRECTION('',(1.,0.,0.));
#3679=DIRECTION('center_axis',(0.,0.,1.));
#3680=DIRECTION('ref_axis',(-1.,0.,0.));
#3681=DIRECTION('',(0.,-1.,0.));
#3682=DIRECTION('',(1.,0.,0.));
#3683=DIRECTION('center_axis',(0.,0.,1.));
#3684=DIRECTION('ref_axis',(1.,0.,0.));
#3685=DIRECTION('',(-1.,0.,0.));
#3686=DIRECTION('',(0.,-1.,0.));
#3687=DIRECTION('',(1.,0.,0.));
#3688=DIRECTION('center_axis',(0.,0.,1.));
#3689=DIRECTION('ref_axis',(1.,0.,0.));
#3690=DIRECTION('',(-1.,0.,0.));
#3691=DIRECTION('',(0.,-1.,0.));
#3692=DIRECTION('center_axis',(0.,0.,1.));
#3693=DIRECTION('ref_axis',(0.,1.,0.));
#3694=DIRECTION('',(-1.,0.,0.));
#3695=DIRECTION('center_axis',(0.,0.,1.));
#3696=DIRECTION('ref_axis',(1.,0.,0.));
#3697=DIRECTION('',(0.,1.,0.));
#3698=DIRECTION('',(-1.,0.,0.));
#3699=DIRECTION('',(-1.,0.,0.));
#3700=DIRECTION('center_axis',(0.,0.,-1.));
#3701=DIRECTION('ref_axis',(0.,1.,0.));
#3702=DIRECTION('',(0.,1.,0.));
#3703=DIRECTION('',(-1.,0.,0.));
#3704=DIRECTION('',(-3.06127672231201E-17,1.,0.));
#3705=DIRECTION('',(1.,0.,0.));
#3706=DIRECTION('',(0.,1.,0.));
#3707=DIRECTION('',(-1.,0.,0.));
#3708=DIRECTION('',(-3.06127672231201E-17,1.,0.));
#3709=DIRECTION('',(1.,0.,0.));
#3710=DIRECTION('',(0.,1.,0.));
#3711=DIRECTION('center_axis',(0.,0.,-1.));
#3712=DIRECTION('ref_axis',(-1.,0.,0.));
#3713=DIRECTION('',(-1.,0.,0.));
#3714=DIRECTION('center_axis',(0.,0.,1.));
#3715=DIRECTION('ref_axis',(1.,0.,0.));
#3716=DIRECTION('center_axis',(0.,0.,1.));
#3717=DIRECTION('ref_axis',(1.,0.,0.));
#3718=DIRECTION('center_axis',(0.,0.,1.));
#3719=DIRECTION('ref_axis',(1.,0.,0.));
#3720=DIRECTION('center_axis',(0.,0.,1.));
#3721=DIRECTION('ref_axis',(1.,0.,0.));
#3722=DIRECTION('',(-1.,0.,0.));
#3723=DIRECTION('center_axis',(0.,0.,-1.));
#3724=DIRECTION('ref_axis',(0.,-1.,0.));
#3725=DIRECTION('',(0.,-1.,0.));
#3726=DIRECTION('',(1.,0.,0.));
#3727=DIRECTION('',(0.,-1.,0.));
#3728=DIRECTION('',(-1.,0.,0.));
#3729=DIRECTION('',(0.,-1.,0.));
#3730=DIRECTION('',(1.,0.,0.));
#3731=DIRECTION('',(0.,-1.,0.));
#3732=DIRECTION('',(-1.,0.,0.));
#3733=DIRECTION('',(0.,-1.,0.));
#3734=DIRECTION('center_axis',(0.,0.,-1.));
#3735=DIRECTION('ref_axis',(1.,0.,0.));
#3736=DIRECTION('center_axis',(0.,1.,0.));
#3737=DIRECTION('ref_axis',(-1.,0.,0.));
#3738=DIRECTION('',(0.,0.,-1.));
#3739=DIRECTION('',(-1.,0.,0.));
#3740=DIRECTION('center_axis',(0.,1.,0.));
#3741=DIRECTION('ref_axis',(-1.,0.,0.));
#3742=DIRECTION('',(1.,0.,0.));
#3743=DIRECTION('',(0.,0.,1.));
#3744=DIRECTION('',(-1.,0.,0.));
#3745=DIRECTION('',(0.,0.,1.));
#3746=DIRECTION('center_axis',(0.,1.,0.));
#3747=DIRECTION('ref_axis',(-1.,0.,0.));
#3748=DIRECTION('',(-1.,0.,0.));
#3749=DIRECTION('',(0.,0.,1.));
#3750=DIRECTION('',(0.,0.,1.));
#3751=DIRECTION('center_axis',(-1.,0.,0.));
#3752=DIRECTION('ref_axis',(0.,-1.,0.));
#3753=DIRECTION('',(0.,1.,0.));
#3754=DIRECTION('',(0.,0.,1.));
#3755=DIRECTION('',(0.,-1.,0.));
#3756=DIRECTION('center_axis',(0.,-1.,0.));
#3757=DIRECTION('ref_axis',(1.,0.,0.));
#3758=DIRECTION('',(-1.,0.,0.));
#3759=DIRECTION('',(0.,0.,-1.));
#3760=DIRECTION('',(1.,0.,0.));
#3761=DIRECTION('center_axis',(0.,-1.,0.));
#3762=DIRECTION('ref_axis',(1.,0.,0.));
#3763=DIRECTION('',(0.,0.,1.));
#3764=DIRECTION('',(1.,0.,0.));
#3765=DIRECTION('center_axis',(0.,0.,1.));
#3766=DIRECTION('ref_axis',(1.,0.,0.));
#3767=DIRECTION('',(0.,0.,1.));
#3768=DIRECTION('center_axis',(0.,0.,1.));
#3769=DIRECTION('ref_axis',(1.,0.,0.));
#3770=DIRECTION('center_axis',(0.,0.,1.));
#3771=DIRECTION('ref_axis',(1.,0.,0.));
#3772=DIRECTION('center_axis',(0.,0.,1.));
#3773=DIRECTION('ref_axis',(1.,0.,0.));
#3774=DIRECTION('center_axis',(0.,0.,1.));
#3775=DIRECTION('ref_axis',(1.,0.,0.));
#3776=DIRECTION('center_axis',(0.,0.,1.));
#3777=DIRECTION('ref_axis',(1.,0.,0.));
#3778=DIRECTION('',(0.,0.,1.));
#3779=DIRECTION('center_axis',(0.,0.,-1.));
#3780=DIRECTION('ref_axis',(1.,0.,0.));
#3781=DIRECTION('center_axis',(0.,-1.,0.));
#3782=DIRECTION('ref_axis',(1.,0.,0.));
#3783=DIRECTION('',(1.,0.,0.));
#3784=DIRECTION('',(0.,0.,1.));
#3785=DIRECTION('',(0.,0.,-1.));
#3786=DIRECTION('center_axis',(-1.,0.,0.));
#3787=DIRECTION('ref_axis',(0.,-1.,0.));
#3788=DIRECTION('',(0.,-1.,0.));
#3789=DIRECTION('center_axis',(0.,0.,1.));
#3790=DIRECTION('ref_axis',(1.,0.,0.));
#3791=DIRECTION('',(0.,-1.,0.));
#3792=DIRECTION('',(-1.,0.,0.));
#3793=DIRECTION('',(0.,-1.,0.));
#3794=DIRECTION('',(1.,0.,0.));
#3795=DIRECTION('',(0.,-1.,0.));
#3796=DIRECTION('center_axis',(0.,0.,-1.));
#3797=DIRECTION('ref_axis',(0.,-1.,0.));
#3798=DIRECTION('',(-1.,0.,0.));
#3799=DIRECTION('center_axis',(0.,0.,-1.));
#3800=DIRECTION('ref_axis',(-1.,0.,0.));
#3801=DIRECTION('',(0.,1.,0.));
#3802=DIRECTION('',(1.,0.,0.));
#3803=DIRECTION('',(-3.06127672231201E-17,1.,0.));
#3804=DIRECTION('',(-1.,0.,0.));
#3805=DIRECTION('',(0.,1.,0.));
#3806=DIRECTION('',(1.,0.,0.));
#3807=DIRECTION('',(-3.06127672231201E-17,1.,0.));
#3808=DIRECTION('',(-1.,0.,0.));
#3809=DIRECTION('',(0.,1.,0.));
#3810=DIRECTION('center_axis',(0.,0.,-1.));
#3811=DIRECTION('ref_axis',(0.,1.,0.));
#3812=DIRECTION('center_axis',(0.,0.,-1.));
#3813=DIRECTION('ref_axis',(1.,0.,0.));
#3814=DIRECTION('',(0.,-1.,0.));
#3815=DIRECTION('',(0.,-1.,0.));
#3816=DIRECTION('center_axis',(0.,0.,1.));
#3817=DIRECTION('ref_axis',(-1.,0.,0.));
#3818=DIRECTION('',(1.,0.,0.));
#3819=DIRECTION('center_axis',(0.,0.,1.));
#3820=DIRECTION('ref_axis',(0.,-1.,0.));
#3821=DIRECTION('',(0.,1.,0.));
#3822=DIRECTION('center_axis',(0.,0.,1.));
#3823=DIRECTION('ref_axis',(1.,0.,0.));
#3824=DIRECTION('',(-1.,0.,0.));
#3825=DIRECTION('center_axis',(0.,0.,1.));
#3826=DIRECTION('ref_axis',(0.,1.,0.));
#3827=DIRECTION('center_axis',(0.,0.,1.));
#3828=DIRECTION('ref_axis',(1.,0.,0.));
#3829=DIRECTION('center_axis',(0.,0.,1.));
#3830=DIRECTION('ref_axis',(1.,0.,0.));
#3831=DIRECTION('',(0.,-1.,0.));
#3832=DIRECTION('center_axis',(0.,0.,1.));
#3833=DIRECTION('ref_axis',(-1.,0.,0.));
#3834=DIRECTION('',(1.,0.,0.));
#3835=DIRECTION('center_axis',(0.,0.,1.));
#3836=DIRECTION('ref_axis',(0.,-1.,0.));
#3837=DIRECTION('',(0.,1.,0.));
#3838=DIRECTION('center_axis',(0.,0.,1.));
#3839=DIRECTION('ref_axis',(1.,0.,0.));
#3840=DIRECTION('',(-1.,0.,0.));
#3841=DIRECTION('center_axis',(0.,0.,1.));
#3842=DIRECTION('ref_axis',(0.,1.,0.));
#3843=DIRECTION('center_axis',(0.,0.,1.));
#3844=DIRECTION('ref_axis',(1.,0.,0.));
#3845=DIRECTION('center_axis',(0.,0.,1.));
#3846=DIRECTION('ref_axis',(1.,0.,0.));
#3847=DIRECTION('center_axis',(0.,0.,1.));
#3848=DIRECTION('ref_axis',(1.,0.,0.));
#3849=DIRECTION('center_axis',(0.,0.,1.));
#3850=DIRECTION('ref_axis',(1.,0.,0.));
#3851=DIRECTION('center_axis',(-1.,0.,0.));
#3852=DIRECTION('ref_axis',(0.,-1.,0.));
#3853=DIRECTION('',(0.,0.,1.));
#3854=DIRECTION('center_axis',(1.,0.,0.));
#3855=DIRECTION('ref_axis',(0.,1.,0.));
#3856=DIRECTION('',(0.,1.,0.));
#3857=DIRECTION('',(0.,0.,-1.));
#3858=DIRECTION('center_axis',(-1.,0.,0.));
#3859=DIRECTION('ref_axis',(0.,-1.,0.));
#3860=DIRECTION('',(0.,1.,0.));
#3861=DIRECTION('',(0.,0.,1.));
#3862=DIRECTION('',(0.,-1.,0.));
#3863=DIRECTION('center_axis',(-1.,0.,0.));
#3864=DIRECTION('ref_axis',(0.,-1.,0.));
#3865=DIRECTION('',(0.,-1.,0.));
#3866=DIRECTION('',(0.,0.,1.));
#3867=DIRECTION('',(0.,1.,0.));
#3868=DIRECTION('center_axis',(0.,0.,1.));
#3869=DIRECTION('ref_axis',(1.,0.,0.));
#3870=DIRECTION('',(0.,0.,1.));
#3871=DIRECTION('center_axis',(0.,0.,1.));
#3872=DIRECTION('ref_axis',(1.,0.,0.));
#3873=DIRECTION('',(0.,0.,1.));
#3874=DIRECTION('center_axis',(0.,1.,0.));
#3875=DIRECTION('ref_axis',(-1.,0.,0.));
#3876=DIRECTION('',(-1.,0.,0.));
#3877=DIRECTION('center_axis',(0.,1.,0.));
#3878=DIRECTION('ref_axis',(-1.,0.,0.));
#3879=DIRECTION('',(1.,0.,0.));
#3880=DIRECTION('',(0.,0.,1.));
#3881=DIRECTION('',(-1.,0.,0.));
#3882=DIRECTION('center_axis',(0.,1.,0.));
#3883=DIRECTION('ref_axis',(-1.,0.,0.));
#3884=DIRECTION('',(0.,0.,1.));
#3885=DIRECTION('center_axis',(-1.,0.,0.));
#3886=DIRECTION('ref_axis',(0.,-1.,0.));
#3887=DIRECTION('',(0.,1.,0.));
#3888=DIRECTION('',(0.,0.,1.));
#3889=DIRECTION('',(0.,-1.,0.));
#3890=DIRECTION('center_axis',(0.,-1.,0.));
#3891=DIRECTION('ref_axis',(1.,0.,0.));
#3892=DIRECTION('',(0.,0.,-1.));
#3893=DIRECTION('',(1.,0.,0.));
#3894=DIRECTION('',(-1.,0.,0.));
#3895=DIRECTION('center_axis',(0.,-1.,0.));
#3896=DIRECTION('ref_axis',(1.,0.,0.));
#3897=DIRECTION('',(0.,0.,1.));
#3898=DIRECTION('',(1.,0.,0.));
#3899=DIRECTION('center_axis',(0.,0.,1.));
#3900=DIRECTION('ref_axis',(1.,0.,0.));
#3901=DIRECTION('',(0.,0.,1.));
#3902=DIRECTION('center_axis',(0.,0.,1.));
#3903=DIRECTION('ref_axis',(1.,0.,0.));
#3904=DIRECTION('center_axis',(0.,0.,1.));
#3905=DIRECTION('ref_axis',(1.,0.,0.));
#3906=DIRECTION('center_axis',(0.,0.,1.));
#3907=DIRECTION('ref_axis',(1.,0.,0.));
#3908=DIRECTION('center_axis',(0.,0.,1.));
#3909=DIRECTION('ref_axis',(1.,0.,0.));
#3910=DIRECTION('center_axis',(0.,0.,1.));
#3911=DIRECTION('ref_axis',(1.,0.,0.));
#3912=DIRECTION('',(0.,0.,1.));
#3913=DIRECTION('center_axis',(0.,0.,-1.));
#3914=DIRECTION('ref_axis',(1.,0.,0.));
#3915=DIRECTION('center_axis',(0.,-1.,0.));
#3916=DIRECTION('ref_axis',(1.,0.,0.));
#3917=DIRECTION('',(0.,0.,1.));
#3918=DIRECTION('',(0.,0.,-1.));
#3919=DIRECTION('center_axis',(-1.,0.,0.));
#3920=DIRECTION('ref_axis',(0.,-1.,0.));
#3921=DIRECTION('center_axis',(-1.,0.,0.));
#3922=DIRECTION('ref_axis',(0.,-1.,0.));
#3923=DIRECTION('',(0.,0.,1.));
#3924=DIRECTION('center_axis',(1.,0.,0.));
#3925=DIRECTION('ref_axis',(0.,1.,0.));
#3926=DIRECTION('',(0.,1.,0.));
#3927=DIRECTION('',(0.,0.,1.));
#3928=DIRECTION('center_axis',(-1.,0.,0.));
#3929=DIRECTION('ref_axis',(0.,-1.,0.));
#3930=DIRECTION('',(0.,1.,0.));
#3931=DIRECTION('',(0.,0.,1.));
#3932=DIRECTION('',(0.,-1.,0.));
#3933=DIRECTION('center_axis',(0.,0.,1.));
#3934=DIRECTION('ref_axis',(-1.,1.22464679914735E-16,0.));
#3935=DIRECTION('',(0.,0.,1.));
#3936=DIRECTION('',(0.,0.,1.));
#3937=DIRECTION('center_axis',(0.,0.,1.));
#3938=DIRECTION('ref_axis',(1.,0.,0.));
#3939=DIRECTION('center_axis',(0.,0.,1.));
#3940=DIRECTION('ref_axis',(1.,0.,0.));
#3941=DIRECTION('',(0.,1.,0.));
#3942=DIRECTION('center_axis',(0.,0.,1.));
#3943=DIRECTION('ref_axis',(1.,0.,0.));
#3944=DIRECTION('',(-1.,0.,0.));
#3945=DIRECTION('center_axis',(0.,0.,1.));
#3946=DIRECTION('ref_axis',(0.,1.,0.));
#3947=DIRECTION('',(0.,-1.,0.));
#3948=DIRECTION('',(-1.,0.,0.));
#3949=DIRECTION('',(1.,0.,0.));
#3950=DIRECTION('',(0.,-1.,0.));
#3951=DIRECTION('',(-1.,0.,0.));
#3952=DIRECTION('center_axis',(0.,0.,1.));
#3953=DIRECTION('ref_axis',(1.,0.,0.));
#3954=DIRECTION('',(1.,0.,0.));
#3955=DIRECTION('',(0.,-1.,0.));
#3956=DIRECTION('center_axis',(0.,0.,1.));
#3957=DIRECTION('ref_axis',(-1.,0.,0.));
#3958=DIRECTION('',(1.,0.,0.));
#3959=DIRECTION('center_axis',(0.,0.,1.));
#3960=DIRECTION('ref_axis',(0.,-1.,0.));
#3961=DIRECTION('center_axis',(0.,0.,-1.));
#3962=DIRECTION('ref_axis',(0.,-1.,0.));
#3963=DIRECTION('',(-1.,0.,0.));
#3964=DIRECTION('center_axis',(0.,0.,-1.));
#3965=DIRECTION('ref_axis',(-1.,0.,0.));
#3966=DIRECTION('',(0.,1.,0.));
#3967=DIRECTION('',(1.,0.,0.));
#3968=DIRECTION('',(-3.06127672231201E-17,1.,0.));
#3969=DIRECTION('',(-1.,0.,0.));
#3970=DIRECTION('',(0.,1.,0.));
#3971=DIRECTION('',(-1.,0.,0.));
#3972=DIRECTION('center_axis',(0.,0.,-1.));
#3973=DIRECTION('ref_axis',(-1.,0.,0.));
#3974=DIRECTION('',(0.,1.,0.));
#3975=DIRECTION('center_axis',(0.,0.,-1.));
#3976=DIRECTION('ref_axis',(0.,1.,0.));
#3977=DIRECTION('',(1.,0.,0.));
#3978=DIRECTION('',(0.,1.,0.));
#3979=DIRECTION('',(1.,0.,0.));
#3980=DIRECTION('',(-3.06127672231201E-17,1.,0.));
#3981=DIRECTION('',(-1.,0.,0.));
#3982=DIRECTION('',(0.,1.,0.));
#3983=DIRECTION('center_axis',(0.,0.,-1.));
#3984=DIRECTION('ref_axis',(0.,1.,0.));
#3985=DIRECTION('',(1.,0.,0.));
#3986=DIRECTION('center_axis',(0.,0.,-1.));
#3987=DIRECTION('ref_axis',(1.,0.,0.));
#3988=DIRECTION('center_axis',(0.,0.,-1.));
#3989=DIRECTION('ref_axis',(1.,0.,0.));
#3990=DIRECTION('center_axis',(0.,0.,-1.));
#3991=DIRECTION('ref_axis',(1.,0.,0.));
#3992=DIRECTION('center_axis',(0.,1.,0.));
#3993=DIRECTION('ref_axis',(-1.,0.,0.));
#3994=DIRECTION('',(0.,0.,1.));
#3995=DIRECTION('center_axis',(0.,1.,0.));
#3996=DIRECTION('ref_axis',(-1.,0.,0.));
#3997=DIRECTION('',(0.,0.,1.));
#3998=DIRECTION('',(0.,0.,-1.));
#3999=DIRECTION('center_axis',(0.,1.,0.));
#4000=DIRECTION('ref_axis',(-1.,0.,0.));
#4001=DIRECTION('',(1.,0.,0.));
#4002=DIRECTION('',(0.,0.,-1.));
#4003=DIRECTION('',(0.,0.,1.));
#4004=DIRECTION('center_axis',(1.,3.06127672231201E-17,0.));
#4005=DIRECTION('ref_axis',(-3.06127672231201E-17,1.,0.));
#4006=DIRECTION('',(0.,0.,1.));
#4007=DIRECTION('center_axis',(0.,-1.,0.));
#4008=DIRECTION('ref_axis',(1.,0.,0.));
#4009=DIRECTION('',(0.,0.,1.));
#4010=DIRECTION('center_axis',(0.,-1.,0.));
#4011=DIRECTION('ref_axis',(1.,0.,0.));
#4012=DIRECTION('',(0.,0.,-1.));
#4013=DIRECTION('center_axis',(0.,0.,1.));
#4014=DIRECTION('ref_axis',(1.,0.,0.));
#4015=DIRECTION('center_axis',(0.,0.,1.));
#4016=DIRECTION('ref_axis',(1.,0.,0.));
#4017=DIRECTION('center_axis',(0.,0.,1.));
#4018=DIRECTION('ref_axis',(1.,0.,0.));
#4019=DIRECTION('',(0.,0.,1.));
#4020=DIRECTION('center_axis',(0.,0.,1.));
#4021=DIRECTION('ref_axis',(1.,0.,0.));
#4022=DIRECTION('center_axis',(0.,0.,1.));
#4023=DIRECTION('ref_axis',(1.,0.,0.));
#4024=DIRECTION('',(0.,0.,1.));
#4025=DIRECTION('center_axis',(0.,0.,1.));
#4026=DIRECTION('ref_axis',(1.,0.,0.));
#4027=DIRECTION('center_axis',(1.,3.06127672231201E-17,0.));
#4028=DIRECTION('ref_axis',(-3.06127672231201E-17,1.,0.));
#4029=DIRECTION('',(3.06127672231201E-17,-1.,0.));
#4030=DIRECTION('',(0.,0.,1.));
#4031=DIRECTION('center_axis',(0.,-1.,0.));
#4032=DIRECTION('ref_axis',(1.,0.,0.));
#4033=DIRECTION('',(-1.,0.,0.));
#4034=DIRECTION('',(0.,0.,1.));
#4035=DIRECTION('center_axis',(0.,0.,1.));
#4036=DIRECTION('ref_axis',(1.,0.,0.));
#4037=DIRECTION('center_axis',(0.,0.,1.));
#4038=DIRECTION('ref_axis',(1.,0.,0.));
#4039=DIRECTION('',(-1.,0.,0.));
#4040=DIRECTION('center_axis',(0.,0.,1.));
#4041=DIRECTION('ref_axis',(0.,1.,0.));
#4042=DIRECTION('',(0.,-1.,0.));
#4043=DIRECTION('',(0.,-1.,0.));
#4044=DIRECTION('',(1.,0.,0.));
#4045=DIRECTION('',(3.06127672231201E-17,-1.,0.));
#4046=DIRECTION('',(-1.,0.,0.));
#4047=DIRECTION('',(0.,-1.,0.));
#4048=DIRECTION('center_axis',(0.,0.,1.));
#4049=DIRECTION('ref_axis',(-1.,0.,0.));
#4050=DIRECTION('',(1.,0.,0.));
#4051=DIRECTION('center_axis',(0.,0.,1.));
#4052=DIRECTION('ref_axis',(0.,-1.,0.));
#4053=DIRECTION('center_axis',(0.,0.,-1.));
#4054=DIRECTION('ref_axis',(1.,0.,0.));
#4055=DIRECTION('center_axis',(0.,0.,-1.));
#4056=DIRECTION('ref_axis',(1.,0.,0.));
#4057=DIRECTION('center_axis',(0.,0.,-1.));
#4058=DIRECTION('ref_axis',(1.,0.,0.));
#4059=DIRECTION('center_axis',(0.,0.,-1.));
#4060=DIRECTION('ref_axis',(1.,0.,0.));
#4061=DIRECTION('',(0.,1.,0.));
#4062=DIRECTION('center_axis',(0.,0.,-1.));
#4063=DIRECTION('ref_axis',(0.,1.,0.));
#4064=DIRECTION('',(1.,0.,0.));
#4065=DIRECTION('center_axis',(0.,0.,-1.));
#4066=DIRECTION('ref_axis',(1.,0.,0.));
#4067=DIRECTION('',(0.,-1.,0.));
#4068=DIRECTION('center_axis',(0.,0.,-1.));
#4069=DIRECTION('ref_axis',(0.,-1.,0.));
#4070=DIRECTION('',(-1.,0.,0.));
#4071=DIRECTION('center_axis',(0.,0.,-1.));
#4072=DIRECTION('ref_axis',(-1.,0.,0.));
#4073=DIRECTION('center_axis',(0.,0.,-1.));
#4074=DIRECTION('ref_axis',(1.,0.,0.));
#4075=DIRECTION('center_axis',(0.,0.,-1.));
#4076=DIRECTION('ref_axis',(1.,0.,0.));
#4077=DIRECTION('',(0.,1.,0.));
#4078=DIRECTION('center_axis',(0.,0.,-1.));
#4079=DIRECTION('ref_axis',(0.,1.,0.));
#4080=DIRECTION('',(1.,0.,0.));
#4081=DIRECTION('center_axis',(0.,0.,-1.));
#4082=DIRECTION('ref_axis',(1.,0.,0.));
#4083=DIRECTION('',(0.,-1.,0.));
#4084=DIRECTION('center_axis',(0.,0.,-1.));
#4085=DIRECTION('ref_axis',(0.,-1.,0.));
#4086=DIRECTION('',(-1.,0.,0.));
#4087=DIRECTION('center_axis',(0.,0.,-1.));
#4088=DIRECTION('ref_axis',(-1.,0.,0.));
#4089=DIRECTION('center_axis',(1.,0.,0.));
#4090=DIRECTION('ref_axis',(0.,1.,0.));
#4091=DIRECTION('',(0.,0.,-1.));
#4092=DIRECTION('',(0.,-1.,0.));
#4093=DIRECTION('',(0.,0.,1.));
#4094=DIRECTION('',(0.,0.,-1.));
#4095=DIRECTION('',(0.,0.,1.));
#4096=DIRECTION('',(0.,1.,0.));
#4097=DIRECTION('',(0.,0.,-1.));
#4098=DIRECTION('',(0.,-1.,0.));
#4099=DIRECTION('center_axis',(-1.,0.,0.));
#4100=DIRECTION('ref_axis',(0.,-1.,0.));
#4101=DIRECTION('',(0.,0.,1.));
#4102=DIRECTION('',(0.,0.,-1.));
#4103=DIRECTION('',(0.,1.,0.));
#4104=DIRECTION('',(0.,0.,1.));
#4105=DIRECTION('',(0.,-1.,0.));
#4106=DIRECTION('center_axis',(1.,0.,0.));
#4107=DIRECTION('ref_axis',(0.,1.,0.));
#4108=DIRECTION('',(0.,0.,-1.));
#4109=DIRECTION('center_axis',(1.,0.,0.));
#4110=DIRECTION('ref_axis',(0.,1.,0.));
#4111=DIRECTION('',(0.,0.,1.));
#4112=DIRECTION('center_axis',(0.,0.,1.));
#4113=DIRECTION('ref_axis',(-1.,1.22464679914735E-16,0.));
#4114=DIRECTION('',(0.,0.,1.));
#4115=DIRECTION('',(0.,0.,1.));
#4116=DIRECTION('center_axis',(0.,1.,0.));
#4117=DIRECTION('ref_axis',(-1.,0.,0.));
#4118=DIRECTION('center_axis',(0.,1.,0.));
#4119=DIRECTION('ref_axis',(-1.,0.,0.));
#4120=DIRECTION('',(0.,0.,1.));
#4121=DIRECTION('center_axis',(0.,1.,0.));
#4122=DIRECTION('ref_axis',(-1.,0.,0.));
#4123=DIRECTION('',(0.,0.,1.));
#4124=DIRECTION('center_axis',(1.,3.06127672231201E-17,0.));
#4125=DIRECTION('ref_axis',(-3.06127672231201E-17,1.,0.));
#4126=DIRECTION('',(0.,0.,1.));
#4127=DIRECTION('center_axis',(0.,-1.,0.));
#4128=DIRECTION('ref_axis',(1.,0.,0.));
#4129=DIRECTION('',(0.,0.,1.));
#4130=DIRECTION('center_axis',(0.,-1.,0.));
#4131=DIRECTION('ref_axis',(1.,0.,0.));
#4132=DIRECTION('',(0.,0.,-1.));
#4133=DIRECTION('center_axis',(0.,0.,1.));
#4134=DIRECTION('ref_axis',(1.,0.,0.));
#4135=DIRECTION('center_axis',(0.,0.,1.));
#4136=DIRECTION('ref_axis',(1.,0.,0.));
#4137=DIRECTION('center_axis',(0.,0.,1.));
#4138=DIRECTION('ref_axis',(1.,0.,0.));
#4139=DIRECTION('',(0.,0.,1.));
#4140=DIRECTION('center_axis',(0.,0.,1.));
#4141=DIRECTION('ref_axis',(1.,0.,0.));
#4142=DIRECTION('center_axis',(0.,0.,1.));
#4143=DIRECTION('ref_axis',(1.,0.,0.));
#4144=DIRECTION('',(0.,0.,1.));
#4145=DIRECTION('center_axis',(0.,0.,1.));
#4146=DIRECTION('ref_axis',(1.,0.,0.));
#4147=DIRECTION('center_axis',(1.,3.06127672231201E-17,0.));
#4148=DIRECTION('ref_axis',(-3.06127672231201E-17,1.,0.));
#4149=DIRECTION('',(0.,0.,1.));
#4150=DIRECTION('center_axis',(0.,-1.,0.));
#4151=DIRECTION('ref_axis',(1.,0.,0.));
#4152=DIRECTION('',(0.,0.,1.));
#4153=DIRECTION('center_axis',(1.,0.,0.));
#4154=DIRECTION('ref_axis',(0.,1.,0.));
#4155=DIRECTION('',(0.,0.,1.));
#4156=DIRECTION('center_axis',(-1.,0.,0.));
#4157=DIRECTION('ref_axis',(0.,-1.,0.));
#4158=DIRECTION('',(0.,0.,1.));
#4159=DIRECTION('center_axis',(1.,0.,0.));
#4160=DIRECTION('ref_axis',(0.,1.,0.));
#4161=DIRECTION('',(0.,0.,1.));
#4162=DIRECTION('center_axis',(0.,1.,0.));
#4163=DIRECTION('ref_axis',(-1.,0.,0.));
#4164=DIRECTION('',(0.,0.,1.));
#4165=DIRECTION('',(0.,0.,1.));
#4166=DIRECTION('center_axis',(0.,0.,1.));
#4167=DIRECTION('ref_axis',(0.,-1.,0.));
#4168=DIRECTION('center_axis',(-1.,0.,0.));
#4169=DIRECTION('ref_axis',(0.,-1.,0.));
#4170=DIRECTION('',(0.,0.,1.));
#4171=DIRECTION('center_axis',(0.,0.,1.));
#4172=DIRECTION('ref_axis',(1.,0.,0.));
#4173=DIRECTION('center_axis',(0.,0.,1.));
#4174=DIRECTION('ref_axis',(0.,1.,0.));
#4175=DIRECTION('center_axis',(0.,0.,1.));
#4176=DIRECTION('ref_axis',(-1.,0.,0.));
#4177=DIRECTION('center_axis',(0.,0.,1.));
#4178=DIRECTION('ref_axis',(1.,0.,0.));
#4179=DIRECTION('center_axis',(0.,0.,-1.));
#4180=DIRECTION('ref_axis',(1.,0.,0.));
#4181=DIRECTION('',(0.,0.,-1.));
#4182=DIRECTION('center_axis',(0.,0.,1.));
#4183=DIRECTION('ref_axis',(1.,0.,0.));
#4184=DIRECTION('center_axis',(0.,0.,1.));
#4185=DIRECTION('ref_axis',(1.,0.,0.));
#4186=DIRECTION('center_axis',(0.,0.,1.));
#4187=DIRECTION('ref_axis',(1.,0.,0.));
#4188=DIRECTION('',(0.,0.,1.));
#4189=DIRECTION('center_axis',(0.,0.,-1.));
#4190=DIRECTION('ref_axis',(1.,0.,0.));
#4191=DIRECTION('center_axis',(0.,0.,1.));
#4192=DIRECTION('ref_axis',(1.,0.,0.));
#4193=DIRECTION('center_axis',(0.,0.,1.));
#4194=DIRECTION('ref_axis',(1.,0.,0.));
#4195=DIRECTION('center_axis',(0.,0.,1.));
#4196=DIRECTION('ref_axis',(1.,0.,0.));
#4197=DIRECTION('center_axis',(0.,0.,-1.));
#4198=DIRECTION('ref_axis',(1.,0.,0.));
#4199=DIRECTION('',(0.,0.,-1.));
#4200=DIRECTION('center_axis',(0.,0.,1.));
#4201=DIRECTION('ref_axis',(1.,0.,0.));
#4202=DIRECTION('center_axis',(0.,0.,1.));
#4203=DIRECTION('ref_axis',(1.,0.,0.));
#4204=DIRECTION('center_axis',(0.,0.,1.));
#4205=DIRECTION('ref_axis',(1.,0.,0.));
#4206=DIRECTION('',(0.,0.,1.));
#4207=DIRECTION('center_axis',(0.,0.,-1.));
#4208=DIRECTION('ref_axis',(1.,0.,0.));
#4209=DIRECTION('center_axis',(0.,0.,1.));
#4210=DIRECTION('ref_axis',(1.,0.,0.));
#4211=DIRECTION('center_axis',(0.,0.,1.));
#4212=DIRECTION('ref_axis',(1.,0.,0.));
#4213=DIRECTION('center_axis',(0.,0.,1.));
#4214=DIRECTION('ref_axis',(1.,0.,0.));
#4215=DIRECTION('center_axis',(0.,0.,-1.));
#4216=DIRECTION('ref_axis',(1.,0.,0.));
#4217=DIRECTION('',(0.,0.,-1.));
#4218=DIRECTION('center_axis',(0.,0.,1.));
#4219=DIRECTION('ref_axis',(1.,0.,0.));
#4220=DIRECTION('center_axis',(0.,0.,1.));
#4221=DIRECTION('ref_axis',(1.,0.,0.));
#4222=DIRECTION('center_axis',(0.,0.,1.));
#4223=DIRECTION('ref_axis',(1.,0.,0.));
#4224=DIRECTION('',(0.,0.,1.));
#4225=DIRECTION('center_axis',(0.,0.,-1.));
#4226=DIRECTION('ref_axis',(1.,0.,0.));
#4227=DIRECTION('center_axis',(0.,0.,1.));
#4228=DIRECTION('ref_axis',(1.,0.,0.));
#4229=DIRECTION('center_axis',(0.,0.,1.));
#4230=DIRECTION('ref_axis',(1.,0.,0.));
#4231=DIRECTION('center_axis',(0.,0.,1.));
#4232=DIRECTION('ref_axis',(1.,0.,0.));
#4233=DIRECTION('center_axis',(0.,0.,-1.));
#4234=DIRECTION('ref_axis',(1.,0.,0.));
#4235=DIRECTION('',(0.,0.,-1.));
#4236=DIRECTION('center_axis',(0.,0.,1.));
#4237=DIRECTION('ref_axis',(1.,0.,0.));
#4238=DIRECTION('center_axis',(0.,0.,1.));
#4239=DIRECTION('ref_axis',(1.,0.,0.));
#4240=DIRECTION('center_axis',(0.,0.,1.));
#4241=DIRECTION('ref_axis',(1.,0.,0.));
#4242=DIRECTION('',(0.,0.,1.));
#4243=DIRECTION('center_axis',(0.,0.,-1.));
#4244=DIRECTION('ref_axis',(1.,0.,0.));
#4245=DIRECTION('center_axis',(0.,0.,1.));
#4246=DIRECTION('ref_axis',(1.,0.,0.));
#4247=DIRECTION('center_axis',(0.,0.,1.));
#4248=DIRECTION('ref_axis',(1.,0.,0.));
#4249=DIRECTION('center_axis',(1.,0.,0.));
#4250=DIRECTION('ref_axis',(0.,1.,0.));
#4251=DIRECTION('',(0.,0.,1.));
#4252=DIRECTION('',(0.,0.,1.));
#4253=DIRECTION('center_axis',(0.,0.,1.));
#4254=DIRECTION('ref_axis',(0.,-1.,0.));
#4255=DIRECTION('',(0.,0.,1.));
#4256=DIRECTION('center_axis',(0.,-1.,0.));
#4257=DIRECTION('ref_axis',(1.,0.,0.));
#4258=DIRECTION('',(0.,0.,1.));
#4259=DIRECTION('center_axis',(0.,0.,1.));
#4260=DIRECTION('ref_axis',(-1.,0.,0.));
#4261=DIRECTION('',(0.,0.,1.));
#4262=DIRECTION('center_axis',(-1.,0.,0.));
#4263=DIRECTION('ref_axis',(0.,-1.,0.));
#4264=DIRECTION('',(0.,0.,1.));
#4265=DIRECTION('center_axis',(0.,0.,1.));
#4266=DIRECTION('ref_axis',(0.,1.,0.));
#4267=DIRECTION('',(0.,0.,1.));
#4268=DIRECTION('center_axis',(0.,1.,0.));
#4269=DIRECTION('ref_axis',(-1.,0.,0.));
#4270=DIRECTION('',(0.,0.,1.));
#4271=DIRECTION('center_axis',(0.,0.,1.));
#4272=DIRECTION('ref_axis',(1.,0.,0.));
#4273=DIRECTION('center_axis',(0.,0.,1.));
#4274=DIRECTION('ref_axis',(1.,0.,0.));
#4275=DIRECTION('',(0.,0.,1.));
#4276=DIRECTION('center_axis',(0.,0.,1.));
#4277=DIRECTION('ref_axis',(1.,0.,0.));
#4278=DIRECTION('',(0.,0.,1.));
#4279=DIRECTION('center_axis',(1.,0.,0.));
#4280=DIRECTION('ref_axis',(0.,1.,0.));
#4281=DIRECTION('',(0.,0.,1.));
#4282=DIRECTION('',(0.,0.,1.));
#4283=DIRECTION('center_axis',(0.,0.,1.));
#4284=DIRECTION('ref_axis',(0.,-1.,0.));
#4285=DIRECTION('',(0.,0.,1.));
#4286=DIRECTION('center_axis',(0.,-1.,0.));
#4287=DIRECTION('ref_axis',(1.,0.,0.));
#4288=DIRECTION('',(0.,0.,1.));
#4289=DIRECTION('center_axis',(0.,0.,1.));
#4290=DIRECTION('ref_axis',(-1.,0.,0.));
#4291=DIRECTION('',(0.,0.,1.));
#4292=DIRECTION('center_axis',(-1.,0.,0.));
#4293=DIRECTION('ref_axis',(0.,-1.,0.));
#4294=DIRECTION('',(0.,0.,1.));
#4295=DIRECTION('center_axis',(0.,0.,1.));
#4296=DIRECTION('ref_axis',(0.,1.,0.));
#4297=DIRECTION('',(0.,0.,1.));
#4298=DIRECTION('center_axis',(0.,1.,0.));
#4299=DIRECTION('ref_axis',(-1.,0.,0.));
#4300=DIRECTION('',(0.,0.,1.));
#4301=DIRECTION('center_axis',(0.,0.,1.));
#4302=DIRECTION('ref_axis',(1.,0.,0.));
#4303=DIRECTION('center_axis',(0.,-1.,0.));
#4304=DIRECTION('ref_axis',(1.,0.,0.));
#4305=DIRECTION('center_axis',(0.,-1.,0.));
#4306=DIRECTION('ref_axis',(1.,0.,0.));
#4307=DIRECTION('',(0.,-1.,0.));
#4308=DIRECTION('center_axis',(0.,1.,0.));
#4309=DIRECTION('ref_axis',(1.,0.,0.));
#4310=DIRECTION('center_axis',(-1.,0.,0.));
#4311=DIRECTION('ref_axis',(0.,-1.,0.));
#4312=DIRECTION('',(0.,0.,1.));
#4313=DIRECTION('',(0.,-1.,0.));
#4314=DIRECTION('',(0.,0.,-1.));
#4315=DIRECTION('',(0.,-1.,0.));
#4316=DIRECTION('center_axis',(0.,0.,1.));
#4317=DIRECTION('ref_axis',(1.,0.,0.));
#4318=DIRECTION('',(1.,0.,0.));
#4319=DIRECTION('',(-1.,0.,0.));
#4320=DIRECTION('',(0.,1.,0.));
#4321=DIRECTION('center_axis',(1.,0.,0.));
#4322=DIRECTION('ref_axis',(0.,1.,0.));
#4323=DIRECTION('',(0.,0.,-1.));
#4324=DIRECTION('',(0.,0.,1.));
#4325=DIRECTION('',(0.,1.,0.));
#4326=DIRECTION('center_axis',(0.,0.,1.));
#4327=DIRECTION('ref_axis',(1.,0.,0.));
#4328=DIRECTION('',(-1.,0.,0.));
#4329=DIRECTION('',(1.,0.,0.));
#4330=DIRECTION('center_axis',(-1.,0.,0.));
#4331=DIRECTION('ref_axis',(0.,-1.,0.));
#4332=DIRECTION('',(0.,0.,1.));
#4333=DIRECTION('',(0.,-1.,0.));
#4334=DIRECTION('',(0.,0.,-1.));
#4335=DIRECTION('',(0.,-1.,0.));
#4336=DIRECTION('center_axis',(0.,0.,1.));
#4337=DIRECTION('ref_axis',(1.,0.,0.));
#4338=DIRECTION('',(1.,0.,0.));
#4339=DIRECTION('',(-1.,0.,0.));
#4340=DIRECTION('',(0.,1.,0.));
#4341=DIRECTION('center_axis',(1.,0.,0.));
#4342=DIRECTION('ref_axis',(0.,1.,0.));
#4343=DIRECTION('',(0.,0.,-1.));
#4344=DIRECTION('',(0.,0.,1.));
#4345=DIRECTION('',(0.,1.,0.));
#4346=DIRECTION('center_axis',(0.,0.,1.));
#4347=DIRECTION('ref_axis',(1.,0.,0.));
#4348=DIRECTION('',(-1.,0.,0.));
#4349=DIRECTION('',(1.,0.,0.));
#4350=DIRECTION('center_axis',(-1.,0.,0.));
#4351=DIRECTION('ref_axis',(0.,-1.,0.));
#4352=DIRECTION('',(0.,0.,1.));
#4353=DIRECTION('',(0.,-1.,0.));
#4354=DIRECTION('',(0.,0.,-1.));
#4355=DIRECTION('',(0.,-1.,0.));
#4356=DIRECTION('center_axis',(0.,0.,1.));
#4357=DIRECTION('ref_axis',(1.,0.,0.));
#4358=DIRECTION('',(1.,0.,0.));
#4359=DIRECTION('',(-1.,0.,0.));
#4360=DIRECTION('',(0.,1.,0.));
#4361=DIRECTION('center_axis',(1.,0.,0.));
#4362=DIRECTION('ref_axis',(0.,1.,0.));
#4363=DIRECTION('',(0.,0.,-1.));
#4364=DIRECTION('',(0.,0.,1.));
#4365=DIRECTION('',(0.,1.,0.));
#4366=DIRECTION('center_axis',(0.,0.,1.));
#4367=DIRECTION('ref_axis',(1.,0.,0.));
#4368=DIRECTION('',(-1.,0.,0.));
#4369=DIRECTION('',(1.,0.,0.));
#4370=DIRECTION('center_axis',(-1.,0.,0.));
#4371=DIRECTION('ref_axis',(0.,-1.,0.));
#4372=DIRECTION('',(0.,0.,1.));
#4373=DIRECTION('',(0.,-1.,0.));
#4374=DIRECTION('',(0.,0.,-1.));
#4375=DIRECTION('',(0.,-1.,0.));
#4376=DIRECTION('center_axis',(0.,0.,1.));
#4377=DIRECTION('ref_axis',(1.,0.,0.));
#4378=DIRECTION('',(1.,0.,0.));
#4379=DIRECTION('',(-1.,0.,0.));
#4380=DIRECTION('',(0.,1.,0.));
#4381=DIRECTION('center_axis',(1.,0.,0.));
#4382=DIRECTION('ref_axis',(0.,1.,0.));
#4383=DIRECTION('',(0.,0.,-1.));
#4384=DIRECTION('',(0.,0.,1.));
#4385=DIRECTION('',(0.,1.,0.));
#4386=DIRECTION('center_axis',(0.,0.,1.));
#4387=DIRECTION('ref_axis',(1.,0.,0.));
#4388=DIRECTION('',(-1.,0.,0.));
#4389=DIRECTION('',(1.,0.,0.));
#4390=DIRECTION('center_axis',(-1.,0.,0.));
#4391=DIRECTION('ref_axis',(0.,-1.,0.));
#4392=DIRECTION('',(0.,0.,1.));
#4393=DIRECTION('',(0.,-1.,0.));
#4394=DIRECTION('',(0.,0.,-1.));
#4395=DIRECTION('',(0.,-1.,0.));
#4396=DIRECTION('center_axis',(0.,0.,1.));
#4397=DIRECTION('ref_axis',(1.,0.,0.));
#4398=DIRECTION('',(1.,0.,0.));
#4399=DIRECTION('',(-1.,0.,0.));
#4400=DIRECTION('',(0.,1.,0.));
#4401=DIRECTION('center_axis',(1.,0.,0.));
#4402=DIRECTION('ref_axis',(0.,1.,0.));
#4403=DIRECTION('',(0.,0.,-1.));
#4404=DIRECTION('',(0.,0.,1.));
#4405=DIRECTION('',(0.,1.,0.));
#4406=DIRECTION('center_axis',(0.,0.,1.));
#4407=DIRECTION('ref_axis',(1.,0.,0.));
#4408=DIRECTION('',(-1.,0.,0.));
#4409=DIRECTION('',(1.,0.,0.));
#4410=DIRECTION('center_axis',(0.,0.,1.));
#4411=DIRECTION('ref_axis',(0.,1.,0.));
#4412=DIRECTION('',(0.,0.,1.));
#4413=DIRECTION('center_axis',(0.,0.,1.));
#4414=DIRECTION('ref_axis',(0.,1.,0.));
#4415=DIRECTION('',(0.,0.,1.));
#4416=DIRECTION('center_axis',(0.,1.,0.));
#4417=DIRECTION('ref_axis',(-1.,0.,0.));
#4418=DIRECTION('',(-1.,0.,0.));
#4419=DIRECTION('center_axis',(0.,0.,1.));
#4420=DIRECTION('ref_axis',(1.,0.,0.));
#4421=DIRECTION('',(0.,-1.,0.));
#4422=DIRECTION('center_axis',(0.,0.,1.));
#4423=DIRECTION('ref_axis',(-1.,0.,0.));
#4424=DIRECTION('',(1.,0.,0.));
#4425=DIRECTION('center_axis',(-1.,0.,0.));
#4426=DIRECTION('ref_axis',(0.,-1.,0.));
#4427=DIRECTION('',(0.,0.,1.));
#4428=DIRECTION('center_axis',(0.,-1.,0.));
#4429=DIRECTION('ref_axis',(1.,0.,0.));
#4430=DIRECTION('',(0.,0.,1.));
#4431=DIRECTION('center_axis',(0.,0.,1.));
#4432=DIRECTION('ref_axis',(-1.,0.,0.));
#4433=DIRECTION('center_axis',(1.,0.,0.));
#4434=DIRECTION('ref_axis',(0.,1.,0.));
#4435=DIRECTION('',(0.,0.,1.));
#4436=DIRECTION('center_axis',(0.,1.,0.));
#4437=DIRECTION('ref_axis',(-1.,0.,0.));
#4438=DIRECTION('',(-1.,0.,0.));
#4439=DIRECTION('',(0.,0.,1.));
#4440=DIRECTION('',(-1.,0.,0.));
#4441=DIRECTION('center_axis',(0.,0.,1.));
#4442=DIRECTION('ref_axis',(0.,1.,0.));
#4443=DIRECTION('center_axis',(0.,0.,1.));
#4444=DIRECTION('ref_axis',(0.,1.,0.));
#4445=DIRECTION('center_axis',(0.,0.,1.));
#4446=DIRECTION('ref_axis',(0.,1.,0.));
#4447=DIRECTION('center_axis',(0.,0.,1.));
#4448=DIRECTION('ref_axis',(1.,0.,0.));
#4449=DIRECTION('center_axis',(0.,0.,1.));
#4450=DIRECTION('ref_axis',(-1.,0.,0.));
#4451=DIRECTION('',(1.,0.,0.));
#4452=DIRECTION('center_axis',(0.,-1.,0.));
#4453=DIRECTION('ref_axis',(1.,0.,0.));
#4454=DIRECTION('',(0.,0.,1.));
#4455=DIRECTION('',(1.,0.,0.));
#4456=DIRECTION('center_axis',(0.,0.,1.));
#4457=DIRECTION('ref_axis',(-1.,0.,0.));
#4458=DIRECTION('center_axis',(0.,0.,1.));
#4459=DIRECTION('ref_axis',(-1.,0.,0.));
#4460=DIRECTION('center_axis',(0.,0.,1.));
#4461=DIRECTION('ref_axis',(1.,0.,0.));
#4462=DIRECTION('center_axis',(0.,0.,-1.));
#4463=DIRECTION('ref_axis',(1.,0.,0.));
#4464=DIRECTION('',(0.707106781186548,8.65956056235494E-17,0.707106781186547));
#4465=DIRECTION('center_axis',(0.,0.,1.));
#4466=DIRECTION('ref_axis',(1.,0.,0.));
#4467=DIRECTION('center_axis',(0.,0.,1.));
#4468=DIRECTION('ref_axis',(1.,0.,0.));
#4469=DIRECTION('',(0.,0.,-1.));
#4470=DIRECTION('center_axis',(0.,0.,1.));
#4471=DIRECTION('ref_axis',(1.,0.,0.));
#4472=DIRECTION('center_axis',(0.,0.,-1.));
#4473=DIRECTION('ref_axis',(1.,0.,0.));
#4474=DIRECTION('',(0.707106781186548,8.65956056235494E-17,0.707106781186547));
#4475=DIRECTION('center_axis',(0.,0.,1.));
#4476=DIRECTION('ref_axis',(1.,0.,0.));
#4477=DIRECTION('center_axis',(0.,0.,1.));
#4478=DIRECTION('ref_axis',(1.,0.,0.));
#4479=DIRECTION('',(0.,0.,-1.));
#4480=DIRECTION('center_axis',(0.,0.,1.));
#4481=DIRECTION('ref_axis',(1.,0.,0.));
#4482=DIRECTION('center_axis',(0.,0.,-1.));
#4483=DIRECTION('ref_axis',(1.,0.,0.));
#4484=DIRECTION('',(0.707106781186548,8.65956056235493E-17,0.707106781186547));
#4485=DIRECTION('center_axis',(0.,0.,1.));
#4486=DIRECTION('ref_axis',(1.,0.,0.));
#4487=DIRECTION('center_axis',(0.,0.,1.));
#4488=DIRECTION('ref_axis',(1.,0.,0.));
#4489=DIRECTION('',(0.,0.,-1.));
#4490=DIRECTION('center_axis',(0.,0.,1.));
#4491=DIRECTION('ref_axis',(1.,0.,0.));
#4492=DIRECTION('center_axis',(0.,0.,-1.));
#4493=DIRECTION('ref_axis',(1.,0.,0.));
#4494=DIRECTION('',(0.707106781186548,8.65956056235493E-17,0.707106781186547));
#4495=DIRECTION('center_axis',(0.,0.,1.));
#4496=DIRECTION('ref_axis',(1.,0.,0.));
#4497=DIRECTION('center_axis',(0.,0.,1.));
#4498=DIRECTION('ref_axis',(1.,0.,0.));
#4499=DIRECTION('',(0.,0.,-1.));
#4500=DIRECTION('center_axis',(0.,0.,1.));
#4501=DIRECTION('ref_axis',(1.,0.,0.));
#4502=DIRECTION('center_axis',(0.,1.,0.));
#4503=DIRECTION('ref_axis',(-1.,0.,0.));
#4504=DIRECTION('',(0.,0.,1.));
#4505=DIRECTION('',(0.,0.,1.));
#4506=DIRECTION('center_axis',(0.,0.,1.));
#4507=DIRECTION('ref_axis',(0.,-1.,0.));
#4508=DIRECTION('center_axis',(0.,0.,1.));
#4509=DIRECTION('ref_axis',(1.,0.,0.));
#4510=DIRECTION('',(0.,0.,1.));
#4511=DIRECTION('center_axis',(0.,-1.,0.));
#4512=DIRECTION('ref_axis',(1.,0.,0.));
#4513=DIRECTION('',(0.,0.,1.));
#4514=DIRECTION('center_axis',(0.,0.,1.));
#4515=DIRECTION('ref_axis',(0.,1.,0.));
#4516=DIRECTION('center_axis',(0.,0.,1.));
#4517=DIRECTION('ref_axis',(-1.,0.,0.));
#4518=DIRECTION('center_axis',(-1.,0.,0.));
#4519=DIRECTION('ref_axis',(0.,-1.,0.));
#4520=DIRECTION('',(0.,0.,1.));
#4521=DIRECTION('center_axis',(0.,0.,1.));
#4522=DIRECTION('ref_axis',(0.,1.,0.));
#4523=DIRECTION('',(0.,0.,1.));
#4524=DIRECTION('center_axis',(0.,1.,0.));
#4525=DIRECTION('ref_axis',(-1.,0.,0.));
#4526=DIRECTION('',(0.,0.,1.));
#4527=DIRECTION('center_axis',(0.,0.,1.));
#4528=DIRECTION('ref_axis',(1.,0.,0.));
#4529=DIRECTION('',(0.,0.,1.));
#4530=DIRECTION('center_axis',(1.,0.,0.));
#4531=DIRECTION('ref_axis',(0.,1.,0.));
#4532=DIRECTION('center_axis',(0.,0.,1.));
#4533=DIRECTION('ref_axis',(0.,-1.,0.));
#4534=DIRECTION('',(0.,0.,1.));
#4535=DIRECTION('center_axis',(0.,-1.,0.));
#4536=DIRECTION('ref_axis',(1.,0.,0.));
#4537=DIRECTION('',(0.,0.,1.));
#4538=DIRECTION('center_axis',(0.,0.,1.));
#4539=DIRECTION('ref_axis',(-1.,0.,0.));
#4540=CARTESIAN_POINT('',(0.,0.,0.));
#4541=CARTESIAN_POINT('Origin',(6.,-0.07,-1.18));
#4542=CARTESIAN_POINT('',(6.,-0.07,-1.18));
#4543=CARTESIAN_POINT('',(6.,4.07,-1.18));
#4544=CARTESIAN_POINT('',(6.,-0.07,-1.18));
#4545=CARTESIAN_POINT('',(6.,4.07,-1.));
#4546=CARTESIAN_POINT('',(6.,4.07,-1.18));
#4547=CARTESIAN_POINT('',(6.,-0.0700000000000003,-1.));
#4548=CARTESIAN_POINT('',(6.,-0.07,-1.));
#4549=CARTESIAN_POINT('',(6.,-0.07,-1.18));
#4550=CARTESIAN_POINT('Origin',(5.88,4.07,-1.18));
#4551=CARTESIAN_POINT('',(5.88,4.07,-1.18));
#4552=CARTESIAN_POINT('',(5.88,-0.0700000000000003,-1.18));
#4553=CARTESIAN_POINT('',(5.88,4.07,-1.18));
#4554=CARTESIAN_POINT('',(5.88,-0.0700000000000003,-1.));
#4555=CARTESIAN_POINT('',(5.88,-0.0700000000000001,-1.18));
#4556=CARTESIAN_POINT('',(5.88,4.07,-1.));
#4557=CARTESIAN_POINT('',(5.88,4.07,-1.));
#4558=CARTESIAN_POINT('',(5.88,4.07,-1.18));
#4559=CARTESIAN_POINT('Origin',(5.94,2.,-1.));
#4560=CARTESIAN_POINT('',(6.945,-0.07,-1.));
#4561=CARTESIAN_POINT('',(2.995,4.07,-1.));
#4562=CARTESIAN_POINT('Origin',(0.0499999999999998,4.07,-1.18));
#4563=CARTESIAN_POINT('',(7.95,4.07,-1.18));
#4564=CARTESIAN_POINT('',(7.95,4.07,-1.18));
#4565=CARTESIAN_POINT('',(7.95,4.07,0.));
#4566=CARTESIAN_POINT('',(7.95,4.07,-1.18));
#4567=CARTESIAN_POINT('',(0.05,4.07,0.));
#4568=CARTESIAN_POINT('',(2.025,4.07,0.));
#4569=CARTESIAN_POINT('',(0.05,4.07,-1.18));
#4570=CARTESIAN_POINT('',(0.05,4.07,-1.18));
#4571=CARTESIAN_POINT('',(0.6,4.07,-1.18));
#4572=CARTESIAN_POINT('',(7.95,4.07,-1.18));
#4573=CARTESIAN_POINT('',(0.6,4.07,-1.));
#4574=CARTESIAN_POINT('',(0.6,4.07,-1.18));
#4575=CARTESIAN_POINT('',(0.72,4.07,-1.));
#4576=CARTESIAN_POINT('',(0.355,4.07,-1.));
#4577=CARTESIAN_POINT('',(0.72,4.07,-1.18));
#4578=CARTESIAN_POINT('',(0.72,4.07,-1.18));
#4579=CARTESIAN_POINT('',(7.95,4.07,-1.18));
#4580=CARTESIAN_POINT('Origin',(0.72,-0.07,-1.18));
#4581=CARTESIAN_POINT('',(0.72,-0.07,-1.18));
#4582=CARTESIAN_POINT('',(0.72,-0.07,-1.18));
#4583=CARTESIAN_POINT('',(0.72,-0.0700000000000003,-1.));
#4584=CARTESIAN_POINT('',(0.72,-0.07,-1.));
#4585=CARTESIAN_POINT('',(0.72,-0.07,-1.18));
#4586=CARTESIAN_POINT('Origin',(0.6,4.07,-1.18));
#4587=CARTESIAN_POINT('',(0.6,-0.0700000000000003,-1.18));
#4588=CARTESIAN_POINT('',(0.6,4.07,-1.18));
#4589=CARTESIAN_POINT('',(0.6,-0.0700000000000003,-1.));
#4590=CARTESIAN_POINT('',(0.6,-0.0700000000000001,-1.18));
#4591=CARTESIAN_POINT('',(0.6,4.07,-1.));
#4592=CARTESIAN_POINT('Origin',(0.66,2.,-1.));
#4593=CARTESIAN_POINT('',(4.305,-0.07,-1.));
#4594=CARTESIAN_POINT('Origin',(8.5,3.6,-1.18));
#4595=CARTESIAN_POINT('',(8.5,3.94,-1.18));
#4596=CARTESIAN_POINT('',(8.5,3.94,2.5));
#4597=CARTESIAN_POINT('',(8.5,3.94,-1.18));
#4598=CARTESIAN_POINT('',(8.5,3.26,2.5));
#4599=CARTESIAN_POINT('Origin',(8.5,3.6,2.5));
#4600=CARTESIAN_POINT('',(8.5,3.26,-1.18));
#4601=CARTESIAN_POINT('',(8.5,3.26,-1.18));
#4602=CARTESIAN_POINT('Origin',(8.5,3.6,-1.18));
#4603=CARTESIAN_POINT('Origin',(4.,2.,-1.18));
#4604=CARTESIAN_POINT('',(8.25,3.26,-1.18));
#4605=CARTESIAN_POINT('',(8.06,3.26,-1.18));
#4606=CARTESIAN_POINT('',(8.25,0.74,-1.18));
#4607=CARTESIAN_POINT('',(8.25,0.05,-1.18));
#4608=CARTESIAN_POINT('',(8.5,0.74,-1.18));
#4609=CARTESIAN_POINT('',(8.5,0.74,-1.18));
#4610=CARTESIAN_POINT('',(8.5,0.06,-1.18));
#4611=CARTESIAN_POINT('Origin',(8.5,0.4,-1.18));
#4612=CARTESIAN_POINT('',(8.25,0.06,-1.18));
#4613=CARTESIAN_POINT('',(8.06,0.06,-1.18));
#4614=CARTESIAN_POINT('',(8.25,0.05,-1.18));
#4615=CARTESIAN_POINT('',(8.25,0.05,-1.18));
#4616=CARTESIAN_POINT('',(7.95,-0.25,-1.18));
#4617=CARTESIAN_POINT('Origin',(7.95,0.05,-1.18));
#4618=CARTESIAN_POINT('',(0.05,-0.25,-1.18));
#4619=CARTESIAN_POINT('',(0.05,-0.25,-1.18));
#4620=CARTESIAN_POINT('',(-0.25,0.05,-1.18));
#4621=CARTESIAN_POINT('Origin',(0.05,0.05,-1.18));
#4622=CARTESIAN_POINT('',(-0.25,0.0600000000000001,-1.18));
#4623=CARTESIAN_POINT('',(-0.25,3.95,-1.18));
#4624=CARTESIAN_POINT('',(-0.5,0.0600000000000001,-1.18));
#4625=CARTESIAN_POINT('',(-0.5,0.06,-1.18));
#4626=CARTESIAN_POINT('',(-0.5,0.74,-1.18));
#4627=CARTESIAN_POINT('Origin',(-0.5,0.4,-1.18));
#4628=CARTESIAN_POINT('',(-0.25,0.74,-1.18));
#4629=CARTESIAN_POINT('',(-0.06,0.74,-1.18));
#4630=CARTESIAN_POINT('',(-0.25,3.26,-1.18));
#4631=CARTESIAN_POINT('',(-0.25,3.95,-1.18));
#4632=CARTESIAN_POINT('',(-0.5,3.26,-1.18));
#4633=CARTESIAN_POINT('',(-0.5,3.26,-1.18));
#4634=CARTESIAN_POINT('',(-0.5,3.94,-1.18));
#4635=CARTESIAN_POINT('Origin',(-0.5,3.6,-1.18));
#4636=CARTESIAN_POINT('',(-0.25,3.94,-1.18));
#4637=CARTESIAN_POINT('',(-0.06,3.94,-1.18));
#4638=CARTESIAN_POINT('',(-0.25,3.95,-1.18));
#4639=CARTESIAN_POINT('',(-0.25,3.95,-1.18));
#4640=CARTESIAN_POINT('',(0.05,4.25,-1.18));
#4641=CARTESIAN_POINT('Origin',(0.05,3.95,-1.18));
#4642=CARTESIAN_POINT('',(7.95,4.25,-1.18));
#4643=CARTESIAN_POINT('',(7.95,4.25,-1.18));
#4644=CARTESIAN_POINT('',(8.25,3.95,-1.18));
#4645=CARTESIAN_POINT('Origin',(7.95,3.95,-1.18));
#4646=CARTESIAN_POINT('',(8.25,3.94,-1.18));
#4647=CARTESIAN_POINT('',(8.25,0.05,-1.18));
#4648=CARTESIAN_POINT('',(8.5,3.94,-1.18));
#4649=CARTESIAN_POINT('',(0.05,-0.07,-1.18));
#4650=CARTESIAN_POINT('',(-0.07,3.95,-1.18));
#4651=CARTESIAN_POINT('Origin',(0.05,3.95,-1.18));
#4652=CARTESIAN_POINT('',(-0.07,3.94,-1.18));
#4653=CARTESIAN_POINT('',(-0.07,3.95,-1.18));
#4654=CARTESIAN_POINT('',(-0.06,3.94,-1.18));
#4655=CARTESIAN_POINT('',(-0.06,3.94,-1.18));
#4656=CARTESIAN_POINT('',(-0.0599999999999999,3.26,-1.18));
#4657=CARTESIAN_POINT('',(-0.0599999999999999,3.26,-1.18));
#4658=CARTESIAN_POINT('',(-0.07,3.26,-1.18));
#4659=CARTESIAN_POINT('',(-0.5,3.26,-1.18));
#4660=CARTESIAN_POINT('',(-0.07,0.74,-1.18));
#4661=CARTESIAN_POINT('',(-0.07,3.95,-1.18));
#4662=CARTESIAN_POINT('',(-0.06,0.74,-1.18));
#4663=CARTESIAN_POINT('',(-0.06,0.74,-1.18));
#4664=CARTESIAN_POINT('',(-0.0599999999999999,0.06,-1.18));
#4665=CARTESIAN_POINT('',(-0.0599999999999999,0.06,-1.18));
#4666=CARTESIAN_POINT('',(-0.07,0.06,-1.18));
#4667=CARTESIAN_POINT('',(-0.5,0.06,-1.18));
#4668=CARTESIAN_POINT('',(-0.07,0.05,-1.18));
#4669=CARTESIAN_POINT('',(-0.07,3.95,-1.18));
#4670=CARTESIAN_POINT('',(0.05,-0.07,-1.18));
#4671=CARTESIAN_POINT('Origin',(0.05,0.05,-1.18));
#4672=CARTESIAN_POINT('',(0.05,-0.07,-1.18));
#4673=CARTESIAN_POINT('',(8.37,3.6,-1.18));
#4674=CARTESIAN_POINT('Origin',(8.5,3.6,-1.18));
#4675=CARTESIAN_POINT('',(-0.63,3.6,-1.18));
#4676=CARTESIAN_POINT('Origin',(-0.5,3.6,-1.18));
#4677=CARTESIAN_POINT('',(-0.63,0.4,-1.18));
#4678=CARTESIAN_POINT('Origin',(-0.5,0.4,-1.18));
#4679=CARTESIAN_POINT('',(8.37,0.4,-1.18));
#4680=CARTESIAN_POINT('Origin',(8.5,0.4,-1.18));
#4681=CARTESIAN_POINT('',(7.95,-0.07,-1.18));
#4682=CARTESIAN_POINT('',(0.05,-0.07,-1.18));
#4683=CARTESIAN_POINT('',(8.07,0.05,-1.18));
#4684=CARTESIAN_POINT('Origin',(7.95,0.05,-1.18));
#4685=CARTESIAN_POINT('',(8.07,0.06,-1.18));
#4686=CARTESIAN_POINT('',(8.07,0.05,-1.18));
#4687=CARTESIAN_POINT('',(8.06,0.0600000000000001,-1.18));
#4688=CARTESIAN_POINT('',(8.06,0.06,-1.18));
#4689=CARTESIAN_POINT('',(8.06,0.74,-1.18));
#4690=CARTESIAN_POINT('',(8.06,0.74,-1.18));
#4691=CARTESIAN_POINT('',(8.07,0.74,-1.18));
#4692=CARTESIAN_POINT('',(8.5,0.74,-1.18));
#4693=CARTESIAN_POINT('',(8.07,3.26,-1.18));
#4694=CARTESIAN_POINT('',(8.07,0.05,-1.18));
#4695=CARTESIAN_POINT('',(8.06,3.26,-1.18));
#4696=CARTESIAN_POINT('',(8.06,3.26,-1.18));
#4697=CARTESIAN_POINT('',(8.06,3.94,-1.18));
#4698=CARTESIAN_POINT('',(8.06,3.94,-1.18));
#4699=CARTESIAN_POINT('',(8.07,3.94,-1.18));
#4700=CARTESIAN_POINT('',(8.5,3.94,-1.18));
#4701=CARTESIAN_POINT('',(8.07,3.95,-1.18));
#4702=CARTESIAN_POINT('',(8.07,0.05,-1.18));
#4703=CARTESIAN_POINT('Origin',(7.95,3.95,-1.18));
#4704=CARTESIAN_POINT('Origin',(8.5,3.94,-1.18));
#4705=CARTESIAN_POINT('',(8.25,3.94,2.5));
#4706=CARTESIAN_POINT('',(8.25,3.94,-0.59));
#4707=CARTESIAN_POINT('',(8.5,3.94,2.5));
#4708=CARTESIAN_POINT('Origin',(8.5,3.94,-1.18));
#4709=CARTESIAN_POINT('',(8.06,3.94,0.24));
#4710=CARTESIAN_POINT('',(8.07,3.94,0.24));
#4711=CARTESIAN_POINT('',(6.25,3.94,0.24));
#4712=CARTESIAN_POINT('',(8.06,3.94,2.5));
#4713=CARTESIAN_POINT('',(8.06,3.94,-1.18));
#4714=CARTESIAN_POINT('',(8.07,3.94,2.5));
#4715=CARTESIAN_POINT('',(8.5,3.94,2.5));
#4716=CARTESIAN_POINT('',(8.07,3.94,-0.47));
#4717=CARTESIAN_POINT('Origin',(8.5,3.94,-1.18));
#4718=CARTESIAN_POINT('',(8.07,3.94,0.));
#4719=CARTESIAN_POINT('',(8.06,3.94,0.));
#4720=CARTESIAN_POINT('',(6.25,3.94,0.));
#4721=CARTESIAN_POINT('',(8.07,3.94,-1.18));
#4722=CARTESIAN_POINT('',(8.06,3.94,-1.18));
#4723=CARTESIAN_POINT('Origin',(8.06,3.94,-1.18));
#4724=CARTESIAN_POINT('',(8.06,3.26,0.24));
#4725=CARTESIAN_POINT('',(8.06,2.97,0.24));
#4726=CARTESIAN_POINT('',(8.06,3.26,2.5));
#4727=CARTESIAN_POINT('',(8.06,3.26,-1.18));
#4728=CARTESIAN_POINT('',(8.06,3.94,2.5));
#4729=CARTESIAN_POINT('Origin',(8.06,3.26,-1.18));
#4730=CARTESIAN_POINT('',(8.07,3.26,0.24));
#4731=CARTESIAN_POINT('',(6.03,3.26,0.24));
#4732=CARTESIAN_POINT('',(8.07,3.26,2.5));
#4733=CARTESIAN_POINT('',(8.07,3.26,-0.47));
#4734=CARTESIAN_POINT('',(8.06,3.26,2.5));
#4735=CARTESIAN_POINT('Origin',(8.06,3.26,-1.18));
#4736=CARTESIAN_POINT('',(8.25,3.26,2.5));
#4737=CARTESIAN_POINT('',(8.25,3.26,-0.59));
#4738=CARTESIAN_POINT('',(8.06,3.26,2.5));
#4739=CARTESIAN_POINT('Origin',(8.5,3.6,-1.19));
#4740=CARTESIAN_POINT('',(8.37,3.6,-0.33));
#4741=CARTESIAN_POINT('',(8.37,3.6,-1.19));
#4742=CARTESIAN_POINT('Origin',(8.5,3.6,-0.33));
#4743=CARTESIAN_POINT('Origin',(8.5,3.6,-0.33));
#4744=CARTESIAN_POINT('Origin',(8.5,3.6,1.65));
#4745=CARTESIAN_POINT('',(8.37,3.6,1.65));
#4746=CARTESIAN_POINT('Origin',(8.5,3.6,1.65));
#4747=CARTESIAN_POINT('Origin',(8.5,3.6,1.65));
#4748=CARTESIAN_POINT('',(8.37,3.6,2.5));
#4749=CARTESIAN_POINT('',(8.37,3.6,1.65));
#4750=CARTESIAN_POINT('Origin',(8.5,3.6,2.5));
#4751=CARTESIAN_POINT('Origin',(8.06,3.26,-1.18));
#4752=CARTESIAN_POINT('',(8.06,3.26,0.));
#4753=CARTESIAN_POINT('',(8.07,3.26,0.));
#4754=CARTESIAN_POINT('',(6.03,3.26,0.));
#4755=CARTESIAN_POINT('',(8.06,3.26,-1.18));
#4756=CARTESIAN_POINT('',(8.07,3.26,-1.18));
#4757=CARTESIAN_POINT('Origin',(8.06,3.94,-1.18));
#4758=CARTESIAN_POINT('',(8.06,2.97,0.));
#4759=CARTESIAN_POINT('Origin',(4.,2.,0.));
#4760=CARTESIAN_POINT('',(8.07,0.74,0.));
#4761=CARTESIAN_POINT('',(8.07,2.975,0.));
#4762=CARTESIAN_POINT('',(8.06,0.74,0.));
#4763=CARTESIAN_POINT('',(6.25,0.74,0.));
#4764=CARTESIAN_POINT('',(8.06,0.0600000000000001,0.));
#4765=CARTESIAN_POINT('',(8.06,1.37,0.));
#4766=CARTESIAN_POINT('',(8.07,0.0600000000000001,0.));
#4767=CARTESIAN_POINT('',(6.03,0.0600000000000001,0.));
#4768=CARTESIAN_POINT('',(8.07,0.05,0.));
#4769=CARTESIAN_POINT('',(8.07,2.975,0.));
#4770=CARTESIAN_POINT('',(7.95,-0.07,0.));
#4771=CARTESIAN_POINT('Origin',(7.95,0.05,0.));
#4772=CARTESIAN_POINT('',(0.05,-0.07,0.));
#4773=CARTESIAN_POINT('',(5.975,-0.07,0.));
#4774=CARTESIAN_POINT('',(-0.07,0.05,0.));
#4775=CARTESIAN_POINT('Origin',(0.05,0.05,0.));
#4776=CARTESIAN_POINT('',(-0.0700000000000001,0.0600000000000001,0.));
#4777=CARTESIAN_POINT('',(-0.0700000000000001,1.025,0.));
#4778=CARTESIAN_POINT('',(-0.0599999999999999,0.06,0.));
#4779=CARTESIAN_POINT('',(1.75,0.0600000000000001,0.));
#4780=CARTESIAN_POINT('',(-0.06,0.74,0.));
#4781=CARTESIAN_POINT('',(-0.0599999999999998,1.03,0.));
#4782=CARTESIAN_POINT('',(-0.0700000000000001,0.74,0.));
#4783=CARTESIAN_POINT('',(1.97,0.74,0.));
#4784=CARTESIAN_POINT('',(-0.0700000000000001,3.26,0.));
#4785=CARTESIAN_POINT('',(-0.0700000000000001,1.025,0.));
#4786=CARTESIAN_POINT('',(-0.0599999999999999,3.26,0.));
#4787=CARTESIAN_POINT('',(1.75,3.26,0.));
#4788=CARTESIAN_POINT('',(-0.06,3.94,0.));
#4789=CARTESIAN_POINT('',(-0.0599999999999998,2.63,0.));
#4790=CARTESIAN_POINT('',(-0.0700000000000001,3.94,0.));
#4791=CARTESIAN_POINT('',(1.97,3.94,0.));
#4792=CARTESIAN_POINT('',(-0.07,3.95,0.));
#4793=CARTESIAN_POINT('',(-0.0700000000000001,1.025,0.));
#4794=CARTESIAN_POINT('Origin',(0.05,3.95,0.));
#4795=CARTESIAN_POINT('',(8.07,3.95,0.));
#4796=CARTESIAN_POINT('Origin',(7.95,3.95,0.));
#4797=CARTESIAN_POINT('',(8.07,2.975,0.));
#4798=CARTESIAN_POINT('',(5.82,2.45,0.));
#4799=CARTESIAN_POINT('',(5.82,1.55,0.));
#4800=CARTESIAN_POINT('',(5.82,2.225,0.));
#4801=CARTESIAN_POINT('',(5.87,1.5,0.));
#4802=CARTESIAN_POINT('Origin',(5.87,1.55,0.));
#4803=CARTESIAN_POINT('',(6.37,1.5,0.));
#4804=CARTESIAN_POINT('',(4.935,1.5,0.));
#4805=CARTESIAN_POINT('',(6.42,1.55,0.));
#4806=CARTESIAN_POINT('Origin',(6.37,1.55,0.));
#4807=CARTESIAN_POINT('',(6.42,2.45,0.));
#4808=CARTESIAN_POINT('',(6.42,1.775,0.));
#4809=CARTESIAN_POINT('',(6.37,2.5,0.));
#4810=CARTESIAN_POINT('Origin',(6.37,2.45,0.));
#4811=CARTESIAN_POINT('',(5.87,2.5,0.));
#4812=CARTESIAN_POINT('',(5.185,2.5,0.));
#4813=CARTESIAN_POINT('Origin',(5.87,2.45,0.));
#4814=CARTESIAN_POINT('',(1.17,2.83,0.));
#4815=CARTESIAN_POINT('Origin',(1.37,2.83,0.));
#4816=CARTESIAN_POINT('',(1.17,0.99,0.));
#4817=CARTESIAN_POINT('Origin',(1.37,0.99,0.));
#4818=CARTESIAN_POINT('',(2.58,2.84,0.));
#4819=CARTESIAN_POINT('',(2.58,0.98,0.));
#4820=CARTESIAN_POINT('',(2.58,2.42,0.));
#4821=CARTESIAN_POINT('',(2.7,0.86,0.));
#4822=CARTESIAN_POINT('Origin',(2.7,0.98,0.));
#4823=CARTESIAN_POINT('',(5.56,0.86,0.));
#4824=CARTESIAN_POINT('',(3.35,0.86,0.));
#4825=CARTESIAN_POINT('',(5.68,0.98,0.));
#4826=CARTESIAN_POINT('Origin',(5.56,0.98,0.));
#4827=CARTESIAN_POINT('',(5.68,2.84,0.));
#4828=CARTESIAN_POINT('',(5.68,1.49,0.));
#4829=CARTESIAN_POINT('',(5.56,2.96,0.));
#4830=CARTESIAN_POINT('Origin',(5.56,2.84,0.));
#4831=CARTESIAN_POINT('',(2.7,2.96,0.));
#4832=CARTESIAN_POINT('',(4.78,2.96,0.));
#4833=CARTESIAN_POINT('Origin',(2.7,2.84,0.));
#4834=CARTESIAN_POINT('',(7.29,3.6,0.));
#4835=CARTESIAN_POINT('Origin',(7.6,3.6,0.));
#4836=CARTESIAN_POINT('',(7.29,0.4,0.));
#4837=CARTESIAN_POINT('Origin',(7.6,0.4,0.));
#4838=CARTESIAN_POINT('',(0.09,3.6,0.));
#4839=CARTESIAN_POINT('Origin',(0.4,3.6,0.));
#4840=CARTESIAN_POINT('',(0.09,0.4,0.));
#4841=CARTESIAN_POINT('Origin',(0.4,0.4,0.));
#4842=CARTESIAN_POINT('Origin',(8.07,3.95,-1.18));
#4843=CARTESIAN_POINT('',(8.07,0.74,-1.18));
#4844=CARTESIAN_POINT('Origin',(8.25,0.05,0.));
#4845=CARTESIAN_POINT('',(8.25,0.74,2.5));
#4846=CARTESIAN_POINT('',(8.25,0.05,2.5));
#4847=CARTESIAN_POINT('',(8.25,0.74,-0.59));
#4848=CARTESIAN_POINT('Origin',(8.07,3.95,0.24));
#4849=CARTESIAN_POINT('',(8.07,0.74,0.24));
#4850=CARTESIAN_POINT('',(8.07,2.975,0.24));
#4851=CARTESIAN_POINT('',(8.07,0.74,2.5));
#4852=CARTESIAN_POINT('',(8.07,0.74,-0.47));
#4853=CARTESIAN_POINT('',(8.07,0.05,2.5));
#4854=CARTESIAN_POINT('Origin',(8.07,3.95,0.24));
#4855=CARTESIAN_POINT('',(8.07,3.95,2.5));
#4856=CARTESIAN_POINT('',(8.07,0.05,2.5));
#4857=CARTESIAN_POINT('',(8.07,3.95,0.24));
#4858=CARTESIAN_POINT('',(8.07,3.95,0.24));
#4859=CARTESIAN_POINT('',(8.07,2.975,0.24));
#4860=CARTESIAN_POINT('Origin',(8.5,0.4,-1.18));
#4861=CARTESIAN_POINT('',(8.5,0.74,2.5));
#4862=CARTESIAN_POINT('',(8.5,0.74,-1.18));
#4863=CARTESIAN_POINT('',(8.5,0.0600000000000001,2.5));
#4864=CARTESIAN_POINT('Origin',(8.5,0.4,2.5));
#4865=CARTESIAN_POINT('',(8.5,0.06,-1.18));
#4866=CARTESIAN_POINT('Origin',(8.5,0.74,-1.18));
#4867=CARTESIAN_POINT('',(8.5,0.74,2.5));
#4868=CARTESIAN_POINT('Origin',(8.5,0.74,-1.18));
#4869=CARTESIAN_POINT('',(8.06,0.74,0.24));
#4870=CARTESIAN_POINT('',(6.25,0.74,0.24));
#4871=CARTESIAN_POINT('',(8.06,0.74,2.5));
#4872=CARTESIAN_POINT('',(8.06,0.74,-1.18));
#4873=CARTESIAN_POINT('',(8.5,0.74,2.5));
#4874=CARTESIAN_POINT('Origin',(8.5,0.74,-1.18));
#4875=CARTESIAN_POINT('',(8.06,0.74,-1.18));
#4876=CARTESIAN_POINT('Origin',(8.06,0.74,-1.18));
#4877=CARTESIAN_POINT('',(8.06,0.0600000000000001,0.24));
#4878=CARTESIAN_POINT('',(8.06,1.37,0.24));
#4879=CARTESIAN_POINT('',(8.06,0.0600000000000001,2.5));
#4880=CARTESIAN_POINT('',(8.06,0.0600000000000001,-1.18));
#4881=CARTESIAN_POINT('',(8.06,0.74,2.5));
#4882=CARTESIAN_POINT('Origin',(8.06,0.06,-1.18));
#4883=CARTESIAN_POINT('',(8.07,0.06,2.5));
#4884=CARTESIAN_POINT('',(8.07,0.0600000000000001,0.24));
#4885=CARTESIAN_POINT('',(8.07,0.0599999999999998,-0.47));
#4886=CARTESIAN_POINT('',(8.06,0.06,2.5));
#4887=CARTESIAN_POINT('',(6.03,0.0600000000000001,0.24));
#4888=CARTESIAN_POINT('Origin',(8.06,0.06,-1.18));
#4889=CARTESIAN_POINT('',(8.25,0.06,2.5));
#4890=CARTESIAN_POINT('',(8.25,0.06,-0.59));
#4891=CARTESIAN_POINT('',(8.06,0.06,2.5));
#4892=CARTESIAN_POINT('Origin',(8.5,0.4,-1.19));
#4893=CARTESIAN_POINT('',(8.37,0.4,-0.33));
#4894=CARTESIAN_POINT('',(8.37,0.4,-1.19));
#4895=CARTESIAN_POINT('Origin',(8.5,0.4,-0.33));
#4896=CARTESIAN_POINT('Origin',(8.5,0.4,-0.33));
#4897=CARTESIAN_POINT('Origin',(8.5,0.4,1.65));
#4898=CARTESIAN_POINT('',(8.37,0.4,1.65));
#4899=CARTESIAN_POINT('Origin',(8.5,0.4,1.65));
#4900=CARTESIAN_POINT('Origin',(8.5,0.4,1.65));
#4901=CARTESIAN_POINT('',(8.37,0.4,2.5));
#4902=CARTESIAN_POINT('',(8.37,0.4,1.65));
#4903=CARTESIAN_POINT('Origin',(8.5,0.4,2.5));
#4904=CARTESIAN_POINT('Origin',(8.06,0.06,-1.18));
#4905=CARTESIAN_POINT('',(8.06,0.0600000000000001,-1.18));
#4906=CARTESIAN_POINT('',(8.07,0.0599999999999998,-1.18));
#4907=CARTESIAN_POINT('Origin',(8.06,0.74,-1.18));
#4908=CARTESIAN_POINT('Origin',(8.07,3.95,-1.18));
#4909=CARTESIAN_POINT('',(8.07,0.05,-1.18));
#4910=CARTESIAN_POINT('Origin',(8.25,0.05,0.));
#4911=CARTESIAN_POINT('',(8.25,0.05,2.5));
#4912=CARTESIAN_POINT('',(8.25,0.05,2.5));
#4913=CARTESIAN_POINT('',(8.25,0.05,0.));
#4914=CARTESIAN_POINT('Origin',(8.07,3.95,0.24));
#4915=CARTESIAN_POINT('',(8.07,0.05,0.24));
#4916=CARTESIAN_POINT('',(8.07,2.975,0.24));
#4917=CARTESIAN_POINT('',(8.07,0.05,2.5));
#4918=CARTESIAN_POINT('',(8.07,0.05,0.24));
#4919=CARTESIAN_POINT('',(8.07,0.05,2.5));
#4920=CARTESIAN_POINT('Origin',(-0.5,3.6,-1.18));
#4921=CARTESIAN_POINT('',(-0.5,3.94,2.5));
#4922=CARTESIAN_POINT('',(-0.5,3.94,-1.18));
#4923=CARTESIAN_POINT('',(-0.5,3.26,2.5));
#4924=CARTESIAN_POINT('',(-0.5,3.26,-1.18));
#4925=CARTESIAN_POINT('Origin',(-0.5,3.6,2.5));
#4926=CARTESIAN_POINT('Origin',(4.,2.,2.5));
#4927=CARTESIAN_POINT('',(8.25,3.95,2.5));
#4928=CARTESIAN_POINT('',(8.25,0.05,2.5));
#4929=CARTESIAN_POINT('',(7.95,4.25,2.5));
#4930=CARTESIAN_POINT('Origin',(7.95,3.95,2.5));
#4931=CARTESIAN_POINT('',(0.05,4.25,2.5));
#4932=CARTESIAN_POINT('',(7.95,4.25,2.5));
#4933=CARTESIAN_POINT('',(-0.25,3.95,2.5));
#4934=CARTESIAN_POINT('Origin',(0.05,3.95,2.5));
#4935=CARTESIAN_POINT('',(-0.25,3.94,2.5));
#4936=CARTESIAN_POINT('',(-0.25,3.95,2.5));
#4937=CARTESIAN_POINT('',(-0.06,3.94,2.5));
#4938=CARTESIAN_POINT('',(-0.25,3.26,2.5));
#4939=CARTESIAN_POINT('',(-0.5,3.26,2.5));
#4940=CARTESIAN_POINT('',(-0.25,0.74,2.5));
#4941=CARTESIAN_POINT('',(-0.25,3.95,2.5));
#4942=CARTESIAN_POINT('',(-0.5,0.74,2.5));
#4943=CARTESIAN_POINT('',(-0.06,0.74,2.5));
#4944=CARTESIAN_POINT('',(-0.5,0.0600000000000001,2.5));
#4945=CARTESIAN_POINT('Origin',(-0.5,0.4,2.5));
#4946=CARTESIAN_POINT('',(-0.25,0.06,2.5));
#4947=CARTESIAN_POINT('',(-0.5,0.06,2.5));
#4948=CARTESIAN_POINT('',(-0.25,0.05,2.5));
#4949=CARTESIAN_POINT('',(-0.25,3.95,2.5));
#4950=CARTESIAN_POINT('',(0.05,-0.25,2.5));
#4951=CARTESIAN_POINT('Origin',(0.05,0.05,2.5));
#4952=CARTESIAN_POINT('',(7.95,-0.25,2.5));
#4953=CARTESIAN_POINT('',(0.05,-0.25,2.5));
#4954=CARTESIAN_POINT('Origin',(7.95,0.05,2.5));
#4955=CARTESIAN_POINT('',(7.95,-0.07,2.5));
#4956=CARTESIAN_POINT('Origin',(7.95,0.05,2.5));
#4957=CARTESIAN_POINT('',(0.05,-0.07,2.5));
#4958=CARTESIAN_POINT('',(0.05,-0.07,2.5));
#4959=CARTESIAN_POINT('',(-0.07,0.05,2.5));
#4960=CARTESIAN_POINT('Origin',(0.05,0.05,2.5));
#4961=CARTESIAN_POINT('',(-0.07,0.06,2.5));
#4962=CARTESIAN_POINT('',(-0.07,3.95,2.5));
#4963=CARTESIAN_POINT('',(-0.0599999999999999,0.0600000000000001,2.5));
#4964=CARTESIAN_POINT('',(-0.5,0.06,2.5));
#4965=CARTESIAN_POINT('',(-0.0599999999999999,0.74,2.5));
#4966=CARTESIAN_POINT('',(-0.0599999999999999,0.06,2.5));
#4967=CARTESIAN_POINT('',(-0.07,0.74,2.5));
#4968=CARTESIAN_POINT('',(-0.06,0.74,2.5));
#4969=CARTESIAN_POINT('',(-0.07,1.5,2.5));
#4970=CARTESIAN_POINT('',(-0.07,3.95,2.5));
#4971=CARTESIAN_POINT('',(-0.145,1.5,2.5));
#4972=CARTESIAN_POINT('',(1.9275,1.5,2.5));
#4973=CARTESIAN_POINT('',(-0.175,1.53,2.5));
#4974=CARTESIAN_POINT('Origin',(-0.145,1.53,2.5));
#4975=CARTESIAN_POINT('',(-0.175,2.47,2.5));
#4976=CARTESIAN_POINT('',(-0.175,2.235,2.5));
#4977=CARTESIAN_POINT('',(-0.145,2.5,2.5));
#4978=CARTESIAN_POINT('Origin',(-0.145,2.47,2.5));
#4979=CARTESIAN_POINT('',(-0.07,2.5,2.5));
#4980=CARTESIAN_POINT('',(2.0025,2.5,2.5));
#4981=CARTESIAN_POINT('',(-0.07,3.26,2.5));
#4982=CARTESIAN_POINT('',(-0.07,3.95,2.5));
#4983=CARTESIAN_POINT('',(-0.0599999999999999,3.26,2.5));
#4984=CARTESIAN_POINT('',(-0.5,3.26,2.5));
#4985=CARTESIAN_POINT('',(-0.0599999999999999,3.94,2.5));
#4986=CARTESIAN_POINT('',(-0.0599999999999999,3.26,2.5));
#4987=CARTESIAN_POINT('',(-0.07,3.94,2.5));
#4988=CARTESIAN_POINT('',(-0.06,3.94,2.5));
#4989=CARTESIAN_POINT('',(-0.07,3.95,2.5));
#4990=CARTESIAN_POINT('',(-0.07,3.95,2.5));
#4991=CARTESIAN_POINT('',(0.05,4.07,2.5));
#4992=CARTESIAN_POINT('Origin',(0.05,3.95,2.5));
#4993=CARTESIAN_POINT('',(7.95,4.07,2.5));
#4994=CARTESIAN_POINT('',(7.95,4.07,2.5));
#4995=CARTESIAN_POINT('Origin',(7.95,3.95,2.5));
#4996=CARTESIAN_POINT('',(-0.63,3.6,2.5));
#4997=CARTESIAN_POINT('Origin',(-0.5,3.6,2.5));
#4998=CARTESIAN_POINT('',(-0.63,0.4,2.5));
#4999=CARTESIAN_POINT('Origin',(-0.5,0.4,2.5));
#5000=CARTESIAN_POINT('Origin',(-0.06,3.94,-1.18));
#5001=CARTESIAN_POINT('',(-0.25,3.94,-0.59));
#5002=CARTESIAN_POINT('Origin',(-0.06,3.94,-1.18));
#5003=CARTESIAN_POINT('',(-0.06,3.94,-1.18));
#5004=CARTESIAN_POINT('',(-0.07,3.94,-1.18));
#5005=CARTESIAN_POINT('Origin',(-0.06,3.94,-1.18));
#5006=CARTESIAN_POINT('',(-0.0700000000000001,3.94,0.24));
#5007=CARTESIAN_POINT('',(-0.06,3.94,0.24));
#5008=CARTESIAN_POINT('',(1.97,3.94,0.24));
#5009=CARTESIAN_POINT('',(-0.07,3.94,-0.47));
#5010=CARTESIAN_POINT('',(-0.06,3.94,-1.18));
#5011=CARTESIAN_POINT('Origin',(-0.0599999999999999,3.26,-1.18));
#5012=CARTESIAN_POINT('',(-0.0599999999999999,3.26,-1.18));
#5013=CARTESIAN_POINT('Origin',(-0.5,3.26,-1.18));
#5014=CARTESIAN_POINT('',(-0.07,3.26,-1.18));
#5015=CARTESIAN_POINT('Origin',(-0.5,3.26,-1.18));
#5016=CARTESIAN_POINT('',(-0.25,3.26,-0.59));
#5017=CARTESIAN_POINT('Origin',(-0.5,3.6,-0.33));
#5018=CARTESIAN_POINT('',(-0.63,3.6,-0.33));
#5019=CARTESIAN_POINT('Origin',(-0.5,3.6,-0.33));
#5020=CARTESIAN_POINT('Origin',(-0.5,3.6,-1.19));
#5021=CARTESIAN_POINT('',(-0.63,3.6,-1.19));
#5022=CARTESIAN_POINT('Origin',(-0.5,3.6,1.65));
#5023=CARTESIAN_POINT('',(-0.63,3.6,1.65));
#5024=CARTESIAN_POINT('Origin',(-0.5,3.6,1.65));
#5025=CARTESIAN_POINT('',(-0.63,3.6,1.65));
#5026=CARTESIAN_POINT('Origin',(-0.5,3.6,1.65));
#5027=CARTESIAN_POINT('Origin',(-0.0599999999999999,3.26,-1.18));
#5028=CARTESIAN_POINT('',(-0.0599999999999999,3.26,0.24));
#5029=CARTESIAN_POINT('',(-0.0599999999999998,2.63,0.24));
#5030=CARTESIAN_POINT('',(-0.0599999999999999,3.26,-1.18));
#5031=CARTESIAN_POINT('Origin',(-0.5,3.26,-1.18));
#5032=CARTESIAN_POINT('',(-0.0700000000000001,3.26,0.24));
#5033=CARTESIAN_POINT('',(1.75,3.26,0.24));
#5034=CARTESIAN_POINT('',(-0.07,3.26,-0.47));
#5035=CARTESIAN_POINT('Origin',(4.,2.,0.24));
#5036=CARTESIAN_POINT('',(7.95,4.07,0.24));
#5037=CARTESIAN_POINT('Origin',(7.95,3.95,0.24));
#5038=CARTESIAN_POINT('',(0.05,4.07,0.24));
#5039=CARTESIAN_POINT('',(2.025,4.07,0.24));
#5040=CARTESIAN_POINT('',(-0.07,3.95,0.24));
#5041=CARTESIAN_POINT('Origin',(0.05,3.95,0.24));
#5042=CARTESIAN_POINT('',(-0.0700000000000001,1.025,0.24));
#5043=CARTESIAN_POINT('',(-0.0700000000000001,0.74,0.24));
#5044=CARTESIAN_POINT('',(-0.0700000000000001,1.025,0.24));
#5045=CARTESIAN_POINT('',(-0.06,0.74,0.24));
#5046=CARTESIAN_POINT('',(1.97,0.74,0.24));
#5047=CARTESIAN_POINT('',(-0.0599999999999999,0.06,0.24));
#5048=CARTESIAN_POINT('',(-0.0599999999999998,1.03,0.24));
#5049=CARTESIAN_POINT('',(-0.0700000000000001,0.0600000000000001,0.24));
#5050=CARTESIAN_POINT('',(1.75,0.0600000000000001,0.24));
#5051=CARTESIAN_POINT('',(-0.07,0.05,0.24));
#5052=CARTESIAN_POINT('',(-0.0700000000000001,1.025,0.24));
#5053=CARTESIAN_POINT('',(0.05,-0.07,0.24));
#5054=CARTESIAN_POINT('Origin',(0.05,0.05,0.24));
#5055=CARTESIAN_POINT('',(7.95,-0.07,0.24));
#5056=CARTESIAN_POINT('',(5.975,-0.07,0.24));
#5057=CARTESIAN_POINT('Origin',(7.95,0.05,0.24));
#5058=CARTESIAN_POINT('',(0.0800000000000001,0.4,0.24));
#5059=CARTESIAN_POINT('Origin',(0.4,0.4,0.24));
#5060=CARTESIAN_POINT('',(0.0800000000000001,3.6,0.24));
#5061=CARTESIAN_POINT('Origin',(0.4,3.6,0.24));
#5062=CARTESIAN_POINT('',(7.28,0.4,0.24));
#5063=CARTESIAN_POINT('Origin',(7.6,0.4,0.24));
#5064=CARTESIAN_POINT('',(7.28,3.6,0.24));
#5065=CARTESIAN_POINT('Origin',(7.6,3.6,0.24));
#5066=CARTESIAN_POINT('',(2.58,0.98,0.24));
#5067=CARTESIAN_POINT('',(2.58,2.84,0.24));
#5068=CARTESIAN_POINT('',(2.58,2.42,0.24));
#5069=CARTESIAN_POINT('',(2.7,2.96,0.24));
#5070=CARTESIAN_POINT('Origin',(2.7,2.84,0.24));
#5071=CARTESIAN_POINT('',(5.56,2.96,0.24));
#5072=CARTESIAN_POINT('',(4.78,2.96,0.24));
#5073=CARTESIAN_POINT('',(5.68,2.84,0.24));
#5074=CARTESIAN_POINT('Origin',(5.56,2.84,0.24));
#5075=CARTESIAN_POINT('',(5.68,0.98,0.24));
#5076=CARTESIAN_POINT('',(5.68,1.49,0.24));
#5077=CARTESIAN_POINT('',(5.56,0.86,0.24));
#5078=CARTESIAN_POINT('Origin',(5.56,0.98,0.24));
#5079=CARTESIAN_POINT('',(2.7,0.86,0.24));
#5080=CARTESIAN_POINT('',(3.35,0.86,0.24));
#5081=CARTESIAN_POINT('Origin',(2.7,0.98,0.24));
#5082=CARTESIAN_POINT('',(1.17,0.99,0.24));
#5083=CARTESIAN_POINT('Origin',(1.37,0.99,0.24));
#5084=CARTESIAN_POINT('',(1.17,2.83,0.24));
#5085=CARTESIAN_POINT('Origin',(1.37,2.83,0.24));
#5086=CARTESIAN_POINT('',(5.82,1.55,0.24));
#5087=CARTESIAN_POINT('',(5.82,2.45,0.24));
#5088=CARTESIAN_POINT('',(5.82,2.225,0.24));
#5089=CARTESIAN_POINT('',(5.87,2.5,0.24));
#5090=CARTESIAN_POINT('Origin',(5.87,2.45,0.24));
#5091=CARTESIAN_POINT('',(6.37,2.5,0.24));
#5092=CARTESIAN_POINT('',(5.185,2.5,0.24));
#5093=CARTESIAN_POINT('',(6.42,2.45,0.24));
#5094=CARTESIAN_POINT('Origin',(6.37,2.45,0.24));
#5095=CARTESIAN_POINT('',(6.42,1.55,0.24));
#5096=CARTESIAN_POINT('',(6.42,1.775,0.24));
#5097=CARTESIAN_POINT('',(6.37,1.5,0.24));
#5098=CARTESIAN_POINT('Origin',(6.37,1.55,0.24));
#5099=CARTESIAN_POINT('',(5.87,1.5,0.24));
#5100=CARTESIAN_POINT('',(4.935,1.5,0.24));
#5101=CARTESIAN_POINT('Origin',(5.87,1.55,0.24));
#5102=CARTESIAN_POINT('Origin',(-0.07,0.0499999999999998,0.24));
#5103=CARTESIAN_POINT('',(-0.07,2.5,1.83));
#5104=CARTESIAN_POINT('',(-0.07,2.5,1.035));
#5105=CARTESIAN_POINT('',(-0.07,1.5,1.83));
#5106=CARTESIAN_POINT('',(-0.07,1.025,1.83));
#5107=CARTESIAN_POINT('',(-0.07,1.5,1.035));
#5108=CARTESIAN_POINT('',(-0.07,0.74,-0.47));
#5109=CARTESIAN_POINT('',(-0.07,1.16,0.5));
#5110=CARTESIAN_POINT('',(-0.07,1.16,1.45));
#5111=CARTESIAN_POINT('',(-0.07,1.16,0.37));
#5112=CARTESIAN_POINT('',(-0.0700000000000001,2.66,1.45));
#5113=CARTESIAN_POINT('',(-0.07,0.98,1.45));
#5114=CARTESIAN_POINT('',(-0.0700000000000001,2.66,0.5));
#5115=CARTESIAN_POINT('',(-0.07,2.66,0.37));
#5116=CARTESIAN_POINT('',(-0.07,0.98,0.5));
#5117=CARTESIAN_POINT('Origin',(-0.25,3.95,0.));
#5118=CARTESIAN_POINT('',(-0.25,0.74,-0.59));
#5119=CARTESIAN_POINT('',(-0.25,1.17339745962156,1.45));
#5120=CARTESIAN_POINT('',(-0.25,1.17339745962156,0.5));
#5121=CARTESIAN_POINT('',(-0.25,1.17339745962156,0.5));
#5122=CARTESIAN_POINT('',(-0.25,2.64660254037844,0.5));
#5123=CARTESIAN_POINT('',(-0.25,2.93,0.5));
#5124=CARTESIAN_POINT('',(-0.25,2.64660254037844,1.45));
#5125=CARTESIAN_POINT('',(-0.25,2.64660254037844,0.5));
#5126=CARTESIAN_POINT('',(-0.25,2.93,1.45));
#5127=CARTESIAN_POINT('Origin',(-0.07,0.0499999999999998,-1.18));
#5128=CARTESIAN_POINT('',(-0.07,0.74,-1.18));
#5129=CARTESIAN_POINT('Origin',(-0.07,0.0499999999999998,-1.18));
#5130=CARTESIAN_POINT('',(-0.07,3.95,-1.18));
#5131=CARTESIAN_POINT('Origin',(-0.5,0.4,-1.18));
#5132=CARTESIAN_POINT('',(-0.5,0.74,-1.18));
#5133=CARTESIAN_POINT('',(-0.5,0.0600000000000001,-1.18));
#5134=CARTESIAN_POINT('Origin',(-0.06,0.74,-1.18));
#5135=CARTESIAN_POINT('Origin',(-0.06,0.74,-1.18));
#5136=CARTESIAN_POINT('',(-0.06,0.74,-1.18));
#5137=CARTESIAN_POINT('Origin',(-0.06,0.74,-1.18));
#5138=CARTESIAN_POINT('',(-0.06,0.74,-1.18));
#5139=CARTESIAN_POINT('Origin',(-0.0599999999999999,0.06,-1.18));
#5140=CARTESIAN_POINT('',(-0.0599999999999999,0.06,-1.18));
#5141=CARTESIAN_POINT('Origin',(-0.5,0.06,-1.18));
#5142=CARTESIAN_POINT('',(-0.07,0.06,-1.18));
#5143=CARTESIAN_POINT('Origin',(-0.5,0.06,-1.18));
#5144=CARTESIAN_POINT('',(-0.25,0.0599999999999998,-0.59));
#5145=CARTESIAN_POINT('Origin',(-0.5,0.4,-0.33));
#5146=CARTESIAN_POINT('',(-0.63,0.4,-0.33));
#5147=CARTESIAN_POINT('Origin',(-0.5,0.4,-0.33));
#5148=CARTESIAN_POINT('Origin',(-0.5,0.4,-1.19));
#5149=CARTESIAN_POINT('',(-0.63,0.4,-1.19));
#5150=CARTESIAN_POINT('Origin',(-0.5,0.4,1.65));
#5151=CARTESIAN_POINT('',(-0.63,0.4,1.65));
#5152=CARTESIAN_POINT('Origin',(-0.5,0.4,1.65));
#5153=CARTESIAN_POINT('',(-0.63,0.4,1.65));
#5154=CARTESIAN_POINT('Origin',(-0.5,0.4,1.65));
#5155=CARTESIAN_POINT('Origin',(-0.0599999999999999,0.06,-1.18));
#5156=CARTESIAN_POINT('',(-0.0599999999999999,0.06,-1.18));
#5157=CARTESIAN_POINT('Origin',(-0.5,0.06,-1.18));
#5158=CARTESIAN_POINT('',(-0.07,0.06,-0.47));
#5159=CARTESIAN_POINT('Origin',(-0.07,0.0499999999999998,0.24));
#5160=CARTESIAN_POINT('',(-0.07,0.05,0.24));
#5161=CARTESIAN_POINT('Origin',(-0.25,3.95,0.));
#5162=CARTESIAN_POINT('',(-0.25,0.05,-1.18));
#5163=CARTESIAN_POINT('Origin',(-0.07,0.0499999999999998,-1.18));
#5164=CARTESIAN_POINT('',(-0.07,0.05,-1.18));
#5165=CARTESIAN_POINT('Origin',(7.95,-0.07,-1.18));
#5166=CARTESIAN_POINT('',(0.05,-0.07,-1.18));
#5167=CARTESIAN_POINT('',(7.95,-0.07,-1.18));
#5168=CARTESIAN_POINT('Origin',(7.95,0.05,-1.18));
#5169=CARTESIAN_POINT('Origin',(8.07,3.95,-1.18));
#5170=CARTESIAN_POINT('',(8.07,3.95,-1.18));
#5171=CARTESIAN_POINT('Origin',(7.95,3.95,-1.18));
#5172=CARTESIAN_POINT('Origin',(0.05,3.95,-1.18));
#5173=CARTESIAN_POINT('Origin',(0.05,0.05,-1.18));
#5174=CARTESIAN_POINT('Origin',(7.6,3.6,0.));
#5175=CARTESIAN_POINT('',(7.43,3.6,0.14));
#5176=CARTESIAN_POINT('Origin',(7.6,3.6,0.14));
#5177=CARTESIAN_POINT('',(7.43,3.6,0.));
#5178=CARTESIAN_POINT('',(7.43,3.6,0.));
#5179=CARTESIAN_POINT('Origin',(7.6,3.6,0.));
#5180=CARTESIAN_POINT('Origin',(7.6,3.6,1.265));
#5181=CARTESIAN_POINT('',(7.47,3.6,1.265));
#5182=CARTESIAN_POINT('Origin',(7.6,3.6,1.265));
#5183=CARTESIAN_POINT('',(7.47,3.6,2.105));
#5184=CARTESIAN_POINT('',(7.47,3.6,1.265));
#5185=CARTESIAN_POINT('Origin',(7.6,3.6,2.105));
#5186=CARTESIAN_POINT('Origin',(7.6,3.6,1.265));
#5187=CARTESIAN_POINT('Origin',(7.6,3.6,0.));
#5188=CARTESIAN_POINT('Origin',(7.6,0.4,0.));
#5189=CARTESIAN_POINT('',(7.43,0.4,0.14));
#5190=CARTESIAN_POINT('Origin',(7.6,0.4,0.14));
#5191=CARTESIAN_POINT('',(7.43,0.4,0.));
#5192=CARTESIAN_POINT('',(7.43,0.4,0.));
#5193=CARTESIAN_POINT('Origin',(7.6,0.4,0.));
#5194=CARTESIAN_POINT('Origin',(7.6,0.4,1.265));
#5195=CARTESIAN_POINT('',(7.47,0.4,1.265));
#5196=CARTESIAN_POINT('Origin',(7.6,0.4,1.265));
#5197=CARTESIAN_POINT('',(7.47,0.4,2.105));
#5198=CARTESIAN_POINT('',(7.47,0.4,1.265));
#5199=CARTESIAN_POINT('Origin',(7.6,0.4,2.105));
#5200=CARTESIAN_POINT('Origin',(7.6,0.4,1.265));
#5201=CARTESIAN_POINT('Origin',(7.6,0.4,0.));
#5202=CARTESIAN_POINT('Origin',(0.4,3.6,0.));
#5203=CARTESIAN_POINT('',(0.23,3.6,0.14));
#5204=CARTESIAN_POINT('Origin',(0.4,3.6,0.14));
#5205=CARTESIAN_POINT('',(0.23,3.6,0.));
#5206=CARTESIAN_POINT('',(0.23,3.6,0.));
#5207=CARTESIAN_POINT('Origin',(0.4,3.6,0.));
#5208=CARTESIAN_POINT('Origin',(0.4,3.6,1.265));
#5209=CARTESIAN_POINT('',(0.27,3.6,1.265));
#5210=CARTESIAN_POINT('Origin',(0.4,3.6,1.265));
#5211=CARTESIAN_POINT('',(0.27,3.6,2.105));
#5212=CARTESIAN_POINT('',(0.27,3.6,1.265));
#5213=CARTESIAN_POINT('Origin',(0.4,3.6,2.105));
#5214=CARTESIAN_POINT('Origin',(0.4,3.6,1.265));
#5215=CARTESIAN_POINT('Origin',(0.4,3.6,0.));
#5216=CARTESIAN_POINT('Origin',(0.4,0.4,0.));
#5217=CARTESIAN_POINT('',(0.23,0.4,0.14));
#5218=CARTESIAN_POINT('Origin',(0.4,0.4,0.14));
#5219=CARTESIAN_POINT('',(0.23,0.4,0.));
#5220=CARTESIAN_POINT('',(0.23,0.4,0.));
#5221=CARTESIAN_POINT('Origin',(0.4,0.4,0.));
#5222=CARTESIAN_POINT('Origin',(0.4,0.4,1.265));
#5223=CARTESIAN_POINT('',(0.27,0.4,1.265));
#5224=CARTESIAN_POINT('Origin',(0.4,0.4,1.265));
#5225=CARTESIAN_POINT('',(0.27,0.4,2.105));
#5226=CARTESIAN_POINT('',(0.27,0.4,1.265));
#5227=CARTESIAN_POINT('Origin',(0.4,0.4,2.105));
#5228=CARTESIAN_POINT('Origin',(0.4,0.4,1.265));
#5229=CARTESIAN_POINT('Origin',(0.4,0.4,0.));
#5230=CARTESIAN_POINT('Origin',(6.42,1.55,-0.01));
#5231=CARTESIAN_POINT('',(6.42,2.45,-0.01));
#5232=CARTESIAN_POINT('',(6.42,1.55,-0.01));
#5233=CARTESIAN_POINT('Origin',(6.37,1.55,-0.01));
#5234=CARTESIAN_POINT('',(6.37,1.5,-0.01));
#5235=CARTESIAN_POINT('Origin',(5.87,1.5,-0.01));
#5236=CARTESIAN_POINT('',(5.87,1.5,-0.01));
#5237=CARTESIAN_POINT('Origin',(5.87,1.55,-0.01));
#5238=CARTESIAN_POINT('',(5.82,1.55,-0.01));
#5239=CARTESIAN_POINT('Origin',(5.82,2.45,-0.01));
#5240=CARTESIAN_POINT('',(5.82,2.45,-0.01));
#5241=CARTESIAN_POINT('Origin',(5.87,2.45,-0.01));
#5242=CARTESIAN_POINT('',(5.87,2.5,-0.01));
#5243=CARTESIAN_POINT('Origin',(6.37,2.5,-0.01));
#5244=CARTESIAN_POINT('',(6.37,2.5,-0.01));
#5245=CARTESIAN_POINT('Origin',(6.37,2.45,-0.01));
#5246=CARTESIAN_POINT('Origin',(1.37,2.83,-0.01));
#5247=CARTESIAN_POINT('',(1.17,2.83,-0.01));
#5248=CARTESIAN_POINT('Origin',(1.37,0.99,-0.01));
#5249=CARTESIAN_POINT('',(1.17,0.99,-0.01));
#5250=CARTESIAN_POINT('Origin',(5.68,0.98,-0.01));
#5251=CARTESIAN_POINT('',(5.68,2.84,-0.01));
#5252=CARTESIAN_POINT('',(5.68,0.98,-0.01));
#5253=CARTESIAN_POINT('Origin',(5.56,0.98,-0.01));
#5254=CARTESIAN_POINT('',(5.56,0.86,-0.01));
#5255=CARTESIAN_POINT('Origin',(2.7,0.86,-0.01));
#5256=CARTESIAN_POINT('',(2.7,0.86,-0.01));
#5257=CARTESIAN_POINT('Origin',(2.7,0.98,-0.01));
#5258=CARTESIAN_POINT('',(2.58,0.98,-0.01));
#5259=CARTESIAN_POINT('Origin',(2.58,2.84,-0.01));
#5260=CARTESIAN_POINT('',(2.58,2.84,-0.01));
#5261=CARTESIAN_POINT('Origin',(2.7,2.84,-0.01));
#5262=CARTESIAN_POINT('',(2.7,2.96,-0.01));
#5263=CARTESIAN_POINT('Origin',(5.56,2.96,-0.01));
#5264=CARTESIAN_POINT('',(5.56,2.96,-0.01));
#5265=CARTESIAN_POINT('Origin',(5.56,2.84,-0.01));
#5266=CARTESIAN_POINT('Origin',(6.8,4.3,1.2));
#5267=CARTESIAN_POINT('',(6.475,4.25,1.2));
#5268=CARTESIAN_POINT('Origin',(6.8,4.25,1.2));
#5269=CARTESIAN_POINT('',(6.475,4.07,1.2));
#5270=CARTESIAN_POINT('',(6.475,4.3,1.2));
#5271=CARTESIAN_POINT('Origin',(6.8,4.07,1.2));
#5272=CARTESIAN_POINT('Origin',(4.4,4.27,0.8));
#5273=CARTESIAN_POINT('',(4.4,4.07,0.8));
#5274=CARTESIAN_POINT('',(4.4,4.07,1.4));
#5275=CARTESIAN_POINT('',(4.4,4.07,0.52));
#5276=CARTESIAN_POINT('',(4.4,4.25,0.8));
#5277=CARTESIAN_POINT('',(4.4,4.27,0.8));
#5278=CARTESIAN_POINT('',(4.4,4.25,1.4));
#5279=CARTESIAN_POINT('',(4.4,4.25,0.4));
#5280=CARTESIAN_POINT('',(4.4,4.27,1.4));
#5281=CARTESIAN_POINT('Origin',(4.51,4.155,1.4));
#5282=CARTESIAN_POINT('',(4.62,4.07,1.4));
#5283=CARTESIAN_POINT('',(2.28,4.07,1.4));
#5284=CARTESIAN_POINT('',(4.62,4.25,1.4));
#5285=CARTESIAN_POINT('',(6.23,4.25,1.4));
#5286=CARTESIAN_POINT('',(4.62,4.04,1.4));
#5287=CARTESIAN_POINT('Origin',(4.62,4.04,0.8));
#5288=CARTESIAN_POINT('',(4.62,4.07,0.8));
#5289=CARTESIAN_POINT('',(4.62,4.07,0.52));
#5290=CARTESIAN_POINT('',(4.62,4.25,0.8));
#5291=CARTESIAN_POINT('',(4.62,4.25,0.4));
#5292=CARTESIAN_POINT('',(4.62,4.04,0.8));
#5293=CARTESIAN_POINT('Origin',(4.51,4.155,0.8));
#5294=CARTESIAN_POINT('',(2.28,4.07,0.8));
#5295=CARTESIAN_POINT('',(6.23,4.25,0.8));
#5296=CARTESIAN_POINT('Origin',(3.8,4.27,0.8));
#5297=CARTESIAN_POINT('',(3.8,4.07,0.8));
#5298=CARTESIAN_POINT('',(3.8,4.07,1.4));
#5299=CARTESIAN_POINT('',(3.8,4.07,0.52));
#5300=CARTESIAN_POINT('',(3.8,4.25,0.8));
#5301=CARTESIAN_POINT('',(3.8,4.27,0.8));
#5302=CARTESIAN_POINT('',(3.8,4.25,1.4));
#5303=CARTESIAN_POINT('',(3.8,4.25,0.4));
#5304=CARTESIAN_POINT('',(3.8,4.27,1.4));
#5305=CARTESIAN_POINT('Origin',(3.91,4.155,1.4));
#5306=CARTESIAN_POINT('',(4.02,4.07,1.4));
#5307=CARTESIAN_POINT('',(1.98,4.07,1.4));
#5308=CARTESIAN_POINT('',(4.02,4.25,1.4));
#5309=CARTESIAN_POINT('',(5.93,4.25,1.4));
#5310=CARTESIAN_POINT('',(4.02,4.04,1.4));
#5311=CARTESIAN_POINT('Origin',(4.02,4.04,0.8));
#5312=CARTESIAN_POINT('',(4.02,4.07,0.8));
#5313=CARTESIAN_POINT('',(4.02,4.07,0.52));
#5314=CARTESIAN_POINT('',(4.02,4.25,0.8));
#5315=CARTESIAN_POINT('',(4.02,4.25,0.4));
#5316=CARTESIAN_POINT('',(4.02,4.04,0.8));
#5317=CARTESIAN_POINT('Origin',(3.91,4.155,0.8));
#5318=CARTESIAN_POINT('',(1.98,4.07,0.8));
#5319=CARTESIAN_POINT('',(5.93,4.25,0.8));
#5320=CARTESIAN_POINT('Origin',(3.2,4.27,0.8));
#5321=CARTESIAN_POINT('',(3.2,4.07,0.8));
#5322=CARTESIAN_POINT('',(3.2,4.07,1.4));
#5323=CARTESIAN_POINT('',(3.2,4.07,0.52));
#5324=CARTESIAN_POINT('',(3.2,4.25,0.8));
#5325=CARTESIAN_POINT('',(3.2,4.27,0.8));
#5326=CARTESIAN_POINT('',(3.2,4.25,1.4));
#5327=CARTESIAN_POINT('',(3.2,4.25,0.4));
#5328=CARTESIAN_POINT('',(3.2,4.27,1.4));
#5329=CARTESIAN_POINT('Origin',(3.31,4.155,1.4));
#5330=CARTESIAN_POINT('',(3.42,4.07,1.4));
#5331=CARTESIAN_POINT('',(1.68,4.07,1.4));
#5332=CARTESIAN_POINT('',(3.42,4.25,1.4));
#5333=CARTESIAN_POINT('',(5.63,4.25,1.4));
#5334=CARTESIAN_POINT('',(3.42,4.04,1.4));
#5335=CARTESIAN_POINT('Origin',(3.42,4.04,0.8));
#5336=CARTESIAN_POINT('',(3.42,4.07,0.8));
#5337=CARTESIAN_POINT('',(3.42,4.07,0.52));
#5338=CARTESIAN_POINT('',(3.42,4.25,0.8));
#5339=CARTESIAN_POINT('',(3.42,4.25,0.4));
#5340=CARTESIAN_POINT('',(3.42,4.04,0.8));
#5341=CARTESIAN_POINT('Origin',(3.31,4.155,0.8));
#5342=CARTESIAN_POINT('',(1.68,4.07,0.8));
#5343=CARTESIAN_POINT('',(5.63,4.25,0.8));
#5344=CARTESIAN_POINT('Origin',(2.6,4.27,0.8));
#5345=CARTESIAN_POINT('',(2.6,4.07,0.8));
#5346=CARTESIAN_POINT('',(2.6,4.07,1.4));
#5347=CARTESIAN_POINT('',(2.6,4.07,0.52));
#5348=CARTESIAN_POINT('',(2.6,4.25,0.8));
#5349=CARTESIAN_POINT('',(2.6,4.27,0.8));
#5350=CARTESIAN_POINT('',(2.6,4.25,1.4));
#5351=CARTESIAN_POINT('',(2.6,4.25,0.4));
#5352=CARTESIAN_POINT('',(2.6,4.27,1.4));
#5353=CARTESIAN_POINT('Origin',(2.71,4.155,1.4));
#5354=CARTESIAN_POINT('',(2.82,4.07,1.4));
#5355=CARTESIAN_POINT('',(1.38,4.07,1.4));
#5356=CARTESIAN_POINT('',(2.82,4.25,1.4));
#5357=CARTESIAN_POINT('',(5.33,4.25,1.4));
#5358=CARTESIAN_POINT('',(2.82,4.04,1.4));
#5359=CARTESIAN_POINT('Origin',(2.82,4.04,0.8));
#5360=CARTESIAN_POINT('',(2.82,4.07,0.8));
#5361=CARTESIAN_POINT('',(2.82,4.07,0.52));
#5362=CARTESIAN_POINT('',(2.82,4.25,0.8));
#5363=CARTESIAN_POINT('',(2.82,4.25,0.4));
#5364=CARTESIAN_POINT('',(2.82,4.04,0.8));
#5365=CARTESIAN_POINT('Origin',(2.71,4.155,0.8));
#5366=CARTESIAN_POINT('',(1.38,4.07,0.8));
#5367=CARTESIAN_POINT('',(5.33,4.25,0.8));
#5368=CARTESIAN_POINT('Origin',(2.,4.27,0.8));
#5369=CARTESIAN_POINT('',(2.,4.07,0.8));
#5370=CARTESIAN_POINT('',(2.,4.07,1.4));
#5371=CARTESIAN_POINT('',(2.,4.07,0.52));
#5372=CARTESIAN_POINT('',(2.,4.25,0.8));
#5373=CARTESIAN_POINT('',(2.,4.27,0.8));
#5374=CARTESIAN_POINT('',(2.,4.25,1.4));
#5375=CARTESIAN_POINT('',(2.,4.25,0.4));
#5376=CARTESIAN_POINT('',(2.,4.27,1.4));
#5377=CARTESIAN_POINT('Origin',(2.11,4.155,1.4));
#5378=CARTESIAN_POINT('',(2.22,4.07,1.4));
#5379=CARTESIAN_POINT('',(1.08,4.07,1.4));
#5380=CARTESIAN_POINT('',(2.22,4.25,1.4));
#5381=CARTESIAN_POINT('',(5.03,4.25,1.4));
#5382=CARTESIAN_POINT('',(2.22,4.04,1.4));
#5383=CARTESIAN_POINT('Origin',(2.22,4.04,0.8));
#5384=CARTESIAN_POINT('',(2.22,4.07,0.8));
#5385=CARTESIAN_POINT('',(2.22,4.07,0.52));
#5386=CARTESIAN_POINT('',(2.22,4.25,0.8));
#5387=CARTESIAN_POINT('',(2.22,4.25,0.4));
#5388=CARTESIAN_POINT('',(2.22,4.04,0.8));
#5389=CARTESIAN_POINT('Origin',(2.11,4.155,0.8));
#5390=CARTESIAN_POINT('',(1.08,4.07,0.8));
#5391=CARTESIAN_POINT('',(5.03,4.25,0.8));
#5392=CARTESIAN_POINT('Origin',(-0.145,2.47,1.83));
#5393=CARTESIAN_POINT('',(-0.175,2.47,1.83));
#5394=CARTESIAN_POINT('',(-0.175,2.47,1.83));
#5395=CARTESIAN_POINT('',(-0.145,2.5,1.83));
#5396=CARTESIAN_POINT('Origin',(-0.145,2.47,1.83));
#5397=CARTESIAN_POINT('',(-0.145,2.5,1.83));
#5398=CARTESIAN_POINT('Origin',(0.00500000000000001,2.5,1.83));
#5399=CARTESIAN_POINT('',(0.00500000000000001,2.5,1.83));
#5400=CARTESIAN_POINT('Origin',(-0.0700000000000001,2.,1.83));
#5401=CARTESIAN_POINT('',(-0.175,1.53,1.83));
#5402=CARTESIAN_POINT('',(-0.175,2.47,1.83));
#5403=CARTESIAN_POINT('',(-0.145,1.5,1.83));
#5404=CARTESIAN_POINT('Origin',(-0.145,1.53,1.83));
#5405=CARTESIAN_POINT('',(-0.145,1.5,1.83));
#5406=CARTESIAN_POINT('Origin',(-0.175,2.47,1.83));
#5407=CARTESIAN_POINT('',(-0.175,1.53,1.83));
#5408=CARTESIAN_POINT('Origin',(-0.145,1.5,1.83));
#5409=CARTESIAN_POINT('',(-0.145,1.5,1.83));
#5410=CARTESIAN_POINT('Origin',(-0.145,1.53,1.83));
#5411=CARTESIAN_POINT('Origin',(-0.07,0.0499999999999998,0.24));
#5412=CARTESIAN_POINT('',(-0.07,3.95,0.24));
#5413=CARTESIAN_POINT('Origin',(0.95,2.66,0.5));
#5414=CARTESIAN_POINT('',(-0.2,2.66,1.45));
#5415=CARTESIAN_POINT('',(0.95,2.66,1.45));
#5416=CARTESIAN_POINT('',(-0.2,2.66,0.5));
#5417=CARTESIAN_POINT('',(-0.2,2.66,0.5));
#5418=CARTESIAN_POINT('',(0.95,2.66,0.5));
#5419=CARTESIAN_POINT('Origin',(-0.2,2.56,0.5));
#5420=CARTESIAN_POINT('Origin',(-0.2,2.56,0.5));
#5421=CARTESIAN_POINT('Origin',(-0.2,2.56,1.45));
#5422=CARTESIAN_POINT('Origin',(0.375,1.91,0.5));
#5423=CARTESIAN_POINT('',(-0.2,1.16,0.5));
#5424=CARTESIAN_POINT('Origin',(-0.2,1.26,0.5));
#5425=CARTESIAN_POINT('',(-0.2,1.16,0.5));
#5426=CARTESIAN_POINT('Origin',(-0.2,1.16,0.5));
#5427=CARTESIAN_POINT('',(-0.2,1.16,1.45));
#5428=CARTESIAN_POINT('',(-0.2,1.16,0.5));
#5429=CARTESIAN_POINT('',(-0.2,1.16,1.45));
#5430=CARTESIAN_POINT('Origin',(-0.2,1.26,0.5));
#5431=CARTESIAN_POINT('Origin',(-0.2,1.26,1.45));
#5432=CARTESIAN_POINT('Origin',(0.375,1.91,1.45));
#5433=CARTESIAN_POINT('Origin',(7.6,3.6,-0.001));
#5434=CARTESIAN_POINT('',(7.289,3.6,-0.001));
#5435=CARTESIAN_POINT('Origin',(7.6,3.6,0.24));
#5436=CARTESIAN_POINT('',(7.28,3.6,2.105));
#5437=CARTESIAN_POINT('Origin',(7.6,3.6,2.105));
#5438=CARTESIAN_POINT('',(7.28,3.6,0.24));
#5439=CARTESIAN_POINT('Origin',(7.6,3.6,2.105));
#5440=CARTESIAN_POINT('Origin',(7.6,0.4,-0.001));
#5441=CARTESIAN_POINT('',(7.289,0.4,-0.001));
#5442=CARTESIAN_POINT('Origin',(7.6,0.4,0.24));
#5443=CARTESIAN_POINT('',(7.28,0.4,2.105));
#5444=CARTESIAN_POINT('Origin',(7.6,0.4,2.105));
#5445=CARTESIAN_POINT('',(7.28,0.4,0.24));
#5446=CARTESIAN_POINT('Origin',(7.6,0.4,2.105));
#5447=CARTESIAN_POINT('Origin',(0.4,3.6,-0.001));
#5448=CARTESIAN_POINT('',(0.089,3.6,-0.001));
#5449=CARTESIAN_POINT('Origin',(0.4,3.6,0.24));
#5450=CARTESIAN_POINT('',(0.0800000000000001,3.6,2.105));
#5451=CARTESIAN_POINT('Origin',(0.4,3.6,2.105));
#5452=CARTESIAN_POINT('',(0.0800000000000001,3.6,0.24));
#5453=CARTESIAN_POINT('Origin',(0.4,3.6,2.105));
#5454=CARTESIAN_POINT('Origin',(0.4,0.4,-0.001));
#5455=CARTESIAN_POINT('',(0.089,0.4,-0.001));
#5456=CARTESIAN_POINT('Origin',(0.4,0.4,0.24));
#5457=CARTESIAN_POINT('',(0.0800000000000001,0.4,2.105));
#5458=CARTESIAN_POINT('Origin',(0.4,0.4,2.105));
#5459=CARTESIAN_POINT('',(0.0800000000000001,0.4,0.24));
#5460=CARTESIAN_POINT('Origin',(0.4,0.4,2.105));
#5461=CARTESIAN_POINT('Origin',(7.95,-0.07,0.24));
#5462=CARTESIAN_POINT('',(0.05,-0.07,0.24));
#5463=CARTESIAN_POINT('',(7.95,-0.07,0.24));
#5464=CARTESIAN_POINT('Origin',(7.95,0.05,0.24));
#5465=CARTESIAN_POINT('Origin',(7.95,3.95,0.24));
#5466=CARTESIAN_POINT('',(7.95,4.07,0.24));
#5467=CARTESIAN_POINT('Origin',(0.0499999999999998,4.07,0.24));
#5468=CARTESIAN_POINT('',(0.05,4.07,0.24));
#5469=CARTESIAN_POINT('Origin',(0.05,3.95,0.24));
#5470=CARTESIAN_POINT('Origin',(0.05,0.05,0.24));
#5471=CARTESIAN_POINT('Origin',(-0.25,3.95,0.));
#5472=CARTESIAN_POINT('',(-0.25,3.95,0.));
#5473=CARTESIAN_POINT('Origin',(0.05,3.95,0.));
#5474=CARTESIAN_POINT('',(0.05,4.25,0.));
#5475=CARTESIAN_POINT('Origin',(7.95,4.25,0.));
#5476=CARTESIAN_POINT('',(7.95,4.25,0.));
#5477=CARTESIAN_POINT('Origin',(7.95,3.95,0.));
#5478=CARTESIAN_POINT('',(8.25,3.95,0.));
#5479=CARTESIAN_POINT('Origin',(8.25,0.05,0.));
#5480=CARTESIAN_POINT('Origin',(7.95,0.05,0.));
#5481=CARTESIAN_POINT('',(7.95,-0.25,0.));
#5482=CARTESIAN_POINT('Origin',(0.05,-0.25,0.));
#5483=CARTESIAN_POINT('',(0.05,-0.25,0.));
#5484=CARTESIAN_POINT('Origin',(0.05,0.05,0.));
#5485=UNCERTAINTY_MEASURE_WITH_UNIT(LENGTH_MEASURE(0.001),#5489,
'DISTANCE_ACCURACY_VALUE',
'Maximum model space distance between geometric entities at asserted c
onnectivities');
#5486=UNCERTAINTY_MEASURE_WITH_UNIT(LENGTH_MEASURE(0.001),#5489,
'DISTANCE_ACCURACY_VALUE',
'Maximum model space distance between geometric entities at asserted c
onnectivities');
#5487=(
GEOMETRIC_REPRESENTATION_CONTEXT(3)
GLOBAL_UNCERTAINTY_ASSIGNED_CONTEXT((#5485))
GLOBAL_UNIT_ASSIGNED_CONTEXT((#5489,#5491,#5492))
REPRESENTATION_CONTEXT('','3D')
);
#5488=(
GEOMETRIC_REPRESENTATION_CONTEXT(3)
GLOBAL_UNCERTAINTY_ASSIGNED_CONTEXT((#5486))
GLOBAL_UNIT_ASSIGNED_CONTEXT((#5489,#5491,#5492))
REPRESENTATION_CONTEXT('','3D')
);
#5489=(
LENGTH_UNIT()
NAMED_UNIT(*)
SI_UNIT(.CENTI.,.METRE.)
);
#5490=(
LENGTH_UNIT()
NAMED_UNIT(*)
SI_UNIT($,.METRE.)
);
#5491=(
NAMED_UNIT(*)
PLANE_ANGLE_UNIT()
SI_UNIT($,.RADIAN.)
);
#5492=(
NAMED_UNIT(*)
SI_UNIT($,.STERADIAN.)
SOLID_ANGLE_UNIT()
);
#5493=SHAPE_DEFINITION_REPRESENTATION(#5494,#5495);
#5494=PRODUCT_DEFINITION_SHAPE('',$,#5497);
#5495=SHAPE_REPRESENTATION('',(#3333),#5487);
#5496=PRODUCT_DEFINITION_CONTEXT('part definition',#5501,'design');
#5497=PRODUCT_DEFINITION('2026-09-24-21-10-18-568',
'01 Main housing - Rev B',#5498,#5496);
#5498=PRODUCT_DEFINITION_FORMATION('',$,#5503);
#5499=PRODUCT_RELATED_PRODUCT_CATEGORY('01 Main housing - Rev B',
'01 Main housing - Rev B',(#5503));
#5500=APPLICATION_PROTOCOL_DEFINITION('international standard',
'automotive_design',2009,#5501);
#5501=APPLICATION_CONTEXT(
'Core Data for Automotive Mechanical Design Process');
#5502=PRODUCT_CONTEXT('part definition',#5501,'mechanical');
#5503=PRODUCT('2026-09-24-21-10-18-568','01 Main housing - Rev B',$,(#5502));
#5504=PRESENTATION_STYLE_ASSIGNMENT((#5506));
#5505=PRESENTATION_STYLE_ASSIGNMENT((#5507));
#5506=SURFACE_STYLE_USAGE(.BOTH.,#5508);
#5507=SURFACE_STYLE_USAGE(.BOTH.,#5509);
#5508=SURFACE_SIDE_STYLE('',(#5510));
#5509=SURFACE_SIDE_STYLE('',(#5511));
#5510=SURFACE_STYLE_FILL_AREA(#5512);
#5511=SURFACE_STYLE_FILL_AREA(#5513);
#5512=FILL_AREA_STYLE('Steel - Satin',(#5514));
#5513=FILL_AREA_STYLE('Rear warm grey',(#5515));
#5514=FILL_AREA_STYLE_COLOUR('Steel - Satin',#5516);
#5515=FILL_AREA_STYLE_COLOUR('Rear warm grey',#5517);
#5516=COLOUR_RGB('Steel - Satin',0.627450980392157,0.627450980392157,0.627450980392157);
#5517=COLOUR_RGB('Rear warm grey',0.282352941176471,0.309803921568627,0.345098039215686);
ENDSEC;
END-ISO-10303-21;
