ISO-10303-21;
HEADER;
/* Generated by software containing ST-Developer
 * from STEP Tools, Inc. (www.steptools.com) 
 */

FILE_DESCRIPTION(
/* description */ (''),
/* implementation_level */ '2;1');

FILE_NAME(
/* name */ 'rear-shell.step',
/* time_stamp */ '2026-09-23T16:22:44+08:00',
/* author */ (''),
/* organization */ (''),
/* preprocessor_version */ 'ST-DEVELOPER v20.2',
/* originating_system */ 'Autodesk Translation Framework v15.15.0.0',
/* authorisation */ '');

FILE_SCHEMA (('AUTOMOTIVE_DESIGN { 1 0 10303 214 3 1 1 }'));
ENDSEC;

DATA;
#10=MECHANICAL_DESIGN_GEOMETRIC_PRESENTATION_REPRESENTATION('',(#13),#3090);
#11=SHAPE_REPRESENTATION_RELATIONSHIP('SRR','None',#3097,#12);
#12=ADVANCED_BREP_SHAPE_REPRESENTATION('',(#14),#3089);
#13=STYLED_ITEM('',(#3107),#14);
#14=MANIFOLD_SOLID_BREP('Rear floor',#1878);
#15=CONICAL_SURFACE('',#1978,0.311,0.785398163397449);
#16=CONICAL_SURFACE('',#1987,0.311,0.785398163397449);
#17=CONICAL_SURFACE('',#1996,0.311,0.785398163397449);
#18=CONICAL_SURFACE('',#2005,0.311,0.785398163397449);
#19=FACE_BOUND('',#279,.T.);
#20=FACE_BOUND('',#290,.T.);
#21=FACE_BOUND('',#295,.T.);
#22=FACE_BOUND('',#300,.T.);
#23=FACE_BOUND('',#305,.T.);
#24=FACE_BOUND('',#307,.T.);
#25=FACE_BOUND('',#308,.T.);
#26=FACE_BOUND('',#313,.T.);
#27=FACE_BOUND('',#314,.T.);
#28=FACE_BOUND('',#315,.T.);
#29=FACE_BOUND('',#316,.T.);
#30=FACE_BOUND('',#317,.T.);
#31=FACE_BOUND('',#318,.T.);
#32=FACE_BOUND('',#319,.T.);
#33=FACE_BOUND('',#320,.T.);
#34=FACE_BOUND('',#324,.T.);
#35=FACE_BOUND('',#326,.T.);
#36=FACE_BOUND('',#329,.T.);
#37=FACE_BOUND('',#330,.T.);
#38=FACE_BOUND('',#331,.T.);
#39=FACE_BOUND('',#332,.T.);
#40=FACE_BOUND('',#333,.T.);
#41=FACE_BOUND('',#334,.T.);
#42=FACE_BOUND('',#341,.T.);
#43=FACE_BOUND('',#342,.T.);
#44=FACE_BOUND('',#343,.T.);
#45=FACE_BOUND('',#344,.T.);
#46=FACE_BOUND('',#345,.T.);
#47=FACE_BOUND('',#346,.T.);
#48=FACE_BOUND('',#347,.T.);
#49=FACE_BOUND('',#349,.T.);
#50=FACE_BOUND('',#350,.T.);
#51=FACE_BOUND('',#351,.T.);
#52=FACE_BOUND('',#352,.T.);
#53=FACE_BOUND('',#353,.T.);
#54=FACE_BOUND('',#354,.T.);
#55=FACE_BOUND('',#355,.T.);
#56=PLANE('',#1898);
#57=PLANE('',#1902);
#58=PLANE('',#1906);
#59=PLANE('',#1910);
#60=PLANE('',#1917);
#61=PLANE('',#1918);
#62=PLANE('',#1919);
#63=PLANE('',#1920);
#64=PLANE('',#1921);
#65=PLANE('',#1922);
#66=PLANE('',#1923);
#67=PLANE('',#1924);
#68=PLANE('',#1925);
#69=PLANE('',#1926);
#70=PLANE('',#1927);
#71=PLANE('',#1928);
#72=PLANE('',#1929);
#73=PLANE('',#1930);
#74=PLANE('',#1931);
#75=PLANE('',#1932);
#76=PLANE('',#1933);
#77=PLANE('',#1934);
#78=PLANE('',#1935);
#79=PLANE('',#1936);
#80=PLANE('',#1937);
#81=PLANE('',#1938);
#82=PLANE('',#1939);
#83=PLANE('',#1940);
#84=PLANE('',#1941);
#85=PLANE('',#1942);
#86=PLANE('',#1943);
#87=PLANE('',#1944);
#88=PLANE('',#1945);
#89=PLANE('',#1946);
#90=PLANE('',#1947);
#91=PLANE('',#1948);
#92=PLANE('',#1949);
#93=PLANE('',#1950);
#94=PLANE('',#1951);
#95=PLANE('',#1952);
#96=PLANE('',#1953);
#97=PLANE('',#1954);
#98=PLANE('',#1955);
#99=PLANE('',#1956);
#100=PLANE('',#1960);
#101=PLANE('',#1961);
#102=PLANE('',#1963);
#103=PLANE('',#1964);
#104=PLANE('',#1967);
#105=PLANE('',#1968);
#106=PLANE('',#1972);
#107=PLANE('',#1974);
#108=PLANE('',#1977);
#109=PLANE('',#1986);
#110=PLANE('',#1995);
#111=PLANE('',#2004);
#112=PLANE('',#2013);
#113=PLANE('',#2014);
#114=PLANE('',#2018);
#115=PLANE('',#2022);
#116=PLANE('',#2029);
#117=PLANE('',#2034);
#118=PLANE('',#2037);
#119=PLANE('',#2040);
#120=PLANE('',#2043);
#121=PLANE('',#2046);
#122=PLANE('',#2047);
#123=FACE_OUTER_BOUND('',#221,.T.);
#124=FACE_OUTER_BOUND('',#222,.T.);
#125=FACE_OUTER_BOUND('',#223,.T.);
#126=FACE_OUTER_BOUND('',#224,.T.);
#127=FACE_OUTER_BOUND('',#225,.T.);
#128=FACE_OUTER_BOUND('',#226,.T.);
#129=FACE_OUTER_BOUND('',#227,.T.);
#130=FACE_OUTER_BOUND('',#228,.T.);
#131=FACE_OUTER_BOUND('',#229,.T.);
#132=FACE_OUTER_BOUND('',#230,.T.);
#133=FACE_OUTER_BOUND('',#231,.T.);
#134=FACE_OUTER_BOUND('',#232,.T.);
#135=FACE_OUTER_BOUND('',#233,.T.);
#136=FACE_OUTER_BOUND('',#234,.T.);
#137=FACE_OUTER_BOUND('',#235,.T.);
#138=FACE_OUTER_BOUND('',#236,.T.);
#139=FACE_OUTER_BOUND('',#237,.T.);
#140=FACE_OUTER_BOUND('',#238,.T.);
#141=FACE_OUTER_BOUND('',#239,.T.);
#142=FACE_OUTER_BOUND('',#240,.T.);
#143=FACE_OUTER_BOUND('',#241,.T.);
#144=FACE_OUTER_BOUND('',#242,.T.);
#145=FACE_OUTER_BOUND('',#243,.T.);
#146=FACE_OUTER_BOUND('',#244,.T.);
#147=FACE_OUTER_BOUND('',#245,.T.);
#148=FACE_OUTER_BOUND('',#246,.T.);
#149=FACE_OUTER_BOUND('',#247,.T.);
#150=FACE_OUTER_BOUND('',#248,.T.);
#151=FACE_OUTER_BOUND('',#249,.T.);
#152=FACE_OUTER_BOUND('',#250,.T.);
#153=FACE_OUTER_BOUND('',#251,.T.);
#154=FACE_OUTER_BOUND('',#252,.T.);
#155=FACE_OUTER_BOUND('',#253,.T.);
#156=FACE_OUTER_BOUND('',#254,.T.);
#157=FACE_OUTER_BOUND('',#255,.T.);
#158=FACE_OUTER_BOUND('',#256,.T.);
#159=FACE_OUTER_BOUND('',#257,.T.);
#160=FACE_OUTER_BOUND('',#258,.T.);
#161=FACE_OUTER_BOUND('',#259,.T.);
#162=FACE_OUTER_BOUND('',#260,.T.);
#163=FACE_OUTER_BOUND('',#261,.T.);
#164=FACE_OUTER_BOUND('',#262,.T.);
#165=FACE_OUTER_BOUND('',#263,.T.);
#166=FACE_OUTER_BOUND('',#264,.T.);
#167=FACE_OUTER_BOUND('',#265,.T.);
#168=FACE_OUTER_BOUND('',#266,.T.);
#169=FACE_OUTER_BOUND('',#267,.T.);
#170=FACE_OUTER_BOUND('',#268,.T.);
#171=FACE_OUTER_BOUND('',#269,.T.);
#172=FACE_OUTER_BOUND('',#270,.T.);
#173=FACE_OUTER_BOUND('',#271,.T.);
#174=FACE_OUTER_BOUND('',#272,.T.);
#175=FACE_OUTER_BOUND('',#273,.T.);
#176=FACE_OUTER_BOUND('',#274,.T.);
#177=FACE_OUTER_BOUND('',#275,.T.);
#178=FACE_OUTER_BOUND('',#276,.T.);
#179=FACE_OUTER_BOUND('',#277,.T.);
#180=FACE_OUTER_BOUND('',#278,.T.);
#181=FACE_OUTER_BOUND('',#280,.T.);
#182=FACE_OUTER_BOUND('',#281,.T.);
#183=FACE_OUTER_BOUND('',#282,.T.);
#184=FACE_OUTER_BOUND('',#283,.T.);
#185=FACE_OUTER_BOUND('',#284,.T.);
#186=FACE_OUTER_BOUND('',#285,.T.);
#187=FACE_OUTER_BOUND('',#286,.T.);
#188=FACE_OUTER_BOUND('',#287,.T.);
#189=FACE_OUTER_BOUND('',#288,.T.);
#190=FACE_OUTER_BOUND('',#289,.T.);
#191=FACE_OUTER_BOUND('',#291,.T.);
#192=FACE_OUTER_BOUND('',#292,.T.);
#193=FACE_OUTER_BOUND('',#293,.T.);
#194=FACE_OUTER_BOUND('',#294,.T.);
#195=FACE_OUTER_BOUND('',#296,.T.);
#196=FACE_OUTER_BOUND('',#297,.T.);
#197=FACE_OUTER_BOUND('',#298,.T.);
#198=FACE_OUTER_BOUND('',#299,.T.);
#199=FACE_OUTER_BOUND('',#301,.T.);
#200=FACE_OUTER_BOUND('',#302,.T.);
#201=FACE_OUTER_BOUND('',#303,.T.);
#202=FACE_OUTER_BOUND('',#304,.T.);
#203=FACE_OUTER_BOUND('',#306,.T.);
#204=FACE_OUTER_BOUND('',#309,.T.);
#205=FACE_OUTER_BOUND('',#310,.T.);
#206=FACE_OUTER_BOUND('',#311,.T.);
#207=FACE_OUTER_BOUND('',#312,.T.);
#208=FACE_OUTER_BOUND('',#321,.T.);
#209=FACE_OUTER_BOUND('',#322,.T.);
#210=FACE_OUTER_BOUND('',#323,.T.);
#211=FACE_OUTER_BOUND('',#325,.T.);
#212=FACE_OUTER_BOUND('',#327,.T.);
#213=FACE_OUTER_BOUND('',#328,.T.);
#214=FACE_OUTER_BOUND('',#335,.T.);
#215=FACE_OUTER_BOUND('',#336,.T.);
#216=FACE_OUTER_BOUND('',#337,.T.);
#217=FACE_OUTER_BOUND('',#338,.T.);
#218=FACE_OUTER_BOUND('',#339,.T.);
#219=FACE_OUTER_BOUND('',#340,.T.);
#220=FACE_OUTER_BOUND('',#348,.T.);
#221=EDGE_LOOP('',(#1239,#1240,#1241,#1242));
#222=EDGE_LOOP('',(#1243,#1244,#1245,#1246));
#223=EDGE_LOOP('',(#1247,#1248,#1249,#1250));
#224=EDGE_LOOP('',(#1251,#1252,#1253,#1254));
#225=EDGE_LOOP('',(#1255,#1256,#1257,#1258));
#226=EDGE_LOOP('',(#1259,#1260,#1261,#1262));
#227=EDGE_LOOP('',(#1263,#1264,#1265,#1266));
#228=EDGE_LOOP('',(#1267,#1268,#1269,#1270));
#229=EDGE_LOOP('',(#1271,#1272,#1273,#1274));
#230=EDGE_LOOP('',(#1275,#1276,#1277,#1278));
#231=EDGE_LOOP('',(#1279,#1280,#1281,#1282));
#232=EDGE_LOOP('',(#1283,#1284,#1285,#1286));
#233=EDGE_LOOP('',(#1287,#1288,#1289,#1290));
#234=EDGE_LOOP('',(#1291,#1292,#1293,#1294));
#235=EDGE_LOOP('',(#1295,#1296,#1297,#1298));
#236=EDGE_LOOP('',(#1299,#1300,#1301,#1302));
#237=EDGE_LOOP('',(#1303,#1304,#1305,#1306));
#238=EDGE_LOOP('',(#1307,#1308,#1309,#1310));
#239=EDGE_LOOP('',(#1311,#1312,#1313,#1314));
#240=EDGE_LOOP('',(#1315,#1316,#1317,#1318));
#241=EDGE_LOOP('',(#1319,#1320,#1321,#1322));
#242=EDGE_LOOP('',(#1323,#1324,#1325,#1326));
#243=EDGE_LOOP('',(#1327,#1328,#1329,#1330));
#244=EDGE_LOOP('',(#1331,#1332,#1333,#1334));
#245=EDGE_LOOP('',(#1335,#1336,#1337,#1338));
#246=EDGE_LOOP('',(#1339,#1340,#1341,#1342));
#247=EDGE_LOOP('',(#1343,#1344,#1345,#1346));
#248=EDGE_LOOP('',(#1347,#1348,#1349,#1350));
#249=EDGE_LOOP('',(#1351,#1352,#1353,#1354));
#250=EDGE_LOOP('',(#1355,#1356,#1357,#1358));
#251=EDGE_LOOP('',(#1359,#1360,#1361,#1362));
#252=EDGE_LOOP('',(#1363,#1364,#1365,#1366));
#253=EDGE_LOOP('',(#1367,#1368,#1369,#1370));
#254=EDGE_LOOP('',(#1371,#1372,#1373,#1374));
#255=EDGE_LOOP('',(#1375,#1376,#1377,#1378));
#256=EDGE_LOOP('',(#1379,#1380,#1381,#1382));
#257=EDGE_LOOP('',(#1383,#1384,#1385,#1386));
#258=EDGE_LOOP('',(#1387,#1388,#1389,#1390));
#259=EDGE_LOOP('',(#1391,#1392,#1393,#1394));
#260=EDGE_LOOP('',(#1395,#1396,#1397,#1398));
#261=EDGE_LOOP('',(#1399,#1400,#1401,#1402));
#262=EDGE_LOOP('',(#1403,#1404,#1405,#1406));
#263=EDGE_LOOP('',(#1407,#1408,#1409,#1410));
#264=EDGE_LOOP('',(#1411,#1412,#1413,#1414));
#265=EDGE_LOOP('',(#1415,#1416,#1417,#1418));
#266=EDGE_LOOP('',(#1419,#1420,#1421,#1422));
#267=EDGE_LOOP('',(#1423,#1424,#1425,#1426));
#268=EDGE_LOOP('',(#1427,#1428,#1429,#1430));
#269=EDGE_LOOP('',(#1431,#1432,#1433,#1434));
#270=EDGE_LOOP('',(#1435,#1436,#1437,#1438));
#271=EDGE_LOOP('',(#1439,#1440,#1441,#1442));
#272=EDGE_LOOP('',(#1443,#1444,#1445,#1446));
#273=EDGE_LOOP('',(#1447,#1448,#1449,#1450));
#274=EDGE_LOOP('',(#1451,#1452,#1453,#1454,#1455,#1456));
#275=EDGE_LOOP('',(#1457,#1458,#1459,#1460));
#276=EDGE_LOOP('',(#1461,#1462,#1463,#1464));
#277=EDGE_LOOP('',(#1465,#1466,#1467,#1468));
#278=EDGE_LOOP('',(#1469,#1470,#1471,#1472,#1473,#1474,#1475,#1476));
#279=EDGE_LOOP('',(#1477,#1478,#1479,#1480));
#280=EDGE_LOOP('',(#1481,#1482,#1483,#1484));
#281=EDGE_LOOP('',(#1485,#1486,#1487,#1488));
#282=EDGE_LOOP('',(#1489,#1490,#1491,#1492,#1493,#1494));
#283=EDGE_LOOP('',(#1495,#1496,#1497,#1498));
#284=EDGE_LOOP('',(#1499,#1500,#1501,#1502));
#285=EDGE_LOOP('',(#1503,#1504,#1505,#1506,#1507,#1508));
#286=EDGE_LOOP('',(#1509,#1510,#1511,#1512));
#287=EDGE_LOOP('',(#1513,#1514,#1515,#1516));
#288=EDGE_LOOP('',(#1517,#1518,#1519,#1520));
#289=EDGE_LOOP('',(#1521));
#290=EDGE_LOOP('',(#1522));
#291=EDGE_LOOP('',(#1523,#1524,#1525,#1526));
#292=EDGE_LOOP('',(#1527,#1528,#1529,#1530));
#293=EDGE_LOOP('',(#1531,#1532,#1533,#1534));
#294=EDGE_LOOP('',(#1535));
#295=EDGE_LOOP('',(#1536));
#296=EDGE_LOOP('',(#1537,#1538,#1539,#1540));
#297=EDGE_LOOP('',(#1541,#1542,#1543,#1544));
#298=EDGE_LOOP('',(#1545,#1546,#1547,#1548));
#299=EDGE_LOOP('',(#1549));
#300=EDGE_LOOP('',(#1550));
#301=EDGE_LOOP('',(#1551,#1552,#1553,#1554));
#302=EDGE_LOOP('',(#1555,#1556,#1557,#1558));
#303=EDGE_LOOP('',(#1559,#1560,#1561,#1562));
#304=EDGE_LOOP('',(#1563));
#305=EDGE_LOOP('',(#1564));
#306=EDGE_LOOP('',(#1565,#1566,#1567,#1568));
#307=EDGE_LOOP('',(#1569,#1570,#1571,#1572));
#308=EDGE_LOOP('',(#1573,#1574,#1575,#1576));
#309=EDGE_LOOP('',(#1577,#1578,#1579,#1580));
#310=EDGE_LOOP('',(#1581,#1582,#1583,#1584));
#311=EDGE_LOOP('',(#1585,#1586,#1587,#1588));
#312=EDGE_LOOP('',(#1589,#1590,#1591,#1592));
#313=EDGE_LOOP('',(#1593,#1594,#1595,#1596));
#314=EDGE_LOOP('',(#1597,#1598,#1599,#1600));
#315=EDGE_LOOP('',(#1601,#1602,#1603,#1604));
#316=EDGE_LOOP('',(#1605,#1606,#1607,#1608));
#317=EDGE_LOOP('',(#1609,#1610,#1611,#1612));
#318=EDGE_LOOP('',(#1613,#1614,#1615,#1616));
#319=EDGE_LOOP('',(#1617,#1618,#1619,#1620));
#320=EDGE_LOOP('',(#1621));
#321=EDGE_LOOP('',(#1622,#1623,#1624,#1625));
#322=EDGE_LOOP('',(#1626,#1627,#1628,#1629));
#323=EDGE_LOOP('',(#1630,#1631,#1632,#1633,#1634,#1635,#1636,#1637));
#324=EDGE_LOOP('',(#1638,#1639,#1640,#1641,#1642,#1643,#1644,#1645,#1646,
#1647,#1648,#1649,#1650,#1651));
#325=EDGE_LOOP('',(#1652,#1653,#1654,#1655));
#326=EDGE_LOOP('',(#1656,#1657,#1658,#1659));
#327=EDGE_LOOP('',(#1660,#1661,#1662,#1663));
#328=EDGE_LOOP('',(#1664,#1665,#1666,#1667));
#329=EDGE_LOOP('',(#1668));
#330=EDGE_LOOP('',(#1669,#1670,#1671,#1672));
#331=EDGE_LOOP('',(#1673,#1674,#1675,#1676));
#332=EDGE_LOOP('',(#1677,#1678,#1679,#1680));
#333=EDGE_LOOP('',(#1681,#1682,#1683,#1684));
#334=EDGE_LOOP('',(#1685,#1686,#1687,#1688));
#335=EDGE_LOOP('',(#1689,#1690,#1691,#1692));
#336=EDGE_LOOP('',(#1693,#1694,#1695,#1696));
#337=EDGE_LOOP('',(#1697,#1698,#1699,#1700));
#338=EDGE_LOOP('',(#1701,#1702,#1703,#1704));
#339=EDGE_LOOP('',(#1705,#1706,#1707,#1708));
#340=EDGE_LOOP('',(#1709,#1710,#1711,#1712,#1713,#1714,#1715,#1716));
#341=EDGE_LOOP('',(#1717));
#342=EDGE_LOOP('',(#1718));
#343=EDGE_LOOP('',(#1719,#1720,#1721,#1722,#1723,#1724,#1725,#1726));
#344=EDGE_LOOP('',(#1727));
#345=EDGE_LOOP('',(#1728));
#346=EDGE_LOOP('',(#1729));
#347=EDGE_LOOP('',(#1730));
#348=EDGE_LOOP('',(#1731,#1732,#1733,#1734,#1735,#1736,#1737,#1738));
#349=EDGE_LOOP('',(#1739));
#350=EDGE_LOOP('',(#1740));
#351=EDGE_LOOP('',(#1741,#1742,#1743,#1744,#1745,#1746,#1747,#1748));
#352=EDGE_LOOP('',(#1749));
#353=EDGE_LOOP('',(#1750));
#354=EDGE_LOOP('',(#1751));
#355=EDGE_LOOP('',(#1752));
#356=LINE('',#2566,#555);
#357=LINE('',#2572,#556);
#358=LINE('',#2577,#557);
#359=LINE('',#2579,#558);
#360=LINE('',#2581,#559);
#361=LINE('',#2582,#560);
#362=LINE('',#2588,#561);
#363=LINE('',#2591,#562);
#364=LINE('',#2593,#563);
#365=LINE('',#2594,#564);
#366=LINE('',#2600,#565);
#367=LINE('',#2603,#566);
#368=LINE('',#2605,#567);
#369=LINE('',#2606,#568);
#370=LINE('',#2612,#569);
#371=LINE('',#2615,#570);
#372=LINE('',#2617,#571);
#373=LINE('',#2618,#572);
#374=LINE('',#2626,#573);
#375=LINE('',#2631,#574);
#376=LINE('',#2633,#575);
#377=LINE('',#2635,#576);
#378=LINE('',#2636,#577);
#379=LINE('',#2639,#578);
#380=LINE('',#2641,#579);
#381=LINE('',#2642,#580);
#382=LINE('',#2645,#581);
#383=LINE('',#2647,#582);
#384=LINE('',#2648,#583);
#385=LINE('',#2650,#584);
#386=LINE('',#2651,#585);
#387=LINE('',#2655,#586);
#388=LINE('',#2657,#587);
#389=LINE('',#2659,#588);
#390=LINE('',#2660,#589);
#391=LINE('',#2663,#590);
#392=LINE('',#2665,#591);
#393=LINE('',#2666,#592);
#394=LINE('',#2669,#593);
#395=LINE('',#2671,#594);
#396=LINE('',#2672,#595);
#397=LINE('',#2674,#596);
#398=LINE('',#2675,#597);
#399=LINE('',#2679,#598);
#400=LINE('',#2681,#599);
#401=LINE('',#2683,#600);
#402=LINE('',#2684,#601);
#403=LINE('',#2687,#602);
#404=LINE('',#2689,#603);
#405=LINE('',#2690,#604);
#406=LINE('',#2693,#605);
#407=LINE('',#2695,#606);
#408=LINE('',#2696,#607);
#409=LINE('',#2698,#608);
#410=LINE('',#2699,#609);
#411=LINE('',#2703,#610);
#412=LINE('',#2705,#611);
#413=LINE('',#2707,#612);
#414=LINE('',#2708,#613);
#415=LINE('',#2711,#614);
#416=LINE('',#2713,#615);
#417=LINE('',#2714,#616);
#418=LINE('',#2717,#617);
#419=LINE('',#2719,#618);
#420=LINE('',#2720,#619);
#421=LINE('',#2722,#620);
#422=LINE('',#2723,#621);
#423=LINE('',#2727,#622);
#424=LINE('',#2729,#623);
#425=LINE('',#2731,#624);
#426=LINE('',#2732,#625);
#427=LINE('',#2735,#626);
#428=LINE('',#2737,#627);
#429=LINE('',#2738,#628);
#430=LINE('',#2741,#629);
#431=LINE('',#2743,#630);
#432=LINE('',#2744,#631);
#433=LINE('',#2746,#632);
#434=LINE('',#2747,#633);
#435=LINE('',#2751,#634);
#436=LINE('',#2753,#635);
#437=LINE('',#2755,#636);
#438=LINE('',#2756,#637);
#439=LINE('',#2759,#638);
#440=LINE('',#2761,#639);
#441=LINE('',#2762,#640);
#442=LINE('',#2765,#641);
#443=LINE('',#2767,#642);
#444=LINE('',#2768,#643);
#445=LINE('',#2770,#644);
#446=LINE('',#2772,#645);
#447=LINE('',#2776,#646);
#448=LINE('',#2778,#647);
#449=LINE('',#2780,#648);
#450=LINE('',#2781,#649);
#451=LINE('',#2784,#650);
#452=LINE('',#2786,#651);
#453=LINE('',#2787,#652);
#454=LINE('',#2790,#653);
#455=LINE('',#2792,#654);
#456=LINE('',#2793,#655);
#457=LINE('',#2795,#656);
#458=LINE('',#2797,#657);
#459=LINE('',#2801,#658);
#460=LINE('',#2803,#659);
#461=LINE('',#2805,#660);
#462=LINE('',#2806,#661);
#463=LINE('',#2809,#662);
#464=LINE('',#2811,#663);
#465=LINE('',#2812,#664);
#466=LINE('',#2815,#665);
#467=LINE('',#2817,#666);
#468=LINE('',#2818,#667);
#469=LINE('',#2820,#668);
#470=LINE('',#2822,#669);
#471=LINE('',#2826,#670);
#472=LINE('',#2828,#671);
#473=LINE('',#2830,#672);
#474=LINE('',#2831,#673);
#475=LINE('',#2834,#674);
#476=LINE('',#2836,#675);
#477=LINE('',#2837,#676);
#478=LINE('',#2840,#677);
#479=LINE('',#2842,#678);
#480=LINE('',#2843,#679);
#481=LINE('',#2845,#680);
#482=LINE('',#2847,#681);
#483=LINE('',#2853,#682);
#484=LINE('',#2856,#683);
#485=LINE('',#2859,#684);
#486=LINE('',#2861,#685);
#487=LINE('',#2862,#686);
#488=LINE('',#2865,#687);
#489=LINE('',#2867,#688);
#490=LINE('',#2870,#689);
#491=LINE('',#2873,#690);
#492=LINE('',#2874,#691);
#493=LINE('',#2878,#692);
#494=LINE('',#2879,#693);
#495=LINE('',#2880,#694);
#496=LINE('',#2885,#695);
#497=LINE('',#2887,#696);
#498=LINE('',#2889,#697);
#499=LINE('',#2891,#698);
#500=LINE('',#2892,#699);
#501=LINE('',#2895,#700);
#502=LINE('',#2897,#701);
#503=LINE('',#2899,#702);
#504=LINE('',#2900,#703);
#505=LINE('',#2903,#704);
#506=LINE('',#2905,#705);
#507=LINE('',#2906,#706);
#508=LINE('',#2910,#707);
#509=LINE('',#2915,#708);
#510=LINE('',#2918,#709);
#511=LINE('',#2921,#710);
#512=LINE('',#2922,#711);
#513=LINE('',#2925,#712);
#514=LINE('',#2928,#713);
#515=LINE('',#2933,#714);
#516=LINE('',#2937,#715);
#517=LINE('',#2943,#716);
#518=LINE('',#2950,#717);
#519=LINE('',#2954,#718);
#520=LINE('',#2960,#719);
#521=LINE('',#2967,#720);
#522=LINE('',#2971,#721);
#523=LINE('',#2977,#722);
#524=LINE('',#2984,#723);
#525=LINE('',#2988,#724);
#526=LINE('',#2994,#725);
#527=LINE('',#3000,#726);
#528=LINE('',#3002,#727);
#529=LINE('',#3004,#728);
#530=LINE('',#3005,#729);
#531=LINE('',#3011,#730);
#532=LINE('',#3014,#731);
#533=LINE('',#3016,#732);
#534=LINE('',#3017,#733);
#535=LINE('',#3023,#734);
#536=LINE('',#3026,#735);
#537=LINE('',#3028,#736);
#538=LINE('',#3029,#737);
#539=LINE('',#3041,#738);
#540=LINE('',#3045,#739);
#541=LINE('',#3049,#740);
#542=LINE('',#3052,#741);
#543=LINE('',#3056,#742);
#544=LINE('',#3057,#743);
#545=LINE('',#3058,#744);
#546=LINE('',#3062,#745);
#547=LINE('',#3065,#746);
#548=LINE('',#3066,#747);
#549=LINE('',#3070,#748);
#550=LINE('',#3073,#749);
#551=LINE('',#3074,#750);
#552=LINE('',#3078,#751);
#553=LINE('',#3081,#752);
#554=LINE('',#3082,#753);
#555=VECTOR('',#2054,0.2);
#556=VECTOR('',#2061,0.2);
#557=VECTOR('',#2066,1.);
#558=VECTOR('',#2067,1.);
#559=VECTOR('',#2068,1.);
#560=VECTOR('',#2069,1.);
#561=VECTOR('',#2076,1.);
#562=VECTOR('',#2079,1.);
#563=VECTOR('',#2080,1.);
#564=VECTOR('',#2081,1.);
#565=VECTOR('',#2088,1.);
#566=VECTOR('',#2091,1.);
#567=VECTOR('',#2092,1.);
#568=VECTOR('',#2093,1.);
#569=VECTOR('',#2100,1.);
#570=VECTOR('',#2103,1.);
#571=VECTOR('',#2104,1.);
#572=VECTOR('',#2105,1.);
#573=VECTOR('',#2116,0.325);
#574=VECTOR('',#2121,1.);
#575=VECTOR('',#2122,1.);
#576=VECTOR('',#2123,1.);
#577=VECTOR('',#2124,1.);
#578=VECTOR('',#2127,1.);
#579=VECTOR('',#2128,1.);
#580=VECTOR('',#2129,1.);
#581=VECTOR('',#2132,1.);
#582=VECTOR('',#2133,1.);
#583=VECTOR('',#2134,1.);
#584=VECTOR('',#2137,1.);
#585=VECTOR('',#2138,1.);
#586=VECTOR('',#2141,1.);
#587=VECTOR('',#2142,1.);
#588=VECTOR('',#2143,1.);
#589=VECTOR('',#2144,1.);
#590=VECTOR('',#2147,1.);
#591=VECTOR('',#2148,1.);
#592=VECTOR('',#2149,1.);
#593=VECTOR('',#2152,1.);
#594=VECTOR('',#2153,1.);
#595=VECTOR('',#2154,1.);
#596=VECTOR('',#2157,1.);
#597=VECTOR('',#2158,1.);
#598=VECTOR('',#2161,1.);
#599=VECTOR('',#2162,1.);
#600=VECTOR('',#2163,1.);
#601=VECTOR('',#2164,1.);
#602=VECTOR('',#2167,1.);
#603=VECTOR('',#2168,1.);
#604=VECTOR('',#2169,1.);
#605=VECTOR('',#2172,1.);
#606=VECTOR('',#2173,1.);
#607=VECTOR('',#2174,1.);
#608=VECTOR('',#2177,1.);
#609=VECTOR('',#2178,1.);
#610=VECTOR('',#2181,1.);
#611=VECTOR('',#2182,1.);
#612=VECTOR('',#2183,1.);
#613=VECTOR('',#2184,1.);
#614=VECTOR('',#2187,1.);
#615=VECTOR('',#2188,1.);
#616=VECTOR('',#2189,1.);
#617=VECTOR('',#2192,1.);
#618=VECTOR('',#2193,1.);
#619=VECTOR('',#2194,1.);
#620=VECTOR('',#2197,1.);
#621=VECTOR('',#2198,1.);
#622=VECTOR('',#2201,1.);
#623=VECTOR('',#2202,1.);
#624=VECTOR('',#2203,1.);
#625=VECTOR('',#2204,1.);
#626=VECTOR('',#2207,1.);
#627=VECTOR('',#2208,1.);
#628=VECTOR('',#2209,1.);
#629=VECTOR('',#2212,1.);
#630=VECTOR('',#2213,1.);
#631=VECTOR('',#2214,1.);
#632=VECTOR('',#2217,1.);
#633=VECTOR('',#2218,1.);
#634=VECTOR('',#2221,1.);
#635=VECTOR('',#2222,1.);
#636=VECTOR('',#2223,1.);
#637=VECTOR('',#2224,1.);
#638=VECTOR('',#2227,1.);
#639=VECTOR('',#2228,1.);
#640=VECTOR('',#2229,1.);
#641=VECTOR('',#2232,1.);
#642=VECTOR('',#2233,1.);
#643=VECTOR('',#2234,1.);
#644=VECTOR('',#2237,1.);
#645=VECTOR('',#2240,1.);
#646=VECTOR('',#2243,1.);
#647=VECTOR('',#2244,1.);
#648=VECTOR('',#2245,1.);
#649=VECTOR('',#2246,1.);
#650=VECTOR('',#2249,1.);
#651=VECTOR('',#2250,1.);
#652=VECTOR('',#2251,1.);
#653=VECTOR('',#2254,1.);
#654=VECTOR('',#2255,1.);
#655=VECTOR('',#2256,1.);
#656=VECTOR('',#2259,1.);
#657=VECTOR('',#2262,1.);
#658=VECTOR('',#2265,1.);
#659=VECTOR('',#2266,1.);
#660=VECTOR('',#2267,1.);
#661=VECTOR('',#2268,1.);
#662=VECTOR('',#2271,1.);
#663=VECTOR('',#2272,1.);
#664=VECTOR('',#2273,1.);
#665=VECTOR('',#2276,1.);
#666=VECTOR('',#2277,1.);
#667=VECTOR('',#2278,1.);
#668=VECTOR('',#2281,1.);
#669=VECTOR('',#2284,1.);
#670=VECTOR('',#2287,1.);
#671=VECTOR('',#2288,1.);
#672=VECTOR('',#2289,1.);
#673=VECTOR('',#2290,1.);
#674=VECTOR('',#2293,1.);
#675=VECTOR('',#2294,1.);
#676=VECTOR('',#2295,1.);
#677=VECTOR('',#2298,1.);
#678=VECTOR('',#2299,1.);
#679=VECTOR('',#2300,1.);
#680=VECTOR('',#2303,1.);
#681=VECTOR('',#2306,1.);
#682=VECTOR('',#2311,1.);
#683=VECTOR('',#2314,1.);
#684=VECTOR('',#2317,1.);
#685=VECTOR('',#2318,1.);
#686=VECTOR('',#2319,1.);
#687=VECTOR('',#2322,1.);
#688=VECTOR('',#2323,1.);
#689=VECTOR('',#2326,1.);
#690=VECTOR('',#2329,1.);
#691=VECTOR('',#2330,1.);
#692=VECTOR('',#2333,1.);
#693=VECTOR('',#2334,1.);
#694=VECTOR('',#2335,1.);
#695=VECTOR('',#2342,1.);
#696=VECTOR('',#2343,1.);
#697=VECTOR('',#2344,1.);
#698=VECTOR('',#2345,1.);
#699=VECTOR('',#2346,1.);
#700=VECTOR('',#2347,1.);
#701=VECTOR('',#2348,1.);
#702=VECTOR('',#2349,1.);
#703=VECTOR('',#2350,1.);
#704=VECTOR('',#2353,1.);
#705=VECTOR('',#2354,1.);
#706=VECTOR('',#2355,1.);
#707=VECTOR('',#2358,1.);
#708=VECTOR('',#2365,1.);
#709=VECTOR('',#2368,1.);
#710=VECTOR('',#2371,1.);
#711=VECTOR('',#2372,1.);
#712=VECTOR('',#2375,1.);
#713=VECTOR('',#2380,1.);
#714=VECTOR('',#2385,0.311);
#715=VECTOR('',#2390,0.17);
#716=VECTOR('',#2397,0.32);
#717=VECTOR('',#2406,0.311);
#718=VECTOR('',#2411,0.17);
#719=VECTOR('',#2418,0.32);
#720=VECTOR('',#2427,0.311);
#721=VECTOR('',#2432,0.17);
#722=VECTOR('',#2439,0.32);
#723=VECTOR('',#2448,0.311);
#724=VECTOR('',#2453,0.17);
#725=VECTOR('',#2460,0.32);
#726=VECTOR('',#2467,1.);
#727=VECTOR('',#2468,1.);
#728=VECTOR('',#2469,1.);
#729=VECTOR('',#2470,1.);
#730=VECTOR('',#2477,1.);
#731=VECTOR('',#2480,1.);
#732=VECTOR('',#2481,1.);
#733=VECTOR('',#2482,1.);
#734=VECTOR('',#2489,1.);
#735=VECTOR('',#2492,1.);
#736=VECTOR('',#2493,1.);
#737=VECTOR('',#2494,1.);
#738=VECTOR('',#2511,1.);
#739=VECTOR('',#2514,1.);
#740=VECTOR('',#2517,1.);
#741=VECTOR('',#2520,1.);
#742=VECTOR('',#2523,1.);
#743=VECTOR('',#2524,1.);
#744=VECTOR('',#2525,1.);
#745=VECTOR('',#2530,1.);
#746=VECTOR('',#2533,1.);
#747=VECTOR('',#2534,1.);
#748=VECTOR('',#2539,1.);
#749=VECTOR('',#2542,1.);
#750=VECTOR('',#2543,1.);
#751=VECTOR('',#2548,1.);
#752=VECTOR('',#2551,1.);
#753=VECTOR('',#2552,1.);
#754=CIRCLE('',#1893,0.2);
#755=CIRCLE('',#1894,0.2);
#756=CIRCLE('',#1896,0.2);
#757=CIRCLE('',#1897,0.2);
#758=CIRCLE('',#1900,0.12);
#759=CIRCLE('',#1901,0.12);
#760=CIRCLE('',#1904,0.12);
#761=CIRCLE('',#1905,0.12);
#762=CIRCLE('',#1908,0.12);
#763=CIRCLE('',#1909,0.12);
#764=CIRCLE('',#1912,0.12);
#765=CIRCLE('',#1913,0.12);
#766=CIRCLE('',#1915,0.325);
#767=CIRCLE('',#1916,0.325);
#768=CIRCLE('',#1958,0.0300000000000002);
#769=CIRCLE('',#1959,0.0300000000000002);
#770=CIRCLE('',#1962,0.03);
#771=CIRCLE('',#1966,0.03);
#772=CIRCLE('',#1970,0.1);
#773=CIRCLE('',#1971,0.1);
#774=CIRCLE('',#1973,0.1);
#775=CIRCLE('',#1976,0.1);
#776=CIRCLE('',#1979,0.31);
#777=CIRCLE('',#1980,0.17);
#778=CIRCLE('',#1982,0.17);
#779=CIRCLE('',#1984,0.32);
#780=CIRCLE('',#1985,0.32);
#781=CIRCLE('',#1988,0.31);
#782=CIRCLE('',#1989,0.17);
#783=CIRCLE('',#1991,0.17);
#784=CIRCLE('',#1993,0.32);
#785=CIRCLE('',#1994,0.32);
#786=CIRCLE('',#1997,0.31);
#787=CIRCLE('',#1998,0.17);
#788=CIRCLE('',#2000,0.17);
#789=CIRCLE('',#2002,0.32);
#790=CIRCLE('',#2003,0.32);
#791=CIRCLE('',#2006,0.31);
#792=CIRCLE('',#2007,0.17);
#793=CIRCLE('',#2009,0.17);
#794=CIRCLE('',#2011,0.32);
#795=CIRCLE('',#2012,0.32);
#796=CIRCLE('',#2016,0.12);
#797=CIRCLE('',#2017,0.12);
#798=CIRCLE('',#2020,0.12);
#799=CIRCLE('',#2021,0.12);
#800=CIRCLE('',#2024,0.12);
#801=CIRCLE('',#2025,0.12);
#802=CIRCLE('',#2027,0.12);
#803=CIRCLE('',#2028,0.12);
#804=CIRCLE('',#2030,0.3);
#805=CIRCLE('',#2031,0.3);
#806=CIRCLE('',#2032,0.3);
#807=CIRCLE('',#2033,0.3);
#808=CIRCLE('',#2036,0.3);
#809=CIRCLE('',#2039,0.3);
#810=CIRCLE('',#2042,0.3);
#811=CIRCLE('',#2045,0.3);
#812=VERTEX_POINT('',#2563);
#813=VERTEX_POINT('',#2565);
#814=VERTEX_POINT('',#2569);
#815=VERTEX_POINT('',#2571);
#816=VERTEX_POINT('',#2575);
#817=VERTEX_POINT('',#2576);
#818=VERTEX_POINT('',#2578);
#819=VERTEX_POINT('',#2580);
#820=VERTEX_POINT('',#2584);
#821=VERTEX_POINT('',#2586);
#822=VERTEX_POINT('',#2590);
#823=VERTEX_POINT('',#2592);
#824=VERTEX_POINT('',#2596);
#825=VERTEX_POINT('',#2598);
#826=VERTEX_POINT('',#2602);
#827=VERTEX_POINT('',#2604);
#828=VERTEX_POINT('',#2608);
#829=VERTEX_POINT('',#2610);
#830=VERTEX_POINT('',#2614);
#831=VERTEX_POINT('',#2616);
#832=VERTEX_POINT('',#2623);
#833=VERTEX_POINT('',#2625);
#834=VERTEX_POINT('',#2629);
#835=VERTEX_POINT('',#2630);
#836=VERTEX_POINT('',#2632);
#837=VERTEX_POINT('',#2634);
#838=VERTEX_POINT('',#2638);
#839=VERTEX_POINT('',#2640);
#840=VERTEX_POINT('',#2644);
#841=VERTEX_POINT('',#2646);
#842=VERTEX_POINT('',#2653);
#843=VERTEX_POINT('',#2654);
#844=VERTEX_POINT('',#2656);
#845=VERTEX_POINT('',#2658);
#846=VERTEX_POINT('',#2662);
#847=VERTEX_POINT('',#2664);
#848=VERTEX_POINT('',#2668);
#849=VERTEX_POINT('',#2670);
#850=VERTEX_POINT('',#2677);
#851=VERTEX_POINT('',#2678);
#852=VERTEX_POINT('',#2680);
#853=VERTEX_POINT('',#2682);
#854=VERTEX_POINT('',#2686);
#855=VERTEX_POINT('',#2688);
#856=VERTEX_POINT('',#2692);
#857=VERTEX_POINT('',#2694);
#858=VERTEX_POINT('',#2701);
#859=VERTEX_POINT('',#2702);
#860=VERTEX_POINT('',#2704);
#861=VERTEX_POINT('',#2706);
#862=VERTEX_POINT('',#2710);
#863=VERTEX_POINT('',#2712);
#864=VERTEX_POINT('',#2716);
#865=VERTEX_POINT('',#2718);
#866=VERTEX_POINT('',#2725);
#867=VERTEX_POINT('',#2726);
#868=VERTEX_POINT('',#2728);
#869=VERTEX_POINT('',#2730);
#870=VERTEX_POINT('',#2734);
#871=VERTEX_POINT('',#2736);
#872=VERTEX_POINT('',#2740);
#873=VERTEX_POINT('',#2742);
#874=VERTEX_POINT('',#2749);
#875=VERTEX_POINT('',#2750);
#876=VERTEX_POINT('',#2752);
#877=VERTEX_POINT('',#2754);
#878=VERTEX_POINT('',#2758);
#879=VERTEX_POINT('',#2760);
#880=VERTEX_POINT('',#2764);
#881=VERTEX_POINT('',#2766);
#882=VERTEX_POINT('',#2774);
#883=VERTEX_POINT('',#2775);
#884=VERTEX_POINT('',#2777);
#885=VERTEX_POINT('',#2779);
#886=VERTEX_POINT('',#2783);
#887=VERTEX_POINT('',#2785);
#888=VERTEX_POINT('',#2789);
#889=VERTEX_POINT('',#2791);
#890=VERTEX_POINT('',#2799);
#891=VERTEX_POINT('',#2800);
#892=VERTEX_POINT('',#2802);
#893=VERTEX_POINT('',#2804);
#894=VERTEX_POINT('',#2808);
#895=VERTEX_POINT('',#2810);
#896=VERTEX_POINT('',#2814);
#897=VERTEX_POINT('',#2816);
#898=VERTEX_POINT('',#2824);
#899=VERTEX_POINT('',#2825);
#900=VERTEX_POINT('',#2827);
#901=VERTEX_POINT('',#2829);
#902=VERTEX_POINT('',#2833);
#903=VERTEX_POINT('',#2835);
#904=VERTEX_POINT('',#2839);
#905=VERTEX_POINT('',#2841);
#906=VERTEX_POINT('',#2849);
#907=VERTEX_POINT('',#2850);
#908=VERTEX_POINT('',#2852);
#909=VERTEX_POINT('',#2854);
#910=VERTEX_POINT('',#2858);
#911=VERTEX_POINT('',#2860);
#912=VERTEX_POINT('',#2864);
#913=VERTEX_POINT('',#2866);
#914=VERTEX_POINT('',#2868);
#915=VERTEX_POINT('',#2872);
#916=VERTEX_POINT('',#2876);
#917=VERTEX_POINT('',#2877);
#918=VERTEX_POINT('',#2884);
#919=VERTEX_POINT('',#2886);
#920=VERTEX_POINT('',#2888);
#921=VERTEX_POINT('',#2890);
#922=VERTEX_POINT('',#2893);
#923=VERTEX_POINT('',#2894);
#924=VERTEX_POINT('',#2896);
#925=VERTEX_POINT('',#2898);
#926=VERTEX_POINT('',#2902);
#927=VERTEX_POINT('',#2904);
#928=VERTEX_POINT('',#2908);
#929=VERTEX_POINT('',#2909);
#930=VERTEX_POINT('',#2914);
#931=VERTEX_POINT('',#2916);
#932=VERTEX_POINT('',#2920);
#933=VERTEX_POINT('',#2924);
#934=VERTEX_POINT('',#2930);
#935=VERTEX_POINT('',#2932);
#936=VERTEX_POINT('',#2936);
#937=VERTEX_POINT('',#2940);
#938=VERTEX_POINT('',#2942);
#939=VERTEX_POINT('',#2947);
#940=VERTEX_POINT('',#2949);
#941=VERTEX_POINT('',#2953);
#942=VERTEX_POINT('',#2957);
#943=VERTEX_POINT('',#2959);
#944=VERTEX_POINT('',#2964);
#945=VERTEX_POINT('',#2966);
#946=VERTEX_POINT('',#2970);
#947=VERTEX_POINT('',#2974);
#948=VERTEX_POINT('',#2976);
#949=VERTEX_POINT('',#2981);
#950=VERTEX_POINT('',#2983);
#951=VERTEX_POINT('',#2987);
#952=VERTEX_POINT('',#2991);
#953=VERTEX_POINT('',#2993);
#954=VERTEX_POINT('',#2998);
#955=VERTEX_POINT('',#2999);
#956=VERTEX_POINT('',#3001);
#957=VERTEX_POINT('',#3003);
#958=VERTEX_POINT('',#3007);
#959=VERTEX_POINT('',#3009);
#960=VERTEX_POINT('',#3013);
#961=VERTEX_POINT('',#3015);
#962=VERTEX_POINT('',#3019);
#963=VERTEX_POINT('',#3021);
#964=VERTEX_POINT('',#3025);
#965=VERTEX_POINT('',#3027);
#966=VERTEX_POINT('',#3037);
#967=VERTEX_POINT('',#3038);
#968=VERTEX_POINT('',#3040);
#969=VERTEX_POINT('',#3042);
#970=VERTEX_POINT('',#3044);
#971=VERTEX_POINT('',#3046);
#972=VERTEX_POINT('',#3048);
#973=VERTEX_POINT('',#3050);
#974=VERTEX_POINT('',#3054);
#975=VERTEX_POINT('',#3055);
#976=VERTEX_POINT('',#3060);
#977=VERTEX_POINT('',#3064);
#978=VERTEX_POINT('',#3068);
#979=VERTEX_POINT('',#3072);
#980=VERTEX_POINT('',#3076);
#981=VERTEX_POINT('',#3080);
#982=EDGE_CURVE('',#812,#812,#754,.T.);
#983=EDGE_CURVE('',#812,#813,#356,.T.);
#984=EDGE_CURVE('',#813,#813,#755,.T.);
#985=EDGE_CURVE('',#814,#814,#756,.T.);
#986=EDGE_CURVE('',#814,#815,#357,.T.);
#987=EDGE_CURVE('',#815,#815,#757,.T.);
#988=EDGE_CURVE('',#816,#817,#358,.T.);
#989=EDGE_CURVE('',#818,#816,#359,.T.);
#990=EDGE_CURVE('',#819,#818,#360,.T.);
#991=EDGE_CURVE('',#819,#817,#361,.T.);
#992=EDGE_CURVE('',#817,#820,#758,.T.);
#993=EDGE_CURVE('',#821,#819,#759,.T.);
#994=EDGE_CURVE('',#821,#820,#362,.T.);
#995=EDGE_CURVE('',#820,#822,#363,.T.);
#996=EDGE_CURVE('',#823,#821,#364,.T.);
#997=EDGE_CURVE('',#823,#822,#365,.T.);
#998=EDGE_CURVE('',#822,#824,#760,.T.);
#999=EDGE_CURVE('',#825,#823,#761,.T.);
#1000=EDGE_CURVE('',#825,#824,#366,.T.);
#1001=EDGE_CURVE('',#824,#826,#367,.T.);
#1002=EDGE_CURVE('',#827,#825,#368,.T.);
#1003=EDGE_CURVE('',#827,#826,#369,.T.);
#1004=EDGE_CURVE('',#826,#828,#762,.T.);
#1005=EDGE_CURVE('',#829,#827,#763,.T.);
#1006=EDGE_CURVE('',#829,#828,#370,.T.);
#1007=EDGE_CURVE('',#828,#830,#371,.T.);
#1008=EDGE_CURVE('',#831,#829,#372,.T.);
#1009=EDGE_CURVE('',#831,#830,#373,.T.);
#1010=EDGE_CURVE('',#830,#816,#764,.T.);
#1011=EDGE_CURVE('',#818,#831,#765,.T.);
#1012=EDGE_CURVE('',#832,#832,#766,.T.);
#1013=EDGE_CURVE('',#832,#833,#374,.T.);
#1014=EDGE_CURVE('',#833,#833,#767,.T.);
#1015=EDGE_CURVE('',#834,#835,#375,.T.);
#1016=EDGE_CURVE('',#836,#834,#376,.T.);
#1017=EDGE_CURVE('',#837,#836,#377,.T.);
#1018=EDGE_CURVE('',#837,#835,#378,.T.);
#1019=EDGE_CURVE('',#835,#838,#379,.T.);
#1020=EDGE_CURVE('',#839,#837,#380,.T.);
#1021=EDGE_CURVE('',#838,#839,#381,.T.);
#1022=EDGE_CURVE('',#838,#840,#382,.T.);
#1023=EDGE_CURVE('',#841,#839,#383,.T.);
#1024=EDGE_CURVE('',#840,#841,#384,.T.);
#1025=EDGE_CURVE('',#840,#834,#385,.T.);
#1026=EDGE_CURVE('',#836,#841,#386,.T.);
#1027=EDGE_CURVE('',#842,#843,#387,.T.);
#1028=EDGE_CURVE('',#844,#842,#388,.T.);
#1029=EDGE_CURVE('',#845,#844,#389,.T.);
#1030=EDGE_CURVE('',#845,#843,#390,.T.);
#1031=EDGE_CURVE('',#843,#846,#391,.T.);
#1032=EDGE_CURVE('',#847,#845,#392,.T.);
#1033=EDGE_CURVE('',#846,#847,#393,.T.);
#1034=EDGE_CURVE('',#846,#848,#394,.T.);
#1035=EDGE_CURVE('',#849,#847,#395,.T.);
#1036=EDGE_CURVE('',#848,#849,#396,.T.);
#1037=EDGE_CURVE('',#848,#842,#397,.T.);
#1038=EDGE_CURVE('',#844,#849,#398,.T.);
#1039=EDGE_CURVE('',#850,#851,#399,.T.);
#1040=EDGE_CURVE('',#852,#850,#400,.T.);
#1041=EDGE_CURVE('',#853,#852,#401,.T.);
#1042=EDGE_CURVE('',#853,#851,#402,.T.);
#1043=EDGE_CURVE('',#851,#854,#403,.T.);
#1044=EDGE_CURVE('',#855,#853,#404,.T.);
#1045=EDGE_CURVE('',#854,#855,#405,.T.);
#1046=EDGE_CURVE('',#854,#856,#406,.T.);
#1047=EDGE_CURVE('',#857,#855,#407,.T.);
#1048=EDGE_CURVE('',#856,#857,#408,.T.);
#1049=EDGE_CURVE('',#856,#850,#409,.T.);
#1050=EDGE_CURVE('',#852,#857,#410,.T.);
#1051=EDGE_CURVE('',#858,#859,#411,.T.);
#1052=EDGE_CURVE('',#860,#858,#412,.T.);
#1053=EDGE_CURVE('',#861,#860,#413,.T.);
#1054=EDGE_CURVE('',#861,#859,#414,.T.);
#1055=EDGE_CURVE('',#859,#862,#415,.T.);
#1056=EDGE_CURVE('',#863,#861,#416,.T.);
#1057=EDGE_CURVE('',#862,#863,#417,.T.);
#1058=EDGE_CURVE('',#862,#864,#418,.T.);
#1059=EDGE_CURVE('',#865,#863,#419,.T.);
#1060=EDGE_CURVE('',#864,#865,#420,.T.);
#1061=EDGE_CURVE('',#864,#858,#421,.T.);
#1062=EDGE_CURVE('',#860,#865,#422,.T.);
#1063=EDGE_CURVE('',#866,#867,#423,.T.);
#1064=EDGE_CURVE('',#868,#866,#424,.T.);
#1065=EDGE_CURVE('',#869,#868,#425,.T.);
#1066=EDGE_CURVE('',#869,#867,#426,.T.);
#1067=EDGE_CURVE('',#867,#870,#427,.T.);
#1068=EDGE_CURVE('',#871,#869,#428,.T.);
#1069=EDGE_CURVE('',#870,#871,#429,.T.);
#1070=EDGE_CURVE('',#870,#872,#430,.T.);
#1071=EDGE_CURVE('',#873,#871,#431,.T.);
#1072=EDGE_CURVE('',#872,#873,#432,.T.);
#1073=EDGE_CURVE('',#872,#866,#433,.T.);
#1074=EDGE_CURVE('',#868,#873,#434,.T.);
#1075=EDGE_CURVE('',#874,#875,#435,.T.);
#1076=EDGE_CURVE('',#876,#875,#436,.T.);
#1077=EDGE_CURVE('',#877,#876,#437,.T.);
#1078=EDGE_CURVE('',#874,#877,#438,.T.);
#1079=EDGE_CURVE('',#878,#874,#439,.T.);
#1080=EDGE_CURVE('',#879,#877,#440,.T.);
#1081=EDGE_CURVE('',#878,#879,#441,.T.);
#1082=EDGE_CURVE('',#880,#878,#442,.T.);
#1083=EDGE_CURVE('',#881,#879,#443,.T.);
#1084=EDGE_CURVE('',#880,#881,#444,.T.);
#1085=EDGE_CURVE('',#881,#876,#445,.T.);
#1086=EDGE_CURVE('',#875,#880,#446,.T.);
#1087=EDGE_CURVE('',#882,#883,#447,.T.);
#1088=EDGE_CURVE('',#883,#884,#448,.T.);
#1089=EDGE_CURVE('',#885,#884,#449,.T.);
#1090=EDGE_CURVE('',#882,#885,#450,.T.);
#1091=EDGE_CURVE('',#886,#882,#451,.T.);
#1092=EDGE_CURVE('',#887,#885,#452,.T.);
#1093=EDGE_CURVE('',#886,#887,#453,.T.);
#1094=EDGE_CURVE('',#883,#888,#454,.T.);
#1095=EDGE_CURVE('',#889,#888,#455,.T.);
#1096=EDGE_CURVE('',#884,#889,#456,.T.);
#1097=EDGE_CURVE('',#887,#889,#457,.T.);
#1098=EDGE_CURVE('',#888,#886,#458,.T.);
#1099=EDGE_CURVE('',#890,#891,#459,.T.);
#1100=EDGE_CURVE('',#892,#891,#460,.T.);
#1101=EDGE_CURVE('',#893,#892,#461,.T.);
#1102=EDGE_CURVE('',#890,#893,#462,.T.);
#1103=EDGE_CURVE('',#894,#890,#463,.T.);
#1104=EDGE_CURVE('',#895,#893,#464,.T.);
#1105=EDGE_CURVE('',#894,#895,#465,.T.);
#1106=EDGE_CURVE('',#896,#894,#466,.T.);
#1107=EDGE_CURVE('',#897,#895,#467,.T.);
#1108=EDGE_CURVE('',#896,#897,#468,.T.);
#1109=EDGE_CURVE('',#897,#892,#469,.T.);
#1110=EDGE_CURVE('',#891,#896,#470,.T.);
#1111=EDGE_CURVE('',#898,#899,#471,.T.);
#1112=EDGE_CURVE('',#899,#900,#472,.T.);
#1113=EDGE_CURVE('',#901,#900,#473,.T.);
#1114=EDGE_CURVE('',#898,#901,#474,.T.);
#1115=EDGE_CURVE('',#902,#898,#475,.T.);
#1116=EDGE_CURVE('',#903,#901,#476,.T.);
#1117=EDGE_CURVE('',#902,#903,#477,.T.);
#1118=EDGE_CURVE('',#899,#904,#478,.T.);
#1119=EDGE_CURVE('',#905,#904,#479,.T.);
#1120=EDGE_CURVE('',#900,#905,#480,.T.);
#1121=EDGE_CURVE('',#903,#905,#481,.T.);
#1122=EDGE_CURVE('',#904,#902,#482,.T.);
#1123=EDGE_CURVE('',#906,#907,#768,.T.);
#1124=EDGE_CURVE('',#908,#906,#483,.T.);
#1125=EDGE_CURVE('',#909,#908,#769,.T.);
#1126=EDGE_CURVE('',#909,#907,#484,.T.);
#1127=EDGE_CURVE('',#907,#910,#485,.T.);
#1128=EDGE_CURVE('',#911,#909,#486,.T.);
#1129=EDGE_CURVE('',#910,#911,#487,.T.);
#1130=EDGE_CURVE('',#911,#912,#488,.T.);
#1131=EDGE_CURVE('',#908,#913,#489,.T.);
#1132=EDGE_CURVE('',#913,#914,#770,.T.);
#1133=EDGE_CURVE('',#914,#912,#490,.T.);
#1134=EDGE_CURVE('',#915,#906,#491,.T.);
#1135=EDGE_CURVE('',#913,#915,#492,.T.);
#1136=EDGE_CURVE('',#916,#917,#493,.T.);
#1137=EDGE_CURVE('',#912,#916,#494,.T.);
#1138=EDGE_CURVE('',#914,#917,#495,.T.);
#1139=EDGE_CURVE('',#917,#915,#771,.T.);
#1140=EDGE_CURVE('',#918,#916,#496,.T.);
#1141=EDGE_CURVE('',#919,#918,#497,.T.);
#1142=EDGE_CURVE('',#920,#919,#498,.T.);
#1143=EDGE_CURVE('',#920,#921,#499,.T.);
#1144=EDGE_CURVE('',#910,#921,#500,.T.);
#1145=EDGE_CURVE('',#922,#923,#501,.T.);
#1146=EDGE_CURVE('',#923,#924,#502,.T.);
#1147=EDGE_CURVE('',#924,#925,#503,.T.);
#1148=EDGE_CURVE('',#925,#922,#504,.T.);
#1149=EDGE_CURVE('',#924,#926,#505,.T.);
#1150=EDGE_CURVE('',#927,#926,#506,.T.);
#1151=EDGE_CURVE('',#925,#927,#507,.T.);
#1152=EDGE_CURVE('',#928,#929,#508,.T.);
#1153=EDGE_CURVE('',#927,#928,#772,.T.);
#1154=EDGE_CURVE('',#926,#929,#773,.T.);
#1155=EDGE_CURVE('',#930,#928,#509,.T.);
#1156=EDGE_CURVE('',#930,#931,#774,.T.);
#1157=EDGE_CURVE('',#931,#922,#510,.T.);
#1158=EDGE_CURVE('',#931,#932,#511,.T.);
#1159=EDGE_CURVE('',#932,#923,#512,.T.);
#1160=EDGE_CURVE('',#933,#930,#513,.T.);
#1161=EDGE_CURVE('',#933,#932,#775,.T.);
#1162=EDGE_CURVE('',#929,#933,#514,.T.);
#1163=EDGE_CURVE('',#934,#934,#776,.T.);
#1164=EDGE_CURVE('',#934,#935,#515,.T.);
#1165=EDGE_CURVE('',#935,#935,#777,.T.);
#1166=EDGE_CURVE('',#935,#936,#516,.T.);
#1167=EDGE_CURVE('',#936,#936,#778,.T.);
#1168=EDGE_CURVE('',#937,#937,#779,.T.);
#1169=EDGE_CURVE('',#937,#938,#517,.T.);
#1170=EDGE_CURVE('',#938,#938,#780,.T.);
#1171=EDGE_CURVE('',#939,#939,#781,.T.);
#1172=EDGE_CURVE('',#939,#940,#518,.T.);
#1173=EDGE_CURVE('',#940,#940,#782,.T.);
#1174=EDGE_CURVE('',#940,#941,#519,.T.);
#1175=EDGE_CURVE('',#941,#941,#783,.T.);
#1176=EDGE_CURVE('',#942,#942,#784,.T.);
#1177=EDGE_CURVE('',#942,#943,#520,.T.);
#1178=EDGE_CURVE('',#943,#943,#785,.T.);
#1179=EDGE_CURVE('',#944,#944,#786,.T.);
#1180=EDGE_CURVE('',#944,#945,#521,.T.);
#1181=EDGE_CURVE('',#945,#945,#787,.T.);
#1182=EDGE_CURVE('',#945,#946,#522,.T.);
#1183=EDGE_CURVE('',#946,#946,#788,.T.);
#1184=EDGE_CURVE('',#947,#947,#789,.T.);
#1185=EDGE_CURVE('',#947,#948,#523,.T.);
#1186=EDGE_CURVE('',#948,#948,#790,.T.);
#1187=EDGE_CURVE('',#949,#949,#791,.T.);
#1188=EDGE_CURVE('',#949,#950,#524,.T.);
#1189=EDGE_CURVE('',#950,#950,#792,.T.);
#1190=EDGE_CURVE('',#950,#951,#525,.T.);
#1191=EDGE_CURVE('',#951,#951,#793,.T.);
#1192=EDGE_CURVE('',#952,#952,#794,.T.);
#1193=EDGE_CURVE('',#952,#953,#526,.T.);
#1194=EDGE_CURVE('',#953,#953,#795,.T.);
#1195=EDGE_CURVE('',#954,#955,#527,.T.);
#1196=EDGE_CURVE('',#954,#956,#528,.T.);
#1197=EDGE_CURVE('',#957,#956,#529,.T.);
#1198=EDGE_CURVE('',#955,#957,#530,.T.);
#1199=EDGE_CURVE('',#955,#958,#796,.T.);
#1200=EDGE_CURVE('',#959,#957,#797,.T.);
#1201=EDGE_CURVE('',#958,#959,#531,.T.);
#1202=EDGE_CURVE('',#958,#960,#532,.T.);
#1203=EDGE_CURVE('',#961,#959,#533,.T.);
#1204=EDGE_CURVE('',#960,#961,#534,.T.);
#1205=EDGE_CURVE('',#960,#962,#798,.T.);
#1206=EDGE_CURVE('',#963,#961,#799,.T.);
#1207=EDGE_CURVE('',#962,#963,#535,.T.);
#1208=EDGE_CURVE('',#962,#964,#536,.T.);
#1209=EDGE_CURVE('',#965,#963,#537,.T.);
#1210=EDGE_CURVE('',#964,#965,#538,.T.);
#1211=EDGE_CURVE('',#964,#920,#800,.T.);
#1212=EDGE_CURVE('',#921,#965,#801,.T.);
#1213=EDGE_CURVE('',#919,#954,#802,.T.);
#1214=EDGE_CURVE('',#956,#918,#803,.T.);
#1215=EDGE_CURVE('',#966,#967,#804,.T.);
#1216=EDGE_CURVE('',#967,#968,#539,.T.);
#1217=EDGE_CURVE('',#968,#969,#805,.T.);
#1218=EDGE_CURVE('',#969,#970,#540,.T.);
#1219=EDGE_CURVE('',#970,#971,#806,.T.);
#1220=EDGE_CURVE('',#971,#972,#541,.T.);
#1221=EDGE_CURVE('',#972,#973,#807,.T.);
#1222=EDGE_CURVE('',#973,#966,#542,.T.);
#1223=EDGE_CURVE('',#974,#975,#543,.T.);
#1224=EDGE_CURVE('',#975,#966,#544,.T.);
#1225=EDGE_CURVE('',#974,#973,#545,.T.);
#1226=EDGE_CURVE('',#976,#974,#808,.T.);
#1227=EDGE_CURVE('',#976,#972,#546,.T.);
#1228=EDGE_CURVE('',#977,#976,#547,.T.);
#1229=EDGE_CURVE('',#977,#971,#548,.T.);
#1230=EDGE_CURVE('',#978,#977,#809,.T.);
#1231=EDGE_CURVE('',#978,#970,#549,.T.);
#1232=EDGE_CURVE('',#979,#978,#550,.T.);
#1233=EDGE_CURVE('',#979,#969,#551,.T.);
#1234=EDGE_CURVE('',#980,#979,#810,.T.);
#1235=EDGE_CURVE('',#980,#968,#552,.T.);
#1236=EDGE_CURVE('',#981,#980,#553,.T.);
#1237=EDGE_CURVE('',#981,#967,#554,.T.);
#1238=EDGE_CURVE('',#975,#981,#811,.T.);
#1239=ORIENTED_EDGE('',*,*,#982,.F.);
#1240=ORIENTED_EDGE('',*,*,#983,.T.);
#1241=ORIENTED_EDGE('',*,*,#984,.F.);
#1242=ORIENTED_EDGE('',*,*,#983,.F.);
#1243=ORIENTED_EDGE('',*,*,#985,.F.);
#1244=ORIENTED_EDGE('',*,*,#986,.T.);
#1245=ORIENTED_EDGE('',*,*,#987,.F.);
#1246=ORIENTED_EDGE('',*,*,#986,.F.);
#1247=ORIENTED_EDGE('',*,*,#988,.F.);
#1248=ORIENTED_EDGE('',*,*,#989,.F.);
#1249=ORIENTED_EDGE('',*,*,#990,.F.);
#1250=ORIENTED_EDGE('',*,*,#991,.T.);
#1251=ORIENTED_EDGE('',*,*,#992,.F.);
#1252=ORIENTED_EDGE('',*,*,#991,.F.);
#1253=ORIENTED_EDGE('',*,*,#993,.F.);
#1254=ORIENTED_EDGE('',*,*,#994,.T.);
#1255=ORIENTED_EDGE('',*,*,#995,.F.);
#1256=ORIENTED_EDGE('',*,*,#994,.F.);
#1257=ORIENTED_EDGE('',*,*,#996,.F.);
#1258=ORIENTED_EDGE('',*,*,#997,.T.);
#1259=ORIENTED_EDGE('',*,*,#998,.F.);
#1260=ORIENTED_EDGE('',*,*,#997,.F.);
#1261=ORIENTED_EDGE('',*,*,#999,.F.);
#1262=ORIENTED_EDGE('',*,*,#1000,.T.);
#1263=ORIENTED_EDGE('',*,*,#1001,.F.);
#1264=ORIENTED_EDGE('',*,*,#1000,.F.);
#1265=ORIENTED_EDGE('',*,*,#1002,.F.);
#1266=ORIENTED_EDGE('',*,*,#1003,.T.);
#1267=ORIENTED_EDGE('',*,*,#1004,.F.);
#1268=ORIENTED_EDGE('',*,*,#1003,.F.);
#1269=ORIENTED_EDGE('',*,*,#1005,.F.);
#1270=ORIENTED_EDGE('',*,*,#1006,.T.);
#1271=ORIENTED_EDGE('',*,*,#1007,.F.);
#1272=ORIENTED_EDGE('',*,*,#1006,.F.);
#1273=ORIENTED_EDGE('',*,*,#1008,.F.);
#1274=ORIENTED_EDGE('',*,*,#1009,.T.);
#1275=ORIENTED_EDGE('',*,*,#1010,.F.);
#1276=ORIENTED_EDGE('',*,*,#1009,.F.);
#1277=ORIENTED_EDGE('',*,*,#1011,.F.);
#1278=ORIENTED_EDGE('',*,*,#989,.T.);
#1279=ORIENTED_EDGE('',*,*,#1012,.F.);
#1280=ORIENTED_EDGE('',*,*,#1013,.T.);
#1281=ORIENTED_EDGE('',*,*,#1014,.F.);
#1282=ORIENTED_EDGE('',*,*,#1013,.F.);
#1283=ORIENTED_EDGE('',*,*,#1015,.F.);
#1284=ORIENTED_EDGE('',*,*,#1016,.F.);
#1285=ORIENTED_EDGE('',*,*,#1017,.F.);
#1286=ORIENTED_EDGE('',*,*,#1018,.T.);
#1287=ORIENTED_EDGE('',*,*,#1019,.F.);
#1288=ORIENTED_EDGE('',*,*,#1018,.F.);
#1289=ORIENTED_EDGE('',*,*,#1020,.F.);
#1290=ORIENTED_EDGE('',*,*,#1021,.F.);
#1291=ORIENTED_EDGE('',*,*,#1022,.F.);
#1292=ORIENTED_EDGE('',*,*,#1021,.T.);
#1293=ORIENTED_EDGE('',*,*,#1023,.F.);
#1294=ORIENTED_EDGE('',*,*,#1024,.F.);
#1295=ORIENTED_EDGE('',*,*,#1025,.F.);
#1296=ORIENTED_EDGE('',*,*,#1024,.T.);
#1297=ORIENTED_EDGE('',*,*,#1026,.F.);
#1298=ORIENTED_EDGE('',*,*,#1016,.T.);
#1299=ORIENTED_EDGE('',*,*,#1027,.F.);
#1300=ORIENTED_EDGE('',*,*,#1028,.F.);
#1301=ORIENTED_EDGE('',*,*,#1029,.F.);
#1302=ORIENTED_EDGE('',*,*,#1030,.T.);
#1303=ORIENTED_EDGE('',*,*,#1031,.F.);
#1304=ORIENTED_EDGE('',*,*,#1030,.F.);
#1305=ORIENTED_EDGE('',*,*,#1032,.F.);
#1306=ORIENTED_EDGE('',*,*,#1033,.F.);
#1307=ORIENTED_EDGE('',*,*,#1034,.F.);
#1308=ORIENTED_EDGE('',*,*,#1033,.T.);
#1309=ORIENTED_EDGE('',*,*,#1035,.F.);
#1310=ORIENTED_EDGE('',*,*,#1036,.F.);
#1311=ORIENTED_EDGE('',*,*,#1037,.F.);
#1312=ORIENTED_EDGE('',*,*,#1036,.T.);
#1313=ORIENTED_EDGE('',*,*,#1038,.F.);
#1314=ORIENTED_EDGE('',*,*,#1028,.T.);
#1315=ORIENTED_EDGE('',*,*,#1039,.F.);
#1316=ORIENTED_EDGE('',*,*,#1040,.F.);
#1317=ORIENTED_EDGE('',*,*,#1041,.F.);
#1318=ORIENTED_EDGE('',*,*,#1042,.T.);
#1319=ORIENTED_EDGE('',*,*,#1043,.F.);
#1320=ORIENTED_EDGE('',*,*,#1042,.F.);
#1321=ORIENTED_EDGE('',*,*,#1044,.F.);
#1322=ORIENTED_EDGE('',*,*,#1045,.F.);
#1323=ORIENTED_EDGE('',*,*,#1046,.F.);
#1324=ORIENTED_EDGE('',*,*,#1045,.T.);
#1325=ORIENTED_EDGE('',*,*,#1047,.F.);
#1326=ORIENTED_EDGE('',*,*,#1048,.F.);
#1327=ORIENTED_EDGE('',*,*,#1049,.F.);
#1328=ORIENTED_EDGE('',*,*,#1048,.T.);
#1329=ORIENTED_EDGE('',*,*,#1050,.F.);
#1330=ORIENTED_EDGE('',*,*,#1040,.T.);
#1331=ORIENTED_EDGE('',*,*,#1051,.F.);
#1332=ORIENTED_EDGE('',*,*,#1052,.F.);
#1333=ORIENTED_EDGE('',*,*,#1053,.F.);
#1334=ORIENTED_EDGE('',*,*,#1054,.T.);
#1335=ORIENTED_EDGE('',*,*,#1055,.F.);
#1336=ORIENTED_EDGE('',*,*,#1054,.F.);
#1337=ORIENTED_EDGE('',*,*,#1056,.F.);
#1338=ORIENTED_EDGE('',*,*,#1057,.F.);
#1339=ORIENTED_EDGE('',*,*,#1058,.F.);
#1340=ORIENTED_EDGE('',*,*,#1057,.T.);
#1341=ORIENTED_EDGE('',*,*,#1059,.F.);
#1342=ORIENTED_EDGE('',*,*,#1060,.F.);
#1343=ORIENTED_EDGE('',*,*,#1061,.F.);
#1344=ORIENTED_EDGE('',*,*,#1060,.T.);
#1345=ORIENTED_EDGE('',*,*,#1062,.F.);
#1346=ORIENTED_EDGE('',*,*,#1052,.T.);
#1347=ORIENTED_EDGE('',*,*,#1063,.F.);
#1348=ORIENTED_EDGE('',*,*,#1064,.F.);
#1349=ORIENTED_EDGE('',*,*,#1065,.F.);
#1350=ORIENTED_EDGE('',*,*,#1066,.T.);
#1351=ORIENTED_EDGE('',*,*,#1067,.F.);
#1352=ORIENTED_EDGE('',*,*,#1066,.F.);
#1353=ORIENTED_EDGE('',*,*,#1068,.F.);
#1354=ORIENTED_EDGE('',*,*,#1069,.F.);
#1355=ORIENTED_EDGE('',*,*,#1070,.F.);
#1356=ORIENTED_EDGE('',*,*,#1069,.T.);
#1357=ORIENTED_EDGE('',*,*,#1071,.F.);
#1358=ORIENTED_EDGE('',*,*,#1072,.F.);
#1359=ORIENTED_EDGE('',*,*,#1073,.F.);
#1360=ORIENTED_EDGE('',*,*,#1072,.T.);
#1361=ORIENTED_EDGE('',*,*,#1074,.F.);
#1362=ORIENTED_EDGE('',*,*,#1064,.T.);
#1363=ORIENTED_EDGE('',*,*,#1075,.T.);
#1364=ORIENTED_EDGE('',*,*,#1076,.F.);
#1365=ORIENTED_EDGE('',*,*,#1077,.F.);
#1366=ORIENTED_EDGE('',*,*,#1078,.F.);
#1367=ORIENTED_EDGE('',*,*,#1079,.T.);
#1368=ORIENTED_EDGE('',*,*,#1078,.T.);
#1369=ORIENTED_EDGE('',*,*,#1080,.F.);
#1370=ORIENTED_EDGE('',*,*,#1081,.F.);
#1371=ORIENTED_EDGE('',*,*,#1082,.T.);
#1372=ORIENTED_EDGE('',*,*,#1081,.T.);
#1373=ORIENTED_EDGE('',*,*,#1083,.F.);
#1374=ORIENTED_EDGE('',*,*,#1084,.F.);
#1375=ORIENTED_EDGE('',*,*,#1083,.T.);
#1376=ORIENTED_EDGE('',*,*,#1080,.T.);
#1377=ORIENTED_EDGE('',*,*,#1077,.T.);
#1378=ORIENTED_EDGE('',*,*,#1085,.F.);
#1379=ORIENTED_EDGE('',*,*,#1082,.F.);
#1380=ORIENTED_EDGE('',*,*,#1086,.F.);
#1381=ORIENTED_EDGE('',*,*,#1075,.F.);
#1382=ORIENTED_EDGE('',*,*,#1079,.F.);
#1383=ORIENTED_EDGE('',*,*,#1087,.T.);
#1384=ORIENTED_EDGE('',*,*,#1088,.T.);
#1385=ORIENTED_EDGE('',*,*,#1089,.F.);
#1386=ORIENTED_EDGE('',*,*,#1090,.F.);
#1387=ORIENTED_EDGE('',*,*,#1091,.T.);
#1388=ORIENTED_EDGE('',*,*,#1090,.T.);
#1389=ORIENTED_EDGE('',*,*,#1092,.F.);
#1390=ORIENTED_EDGE('',*,*,#1093,.F.);
#1391=ORIENTED_EDGE('',*,*,#1094,.T.);
#1392=ORIENTED_EDGE('',*,*,#1095,.F.);
#1393=ORIENTED_EDGE('',*,*,#1096,.F.);
#1394=ORIENTED_EDGE('',*,*,#1088,.F.);
#1395=ORIENTED_EDGE('',*,*,#1096,.T.);
#1396=ORIENTED_EDGE('',*,*,#1097,.F.);
#1397=ORIENTED_EDGE('',*,*,#1092,.T.);
#1398=ORIENTED_EDGE('',*,*,#1089,.T.);
#1399=ORIENTED_EDGE('',*,*,#1094,.F.);
#1400=ORIENTED_EDGE('',*,*,#1087,.F.);
#1401=ORIENTED_EDGE('',*,*,#1091,.F.);
#1402=ORIENTED_EDGE('',*,*,#1098,.F.);
#1403=ORIENTED_EDGE('',*,*,#1099,.T.);
#1404=ORIENTED_EDGE('',*,*,#1100,.F.);
#1405=ORIENTED_EDGE('',*,*,#1101,.F.);
#1406=ORIENTED_EDGE('',*,*,#1102,.F.);
#1407=ORIENTED_EDGE('',*,*,#1103,.T.);
#1408=ORIENTED_EDGE('',*,*,#1102,.T.);
#1409=ORIENTED_EDGE('',*,*,#1104,.F.);
#1410=ORIENTED_EDGE('',*,*,#1105,.F.);
#1411=ORIENTED_EDGE('',*,*,#1106,.T.);
#1412=ORIENTED_EDGE('',*,*,#1105,.T.);
#1413=ORIENTED_EDGE('',*,*,#1107,.F.);
#1414=ORIENTED_EDGE('',*,*,#1108,.F.);
#1415=ORIENTED_EDGE('',*,*,#1107,.T.);
#1416=ORIENTED_EDGE('',*,*,#1104,.T.);
#1417=ORIENTED_EDGE('',*,*,#1101,.T.);
#1418=ORIENTED_EDGE('',*,*,#1109,.F.);
#1419=ORIENTED_EDGE('',*,*,#1106,.F.);
#1420=ORIENTED_EDGE('',*,*,#1110,.F.);
#1421=ORIENTED_EDGE('',*,*,#1099,.F.);
#1422=ORIENTED_EDGE('',*,*,#1103,.F.);
#1423=ORIENTED_EDGE('',*,*,#1111,.T.);
#1424=ORIENTED_EDGE('',*,*,#1112,.T.);
#1425=ORIENTED_EDGE('',*,*,#1113,.F.);
#1426=ORIENTED_EDGE('',*,*,#1114,.F.);
#1427=ORIENTED_EDGE('',*,*,#1115,.T.);
#1428=ORIENTED_EDGE('',*,*,#1114,.T.);
#1429=ORIENTED_EDGE('',*,*,#1116,.F.);
#1430=ORIENTED_EDGE('',*,*,#1117,.F.);
#1431=ORIENTED_EDGE('',*,*,#1118,.T.);
#1432=ORIENTED_EDGE('',*,*,#1119,.F.);
#1433=ORIENTED_EDGE('',*,*,#1120,.F.);
#1434=ORIENTED_EDGE('',*,*,#1112,.F.);
#1435=ORIENTED_EDGE('',*,*,#1120,.T.);
#1436=ORIENTED_EDGE('',*,*,#1121,.F.);
#1437=ORIENTED_EDGE('',*,*,#1116,.T.);
#1438=ORIENTED_EDGE('',*,*,#1113,.T.);
#1439=ORIENTED_EDGE('',*,*,#1118,.F.);
#1440=ORIENTED_EDGE('',*,*,#1111,.F.);
#1441=ORIENTED_EDGE('',*,*,#1115,.F.);
#1442=ORIENTED_EDGE('',*,*,#1122,.F.);
#1443=ORIENTED_EDGE('',*,*,#1123,.F.);
#1444=ORIENTED_EDGE('',*,*,#1124,.F.);
#1445=ORIENTED_EDGE('',*,*,#1125,.F.);
#1446=ORIENTED_EDGE('',*,*,#1126,.T.);
#1447=ORIENTED_EDGE('',*,*,#1127,.F.);
#1448=ORIENTED_EDGE('',*,*,#1126,.F.);
#1449=ORIENTED_EDGE('',*,*,#1128,.F.);
#1450=ORIENTED_EDGE('',*,*,#1129,.F.);
#1451=ORIENTED_EDGE('',*,*,#1130,.F.);
#1452=ORIENTED_EDGE('',*,*,#1128,.T.);
#1453=ORIENTED_EDGE('',*,*,#1125,.T.);
#1454=ORIENTED_EDGE('',*,*,#1131,.T.);
#1455=ORIENTED_EDGE('',*,*,#1132,.T.);
#1456=ORIENTED_EDGE('',*,*,#1133,.T.);
#1457=ORIENTED_EDGE('',*,*,#1134,.F.);
#1458=ORIENTED_EDGE('',*,*,#1135,.F.);
#1459=ORIENTED_EDGE('',*,*,#1131,.F.);
#1460=ORIENTED_EDGE('',*,*,#1124,.T.);
#1461=ORIENTED_EDGE('',*,*,#1136,.F.);
#1462=ORIENTED_EDGE('',*,*,#1137,.F.);
#1463=ORIENTED_EDGE('',*,*,#1133,.F.);
#1464=ORIENTED_EDGE('',*,*,#1138,.T.);
#1465=ORIENTED_EDGE('',*,*,#1139,.F.);
#1466=ORIENTED_EDGE('',*,*,#1138,.F.);
#1467=ORIENTED_EDGE('',*,*,#1132,.F.);
#1468=ORIENTED_EDGE('',*,*,#1135,.T.);
#1469=ORIENTED_EDGE('',*,*,#1129,.T.);
#1470=ORIENTED_EDGE('',*,*,#1130,.T.);
#1471=ORIENTED_EDGE('',*,*,#1137,.T.);
#1472=ORIENTED_EDGE('',*,*,#1140,.F.);
#1473=ORIENTED_EDGE('',*,*,#1141,.F.);
#1474=ORIENTED_EDGE('',*,*,#1142,.F.);
#1475=ORIENTED_EDGE('',*,*,#1143,.T.);
#1476=ORIENTED_EDGE('',*,*,#1144,.F.);
#1477=ORIENTED_EDGE('',*,*,#1145,.T.);
#1478=ORIENTED_EDGE('',*,*,#1146,.T.);
#1479=ORIENTED_EDGE('',*,*,#1147,.T.);
#1480=ORIENTED_EDGE('',*,*,#1148,.T.);
#1481=ORIENTED_EDGE('',*,*,#1147,.F.);
#1482=ORIENTED_EDGE('',*,*,#1149,.T.);
#1483=ORIENTED_EDGE('',*,*,#1150,.F.);
#1484=ORIENTED_EDGE('',*,*,#1151,.F.);
#1485=ORIENTED_EDGE('',*,*,#1152,.F.);
#1486=ORIENTED_EDGE('',*,*,#1153,.F.);
#1487=ORIENTED_EDGE('',*,*,#1150,.T.);
#1488=ORIENTED_EDGE('',*,*,#1154,.T.);
#1489=ORIENTED_EDGE('',*,*,#1148,.F.);
#1490=ORIENTED_EDGE('',*,*,#1151,.T.);
#1491=ORIENTED_EDGE('',*,*,#1153,.T.);
#1492=ORIENTED_EDGE('',*,*,#1155,.F.);
#1493=ORIENTED_EDGE('',*,*,#1156,.T.);
#1494=ORIENTED_EDGE('',*,*,#1157,.T.);
#1495=ORIENTED_EDGE('',*,*,#1145,.F.);
#1496=ORIENTED_EDGE('',*,*,#1157,.F.);
#1497=ORIENTED_EDGE('',*,*,#1158,.T.);
#1498=ORIENTED_EDGE('',*,*,#1159,.T.);
#1499=ORIENTED_EDGE('',*,*,#1160,.F.);
#1500=ORIENTED_EDGE('',*,*,#1161,.T.);
#1501=ORIENTED_EDGE('',*,*,#1158,.F.);
#1502=ORIENTED_EDGE('',*,*,#1156,.F.);
#1503=ORIENTED_EDGE('',*,*,#1146,.F.);
#1504=ORIENTED_EDGE('',*,*,#1159,.F.);
#1505=ORIENTED_EDGE('',*,*,#1161,.F.);
#1506=ORIENTED_EDGE('',*,*,#1162,.F.);
#1507=ORIENTED_EDGE('',*,*,#1154,.F.);
#1508=ORIENTED_EDGE('',*,*,#1149,.F.);
#1509=ORIENTED_EDGE('',*,*,#1163,.F.);
#1510=ORIENTED_EDGE('',*,*,#1164,.T.);
#1511=ORIENTED_EDGE('',*,*,#1165,.F.);
#1512=ORIENTED_EDGE('',*,*,#1164,.F.);
#1513=ORIENTED_EDGE('',*,*,#1165,.T.);
#1514=ORIENTED_EDGE('',*,*,#1166,.T.);
#1515=ORIENTED_EDGE('',*,*,#1167,.F.);
#1516=ORIENTED_EDGE('',*,*,#1166,.F.);
#1517=ORIENTED_EDGE('',*,*,#1168,.F.);
#1518=ORIENTED_EDGE('',*,*,#1169,.T.);
#1519=ORIENTED_EDGE('',*,*,#1170,.F.);
#1520=ORIENTED_EDGE('',*,*,#1169,.F.);
#1521=ORIENTED_EDGE('',*,*,#1168,.T.);
#1522=ORIENTED_EDGE('',*,*,#1167,.T.);
#1523=ORIENTED_EDGE('',*,*,#1171,.F.);
#1524=ORIENTED_EDGE('',*,*,#1172,.T.);
#1525=ORIENTED_EDGE('',*,*,#1173,.F.);
#1526=ORIENTED_EDGE('',*,*,#1172,.F.);
#1527=ORIENTED_EDGE('',*,*,#1173,.T.);
#1528=ORIENTED_EDGE('',*,*,#1174,.T.);
#1529=ORIENTED_EDGE('',*,*,#1175,.F.);
#1530=ORIENTED_EDGE('',*,*,#1174,.F.);
#1531=ORIENTED_EDGE('',*,*,#1176,.F.);
#1532=ORIENTED_EDGE('',*,*,#1177,.T.);
#1533=ORIENTED_EDGE('',*,*,#1178,.F.);
#1534=ORIENTED_EDGE('',*,*,#1177,.F.);
#1535=ORIENTED_EDGE('',*,*,#1176,.T.);
#1536=ORIENTED_EDGE('',*,*,#1175,.T.);
#1537=ORIENTED_EDGE('',*,*,#1179,.F.);
#1538=ORIENTED_EDGE('',*,*,#1180,.T.);
#1539=ORIENTED_EDGE('',*,*,#1181,.F.);
#1540=ORIENTED_EDGE('',*,*,#1180,.F.);
#1541=ORIENTED_EDGE('',*,*,#1181,.T.);
#1542=ORIENTED_EDGE('',*,*,#1182,.T.);
#1543=ORIENTED_EDGE('',*,*,#1183,.F.);
#1544=ORIENTED_EDGE('',*,*,#1182,.F.);
#1545=ORIENTED_EDGE('',*,*,#1184,.F.);
#1546=ORIENTED_EDGE('',*,*,#1185,.T.);
#1547=ORIENTED_EDGE('',*,*,#1186,.F.);
#1548=ORIENTED_EDGE('',*,*,#1185,.F.);
#1549=ORIENTED_EDGE('',*,*,#1184,.T.);
#1550=ORIENTED_EDGE('',*,*,#1183,.T.);
#1551=ORIENTED_EDGE('',*,*,#1187,.F.);
#1552=ORIENTED_EDGE('',*,*,#1188,.T.);
#1553=ORIENTED_EDGE('',*,*,#1189,.F.);
#1554=ORIENTED_EDGE('',*,*,#1188,.F.);
#1555=ORIENTED_EDGE('',*,*,#1189,.T.);
#1556=ORIENTED_EDGE('',*,*,#1190,.T.);
#1557=ORIENTED_EDGE('',*,*,#1191,.F.);
#1558=ORIENTED_EDGE('',*,*,#1190,.F.);
#1559=ORIENTED_EDGE('',*,*,#1192,.F.);
#1560=ORIENTED_EDGE('',*,*,#1193,.T.);
#1561=ORIENTED_EDGE('',*,*,#1194,.F.);
#1562=ORIENTED_EDGE('',*,*,#1193,.F.);
#1563=ORIENTED_EDGE('',*,*,#1192,.T.);
#1564=ORIENTED_EDGE('',*,*,#1191,.T.);
#1565=ORIENTED_EDGE('',*,*,#1195,.F.);
#1566=ORIENTED_EDGE('',*,*,#1196,.T.);
#1567=ORIENTED_EDGE('',*,*,#1197,.F.);
#1568=ORIENTED_EDGE('',*,*,#1198,.F.);
#1569=ORIENTED_EDGE('',*,*,#1095,.T.);
#1570=ORIENTED_EDGE('',*,*,#1098,.T.);
#1571=ORIENTED_EDGE('',*,*,#1093,.T.);
#1572=ORIENTED_EDGE('',*,*,#1097,.T.);
#1573=ORIENTED_EDGE('',*,*,#1119,.T.);
#1574=ORIENTED_EDGE('',*,*,#1122,.T.);
#1575=ORIENTED_EDGE('',*,*,#1117,.T.);
#1576=ORIENTED_EDGE('',*,*,#1121,.T.);
#1577=ORIENTED_EDGE('',*,*,#1199,.F.);
#1578=ORIENTED_EDGE('',*,*,#1198,.T.);
#1579=ORIENTED_EDGE('',*,*,#1200,.F.);
#1580=ORIENTED_EDGE('',*,*,#1201,.F.);
#1581=ORIENTED_EDGE('',*,*,#1202,.F.);
#1582=ORIENTED_EDGE('',*,*,#1201,.T.);
#1583=ORIENTED_EDGE('',*,*,#1203,.F.);
#1584=ORIENTED_EDGE('',*,*,#1204,.F.);
#1585=ORIENTED_EDGE('',*,*,#1205,.F.);
#1586=ORIENTED_EDGE('',*,*,#1204,.T.);
#1587=ORIENTED_EDGE('',*,*,#1206,.F.);
#1588=ORIENTED_EDGE('',*,*,#1207,.F.);
#1589=ORIENTED_EDGE('',*,*,#1208,.F.);
#1590=ORIENTED_EDGE('',*,*,#1207,.T.);
#1591=ORIENTED_EDGE('',*,*,#1209,.F.);
#1592=ORIENTED_EDGE('',*,*,#1210,.F.);
#1593=ORIENTED_EDGE('',*,*,#1108,.T.);
#1594=ORIENTED_EDGE('',*,*,#1109,.T.);
#1595=ORIENTED_EDGE('',*,*,#1100,.T.);
#1596=ORIENTED_EDGE('',*,*,#1110,.T.);
#1597=ORIENTED_EDGE('',*,*,#1084,.T.);
#1598=ORIENTED_EDGE('',*,*,#1085,.T.);
#1599=ORIENTED_EDGE('',*,*,#1076,.T.);
#1600=ORIENTED_EDGE('',*,*,#1086,.T.);
#1601=ORIENTED_EDGE('',*,*,#1070,.T.);
#1602=ORIENTED_EDGE('',*,*,#1073,.T.);
#1603=ORIENTED_EDGE('',*,*,#1063,.T.);
#1604=ORIENTED_EDGE('',*,*,#1067,.T.);
#1605=ORIENTED_EDGE('',*,*,#1058,.T.);
#1606=ORIENTED_EDGE('',*,*,#1061,.T.);
#1607=ORIENTED_EDGE('',*,*,#1051,.T.);
#1608=ORIENTED_EDGE('',*,*,#1055,.T.);
#1609=ORIENTED_EDGE('',*,*,#1046,.T.);
#1610=ORIENTED_EDGE('',*,*,#1049,.T.);
#1611=ORIENTED_EDGE('',*,*,#1039,.T.);
#1612=ORIENTED_EDGE('',*,*,#1043,.T.);
#1613=ORIENTED_EDGE('',*,*,#1034,.T.);
#1614=ORIENTED_EDGE('',*,*,#1037,.T.);
#1615=ORIENTED_EDGE('',*,*,#1027,.T.);
#1616=ORIENTED_EDGE('',*,*,#1031,.T.);
#1617=ORIENTED_EDGE('',*,*,#1022,.T.);
#1618=ORIENTED_EDGE('',*,*,#1025,.T.);
#1619=ORIENTED_EDGE('',*,*,#1015,.T.);
#1620=ORIENTED_EDGE('',*,*,#1019,.T.);
#1621=ORIENTED_EDGE('',*,*,#1014,.T.);
#1622=ORIENTED_EDGE('',*,*,#1211,.F.);
#1623=ORIENTED_EDGE('',*,*,#1210,.T.);
#1624=ORIENTED_EDGE('',*,*,#1212,.F.);
#1625=ORIENTED_EDGE('',*,*,#1143,.F.);
#1626=ORIENTED_EDGE('',*,*,#1213,.F.);
#1627=ORIENTED_EDGE('',*,*,#1141,.T.);
#1628=ORIENTED_EDGE('',*,*,#1214,.F.);
#1629=ORIENTED_EDGE('',*,*,#1196,.F.);
#1630=ORIENTED_EDGE('',*,*,#1215,.T.);
#1631=ORIENTED_EDGE('',*,*,#1216,.T.);
#1632=ORIENTED_EDGE('',*,*,#1217,.T.);
#1633=ORIENTED_EDGE('',*,*,#1218,.T.);
#1634=ORIENTED_EDGE('',*,*,#1219,.T.);
#1635=ORIENTED_EDGE('',*,*,#1220,.T.);
#1636=ORIENTED_EDGE('',*,*,#1221,.T.);
#1637=ORIENTED_EDGE('',*,*,#1222,.T.);
#1638=ORIENTED_EDGE('',*,*,#1127,.T.);
#1639=ORIENTED_EDGE('',*,*,#1144,.T.);
#1640=ORIENTED_EDGE('',*,*,#1212,.T.);
#1641=ORIENTED_EDGE('',*,*,#1209,.T.);
#1642=ORIENTED_EDGE('',*,*,#1206,.T.);
#1643=ORIENTED_EDGE('',*,*,#1203,.T.);
#1644=ORIENTED_EDGE('',*,*,#1200,.T.);
#1645=ORIENTED_EDGE('',*,*,#1197,.T.);
#1646=ORIENTED_EDGE('',*,*,#1214,.T.);
#1647=ORIENTED_EDGE('',*,*,#1140,.T.);
#1648=ORIENTED_EDGE('',*,*,#1136,.T.);
#1649=ORIENTED_EDGE('',*,*,#1139,.T.);
#1650=ORIENTED_EDGE('',*,*,#1134,.T.);
#1651=ORIENTED_EDGE('',*,*,#1123,.T.);
#1652=ORIENTED_EDGE('',*,*,#1223,.T.);
#1653=ORIENTED_EDGE('',*,*,#1224,.T.);
#1654=ORIENTED_EDGE('',*,*,#1222,.F.);
#1655=ORIENTED_EDGE('',*,*,#1225,.F.);
#1656=ORIENTED_EDGE('',*,*,#1160,.T.);
#1657=ORIENTED_EDGE('',*,*,#1155,.T.);
#1658=ORIENTED_EDGE('',*,*,#1152,.T.);
#1659=ORIENTED_EDGE('',*,*,#1162,.T.);
#1660=ORIENTED_EDGE('',*,*,#1226,.T.);
#1661=ORIENTED_EDGE('',*,*,#1225,.T.);
#1662=ORIENTED_EDGE('',*,*,#1221,.F.);
#1663=ORIENTED_EDGE('',*,*,#1227,.F.);
#1664=ORIENTED_EDGE('',*,*,#1228,.T.);
#1665=ORIENTED_EDGE('',*,*,#1227,.T.);
#1666=ORIENTED_EDGE('',*,*,#1220,.F.);
#1667=ORIENTED_EDGE('',*,*,#1229,.F.);
#1668=ORIENTED_EDGE('',*,*,#1012,.T.);
#1669=ORIENTED_EDGE('',*,*,#1023,.T.);
#1670=ORIENTED_EDGE('',*,*,#1020,.T.);
#1671=ORIENTED_EDGE('',*,*,#1017,.T.);
#1672=ORIENTED_EDGE('',*,*,#1026,.T.);
#1673=ORIENTED_EDGE('',*,*,#1035,.T.);
#1674=ORIENTED_EDGE('',*,*,#1032,.T.);
#1675=ORIENTED_EDGE('',*,*,#1029,.T.);
#1676=ORIENTED_EDGE('',*,*,#1038,.T.);
#1677=ORIENTED_EDGE('',*,*,#1047,.T.);
#1678=ORIENTED_EDGE('',*,*,#1044,.T.);
#1679=ORIENTED_EDGE('',*,*,#1041,.T.);
#1680=ORIENTED_EDGE('',*,*,#1050,.T.);
#1681=ORIENTED_EDGE('',*,*,#1059,.T.);
#1682=ORIENTED_EDGE('',*,*,#1056,.T.);
#1683=ORIENTED_EDGE('',*,*,#1053,.T.);
#1684=ORIENTED_EDGE('',*,*,#1062,.T.);
#1685=ORIENTED_EDGE('',*,*,#1071,.T.);
#1686=ORIENTED_EDGE('',*,*,#1068,.T.);
#1687=ORIENTED_EDGE('',*,*,#1065,.T.);
#1688=ORIENTED_EDGE('',*,*,#1074,.T.);
#1689=ORIENTED_EDGE('',*,*,#1230,.T.);
#1690=ORIENTED_EDGE('',*,*,#1229,.T.);
#1691=ORIENTED_EDGE('',*,*,#1219,.F.);
#1692=ORIENTED_EDGE('',*,*,#1231,.F.);
#1693=ORIENTED_EDGE('',*,*,#1232,.T.);
#1694=ORIENTED_EDGE('',*,*,#1231,.T.);
#1695=ORIENTED_EDGE('',*,*,#1218,.F.);
#1696=ORIENTED_EDGE('',*,*,#1233,.F.);
#1697=ORIENTED_EDGE('',*,*,#1234,.T.);
#1698=ORIENTED_EDGE('',*,*,#1233,.T.);
#1699=ORIENTED_EDGE('',*,*,#1217,.F.);
#1700=ORIENTED_EDGE('',*,*,#1235,.F.);
#1701=ORIENTED_EDGE('',*,*,#1236,.T.);
#1702=ORIENTED_EDGE('',*,*,#1235,.T.);
#1703=ORIENTED_EDGE('',*,*,#1216,.F.);
#1704=ORIENTED_EDGE('',*,*,#1237,.F.);
#1705=ORIENTED_EDGE('',*,*,#1238,.T.);
#1706=ORIENTED_EDGE('',*,*,#1237,.T.);
#1707=ORIENTED_EDGE('',*,*,#1215,.F.);
#1708=ORIENTED_EDGE('',*,*,#1224,.F.);
#1709=ORIENTED_EDGE('',*,*,#1195,.T.);
#1710=ORIENTED_EDGE('',*,*,#1199,.T.);
#1711=ORIENTED_EDGE('',*,*,#1202,.T.);
#1712=ORIENTED_EDGE('',*,*,#1205,.T.);
#1713=ORIENTED_EDGE('',*,*,#1208,.T.);
#1714=ORIENTED_EDGE('',*,*,#1211,.T.);
#1715=ORIENTED_EDGE('',*,*,#1142,.T.);
#1716=ORIENTED_EDGE('',*,*,#1213,.T.);
#1717=ORIENTED_EDGE('',*,*,#984,.T.);
#1718=ORIENTED_EDGE('',*,*,#987,.T.);
#1719=ORIENTED_EDGE('',*,*,#1001,.T.);
#1720=ORIENTED_EDGE('',*,*,#1004,.T.);
#1721=ORIENTED_EDGE('',*,*,#1007,.T.);
#1722=ORIENTED_EDGE('',*,*,#1010,.T.);
#1723=ORIENTED_EDGE('',*,*,#988,.T.);
#1724=ORIENTED_EDGE('',*,*,#992,.T.);
#1725=ORIENTED_EDGE('',*,*,#995,.T.);
#1726=ORIENTED_EDGE('',*,*,#998,.T.);
#1727=ORIENTED_EDGE('',*,*,#1170,.T.);
#1728=ORIENTED_EDGE('',*,*,#1178,.T.);
#1729=ORIENTED_EDGE('',*,*,#1186,.T.);
#1730=ORIENTED_EDGE('',*,*,#1194,.T.);
#1731=ORIENTED_EDGE('',*,*,#1238,.F.);
#1732=ORIENTED_EDGE('',*,*,#1223,.F.);
#1733=ORIENTED_EDGE('',*,*,#1226,.F.);
#1734=ORIENTED_EDGE('',*,*,#1228,.F.);
#1735=ORIENTED_EDGE('',*,*,#1230,.F.);
#1736=ORIENTED_EDGE('',*,*,#1232,.F.);
#1737=ORIENTED_EDGE('',*,*,#1234,.F.);
#1738=ORIENTED_EDGE('',*,*,#1236,.F.);
#1739=ORIENTED_EDGE('',*,*,#982,.T.);
#1740=ORIENTED_EDGE('',*,*,#985,.T.);
#1741=ORIENTED_EDGE('',*,*,#1002,.T.);
#1742=ORIENTED_EDGE('',*,*,#999,.T.);
#1743=ORIENTED_EDGE('',*,*,#996,.T.);
#1744=ORIENTED_EDGE('',*,*,#993,.T.);
#1745=ORIENTED_EDGE('',*,*,#990,.T.);
#1746=ORIENTED_EDGE('',*,*,#1011,.T.);
#1747=ORIENTED_EDGE('',*,*,#1008,.T.);
#1748=ORIENTED_EDGE('',*,*,#1005,.T.);
#1749=ORIENTED_EDGE('',*,*,#1163,.T.);
#1750=ORIENTED_EDGE('',*,*,#1171,.T.);
#1751=ORIENTED_EDGE('',*,*,#1179,.T.);
#1752=ORIENTED_EDGE('',*,*,#1187,.T.);
#1753=CYLINDRICAL_SURFACE('',#1892,0.2);
#1754=CYLINDRICAL_SURFACE('',#1895,0.2);
#1755=CYLINDRICAL_SURFACE('',#1899,0.12);
#1756=CYLINDRICAL_SURFACE('',#1903,0.12);
#1757=CYLINDRICAL_SURFACE('',#1907,0.12);
#1758=CYLINDRICAL_SURFACE('',#1911,0.12);
#1759=CYLINDRICAL_SURFACE('',#1914,0.325);
#1760=CYLINDRICAL_SURFACE('',#1957,0.0300000000000002);
#1761=CYLINDRICAL_SURFACE('',#1965,0.03);
#1762=CYLINDRICAL_SURFACE('',#1969,0.1);
#1763=CYLINDRICAL_SURFACE('',#1975,0.1);
#1764=CYLINDRICAL_SURFACE('',#1981,0.17);
#1765=CYLINDRICAL_SURFACE('',#1983,0.32);
#1766=CYLINDRICAL_SURFACE('',#1990,0.17);
#1767=CYLINDRICAL_SURFACE('',#1992,0.32);
#1768=CYLINDRICAL_SURFACE('',#1999,0.17);
#1769=CYLINDRICAL_SURFACE('',#2001,0.32);
#1770=CYLINDRICAL_SURFACE('',#2008,0.17);
#1771=CYLINDRICAL_SURFACE('',#2010,0.32);
#1772=CYLINDRICAL_SURFACE('',#2015,0.12);
#1773=CYLINDRICAL_SURFACE('',#2019,0.12);
#1774=CYLINDRICAL_SURFACE('',#2023,0.12);
#1775=CYLINDRICAL_SURFACE('',#2026,0.12);
#1776=CYLINDRICAL_SURFACE('',#2035,0.3);
#1777=CYLINDRICAL_SURFACE('',#2038,0.3);
#1778=CYLINDRICAL_SURFACE('',#2041,0.3);
#1779=CYLINDRICAL_SURFACE('',#2044,0.3);
#1780=ADVANCED_FACE('',(#123),#1753,.F.);
#1781=ADVANCED_FACE('',(#124),#1754,.F.);
#1782=ADVANCED_FACE('',(#125),#56,.F.);
#1783=ADVANCED_FACE('',(#126),#1755,.F.);
#1784=ADVANCED_FACE('',(#127),#57,.F.);
#1785=ADVANCED_FACE('',(#128),#1756,.F.);
#1786=ADVANCED_FACE('',(#129),#58,.F.);
#1787=ADVANCED_FACE('',(#130),#1757,.F.);
#1788=ADVANCED_FACE('',(#131),#59,.F.);
#1789=ADVANCED_FACE('',(#132),#1758,.F.);
#1790=ADVANCED_FACE('',(#133),#1759,.F.);
#1791=ADVANCED_FACE('',(#134),#60,.F.);
#1792=ADVANCED_FACE('',(#135),#61,.F.);
#1793=ADVANCED_FACE('',(#136),#62,.F.);
#1794=ADVANCED_FACE('',(#137),#63,.T.);
#1795=ADVANCED_FACE('',(#138),#64,.F.);
#1796=ADVANCED_FACE('',(#139),#65,.F.);
#1797=ADVANCED_FACE('',(#140),#66,.F.);
#1798=ADVANCED_FACE('',(#141),#67,.T.);
#1799=ADVANCED_FACE('',(#142),#68,.F.);
#1800=ADVANCED_FACE('',(#143),#69,.F.);
#1801=ADVANCED_FACE('',(#144),#70,.F.);
#1802=ADVANCED_FACE('',(#145),#71,.T.);
#1803=ADVANCED_FACE('',(#146),#72,.F.);
#1804=ADVANCED_FACE('',(#147),#73,.F.);
#1805=ADVANCED_FACE('',(#148),#74,.F.);
#1806=ADVANCED_FACE('',(#149),#75,.T.);
#1807=ADVANCED_FACE('',(#150),#76,.F.);
#1808=ADVANCED_FACE('',(#151),#77,.F.);
#1809=ADVANCED_FACE('',(#152),#78,.F.);
#1810=ADVANCED_FACE('',(#153),#79,.T.);
#1811=ADVANCED_FACE('',(#154),#80,.T.);
#1812=ADVANCED_FACE('',(#155),#81,.T.);
#1813=ADVANCED_FACE('',(#156),#82,.T.);
#1814=ADVANCED_FACE('',(#157),#83,.T.);
#1815=ADVANCED_FACE('',(#158),#84,.F.);
#1816=ADVANCED_FACE('',(#159),#85,.T.);
#1817=ADVANCED_FACE('',(#160),#86,.T.);
#1818=ADVANCED_FACE('',(#161),#87,.T.);
#1819=ADVANCED_FACE('',(#162),#88,.T.);
#1820=ADVANCED_FACE('',(#163),#89,.F.);
#1821=ADVANCED_FACE('',(#164),#90,.T.);
#1822=ADVANCED_FACE('',(#165),#91,.T.);
#1823=ADVANCED_FACE('',(#166),#92,.T.);
#1824=ADVANCED_FACE('',(#167),#93,.T.);
#1825=ADVANCED_FACE('',(#168),#94,.F.);
#1826=ADVANCED_FACE('',(#169),#95,.T.);
#1827=ADVANCED_FACE('',(#170),#96,.T.);
#1828=ADVANCED_FACE('',(#171),#97,.T.);
#1829=ADVANCED_FACE('',(#172),#98,.T.);
#1830=ADVANCED_FACE('',(#173),#99,.F.);
#1831=ADVANCED_FACE('',(#174),#1760,.F.);
#1832=ADVANCED_FACE('',(#175),#100,.F.);
#1833=ADVANCED_FACE('',(#176),#101,.T.);
#1834=ADVANCED_FACE('',(#177),#102,.F.);
#1835=ADVANCED_FACE('',(#178),#103,.F.);
#1836=ADVANCED_FACE('',(#179),#1761,.F.);
#1837=ADVANCED_FACE('',(#180,#19),#104,.T.);
#1838=ADVANCED_FACE('',(#181),#105,.F.);
#1839=ADVANCED_FACE('',(#182),#1762,.F.);
#1840=ADVANCED_FACE('',(#183),#106,.T.);
#1841=ADVANCED_FACE('',(#184),#107,.F.);
#1842=ADVANCED_FACE('',(#185),#1763,.F.);
#1843=ADVANCED_FACE('',(#186),#108,.F.);
#1844=ADVANCED_FACE('',(#187),#15,.F.);
#1845=ADVANCED_FACE('',(#188),#1764,.F.);
#1846=ADVANCED_FACE('',(#189),#1765,.T.);
#1847=ADVANCED_FACE('',(#190,#20),#109,.T.);
#1848=ADVANCED_FACE('',(#191),#16,.F.);
#1849=ADVANCED_FACE('',(#192),#1766,.F.);
#1850=ADVANCED_FACE('',(#193),#1767,.T.);
#1851=ADVANCED_FACE('',(#194,#21),#110,.T.);
#1852=ADVANCED_FACE('',(#195),#17,.F.);
#1853=ADVANCED_FACE('',(#196),#1768,.F.);
#1854=ADVANCED_FACE('',(#197),#1769,.T.);
#1855=ADVANCED_FACE('',(#198,#22),#111,.T.);
#1856=ADVANCED_FACE('',(#199),#18,.F.);
#1857=ADVANCED_FACE('',(#200),#1770,.F.);
#1858=ADVANCED_FACE('',(#201),#1771,.T.);
#1859=ADVANCED_FACE('',(#202,#23),#112,.T.);
#1860=ADVANCED_FACE('',(#203,#24,#25),#113,.T.);
#1861=ADVANCED_FACE('',(#204),#1772,.F.);
#1862=ADVANCED_FACE('',(#205),#114,.T.);
#1863=ADVANCED_FACE('',(#206),#1773,.F.);
#1864=ADVANCED_FACE('',(#207,#26,#27,#28,#29,#30,#31,#32,#33),#115,.T.);
#1865=ADVANCED_FACE('',(#208),#1774,.F.);
#1866=ADVANCED_FACE('',(#209),#1775,.F.);
#1867=ADVANCED_FACE('',(#210,#34),#116,.T.);
#1868=ADVANCED_FACE('',(#211,#35),#117,.T.);
#1869=ADVANCED_FACE('',(#212),#1776,.T.);
#1870=ADVANCED_FACE('',(#213,#36,#37,#38,#39,#40,#41),#118,.T.);
#1871=ADVANCED_FACE('',(#214),#1777,.T.);
#1872=ADVANCED_FACE('',(#215),#119,.T.);
#1873=ADVANCED_FACE('',(#216),#1778,.T.);
#1874=ADVANCED_FACE('',(#217),#120,.T.);
#1875=ADVANCED_FACE('',(#218),#1779,.T.);
#1876=ADVANCED_FACE('',(#219,#42,#43,#44,#45,#46,#47,#48),#121,.T.);
#1877=ADVANCED_FACE('',(#220,#49,#50,#51,#52,#53,#54,#55),#122,.F.);
#1878=CLOSED_SHELL('',(#1780,#1781,#1782,#1783,#1784,#1785,#1786,#1787,
#1788,#1789,#1790,#1791,#1792,#1793,#1794,#1795,#1796,#1797,#1798,#1799,
#1800,#1801,#1802,#1803,#1804,#1805,#1806,#1807,#1808,#1809,#1810,#1811,
#1812,#1813,#1814,#1815,#1816,#1817,#1818,#1819,#1820,#1821,#1822,#1823,
#1824,#1825,#1826,#1827,#1828,#1829,#1830,#1831,#1832,#1833,#1834,#1835,
#1836,#1837,#1838,#1839,#1840,#1841,#1842,#1843,#1844,#1845,#1846,#1847,
#1848,#1849,#1850,#1851,#1852,#1853,#1854,#1855,#1856,#1857,#1858,#1859,
#1860,#1861,#1862,#1863,#1864,#1865,#1866,#1867,#1868,#1869,#1870,#1871,
#1872,#1873,#1874,#1875,#1876,#1877));
#1879=DERIVED_UNIT_ELEMENT(#1881,1.);
#1880=DERIVED_UNIT_ELEMENT(#3092,-3.);
#1881=(
MASS_UNIT()
NAMED_UNIT(*)
SI_UNIT(.KILO.,.GRAM.)
);
#1882=DERIVED_UNIT((#1879,#1880));
#1883=MEASURE_REPRESENTATION_ITEM('density measure',
POSITIVE_RATIO_MEASURE(7850.),#1882);
#1884=PROPERTY_DEFINITION_REPRESENTATION(#1889,#1886);
#1885=PROPERTY_DEFINITION_REPRESENTATION(#1890,#1887);
#1886=REPRESENTATION('material name',(#1888),#3089);
#1887=REPRESENTATION('density',(#1883),#3089);
#1888=DESCRIPTIVE_REPRESENTATION_ITEM('Steel','Steel');
#1889=PROPERTY_DEFINITION('material property','material name',#3099);
#1890=PROPERTY_DEFINITION('material property','density of part',#3099);
#1891=AXIS2_PLACEMENT_3D('',#2561,#2048,#2049);
#1892=AXIS2_PLACEMENT_3D('',#2562,#2050,#2051);
#1893=AXIS2_PLACEMENT_3D('',#2564,#2052,#2053);
#1894=AXIS2_PLACEMENT_3D('',#2567,#2055,#2056);
#1895=AXIS2_PLACEMENT_3D('',#2568,#2057,#2058);
#1896=AXIS2_PLACEMENT_3D('',#2570,#2059,#2060);
#1897=AXIS2_PLACEMENT_3D('',#2573,#2062,#2063);
#1898=AXIS2_PLACEMENT_3D('',#2574,#2064,#2065);
#1899=AXIS2_PLACEMENT_3D('',#2583,#2070,#2071);
#1900=AXIS2_PLACEMENT_3D('',#2585,#2072,#2073);
#1901=AXIS2_PLACEMENT_3D('',#2587,#2074,#2075);
#1902=AXIS2_PLACEMENT_3D('',#2589,#2077,#2078);
#1903=AXIS2_PLACEMENT_3D('',#2595,#2082,#2083);
#1904=AXIS2_PLACEMENT_3D('',#2597,#2084,#2085);
#1905=AXIS2_PLACEMENT_3D('',#2599,#2086,#2087);
#1906=AXIS2_PLACEMENT_3D('',#2601,#2089,#2090);
#1907=AXIS2_PLACEMENT_3D('',#2607,#2094,#2095);
#1908=AXIS2_PLACEMENT_3D('',#2609,#2096,#2097);
#1909=AXIS2_PLACEMENT_3D('',#2611,#2098,#2099);
#1910=AXIS2_PLACEMENT_3D('',#2613,#2101,#2102);
#1911=AXIS2_PLACEMENT_3D('',#2619,#2106,#2107);
#1912=AXIS2_PLACEMENT_3D('',#2620,#2108,#2109);
#1913=AXIS2_PLACEMENT_3D('',#2621,#2110,#2111);
#1914=AXIS2_PLACEMENT_3D('',#2622,#2112,#2113);
#1915=AXIS2_PLACEMENT_3D('',#2624,#2114,#2115);
#1916=AXIS2_PLACEMENT_3D('',#2627,#2117,#2118);
#1917=AXIS2_PLACEMENT_3D('',#2628,#2119,#2120);
#1918=AXIS2_PLACEMENT_3D('',#2637,#2125,#2126);
#1919=AXIS2_PLACEMENT_3D('',#2643,#2130,#2131);
#1920=AXIS2_PLACEMENT_3D('',#2649,#2135,#2136);
#1921=AXIS2_PLACEMENT_3D('',#2652,#2139,#2140);
#1922=AXIS2_PLACEMENT_3D('',#2661,#2145,#2146);
#1923=AXIS2_PLACEMENT_3D('',#2667,#2150,#2151);
#1924=AXIS2_PLACEMENT_3D('',#2673,#2155,#2156);
#1925=AXIS2_PLACEMENT_3D('',#2676,#2159,#2160);
#1926=AXIS2_PLACEMENT_3D('',#2685,#2165,#2166);
#1927=AXIS2_PLACEMENT_3D('',#2691,#2170,#2171);
#1928=AXIS2_PLACEMENT_3D('',#2697,#2175,#2176);
#1929=AXIS2_PLACEMENT_3D('',#2700,#2179,#2180);
#1930=AXIS2_PLACEMENT_3D('',#2709,#2185,#2186);
#1931=AXIS2_PLACEMENT_3D('',#2715,#2190,#2191);
#1932=AXIS2_PLACEMENT_3D('',#2721,#2195,#2196);
#1933=AXIS2_PLACEMENT_3D('',#2724,#2199,#2200);
#1934=AXIS2_PLACEMENT_3D('',#2733,#2205,#2206);
#1935=AXIS2_PLACEMENT_3D('',#2739,#2210,#2211);
#1936=AXIS2_PLACEMENT_3D('',#2745,#2215,#2216);
#1937=AXIS2_PLACEMENT_3D('',#2748,#2219,#2220);
#1938=AXIS2_PLACEMENT_3D('',#2757,#2225,#2226);
#1939=AXIS2_PLACEMENT_3D('',#2763,#2230,#2231);
#1940=AXIS2_PLACEMENT_3D('',#2769,#2235,#2236);
#1941=AXIS2_PLACEMENT_3D('',#2771,#2238,#2239);
#1942=AXIS2_PLACEMENT_3D('',#2773,#2241,#2242);
#1943=AXIS2_PLACEMENT_3D('',#2782,#2247,#2248);
#1944=AXIS2_PLACEMENT_3D('',#2788,#2252,#2253);
#1945=AXIS2_PLACEMENT_3D('',#2794,#2257,#2258);
#1946=AXIS2_PLACEMENT_3D('',#2796,#2260,#2261);
#1947=AXIS2_PLACEMENT_3D('',#2798,#2263,#2264);
#1948=AXIS2_PLACEMENT_3D('',#2807,#2269,#2270);
#1949=AXIS2_PLACEMENT_3D('',#2813,#2274,#2275);
#1950=AXIS2_PLACEMENT_3D('',#2819,#2279,#2280);
#1951=AXIS2_PLACEMENT_3D('',#2821,#2282,#2283);
#1952=AXIS2_PLACEMENT_3D('',#2823,#2285,#2286);
#1953=AXIS2_PLACEMENT_3D('',#2832,#2291,#2292);
#1954=AXIS2_PLACEMENT_3D('',#2838,#2296,#2297);
#1955=AXIS2_PLACEMENT_3D('',#2844,#2301,#2302);
#1956=AXIS2_PLACEMENT_3D('',#2846,#2304,#2305);
#1957=AXIS2_PLACEMENT_3D('',#2848,#2307,#2308);
#1958=AXIS2_PLACEMENT_3D('',#2851,#2309,#2310);
#1959=AXIS2_PLACEMENT_3D('',#2855,#2312,#2313);
#1960=AXIS2_PLACEMENT_3D('',#2857,#2315,#2316);
#1961=AXIS2_PLACEMENT_3D('',#2863,#2320,#2321);
#1962=AXIS2_PLACEMENT_3D('',#2869,#2324,#2325);
#1963=AXIS2_PLACEMENT_3D('',#2871,#2327,#2328);
#1964=AXIS2_PLACEMENT_3D('',#2875,#2331,#2332);
#1965=AXIS2_PLACEMENT_3D('',#2881,#2336,#2337);
#1966=AXIS2_PLACEMENT_3D('',#2882,#2338,#2339);
#1967=AXIS2_PLACEMENT_3D('',#2883,#2340,#2341);
#1968=AXIS2_PLACEMENT_3D('',#2901,#2351,#2352);
#1969=AXIS2_PLACEMENT_3D('',#2907,#2356,#2357);
#1970=AXIS2_PLACEMENT_3D('',#2911,#2359,#2360);
#1971=AXIS2_PLACEMENT_3D('',#2912,#2361,#2362);
#1972=AXIS2_PLACEMENT_3D('',#2913,#2363,#2364);
#1973=AXIS2_PLACEMENT_3D('',#2917,#2366,#2367);
#1974=AXIS2_PLACEMENT_3D('',#2919,#2369,#2370);
#1975=AXIS2_PLACEMENT_3D('',#2923,#2373,#2374);
#1976=AXIS2_PLACEMENT_3D('',#2926,#2376,#2377);
#1977=AXIS2_PLACEMENT_3D('',#2927,#2378,#2379);
#1978=AXIS2_PLACEMENT_3D('',#2929,#2381,#2382);
#1979=AXIS2_PLACEMENT_3D('',#2931,#2383,#2384);
#1980=AXIS2_PLACEMENT_3D('',#2934,#2386,#2387);
#1981=AXIS2_PLACEMENT_3D('',#2935,#2388,#2389);
#1982=AXIS2_PLACEMENT_3D('',#2938,#2391,#2392);
#1983=AXIS2_PLACEMENT_3D('',#2939,#2393,#2394);
#1984=AXIS2_PLACEMENT_3D('',#2941,#2395,#2396);
#1985=AXIS2_PLACEMENT_3D('',#2944,#2398,#2399);
#1986=AXIS2_PLACEMENT_3D('',#2945,#2400,#2401);
#1987=AXIS2_PLACEMENT_3D('',#2946,#2402,#2403);
#1988=AXIS2_PLACEMENT_3D('',#2948,#2404,#2405);
#1989=AXIS2_PLACEMENT_3D('',#2951,#2407,#2408);
#1990=AXIS2_PLACEMENT_3D('',#2952,#2409,#2410);
#1991=AXIS2_PLACEMENT_3D('',#2955,#2412,#2413);
#1992=AXIS2_PLACEMENT_3D('',#2956,#2414,#2415);
#1993=AXIS2_PLACEMENT_3D('',#2958,#2416,#2417);
#1994=AXIS2_PLACEMENT_3D('',#2961,#2419,#2420);
#1995=AXIS2_PLACEMENT_3D('',#2962,#2421,#2422);
#1996=AXIS2_PLACEMENT_3D('',#2963,#2423,#2424);
#1997=AXIS2_PLACEMENT_3D('',#2965,#2425,#2426);
#1998=AXIS2_PLACEMENT_3D('',#2968,#2428,#2429);
#1999=AXIS2_PLACEMENT_3D('',#2969,#2430,#2431);
#2000=AXIS2_PLACEMENT_3D('',#2972,#2433,#2434);
#2001=AXIS2_PLACEMENT_3D('',#2973,#2435,#2436);
#2002=AXIS2_PLACEMENT_3D('',#2975,#2437,#2438);
#2003=AXIS2_PLACEMENT_3D('',#2978,#2440,#2441);
#2004=AXIS2_PLACEMENT_3D('',#2979,#2442,#2443);
#2005=AXIS2_PLACEMENT_3D('',#2980,#2444,#2445);
#2006=AXIS2_PLACEMENT_3D('',#2982,#2446,#2447);
#2007=AXIS2_PLACEMENT_3D('',#2985,#2449,#2450);
#2008=AXIS2_PLACEMENT_3D('',#2986,#2451,#2452);
#2009=AXIS2_PLACEMENT_3D('',#2989,#2454,#2455);
#2010=AXIS2_PLACEMENT_3D('',#2990,#2456,#2457);
#2011=AXIS2_PLACEMENT_3D('',#2992,#2458,#2459);
#2012=AXIS2_PLACEMENT_3D('',#2995,#2461,#2462);
#2013=AXIS2_PLACEMENT_3D('',#2996,#2463,#2464);
#2014=AXIS2_PLACEMENT_3D('',#2997,#2465,#2466);
#2015=AXIS2_PLACEMENT_3D('',#3006,#2471,#2472);
#2016=AXIS2_PLACEMENT_3D('',#3008,#2473,#2474);
#2017=AXIS2_PLACEMENT_3D('',#3010,#2475,#2476);
#2018=AXIS2_PLACEMENT_3D('',#3012,#2478,#2479);
#2019=AXIS2_PLACEMENT_3D('',#3018,#2483,#2484);
#2020=AXIS2_PLACEMENT_3D('',#3020,#2485,#2486);
#2021=AXIS2_PLACEMENT_3D('',#3022,#2487,#2488);
#2022=AXIS2_PLACEMENT_3D('',#3024,#2490,#2491);
#2023=AXIS2_PLACEMENT_3D('',#3030,#2495,#2496);
#2024=AXIS2_PLACEMENT_3D('',#3031,#2497,#2498);
#2025=AXIS2_PLACEMENT_3D('',#3032,#2499,#2500);
#2026=AXIS2_PLACEMENT_3D('',#3033,#2501,#2502);
#2027=AXIS2_PLACEMENT_3D('',#3034,#2503,#2504);
#2028=AXIS2_PLACEMENT_3D('',#3035,#2505,#2506);
#2029=AXIS2_PLACEMENT_3D('',#3036,#2507,#2508);
#2030=AXIS2_PLACEMENT_3D('',#3039,#2509,#2510);
#2031=AXIS2_PLACEMENT_3D('',#3043,#2512,#2513);
#2032=AXIS2_PLACEMENT_3D('',#3047,#2515,#2516);
#2033=AXIS2_PLACEMENT_3D('',#3051,#2518,#2519);
#2034=AXIS2_PLACEMENT_3D('',#3053,#2521,#2522);
#2035=AXIS2_PLACEMENT_3D('',#3059,#2526,#2527);
#2036=AXIS2_PLACEMENT_3D('',#3061,#2528,#2529);
#2037=AXIS2_PLACEMENT_3D('',#3063,#2531,#2532);
#2038=AXIS2_PLACEMENT_3D('',#3067,#2535,#2536);
#2039=AXIS2_PLACEMENT_3D('',#3069,#2537,#2538);
#2040=AXIS2_PLACEMENT_3D('',#3071,#2540,#2541);
#2041=AXIS2_PLACEMENT_3D('',#3075,#2544,#2545);
#2042=AXIS2_PLACEMENT_3D('',#3077,#2546,#2547);
#2043=AXIS2_PLACEMENT_3D('',#3079,#2549,#2550);
#2044=AXIS2_PLACEMENT_3D('',#3083,#2553,#2554);
#2045=AXIS2_PLACEMENT_3D('',#3084,#2555,#2556);
#2046=AXIS2_PLACEMENT_3D('',#3085,#2557,#2558);
#2047=AXIS2_PLACEMENT_3D('',#3086,#2559,#2560);
#2048=DIRECTION('axis',(0.,0.,1.));
#2049=DIRECTION('refdir',(1.,0.,0.));
#2050=DIRECTION('center_axis',(0.,0.,1.));
#2051=DIRECTION('ref_axis',(1.,0.,0.));
#2052=DIRECTION('center_axis',(0.,0.,1.));
#2053=DIRECTION('ref_axis',(1.,0.,0.));
#2054=DIRECTION('',(0.,0.,1.));
#2055=DIRECTION('center_axis',(0.,0.,-1.));
#2056=DIRECTION('ref_axis',(1.,0.,0.));
#2057=DIRECTION('center_axis',(0.,0.,1.));
#2058=DIRECTION('ref_axis',(1.,0.,0.));
#2059=DIRECTION('center_axis',(0.,0.,1.));
#2060=DIRECTION('ref_axis',(1.,0.,0.));
#2061=DIRECTION('',(0.,0.,1.));
#2062=DIRECTION('center_axis',(0.,0.,-1.));
#2063=DIRECTION('ref_axis',(1.,0.,0.));
#2064=DIRECTION('center_axis',(1.,0.,0.));
#2065=DIRECTION('ref_axis',(0.,1.,0.));
#2066=DIRECTION('',(0.,-1.,0.));
#2067=DIRECTION('',(0.,0.,1.));
#2068=DIRECTION('',(0.,1.,0.));
#2069=DIRECTION('',(0.,0.,1.));
#2070=DIRECTION('center_axis',(0.,0.,1.));
#2071=DIRECTION('ref_axis',(0.,-1.,0.));
#2072=DIRECTION('center_axis',(0.,0.,-1.));
#2073=DIRECTION('ref_axis',(0.,-1.,0.));
#2074=DIRECTION('center_axis',(0.,0.,1.));
#2075=DIRECTION('ref_axis',(0.,-1.,0.));
#2076=DIRECTION('',(0.,0.,1.));
#2077=DIRECTION('center_axis',(0.,-1.,0.));
#2078=DIRECTION('ref_axis',(1.,0.,0.));
#2079=DIRECTION('',(-1.,0.,0.));
#2080=DIRECTION('',(1.,0.,0.));
#2081=DIRECTION('',(0.,0.,1.));
#2082=DIRECTION('center_axis',(0.,0.,1.));
#2083=DIRECTION('ref_axis',(-1.,0.,0.));
#2084=DIRECTION('center_axis',(0.,0.,-1.));
#2085=DIRECTION('ref_axis',(-1.,0.,0.));
#2086=DIRECTION('center_axis',(0.,0.,1.));
#2087=DIRECTION('ref_axis',(-1.,0.,0.));
#2088=DIRECTION('',(0.,0.,1.));
#2089=DIRECTION('center_axis',(-1.,0.,0.));
#2090=DIRECTION('ref_axis',(0.,-1.,0.));
#2091=DIRECTION('',(0.,1.,0.));
#2092=DIRECTION('',(0.,-1.,0.));
#2093=DIRECTION('',(0.,0.,1.));
#2094=DIRECTION('center_axis',(0.,0.,1.));
#2095=DIRECTION('ref_axis',(0.,1.,0.));
#2096=DIRECTION('center_axis',(0.,0.,-1.));
#2097=DIRECTION('ref_axis',(0.,1.,0.));
#2098=DIRECTION('center_axis',(0.,0.,1.));
#2099=DIRECTION('ref_axis',(0.,1.,0.));
#2100=DIRECTION('',(0.,0.,1.));
#2101=DIRECTION('center_axis',(0.,1.,0.));
#2102=DIRECTION('ref_axis',(-1.,0.,0.));
#2103=DIRECTION('',(1.,0.,0.));
#2104=DIRECTION('',(-1.,0.,0.));
#2105=DIRECTION('',(0.,0.,1.));
#2106=DIRECTION('center_axis',(0.,0.,1.));
#2107=DIRECTION('ref_axis',(1.,0.,0.));
#2108=DIRECTION('center_axis',(0.,0.,-1.));
#2109=DIRECTION('ref_axis',(1.,0.,0.));
#2110=DIRECTION('center_axis',(0.,0.,1.));
#2111=DIRECTION('ref_axis',(1.,0.,0.));
#2112=DIRECTION('center_axis',(0.,-1.,0.));
#2113=DIRECTION('ref_axis',(1.,0.,0.));
#2114=DIRECTION('center_axis',(0.,-1.,0.));
#2115=DIRECTION('ref_axis',(1.,0.,0.));
#2116=DIRECTION('',(0.,-1.,0.));
#2117=DIRECTION('center_axis',(0.,1.,0.));
#2118=DIRECTION('ref_axis',(1.,0.,0.));
#2119=DIRECTION('center_axis',(-1.,0.,0.));
#2120=DIRECTION('ref_axis',(0.,-1.,0.));
#2121=DIRECTION('',(0.,0.,1.));
#2122=DIRECTION('',(0.,-1.,0.));
#2123=DIRECTION('',(0.,0.,-1.));
#2124=DIRECTION('',(0.,-1.,0.));
#2125=DIRECTION('center_axis',(0.,0.,1.));
#2126=DIRECTION('ref_axis',(1.,0.,0.));
#2127=DIRECTION('',(1.,0.,0.));
#2128=DIRECTION('',(-1.,0.,0.));
#2129=DIRECTION('',(0.,1.,0.));
#2130=DIRECTION('center_axis',(1.,0.,0.));
#2131=DIRECTION('ref_axis',(0.,1.,0.));
#2132=DIRECTION('',(0.,0.,-1.));
#2133=DIRECTION('',(0.,0.,1.));
#2134=DIRECTION('',(0.,1.,0.));
#2135=DIRECTION('center_axis',(0.,0.,1.));
#2136=DIRECTION('ref_axis',(1.,0.,0.));
#2137=DIRECTION('',(-1.,0.,0.));
#2138=DIRECTION('',(1.,0.,0.));
#2139=DIRECTION('center_axis',(-1.,0.,0.));
#2140=DIRECTION('ref_axis',(0.,-1.,0.));
#2141=DIRECTION('',(0.,0.,1.));
#2142=DIRECTION('',(0.,-1.,0.));
#2143=DIRECTION('',(0.,0.,-1.));
#2144=DIRECTION('',(0.,-1.,0.));
#2145=DIRECTION('center_axis',(0.,0.,1.));
#2146=DIRECTION('ref_axis',(1.,0.,0.));
#2147=DIRECTION('',(1.,0.,0.));
#2148=DIRECTION('',(-1.,0.,0.));
#2149=DIRECTION('',(0.,1.,0.));
#2150=DIRECTION('center_axis',(1.,0.,0.));
#2151=DIRECTION('ref_axis',(0.,1.,0.));
#2152=DIRECTION('',(0.,0.,-1.));
#2153=DIRECTION('',(0.,0.,1.));
#2154=DIRECTION('',(0.,1.,0.));
#2155=DIRECTION('center_axis',(0.,0.,1.));
#2156=DIRECTION('ref_axis',(1.,0.,0.));
#2157=DIRECTION('',(-1.,0.,0.));
#2158=DIRECTION('',(1.,0.,0.));
#2159=DIRECTION('center_axis',(-1.,0.,0.));
#2160=DIRECTION('ref_axis',(0.,-1.,0.));
#2161=DIRECTION('',(0.,0.,1.));
#2162=DIRECTION('',(0.,-1.,0.));
#2163=DIRECTION('',(0.,0.,-1.));
#2164=DIRECTION('',(0.,-1.,0.));
#2165=DIRECTION('center_axis',(0.,0.,1.));
#2166=DIRECTION('ref_axis',(1.,0.,0.));
#2167=DIRECTION('',(1.,0.,0.));
#2168=DIRECTION('',(-1.,0.,0.));
#2169=DIRECTION('',(0.,1.,0.));
#2170=DIRECTION('center_axis',(1.,0.,0.));
#2171=DIRECTION('ref_axis',(0.,1.,0.));
#2172=DIRECTION('',(0.,0.,-1.));
#2173=DIRECTION('',(0.,0.,1.));
#2174=DIRECTION('',(0.,1.,0.));
#2175=DIRECTION('center_axis',(0.,0.,1.));
#2176=DIRECTION('ref_axis',(1.,0.,0.));
#2177=DIRECTION('',(-1.,0.,0.));
#2178=DIRECTION('',(1.,0.,0.));
#2179=DIRECTION('center_axis',(-1.,0.,0.));
#2180=DIRECTION('ref_axis',(0.,-1.,0.));
#2181=DIRECTION('',(0.,0.,1.));
#2182=DIRECTION('',(0.,-1.,0.));
#2183=DIRECTION('',(0.,0.,-1.));
#2184=DIRECTION('',(0.,-1.,0.));
#2185=DIRECTION('center_axis',(0.,0.,1.));
#2186=DIRECTION('ref_axis',(1.,0.,0.));
#2187=DIRECTION('',(1.,0.,0.));
#2188=DIRECTION('',(-1.,0.,0.));
#2189=DIRECTION('',(0.,1.,0.));
#2190=DIRECTION('center_axis',(1.,0.,0.));
#2191=DIRECTION('ref_axis',(0.,1.,0.));
#2192=DIRECTION('',(0.,0.,-1.));
#2193=DIRECTION('',(0.,0.,1.));
#2194=DIRECTION('',(0.,1.,0.));
#2195=DIRECTION('center_axis',(0.,0.,1.));
#2196=DIRECTION('ref_axis',(1.,0.,0.));
#2197=DIRECTION('',(-1.,0.,0.));
#2198=DIRECTION('',(1.,0.,0.));
#2199=DIRECTION('center_axis',(-1.,0.,0.));
#2200=DIRECTION('ref_axis',(0.,-1.,0.));
#2201=DIRECTION('',(0.,0.,1.));
#2202=DIRECTION('',(0.,-1.,0.));
#2203=DIRECTION('',(0.,0.,-1.));
#2204=DIRECTION('',(0.,-1.,0.));
#2205=DIRECTION('center_axis',(0.,0.,1.));
#2206=DIRECTION('ref_axis',(1.,0.,0.));
#2207=DIRECTION('',(1.,0.,0.));
#2208=DIRECTION('',(-1.,0.,0.));
#2209=DIRECTION('',(0.,1.,0.));
#2210=DIRECTION('center_axis',(1.,0.,0.));
#2211=DIRECTION('ref_axis',(0.,1.,0.));
#2212=DIRECTION('',(0.,0.,-1.));
#2213=DIRECTION('',(0.,0.,1.));
#2214=DIRECTION('',(0.,1.,0.));
#2215=DIRECTION('center_axis',(0.,0.,1.));
#2216=DIRECTION('ref_axis',(1.,0.,0.));
#2217=DIRECTION('',(-1.,0.,0.));
#2218=DIRECTION('',(1.,0.,0.));
#2219=DIRECTION('center_axis',(1.,0.,0.));
#2220=DIRECTION('ref_axis',(0.,1.,0.));
#2221=DIRECTION('',(0.,1.,0.));
#2222=DIRECTION('',(0.,0.,-1.));
#2223=DIRECTION('',(0.,1.,0.));
#2224=DIRECTION('',(0.,0.,1.));
#2225=DIRECTION('center_axis',(0.,-1.,0.));
#2226=DIRECTION('ref_axis',(1.,0.,0.));
#2227=DIRECTION('',(1.,0.,0.));
#2228=DIRECTION('',(1.,0.,0.));
#2229=DIRECTION('',(0.,0.,1.));
#2230=DIRECTION('center_axis',(-1.,0.,0.));
#2231=DIRECTION('ref_axis',(0.,-1.,0.));
#2232=DIRECTION('',(0.,-1.,0.));
#2233=DIRECTION('',(0.,-1.,0.));
#2234=DIRECTION('',(0.,0.,1.));
#2235=DIRECTION('center_axis',(0.,0.,1.));
#2236=DIRECTION('ref_axis',(1.,0.,0.));
#2237=DIRECTION('',(1.,0.,0.));
#2238=DIRECTION('center_axis',(0.,0.,1.));
#2239=DIRECTION('ref_axis',(1.,0.,0.));
#2240=DIRECTION('',(-1.,0.,0.));
#2241=DIRECTION('center_axis',(-7.93016446160826E-17,1.,0.));
#2242=DIRECTION('ref_axis',(-1.,-7.93016446160826E-17,0.));
#2243=DIRECTION('',(-1.,-7.93016446160826E-17,0.));
#2244=DIRECTION('',(0.,0.,1.));
#2245=DIRECTION('',(-1.,-7.93016446160826E-17,0.));
#2246=DIRECTION('',(0.,0.,1.));
#2247=DIRECTION('center_axis',(1.,0.,0.));
#2248=DIRECTION('ref_axis',(0.,1.,0.));
#2249=DIRECTION('',(0.,1.,0.));
#2250=DIRECTION('',(0.,1.,0.));
#2251=DIRECTION('',(0.,0.,1.));
#2252=DIRECTION('center_axis',(-1.,0.,0.));
#2253=DIRECTION('ref_axis',(0.,-1.,0.));
#2254=DIRECTION('',(0.,-1.,0.));
#2255=DIRECTION('',(0.,0.,-1.));
#2256=DIRECTION('',(0.,-1.,0.));
#2257=DIRECTION('center_axis',(0.,0.,1.));
#2258=DIRECTION('ref_axis',(1.,0.,0.));
#2259=DIRECTION('',(-1.,0.,0.));
#2260=DIRECTION('center_axis',(0.,0.,1.));
#2261=DIRECTION('ref_axis',(1.,0.,0.));
#2262=DIRECTION('',(1.,0.,0.));
#2263=DIRECTION('center_axis',(1.,0.,0.));
#2264=DIRECTION('ref_axis',(0.,1.,0.));
#2265=DIRECTION('',(0.,1.,0.));
#2266=DIRECTION('',(0.,0.,-1.));
#2267=DIRECTION('',(0.,1.,0.));
#2268=DIRECTION('',(0.,0.,1.));
#2269=DIRECTION('center_axis',(0.,-1.,0.));
#2270=DIRECTION('ref_axis',(1.,0.,0.));
#2271=DIRECTION('',(1.,0.,0.));
#2272=DIRECTION('',(1.,0.,0.));
#2273=DIRECTION('',(0.,0.,1.));
#2274=DIRECTION('center_axis',(-1.,0.,0.));
#2275=DIRECTION('ref_axis',(0.,-1.,0.));
#2276=DIRECTION('',(0.,-1.,0.));
#2277=DIRECTION('',(0.,-1.,0.));
#2278=DIRECTION('',(0.,0.,1.));
#2279=DIRECTION('center_axis',(0.,0.,1.));
#2280=DIRECTION('ref_axis',(1.,0.,0.));
#2281=DIRECTION('',(1.,0.,0.));
#2282=DIRECTION('center_axis',(0.,0.,1.));
#2283=DIRECTION('ref_axis',(1.,0.,0.));
#2284=DIRECTION('',(-1.,0.,0.));
#2285=DIRECTION('center_axis',(-7.93016446160826E-17,1.,0.));
#2286=DIRECTION('ref_axis',(-1.,-7.93016446160826E-17,0.));
#2287=DIRECTION('',(-1.,-7.93016446160826E-17,0.));
#2288=DIRECTION('',(0.,0.,1.));
#2289=DIRECTION('',(-1.,-7.93016446160826E-17,0.));
#2290=DIRECTION('',(0.,0.,1.));
#2291=DIRECTION('center_axis',(1.,0.,0.));
#2292=DIRECTION('ref_axis',(0.,1.,0.));
#2293=DIRECTION('',(0.,1.,0.));
#2294=DIRECTION('',(0.,1.,0.));
#2295=DIRECTION('',(0.,0.,1.));
#2296=DIRECTION('center_axis',(-1.,0.,0.));
#2297=DIRECTION('ref_axis',(0.,-1.,0.));
#2298=DIRECTION('',(0.,-1.,0.));
#2299=DIRECTION('',(0.,0.,-1.));
#2300=DIRECTION('',(0.,-1.,0.));
#2301=DIRECTION('center_axis',(0.,0.,1.));
#2302=DIRECTION('ref_axis',(1.,0.,0.));
#2303=DIRECTION('',(-1.,0.,0.));
#2304=DIRECTION('center_axis',(0.,0.,1.));
#2305=DIRECTION('ref_axis',(1.,0.,0.));
#2306=DIRECTION('',(1.,0.,0.));
#2307=DIRECTION('center_axis',(0.,0.,1.));
#2308=DIRECTION('ref_axis',(0.,1.,0.));
#2309=DIRECTION('center_axis',(0.,0.,-1.));
#2310=DIRECTION('ref_axis',(0.,1.,0.));
#2311=DIRECTION('',(0.,0.,1.));
#2312=DIRECTION('center_axis',(0.,0.,1.));
#2313=DIRECTION('ref_axis',(0.,1.,0.));
#2314=DIRECTION('',(0.,0.,1.));
#2315=DIRECTION('center_axis',(0.,1.,0.));
#2316=DIRECTION('ref_axis',(-1.,0.,0.));
#2317=DIRECTION('',(1.,0.,0.));
#2318=DIRECTION('',(-1.,0.,0.));
#2319=DIRECTION('',(0.,0.,-1.));
#2320=DIRECTION('center_axis',(0.,0.,1.));
#2321=DIRECTION('ref_axis',(1.,0.,0.));
#2322=DIRECTION('',(0.,-1.,0.));
#2323=DIRECTION('',(0.,-1.,0.));
#2324=DIRECTION('center_axis',(0.,0.,1.));
#2325=DIRECTION('ref_axis',(-1.,0.,0.));
#2326=DIRECTION('',(1.,0.,0.));
#2327=DIRECTION('center_axis',(-1.,0.,0.));
#2328=DIRECTION('ref_axis',(0.,-1.,0.));
#2329=DIRECTION('',(0.,1.,0.));
#2330=DIRECTION('',(0.,0.,1.));
#2331=DIRECTION('center_axis',(0.,-1.,0.));
#2332=DIRECTION('ref_axis',(1.,0.,0.));
#2333=DIRECTION('',(-1.,0.,0.));
#2334=DIRECTION('',(0.,0.,1.));
#2335=DIRECTION('',(0.,0.,1.));
#2336=DIRECTION('center_axis',(0.,0.,1.));
#2337=DIRECTION('ref_axis',(-1.,0.,0.));
#2338=DIRECTION('center_axis',(0.,0.,-1.));
#2339=DIRECTION('ref_axis',(-1.,0.,0.));
#2340=DIRECTION('center_axis',(1.,0.,0.));
#2341=DIRECTION('ref_axis',(0.,1.,0.));
#2342=DIRECTION('',(0.,1.,0.));
#2343=DIRECTION('',(0.,0.,1.));
#2344=DIRECTION('',(0.,-1.,0.));
#2345=DIRECTION('',(0.,0.,1.));
#2346=DIRECTION('',(0.,1.,0.));
#2347=DIRECTION('',(0.,0.,1.));
#2348=DIRECTION('',(0.,1.,0.));
#2349=DIRECTION('',(0.,0.,-1.));
#2350=DIRECTION('',(0.,-1.,0.));
#2351=DIRECTION('center_axis',(0.,1.,0.));
#2352=DIRECTION('ref_axis',(-1.,0.,0.));
#2353=DIRECTION('',(-1.,0.,0.));
#2354=DIRECTION('',(0.,0.,1.));
#2355=DIRECTION('',(-1.,0.,0.));
#2356=DIRECTION('center_axis',(0.,0.,1.));
#2357=DIRECTION('ref_axis',(0.,1.,0.));
#2358=DIRECTION('',(0.,0.,1.));
#2359=DIRECTION('center_axis',(0.,0.,1.));
#2360=DIRECTION('ref_axis',(0.,1.,0.));
#2361=DIRECTION('center_axis',(0.,0.,1.));
#2362=DIRECTION('ref_axis',(0.,1.,0.));
#2363=DIRECTION('center_axis',(0.,0.,1.));
#2364=DIRECTION('ref_axis',(1.,0.,0.));
#2365=DIRECTION('',(0.,1.,0.));
#2366=DIRECTION('center_axis',(0.,0.,1.));
#2367=DIRECTION('ref_axis',(-1.,0.,0.));
#2368=DIRECTION('',(1.,0.,0.));
#2369=DIRECTION('center_axis',(0.,-1.,0.));
#2370=DIRECTION('ref_axis',(1.,0.,0.));
#2371=DIRECTION('',(0.,0.,1.));
#2372=DIRECTION('',(1.,0.,0.));
#2373=DIRECTION('center_axis',(0.,0.,1.));
#2374=DIRECTION('ref_axis',(-1.,0.,0.));
#2375=DIRECTION('',(0.,0.,-1.));
#2376=DIRECTION('center_axis',(0.,0.,1.));
#2377=DIRECTION('ref_axis',(-1.,0.,0.));
#2378=DIRECTION('center_axis',(0.,0.,1.));
#2379=DIRECTION('ref_axis',(1.,0.,0.));
#2380=DIRECTION('',(0.,-1.,0.));
#2381=DIRECTION('center_axis',(0.,0.,-1.));
#2382=DIRECTION('ref_axis',(1.,0.,0.));
#2383=DIRECTION('center_axis',(0.,0.,1.));
#2384=DIRECTION('ref_axis',(1.,0.,0.));
#2385=DIRECTION('',(0.707106781186548,8.65956056235494E-17,0.707106781186547));
#2386=DIRECTION('center_axis',(0.,0.,-1.));
#2387=DIRECTION('ref_axis',(1.,0.,0.));
#2388=DIRECTION('center_axis',(0.,0.,1.));
#2389=DIRECTION('ref_axis',(1.,0.,0.));
#2390=DIRECTION('',(0.,0.,1.));
#2391=DIRECTION('center_axis',(0.,0.,-1.));
#2392=DIRECTION('ref_axis',(1.,0.,0.));
#2393=DIRECTION('center_axis',(0.,0.,1.));
#2394=DIRECTION('ref_axis',(1.,0.,0.));
#2395=DIRECTION('center_axis',(0.,0.,1.));
#2396=DIRECTION('ref_axis',(1.,0.,0.));
#2397=DIRECTION('',(0.,0.,-1.));
#2398=DIRECTION('center_axis',(0.,0.,-1.));
#2399=DIRECTION('ref_axis',(1.,0.,0.));
#2400=DIRECTION('center_axis',(0.,0.,1.));
#2401=DIRECTION('ref_axis',(1.,0.,0.));
#2402=DIRECTION('center_axis',(0.,0.,-1.));
#2403=DIRECTION('ref_axis',(1.,0.,0.));
#2404=DIRECTION('center_axis',(0.,0.,1.));
#2405=DIRECTION('ref_axis',(1.,0.,0.));
#2406=DIRECTION('',(0.707106781186548,8.65956056235494E-17,0.707106781186547));
#2407=DIRECTION('center_axis',(0.,0.,-1.));
#2408=DIRECTION('ref_axis',(1.,0.,0.));
#2409=DIRECTION('center_axis',(0.,0.,1.));
#2410=DIRECTION('ref_axis',(1.,0.,0.));
#2411=DIRECTION('',(0.,0.,1.));
#2412=DIRECTION('center_axis',(0.,0.,-1.));
#2413=DIRECTION('ref_axis',(1.,0.,0.));
#2414=DIRECTION('center_axis',(0.,0.,1.));
#2415=DIRECTION('ref_axis',(1.,0.,0.));
#2416=DIRECTION('center_axis',(0.,0.,1.));
#2417=DIRECTION('ref_axis',(1.,0.,0.));
#2418=DIRECTION('',(0.,0.,-1.));
#2419=DIRECTION('center_axis',(0.,0.,-1.));
#2420=DIRECTION('ref_axis',(1.,0.,0.));
#2421=DIRECTION('center_axis',(0.,0.,1.));
#2422=DIRECTION('ref_axis',(1.,0.,0.));
#2423=DIRECTION('center_axis',(0.,0.,-1.));
#2424=DIRECTION('ref_axis',(1.,0.,0.));
#2425=DIRECTION('center_axis',(0.,0.,1.));
#2426=DIRECTION('ref_axis',(1.,0.,0.));
#2427=DIRECTION('',(0.707106781186548,8.65956056235493E-17,0.707106781186547));
#2428=DIRECTION('center_axis',(0.,0.,-1.));
#2429=DIRECTION('ref_axis',(1.,0.,0.));
#2430=DIRECTION('center_axis',(0.,0.,1.));
#2431=DIRECTION('ref_axis',(1.,0.,0.));
#2432=DIRECTION('',(0.,0.,1.));
#2433=DIRECTION('center_axis',(0.,0.,-1.));
#2434=DIRECTION('ref_axis',(1.,0.,0.));
#2435=DIRECTION('center_axis',(0.,0.,1.));
#2436=DIRECTION('ref_axis',(1.,0.,0.));
#2437=DIRECTION('center_axis',(0.,0.,1.));
#2438=DIRECTION('ref_axis',(1.,0.,0.));
#2439=DIRECTION('',(0.,0.,-1.));
#2440=DIRECTION('center_axis',(0.,0.,-1.));
#2441=DIRECTION('ref_axis',(1.,0.,0.));
#2442=DIRECTION('center_axis',(0.,0.,1.));
#2443=DIRECTION('ref_axis',(1.,0.,0.));
#2444=DIRECTION('center_axis',(0.,0.,-1.));
#2445=DIRECTION('ref_axis',(1.,0.,0.));
#2446=DIRECTION('center_axis',(0.,0.,1.));
#2447=DIRECTION('ref_axis',(1.,0.,0.));
#2448=DIRECTION('',(0.707106781186548,8.65956056235493E-17,0.707106781186547));
#2449=DIRECTION('center_axis',(0.,0.,-1.));
#2450=DIRECTION('ref_axis',(1.,0.,0.));
#2451=DIRECTION('center_axis',(0.,0.,1.));
#2452=DIRECTION('ref_axis',(1.,0.,0.));
#2453=DIRECTION('',(0.,0.,1.));
#2454=DIRECTION('center_axis',(0.,0.,-1.));
#2455=DIRECTION('ref_axis',(1.,0.,0.));
#2456=DIRECTION('center_axis',(0.,0.,1.));
#2457=DIRECTION('ref_axis',(1.,0.,0.));
#2458=DIRECTION('center_axis',(0.,0.,1.));
#2459=DIRECTION('ref_axis',(1.,0.,0.));
#2460=DIRECTION('',(0.,0.,-1.));
#2461=DIRECTION('center_axis',(0.,0.,-1.));
#2462=DIRECTION('ref_axis',(1.,0.,0.));
#2463=DIRECTION('center_axis',(0.,0.,1.));
#2464=DIRECTION('ref_axis',(1.,0.,0.));
#2465=DIRECTION('center_axis',(0.,1.,0.));
#2466=DIRECTION('ref_axis',(-1.,0.,0.));
#2467=DIRECTION('',(1.,0.,0.));
#2468=DIRECTION('',(0.,0.,1.));
#2469=DIRECTION('',(-1.,0.,0.));
#2470=DIRECTION('',(0.,0.,1.));
#2471=DIRECTION('center_axis',(0.,0.,1.));
#2472=DIRECTION('ref_axis',(0.,-1.,0.));
#2473=DIRECTION('center_axis',(0.,0.,1.));
#2474=DIRECTION('ref_axis',(0.,-1.,0.));
#2475=DIRECTION('center_axis',(0.,0.,-1.));
#2476=DIRECTION('ref_axis',(0.,-1.,0.));
#2477=DIRECTION('',(0.,0.,1.));
#2478=DIRECTION('center_axis',(-1.,0.,0.));
#2479=DIRECTION('ref_axis',(0.,-1.,0.));
#2480=DIRECTION('',(0.,1.,0.));
#2481=DIRECTION('',(0.,-1.,0.));
#2482=DIRECTION('',(0.,0.,1.));
#2483=DIRECTION('center_axis',(0.,0.,1.));
#2484=DIRECTION('ref_axis',(1.,0.,0.));
#2485=DIRECTION('center_axis',(0.,0.,1.));
#2486=DIRECTION('ref_axis',(1.,0.,0.));
#2487=DIRECTION('center_axis',(0.,0.,-1.));
#2488=DIRECTION('ref_axis',(1.,0.,0.));
#2489=DIRECTION('',(0.,0.,1.));
#2490=DIRECTION('center_axis',(0.,-1.,0.));
#2491=DIRECTION('ref_axis',(1.,0.,0.));
#2492=DIRECTION('',(-1.,0.,0.));
#2493=DIRECTION('',(1.,0.,0.));
#2494=DIRECTION('',(0.,0.,1.));
#2495=DIRECTION('center_axis',(0.,0.,1.));
#2496=DIRECTION('ref_axis',(0.,1.,0.));
#2497=DIRECTION('center_axis',(0.,0.,1.));
#2498=DIRECTION('ref_axis',(0.,1.,0.));
#2499=DIRECTION('center_axis',(0.,0.,-1.));
#2500=DIRECTION('ref_axis',(0.,1.,0.));
#2501=DIRECTION('center_axis',(0.,0.,1.));
#2502=DIRECTION('ref_axis',(-1.,0.,0.));
#2503=DIRECTION('center_axis',(0.,0.,1.));
#2504=DIRECTION('ref_axis',(-1.,0.,0.));
#2505=DIRECTION('center_axis',(0.,0.,-1.));
#2506=DIRECTION('ref_axis',(-1.,0.,0.));
#2507=DIRECTION('center_axis',(0.,0.,1.));
#2508=DIRECTION('ref_axis',(1.,0.,0.));
#2509=DIRECTION('center_axis',(0.,0.,1.));
#2510=DIRECTION('ref_axis',(-1.,0.,0.));
#2511=DIRECTION('',(1.,0.,0.));
#2512=DIRECTION('center_axis',(0.,0.,1.));
#2513=DIRECTION('ref_axis',(0.,-1.,0.));
#2514=DIRECTION('',(0.,1.,0.));
#2515=DIRECTION('center_axis',(0.,0.,1.));
#2516=DIRECTION('ref_axis',(1.,0.,0.));
#2517=DIRECTION('',(-1.,0.,0.));
#2518=DIRECTION('center_axis',(0.,0.,1.));
#2519=DIRECTION('ref_axis',(0.,1.,0.));
#2520=DIRECTION('',(0.,-1.,0.));
#2521=DIRECTION('center_axis',(-1.,0.,0.));
#2522=DIRECTION('ref_axis',(0.,-1.,0.));
#2523=DIRECTION('',(0.,-1.,0.));
#2524=DIRECTION('',(0.,0.,1.));
#2525=DIRECTION('',(0.,0.,1.));
#2526=DIRECTION('center_axis',(0.,0.,1.));
#2527=DIRECTION('ref_axis',(0.,1.,0.));
#2528=DIRECTION('center_axis',(0.,0.,1.));
#2529=DIRECTION('ref_axis',(0.,1.,0.));
#2530=DIRECTION('',(0.,0.,1.));
#2531=DIRECTION('center_axis',(0.,1.,0.));
#2532=DIRECTION('ref_axis',(-1.,0.,0.));
#2533=DIRECTION('',(-1.,0.,0.));
#2534=DIRECTION('',(0.,0.,1.));
#2535=DIRECTION('center_axis',(0.,0.,1.));
#2536=DIRECTION('ref_axis',(1.,0.,0.));
#2537=DIRECTION('center_axis',(0.,0.,1.));
#2538=DIRECTION('ref_axis',(1.,0.,0.));
#2539=DIRECTION('',(0.,0.,1.));
#2540=DIRECTION('center_axis',(1.,0.,0.));
#2541=DIRECTION('ref_axis',(0.,1.,0.));
#2542=DIRECTION('',(0.,1.,0.));
#2543=DIRECTION('',(0.,0.,1.));
#2544=DIRECTION('center_axis',(0.,0.,1.));
#2545=DIRECTION('ref_axis',(0.,-1.,0.));
#2546=DIRECTION('center_axis',(0.,0.,1.));
#2547=DIRECTION('ref_axis',(0.,-1.,0.));
#2548=DIRECTION('',(0.,0.,1.));
#2549=DIRECTION('center_axis',(0.,-1.,0.));
#2550=DIRECTION('ref_axis',(1.,0.,0.));
#2551=DIRECTION('',(1.,0.,0.));
#2552=DIRECTION('',(0.,0.,1.));
#2553=DIRECTION('center_axis',(0.,0.,1.));
#2554=DIRECTION('ref_axis',(-1.,0.,0.));
#2555=DIRECTION('center_axis',(0.,0.,1.));
#2556=DIRECTION('ref_axis',(-1.,0.,0.));
#2557=DIRECTION('center_axis',(0.,0.,1.));
#2558=DIRECTION('ref_axis',(1.,0.,0.));
#2559=DIRECTION('center_axis',(0.,0.,1.));
#2560=DIRECTION('ref_axis',(1.,0.,0.));
#2561=CARTESIAN_POINT('',(0.,0.,0.));
#2562=CARTESIAN_POINT('Origin',(1.37,2.83,-0.01));
#2563=CARTESIAN_POINT('',(1.17,2.83,0.));
#2564=CARTESIAN_POINT('Origin',(1.37,2.83,0.));
#2565=CARTESIAN_POINT('',(1.17,2.83,0.24));
#2566=CARTESIAN_POINT('',(1.17,2.83,-0.01));
#2567=CARTESIAN_POINT('Origin',(1.37,2.83,0.24));
#2568=CARTESIAN_POINT('Origin',(1.37,0.99,-0.01));
#2569=CARTESIAN_POINT('',(1.17,0.99,0.));
#2570=CARTESIAN_POINT('Origin',(1.37,0.99,0.));
#2571=CARTESIAN_POINT('',(1.17,0.99,0.24));
#2572=CARTESIAN_POINT('',(1.17,0.99,-0.01));
#2573=CARTESIAN_POINT('Origin',(1.37,0.99,0.24));
#2574=CARTESIAN_POINT('Origin',(5.68,0.98,-0.01));
#2575=CARTESIAN_POINT('',(5.68,2.84,0.24));
#2576=CARTESIAN_POINT('',(5.68,0.98,0.24));
#2577=CARTESIAN_POINT('',(5.68,1.49,0.24));
#2578=CARTESIAN_POINT('',(5.68,2.84,0.));
#2579=CARTESIAN_POINT('',(5.68,2.84,-0.01));
#2580=CARTESIAN_POINT('',(5.68,0.98,0.));
#2581=CARTESIAN_POINT('',(5.68,1.49,0.));
#2582=CARTESIAN_POINT('',(5.68,0.98,-0.01));
#2583=CARTESIAN_POINT('Origin',(5.56,0.98,-0.01));
#2584=CARTESIAN_POINT('',(5.56,0.86,0.24));
#2585=CARTESIAN_POINT('Origin',(5.56,0.98,0.24));
#2586=CARTESIAN_POINT('',(5.56,0.86,0.));
#2587=CARTESIAN_POINT('Origin',(5.56,0.98,0.));
#2588=CARTESIAN_POINT('',(5.56,0.86,-0.01));
#2589=CARTESIAN_POINT('Origin',(2.7,0.86,-0.01));
#2590=CARTESIAN_POINT('',(2.7,0.86,0.24));
#2591=CARTESIAN_POINT('',(3.35,0.86,0.24));
#2592=CARTESIAN_POINT('',(2.7,0.86,0.));
#2593=CARTESIAN_POINT('',(3.35,0.86,0.));
#2594=CARTESIAN_POINT('',(2.7,0.86,-0.01));
#2595=CARTESIAN_POINT('Origin',(2.7,0.98,-0.01));
#2596=CARTESIAN_POINT('',(2.58,0.98,0.24));
#2597=CARTESIAN_POINT('Origin',(2.7,0.98,0.24));
#2598=CARTESIAN_POINT('',(2.58,0.98,0.));
#2599=CARTESIAN_POINT('Origin',(2.7,0.98,0.));
#2600=CARTESIAN_POINT('',(2.58,0.98,-0.01));
#2601=CARTESIAN_POINT('Origin',(2.58,2.84,-0.01));
#2602=CARTESIAN_POINT('',(2.58,2.84,0.24));
#2603=CARTESIAN_POINT('',(2.58,2.42,0.24));
#2604=CARTESIAN_POINT('',(2.58,2.84,0.));
#2605=CARTESIAN_POINT('',(2.58,2.42,0.));
#2606=CARTESIAN_POINT('',(2.58,2.84,-0.01));
#2607=CARTESIAN_POINT('Origin',(2.7,2.84,-0.01));
#2608=CARTESIAN_POINT('',(2.7,2.96,0.24));
#2609=CARTESIAN_POINT('Origin',(2.7,2.84,0.24));
#2610=CARTESIAN_POINT('',(2.7,2.96,0.));
#2611=CARTESIAN_POINT('Origin',(2.7,2.84,0.));
#2612=CARTESIAN_POINT('',(2.7,2.96,-0.01));
#2613=CARTESIAN_POINT('Origin',(5.56,2.96,-0.01));
#2614=CARTESIAN_POINT('',(5.56,2.96,0.24));
#2615=CARTESIAN_POINT('',(4.78,2.96,0.24));
#2616=CARTESIAN_POINT('',(5.56,2.96,0.));
#2617=CARTESIAN_POINT('',(4.78,2.96,0.));
#2618=CARTESIAN_POINT('',(5.56,2.96,-0.01));
#2619=CARTESIAN_POINT('Origin',(5.56,2.84,-0.01));
#2620=CARTESIAN_POINT('Origin',(5.56,2.84,0.24));
#2621=CARTESIAN_POINT('Origin',(5.56,2.84,0.));
#2622=CARTESIAN_POINT('Origin',(6.8,4.3,1.2));
#2623=CARTESIAN_POINT('',(6.475,4.25,1.2));
#2624=CARTESIAN_POINT('Origin',(6.8,4.25,1.2));
#2625=CARTESIAN_POINT('',(6.475,4.07,1.2));
#2626=CARTESIAN_POINT('',(6.475,4.3,1.2));
#2627=CARTESIAN_POINT('Origin',(6.8,4.07,1.2));
#2628=CARTESIAN_POINT('Origin',(4.4,4.27,0.8));
#2629=CARTESIAN_POINT('',(4.4,4.07,0.8));
#2630=CARTESIAN_POINT('',(4.4,4.07,1.4));
#2631=CARTESIAN_POINT('',(4.4,4.07,0.52));
#2632=CARTESIAN_POINT('',(4.4,4.25,0.8));
#2633=CARTESIAN_POINT('',(4.4,4.27,0.8));
#2634=CARTESIAN_POINT('',(4.4,4.25,1.4));
#2635=CARTESIAN_POINT('',(4.4,4.25,0.4));
#2636=CARTESIAN_POINT('',(4.4,4.27,1.4));
#2637=CARTESIAN_POINT('Origin',(4.51,4.155,1.4));
#2638=CARTESIAN_POINT('',(4.62,4.07,1.4));
#2639=CARTESIAN_POINT('',(2.28,4.07,1.4));
#2640=CARTESIAN_POINT('',(4.62,4.25,1.4));
#2641=CARTESIAN_POINT('',(6.23,4.25,1.4));
#2642=CARTESIAN_POINT('',(4.62,4.04,1.4));
#2643=CARTESIAN_POINT('Origin',(4.62,4.04,0.8));
#2644=CARTESIAN_POINT('',(4.62,4.07,0.8));
#2645=CARTESIAN_POINT('',(4.62,4.07,0.52));
#2646=CARTESIAN_POINT('',(4.62,4.25,0.8));
#2647=CARTESIAN_POINT('',(4.62,4.25,0.4));
#2648=CARTESIAN_POINT('',(4.62,4.04,0.8));
#2649=CARTESIAN_POINT('Origin',(4.51,4.155,0.8));
#2650=CARTESIAN_POINT('',(2.28,4.07,0.8));
#2651=CARTESIAN_POINT('',(6.23,4.25,0.8));
#2652=CARTESIAN_POINT('Origin',(3.8,4.27,0.8));
#2653=CARTESIAN_POINT('',(3.8,4.07,0.8));
#2654=CARTESIAN_POINT('',(3.8,4.07,1.4));
#2655=CARTESIAN_POINT('',(3.8,4.07,0.52));
#2656=CARTESIAN_POINT('',(3.8,4.25,0.8));
#2657=CARTESIAN_POINT('',(3.8,4.27,0.8));
#2658=CARTESIAN_POINT('',(3.8,4.25,1.4));
#2659=CARTESIAN_POINT('',(3.8,4.25,0.4));
#2660=CARTESIAN_POINT('',(3.8,4.27,1.4));
#2661=CARTESIAN_POINT('Origin',(3.91,4.155,1.4));
#2662=CARTESIAN_POINT('',(4.02,4.07,1.4));
#2663=CARTESIAN_POINT('',(1.98,4.07,1.4));
#2664=CARTESIAN_POINT('',(4.02,4.25,1.4));
#2665=CARTESIAN_POINT('',(5.93,4.25,1.4));
#2666=CARTESIAN_POINT('',(4.02,4.04,1.4));
#2667=CARTESIAN_POINT('Origin',(4.02,4.04,0.8));
#2668=CARTESIAN_POINT('',(4.02,4.07,0.8));
#2669=CARTESIAN_POINT('',(4.02,4.07,0.52));
#2670=CARTESIAN_POINT('',(4.02,4.25,0.8));
#2671=CARTESIAN_POINT('',(4.02,4.25,0.4));
#2672=CARTESIAN_POINT('',(4.02,4.04,0.8));
#2673=CARTESIAN_POINT('Origin',(3.91,4.155,0.8));
#2674=CARTESIAN_POINT('',(1.98,4.07,0.8));
#2675=CARTESIAN_POINT('',(5.93,4.25,0.8));
#2676=CARTESIAN_POINT('Origin',(3.2,4.27,0.8));
#2677=CARTESIAN_POINT('',(3.2,4.07,0.8));
#2678=CARTESIAN_POINT('',(3.2,4.07,1.4));
#2679=CARTESIAN_POINT('',(3.2,4.07,0.52));
#2680=CARTESIAN_POINT('',(3.2,4.25,0.8));
#2681=CARTESIAN_POINT('',(3.2,4.27,0.8));
#2682=CARTESIAN_POINT('',(3.2,4.25,1.4));
#2683=CARTESIAN_POINT('',(3.2,4.25,0.4));
#2684=CARTESIAN_POINT('',(3.2,4.27,1.4));
#2685=CARTESIAN_POINT('Origin',(3.31,4.155,1.4));
#2686=CARTESIAN_POINT('',(3.42,4.07,1.4));
#2687=CARTESIAN_POINT('',(1.68,4.07,1.4));
#2688=CARTESIAN_POINT('',(3.42,4.25,1.4));
#2689=CARTESIAN_POINT('',(5.63,4.25,1.4));
#2690=CARTESIAN_POINT('',(3.42,4.04,1.4));
#2691=CARTESIAN_POINT('Origin',(3.42,4.04,0.8));
#2692=CARTESIAN_POINT('',(3.42,4.07,0.8));
#2693=CARTESIAN_POINT('',(3.42,4.07,0.52));
#2694=CARTESIAN_POINT('',(3.42,4.25,0.8));
#2695=CARTESIAN_POINT('',(3.42,4.25,0.4));
#2696=CARTESIAN_POINT('',(3.42,4.04,0.8));
#2697=CARTESIAN_POINT('Origin',(3.31,4.155,0.8));
#2698=CARTESIAN_POINT('',(1.68,4.07,0.8));
#2699=CARTESIAN_POINT('',(5.63,4.25,0.8));
#2700=CARTESIAN_POINT('Origin',(2.6,4.27,0.8));
#2701=CARTESIAN_POINT('',(2.6,4.07,0.8));
#2702=CARTESIAN_POINT('',(2.6,4.07,1.4));
#2703=CARTESIAN_POINT('',(2.6,4.07,0.52));
#2704=CARTESIAN_POINT('',(2.6,4.25,0.8));
#2705=CARTESIAN_POINT('',(2.6,4.27,0.8));
#2706=CARTESIAN_POINT('',(2.6,4.25,1.4));
#2707=CARTESIAN_POINT('',(2.6,4.25,0.4));
#2708=CARTESIAN_POINT('',(2.6,4.27,1.4));
#2709=CARTESIAN_POINT('Origin',(2.71,4.155,1.4));
#2710=CARTESIAN_POINT('',(2.82,4.07,1.4));
#2711=CARTESIAN_POINT('',(1.38,4.07,1.4));
#2712=CARTESIAN_POINT('',(2.82,4.25,1.4));
#2713=CARTESIAN_POINT('',(5.33,4.25,1.4));
#2714=CARTESIAN_POINT('',(2.82,4.04,1.4));
#2715=CARTESIAN_POINT('Origin',(2.82,4.04,0.8));
#2716=CARTESIAN_POINT('',(2.82,4.07,0.8));
#2717=CARTESIAN_POINT('',(2.82,4.07,0.52));
#2718=CARTESIAN_POINT('',(2.82,4.25,0.8));
#2719=CARTESIAN_POINT('',(2.82,4.25,0.4));
#2720=CARTESIAN_POINT('',(2.82,4.04,0.8));
#2721=CARTESIAN_POINT('Origin',(2.71,4.155,0.8));
#2722=CARTESIAN_POINT('',(1.38,4.07,0.8));
#2723=CARTESIAN_POINT('',(5.33,4.25,0.8));
#2724=CARTESIAN_POINT('Origin',(2.,4.27,0.8));
#2725=CARTESIAN_POINT('',(2.,4.07,0.8));
#2726=CARTESIAN_POINT('',(2.,4.07,1.4));
#2727=CARTESIAN_POINT('',(2.,4.07,0.52));
#2728=CARTESIAN_POINT('',(2.,4.25,0.8));
#2729=CARTESIAN_POINT('',(2.,4.27,0.8));
#2730=CARTESIAN_POINT('',(2.,4.25,1.4));
#2731=CARTESIAN_POINT('',(2.,4.25,0.4));
#2732=CARTESIAN_POINT('',(2.,4.27,1.4));
#2733=CARTESIAN_POINT('Origin',(2.11,4.155,1.4));
#2734=CARTESIAN_POINT('',(2.22,4.07,1.4));
#2735=CARTESIAN_POINT('',(1.08,4.07,1.4));
#2736=CARTESIAN_POINT('',(2.22,4.25,1.4));
#2737=CARTESIAN_POINT('',(5.03,4.25,1.4));
#2738=CARTESIAN_POINT('',(2.22,4.04,1.4));
#2739=CARTESIAN_POINT('Origin',(2.22,4.04,0.8));
#2740=CARTESIAN_POINT('',(2.22,4.07,0.8));
#2741=CARTESIAN_POINT('',(2.22,4.07,0.52));
#2742=CARTESIAN_POINT('',(2.22,4.25,0.8));
#2743=CARTESIAN_POINT('',(2.22,4.25,0.4));
#2744=CARTESIAN_POINT('',(2.22,4.04,0.8));
#2745=CARTESIAN_POINT('Origin',(2.11,4.155,0.8));
#2746=CARTESIAN_POINT('',(1.08,4.07,0.8));
#2747=CARTESIAN_POINT('',(5.03,4.25,0.8));
#2748=CARTESIAN_POINT('Origin',(4.6,3.52,2.345));
#2749=CARTESIAN_POINT('',(4.6,3.52,2.345));
#2750=CARTESIAN_POINT('',(4.6,4.07,2.345));
#2751=CARTESIAN_POINT('',(4.6,3.52,2.345));
#2752=CARTESIAN_POINT('',(4.6,4.07,2.485));
#2753=CARTESIAN_POINT('',(4.6,4.07,1.2925));
#2754=CARTESIAN_POINT('',(4.6,3.52,2.485));
#2755=CARTESIAN_POINT('',(4.6,3.52,2.485));
#2756=CARTESIAN_POINT('',(4.6,3.52,2.345));
#2757=CARTESIAN_POINT('Origin',(3.9,3.52,2.345));
#2758=CARTESIAN_POINT('',(3.9,3.52,2.345));
#2759=CARTESIAN_POINT('',(3.9,3.52,2.345));
#2760=CARTESIAN_POINT('',(3.9,3.52,2.485));
#2761=CARTESIAN_POINT('',(3.9,3.52,2.485));
#2762=CARTESIAN_POINT('',(3.9,3.52,2.345));
#2763=CARTESIAN_POINT('Origin',(3.9,4.07,2.345));
#2764=CARTESIAN_POINT('',(3.9,4.07,2.345));
#2765=CARTESIAN_POINT('',(3.9,4.07,2.345));
#2766=CARTESIAN_POINT('',(3.9,4.07,2.485));
#2767=CARTESIAN_POINT('',(3.9,4.07,2.485));
#2768=CARTESIAN_POINT('',(3.9,4.07,1.2925));
#2769=CARTESIAN_POINT('Origin',(4.25,3.795,2.485));
#2770=CARTESIAN_POINT('',(2.15,4.07,2.485));
#2771=CARTESIAN_POINT('Origin',(4.25,3.795,2.345));
#2772=CARTESIAN_POINT('',(2.15,4.07,2.345));
#2773=CARTESIAN_POINT('Origin',(4.6,0.48,2.345));
#2774=CARTESIAN_POINT('',(4.6,0.48,2.345));
#2775=CARTESIAN_POINT('',(3.9,0.48,2.345));
#2776=CARTESIAN_POINT('',(4.6,0.48,2.345));
#2777=CARTESIAN_POINT('',(3.9,0.48,2.485));
#2778=CARTESIAN_POINT('',(3.9,0.48,2.345));
#2779=CARTESIAN_POINT('',(4.6,0.48,2.485));
#2780=CARTESIAN_POINT('',(4.6,0.48,2.485));
#2781=CARTESIAN_POINT('',(4.6,0.48,2.345));
#2782=CARTESIAN_POINT('Origin',(4.6,-0.07,2.345));
#2783=CARTESIAN_POINT('',(4.6,-0.07,2.345));
#2784=CARTESIAN_POINT('',(4.6,-0.07,2.345));
#2785=CARTESIAN_POINT('',(4.6,-0.07,2.485));
#2786=CARTESIAN_POINT('',(4.6,-0.07,2.485));
#2787=CARTESIAN_POINT('',(4.6,-0.07,1.2925));
#2788=CARTESIAN_POINT('Origin',(3.9,0.48,2.345));
#2789=CARTESIAN_POINT('',(3.9,-0.07,2.345));
#2790=CARTESIAN_POINT('',(3.9,0.48,2.345));
#2791=CARTESIAN_POINT('',(3.9,-0.07,2.485));
#2792=CARTESIAN_POINT('',(3.9,-0.07,1.2925));
#2793=CARTESIAN_POINT('',(3.9,0.48,2.485));
#2794=CARTESIAN_POINT('Origin',(4.25,0.205,2.485));
#2795=CARTESIAN_POINT('',(6.1,-0.07,2.485));
#2796=CARTESIAN_POINT('Origin',(4.25,0.205,2.345));
#2797=CARTESIAN_POINT('',(6.1,-0.07,2.345));
#2798=CARTESIAN_POINT('Origin',(1.9,3.52,2.345));
#2799=CARTESIAN_POINT('',(1.9,3.52,2.345));
#2800=CARTESIAN_POINT('',(1.9,4.07,2.345));
#2801=CARTESIAN_POINT('',(1.9,3.52,2.345));
#2802=CARTESIAN_POINT('',(1.9,4.07,2.485));
#2803=CARTESIAN_POINT('',(1.9,4.07,1.2925));
#2804=CARTESIAN_POINT('',(1.9,3.52,2.485));
#2805=CARTESIAN_POINT('',(1.9,3.52,2.485));
#2806=CARTESIAN_POINT('',(1.9,3.52,2.345));
#2807=CARTESIAN_POINT('Origin',(1.2,3.52,2.345));
#2808=CARTESIAN_POINT('',(1.2,3.52,2.345));
#2809=CARTESIAN_POINT('',(1.2,3.52,2.345));
#2810=CARTESIAN_POINT('',(1.2,3.52,2.485));
#2811=CARTESIAN_POINT('',(1.2,3.52,2.485));
#2812=CARTESIAN_POINT('',(1.2,3.52,2.345));
#2813=CARTESIAN_POINT('Origin',(1.2,4.07,2.345));
#2814=CARTESIAN_POINT('',(1.2,4.07,2.345));
#2815=CARTESIAN_POINT('',(1.2,4.07,2.345));
#2816=CARTESIAN_POINT('',(1.2,4.07,2.485));
#2817=CARTESIAN_POINT('',(1.2,4.07,2.485));
#2818=CARTESIAN_POINT('',(1.2,4.07,1.2925));
#2819=CARTESIAN_POINT('Origin',(1.55,3.795,2.485));
#2820=CARTESIAN_POINT('',(0.8,4.07,2.485));
#2821=CARTESIAN_POINT('Origin',(1.55,3.795,2.345));
#2822=CARTESIAN_POINT('',(0.8,4.07,2.345));
#2823=CARTESIAN_POINT('Origin',(1.9,0.48,2.345));
#2824=CARTESIAN_POINT('',(1.9,0.48,2.345));
#2825=CARTESIAN_POINT('',(1.2,0.48,2.345));
#2826=CARTESIAN_POINT('',(1.9,0.48,2.345));
#2827=CARTESIAN_POINT('',(1.2,0.48,2.485));
#2828=CARTESIAN_POINT('',(1.2,0.48,2.345));
#2829=CARTESIAN_POINT('',(1.9,0.48,2.485));
#2830=CARTESIAN_POINT('',(1.9,0.48,2.485));
#2831=CARTESIAN_POINT('',(1.9,0.48,2.345));
#2832=CARTESIAN_POINT('Origin',(1.9,-0.07,2.345));
#2833=CARTESIAN_POINT('',(1.9,-0.07,2.345));
#2834=CARTESIAN_POINT('',(1.9,-0.07,2.345));
#2835=CARTESIAN_POINT('',(1.9,-0.07,2.485));
#2836=CARTESIAN_POINT('',(1.9,-0.07,2.485));
#2837=CARTESIAN_POINT('',(1.9,-0.07,1.2925));
#2838=CARTESIAN_POINT('Origin',(1.2,0.48,2.345));
#2839=CARTESIAN_POINT('',(1.2,-0.07,2.345));
#2840=CARTESIAN_POINT('',(1.2,0.48,2.345));
#2841=CARTESIAN_POINT('',(1.2,-0.07,2.485));
#2842=CARTESIAN_POINT('',(1.2,-0.07,1.2925));
#2843=CARTESIAN_POINT('',(1.2,0.48,2.485));
#2844=CARTESIAN_POINT('Origin',(1.55,0.205,2.485));
#2845=CARTESIAN_POINT('',(4.75,-0.07,2.485));
#2846=CARTESIAN_POINT('Origin',(1.55,0.205,2.345));
#2847=CARTESIAN_POINT('',(4.75,-0.07,2.345));
#2848=CARTESIAN_POINT('Origin',(-0.145,2.47,1.83));
#2849=CARTESIAN_POINT('',(-0.175,2.47,2.5));
#2850=CARTESIAN_POINT('',(-0.145,2.5,2.5));
#2851=CARTESIAN_POINT('Origin',(-0.145,2.47,2.5));
#2852=CARTESIAN_POINT('',(-0.175,2.47,1.83));
#2853=CARTESIAN_POINT('',(-0.175,2.47,1.83));
#2854=CARTESIAN_POINT('',(-0.145,2.5,1.83));
#2855=CARTESIAN_POINT('Origin',(-0.145,2.47,1.83));
#2856=CARTESIAN_POINT('',(-0.145,2.5,1.83));
#2857=CARTESIAN_POINT('Origin',(0.00500000000000001,2.5,1.83));
#2858=CARTESIAN_POINT('',(-0.07,2.5,2.5));
#2859=CARTESIAN_POINT('',(2.0025,2.5,2.5));
#2860=CARTESIAN_POINT('',(-0.07,2.5,1.83));
#2861=CARTESIAN_POINT('',(0.00500000000000001,2.5,1.83));
#2862=CARTESIAN_POINT('',(-0.07,2.5,1.035));
#2863=CARTESIAN_POINT('Origin',(-0.0700000000000001,2.,1.83));
#2864=CARTESIAN_POINT('',(-0.07,1.5,1.83));
#2865=CARTESIAN_POINT('',(-0.07,1.025,1.83));
#2866=CARTESIAN_POINT('',(-0.175,1.53,1.83));
#2867=CARTESIAN_POINT('',(-0.175,2.47,1.83));
#2868=CARTESIAN_POINT('',(-0.145,1.5,1.83));
#2869=CARTESIAN_POINT('Origin',(-0.145,1.53,1.83));
#2870=CARTESIAN_POINT('',(-0.145,1.5,1.83));
#2871=CARTESIAN_POINT('Origin',(-0.175,2.47,1.83));
#2872=CARTESIAN_POINT('',(-0.175,1.53,2.5));
#2873=CARTESIAN_POINT('',(-0.175,2.235,2.5));
#2874=CARTESIAN_POINT('',(-0.175,1.53,1.83));
#2875=CARTESIAN_POINT('Origin',(-0.145,1.5,1.83));
#2876=CARTESIAN_POINT('',(-0.07,1.5,2.5));
#2877=CARTESIAN_POINT('',(-0.145,1.5,2.5));
#2878=CARTESIAN_POINT('',(1.9275,1.5,2.5));
#2879=CARTESIAN_POINT('',(-0.07,1.5,1.035));
#2880=CARTESIAN_POINT('',(-0.145,1.5,1.83));
#2881=CARTESIAN_POINT('Origin',(-0.145,1.53,1.83));
#2882=CARTESIAN_POINT('Origin',(-0.145,1.53,2.5));
#2883=CARTESIAN_POINT('Origin',(-0.07,0.0499999999999998,0.24));
#2884=CARTESIAN_POINT('',(-0.07,0.05,2.5));
#2885=CARTESIAN_POINT('',(-0.07,3.95,2.5));
#2886=CARTESIAN_POINT('',(-0.07,0.05,0.24));
#2887=CARTESIAN_POINT('',(-0.07,0.05,0.24));
#2888=CARTESIAN_POINT('',(-0.07,3.95,0.24));
#2889=CARTESIAN_POINT('',(-0.0700000000000001,1.025,0.24));
#2890=CARTESIAN_POINT('',(-0.07,3.95,2.5));
#2891=CARTESIAN_POINT('',(-0.07,3.95,0.24));
#2892=CARTESIAN_POINT('',(-0.07,3.95,2.5));
#2893=CARTESIAN_POINT('',(-0.07,1.16,0.5));
#2894=CARTESIAN_POINT('',(-0.07,1.16,1.45));
#2895=CARTESIAN_POINT('',(-0.07,1.16,0.37));
#2896=CARTESIAN_POINT('',(-0.0700000000000001,2.66,1.45));
#2897=CARTESIAN_POINT('',(-0.07,0.98,1.45));
#2898=CARTESIAN_POINT('',(-0.0700000000000001,2.66,0.5));
#2899=CARTESIAN_POINT('',(-0.07,2.66,0.37));
#2900=CARTESIAN_POINT('',(-0.07,0.98,0.5));
#2901=CARTESIAN_POINT('Origin',(0.95,2.66,0.5));
#2902=CARTESIAN_POINT('',(-0.2,2.66,1.45));
#2903=CARTESIAN_POINT('',(0.95,2.66,1.45));
#2904=CARTESIAN_POINT('',(-0.2,2.66,0.5));
#2905=CARTESIAN_POINT('',(-0.2,2.66,0.5));
#2906=CARTESIAN_POINT('',(0.95,2.66,0.5));
#2907=CARTESIAN_POINT('Origin',(-0.2,2.56,0.5));
#2908=CARTESIAN_POINT('',(-0.25,2.64660254037844,0.5));
#2909=CARTESIAN_POINT('',(-0.25,2.64660254037844,1.45));
#2910=CARTESIAN_POINT('',(-0.25,2.64660254037844,0.5));
#2911=CARTESIAN_POINT('Origin',(-0.2,2.56,0.5));
#2912=CARTESIAN_POINT('Origin',(-0.2,2.56,1.45));
#2913=CARTESIAN_POINT('Origin',(0.375,1.91,0.5));
#2914=CARTESIAN_POINT('',(-0.25,1.17339745962156,0.5));
#2915=CARTESIAN_POINT('',(-0.25,2.93,0.5));
#2916=CARTESIAN_POINT('',(-0.2,1.16,0.5));
#2917=CARTESIAN_POINT('Origin',(-0.2,1.26,0.5));
#2918=CARTESIAN_POINT('',(-0.2,1.16,0.5));
#2919=CARTESIAN_POINT('Origin',(-0.2,1.16,0.5));
#2920=CARTESIAN_POINT('',(-0.2,1.16,1.45));
#2921=CARTESIAN_POINT('',(-0.2,1.16,0.5));
#2922=CARTESIAN_POINT('',(-0.2,1.16,1.45));
#2923=CARTESIAN_POINT('Origin',(-0.2,1.26,0.5));
#2924=CARTESIAN_POINT('',(-0.25,1.17339745962156,1.45));
#2925=CARTESIAN_POINT('',(-0.25,1.17339745962156,0.5));
#2926=CARTESIAN_POINT('Origin',(-0.2,1.26,1.45));
#2927=CARTESIAN_POINT('Origin',(0.375,1.91,1.45));
#2928=CARTESIAN_POINT('',(-0.25,2.93,1.45));
#2929=CARTESIAN_POINT('Origin',(7.6,3.6,-0.001));
#2930=CARTESIAN_POINT('',(7.29,3.6,0.));
#2931=CARTESIAN_POINT('Origin',(7.6,3.6,0.));
#2932=CARTESIAN_POINT('',(7.43,3.6,0.14));
#2933=CARTESIAN_POINT('',(7.289,3.6,-0.001));
#2934=CARTESIAN_POINT('Origin',(7.6,3.6,0.14));
#2935=CARTESIAN_POINT('Origin',(7.6,3.6,-0.01));
#2936=CARTESIAN_POINT('',(7.43,3.6,2.105));
#2937=CARTESIAN_POINT('',(7.43,3.6,-0.01));
#2938=CARTESIAN_POINT('Origin',(7.6,3.6,2.105));
#2939=CARTESIAN_POINT('Origin',(7.6,3.6,0.24));
#2940=CARTESIAN_POINT('',(7.28,3.6,2.105));
#2941=CARTESIAN_POINT('Origin',(7.6,3.6,2.105));
#2942=CARTESIAN_POINT('',(7.28,3.6,0.24));
#2943=CARTESIAN_POINT('',(7.28,3.6,0.24));
#2944=CARTESIAN_POINT('Origin',(7.6,3.6,0.24));
#2945=CARTESIAN_POINT('Origin',(7.6,3.6,2.105));
#2946=CARTESIAN_POINT('Origin',(7.6,0.4,-0.001));
#2947=CARTESIAN_POINT('',(7.29,0.4,0.));
#2948=CARTESIAN_POINT('Origin',(7.6,0.4,0.));
#2949=CARTESIAN_POINT('',(7.43,0.4,0.14));
#2950=CARTESIAN_POINT('',(7.289,0.4,-0.001));
#2951=CARTESIAN_POINT('Origin',(7.6,0.4,0.14));
#2952=CARTESIAN_POINT('Origin',(7.6,0.4,-0.01));
#2953=CARTESIAN_POINT('',(7.43,0.4,2.105));
#2954=CARTESIAN_POINT('',(7.43,0.4,-0.01));
#2955=CARTESIAN_POINT('Origin',(7.6,0.4,2.105));
#2956=CARTESIAN_POINT('Origin',(7.6,0.4,0.24));
#2957=CARTESIAN_POINT('',(7.28,0.4,2.105));
#2958=CARTESIAN_POINT('Origin',(7.6,0.4,2.105));
#2959=CARTESIAN_POINT('',(7.28,0.4,0.24));
#2960=CARTESIAN_POINT('',(7.28,0.4,0.24));
#2961=CARTESIAN_POINT('Origin',(7.6,0.4,0.24));
#2962=CARTESIAN_POINT('Origin',(7.6,0.4,2.105));
#2963=CARTESIAN_POINT('Origin',(0.4,3.6,-0.001));
#2964=CARTESIAN_POINT('',(0.09,3.6,0.));
#2965=CARTESIAN_POINT('Origin',(0.4,3.6,0.));
#2966=CARTESIAN_POINT('',(0.23,3.6,0.14));
#2967=CARTESIAN_POINT('',(0.089,3.6,-0.001));
#2968=CARTESIAN_POINT('Origin',(0.4,3.6,0.14));
#2969=CARTESIAN_POINT('Origin',(0.4,3.6,-0.01));
#2970=CARTESIAN_POINT('',(0.23,3.6,2.105));
#2971=CARTESIAN_POINT('',(0.23,3.6,-0.01));
#2972=CARTESIAN_POINT('Origin',(0.4,3.6,2.105));
#2973=CARTESIAN_POINT('Origin',(0.4,3.6,0.24));
#2974=CARTESIAN_POINT('',(0.0800000000000001,3.6,2.105));
#2975=CARTESIAN_POINT('Origin',(0.4,3.6,2.105));
#2976=CARTESIAN_POINT('',(0.0800000000000001,3.6,0.24));
#2977=CARTESIAN_POINT('',(0.0800000000000001,3.6,0.24));
#2978=CARTESIAN_POINT('Origin',(0.4,3.6,0.24));
#2979=CARTESIAN_POINT('Origin',(0.4,3.6,2.105));
#2980=CARTESIAN_POINT('Origin',(0.4,0.4,-0.001));
#2981=CARTESIAN_POINT('',(0.09,0.4,0.));
#2982=CARTESIAN_POINT('Origin',(0.4,0.4,0.));
#2983=CARTESIAN_POINT('',(0.23,0.4,0.14));
#2984=CARTESIAN_POINT('',(0.089,0.4,-0.001));
#2985=CARTESIAN_POINT('Origin',(0.4,0.4,0.14));
#2986=CARTESIAN_POINT('Origin',(0.4,0.4,-0.01));
#2987=CARTESIAN_POINT('',(0.23,0.4,2.105));
#2988=CARTESIAN_POINT('',(0.23,0.4,-0.01));
#2989=CARTESIAN_POINT('Origin',(0.4,0.4,2.105));
#2990=CARTESIAN_POINT('Origin',(0.4,0.4,0.24));
#2991=CARTESIAN_POINT('',(0.0800000000000001,0.4,2.105));
#2992=CARTESIAN_POINT('Origin',(0.4,0.4,2.105));
#2993=CARTESIAN_POINT('',(0.0800000000000001,0.4,0.24));
#2994=CARTESIAN_POINT('',(0.0800000000000001,0.4,0.24));
#2995=CARTESIAN_POINT('Origin',(0.4,0.4,0.24));
#2996=CARTESIAN_POINT('Origin',(0.4,0.4,2.105));
#2997=CARTESIAN_POINT('Origin',(7.95,-0.07,0.24));
#2998=CARTESIAN_POINT('',(0.05,-0.07,0.24));
#2999=CARTESIAN_POINT('',(7.95,-0.07,0.24));
#3000=CARTESIAN_POINT('',(5.975,-0.07,0.24));
#3001=CARTESIAN_POINT('',(0.05,-0.07,2.5));
#3002=CARTESIAN_POINT('',(0.05,-0.07,0.24));
#3003=CARTESIAN_POINT('',(7.95,-0.07,2.5));
#3004=CARTESIAN_POINT('',(0.05,-0.07,2.5));
#3005=CARTESIAN_POINT('',(7.95,-0.07,0.24));
#3006=CARTESIAN_POINT('Origin',(7.95,0.05,0.24));
#3007=CARTESIAN_POINT('',(8.07,0.05,0.24));
#3008=CARTESIAN_POINT('Origin',(7.95,0.05,0.24));
#3009=CARTESIAN_POINT('',(8.07,0.05,2.5));
#3010=CARTESIAN_POINT('Origin',(7.95,0.05,2.5));
#3011=CARTESIAN_POINT('',(8.07,0.05,0.24));
#3012=CARTESIAN_POINT('Origin',(8.07,3.95,0.24));
#3013=CARTESIAN_POINT('',(8.07,3.95,0.24));
#3014=CARTESIAN_POINT('',(8.07,2.975,0.24));
#3015=CARTESIAN_POINT('',(8.07,3.95,2.5));
#3016=CARTESIAN_POINT('',(8.07,0.05,2.5));
#3017=CARTESIAN_POINT('',(8.07,3.95,0.24));
#3018=CARTESIAN_POINT('Origin',(7.95,3.95,0.24));
#3019=CARTESIAN_POINT('',(7.95,4.07,0.24));
#3020=CARTESIAN_POINT('Origin',(7.95,3.95,0.24));
#3021=CARTESIAN_POINT('',(7.95,4.07,2.5));
#3022=CARTESIAN_POINT('Origin',(7.95,3.95,2.5));
#3023=CARTESIAN_POINT('',(7.95,4.07,0.24));
#3024=CARTESIAN_POINT('Origin',(0.0499999999999998,4.07,0.24));
#3025=CARTESIAN_POINT('',(0.05,4.07,0.24));
#3026=CARTESIAN_POINT('',(2.025,4.07,0.24));
#3027=CARTESIAN_POINT('',(0.05,4.07,2.5));
#3028=CARTESIAN_POINT('',(7.95,4.07,2.5));
#3029=CARTESIAN_POINT('',(0.05,4.07,0.24));
#3030=CARTESIAN_POINT('Origin',(0.05,3.95,0.24));
#3031=CARTESIAN_POINT('Origin',(0.05,3.95,0.24));
#3032=CARTESIAN_POINT('Origin',(0.05,3.95,2.5));
#3033=CARTESIAN_POINT('Origin',(0.05,0.05,0.24));
#3034=CARTESIAN_POINT('Origin',(0.05,0.05,0.24));
#3035=CARTESIAN_POINT('Origin',(0.05,0.05,2.5));
#3036=CARTESIAN_POINT('Origin',(4.,2.,2.5));
#3037=CARTESIAN_POINT('',(-0.25,0.05,2.5));
#3038=CARTESIAN_POINT('',(0.05,-0.25,2.5));
#3039=CARTESIAN_POINT('Origin',(0.05,0.05,2.5));
#3040=CARTESIAN_POINT('',(7.95,-0.25,2.5));
#3041=CARTESIAN_POINT('',(0.05,-0.25,2.5));
#3042=CARTESIAN_POINT('',(8.25,0.05,2.5));
#3043=CARTESIAN_POINT('Origin',(7.95,0.05,2.5));
#3044=CARTESIAN_POINT('',(8.25,3.95,2.5));
#3045=CARTESIAN_POINT('',(8.25,0.05,2.5));
#3046=CARTESIAN_POINT('',(7.95,4.25,2.5));
#3047=CARTESIAN_POINT('Origin',(7.95,3.95,2.5));
#3048=CARTESIAN_POINT('',(0.05,4.25,2.5));
#3049=CARTESIAN_POINT('',(7.95,4.25,2.5));
#3050=CARTESIAN_POINT('',(-0.25,3.95,2.5));
#3051=CARTESIAN_POINT('Origin',(0.05,3.95,2.5));
#3052=CARTESIAN_POINT('',(-0.25,3.95,2.5));
#3053=CARTESIAN_POINT('Origin',(-0.25,3.95,0.));
#3054=CARTESIAN_POINT('',(-0.25,3.95,0.));
#3055=CARTESIAN_POINT('',(-0.25,0.05,0.));
#3056=CARTESIAN_POINT('',(-0.25,3.95,0.));
#3057=CARTESIAN_POINT('',(-0.25,0.05,0.));
#3058=CARTESIAN_POINT('',(-0.25,3.95,0.));
#3059=CARTESIAN_POINT('Origin',(0.05,3.95,0.));
#3060=CARTESIAN_POINT('',(0.05,4.25,0.));
#3061=CARTESIAN_POINT('Origin',(0.05,3.95,0.));
#3062=CARTESIAN_POINT('',(0.05,4.25,0.));
#3063=CARTESIAN_POINT('Origin',(7.95,4.25,0.));
#3064=CARTESIAN_POINT('',(7.95,4.25,0.));
#3065=CARTESIAN_POINT('',(7.95,4.25,0.));
#3066=CARTESIAN_POINT('',(7.95,4.25,0.));
#3067=CARTESIAN_POINT('Origin',(7.95,3.95,0.));
#3068=CARTESIAN_POINT('',(8.25,3.95,0.));
#3069=CARTESIAN_POINT('Origin',(7.95,3.95,0.));
#3070=CARTESIAN_POINT('',(8.25,3.95,0.));
#3071=CARTESIAN_POINT('Origin',(8.25,0.05,0.));
#3072=CARTESIAN_POINT('',(8.25,0.05,0.));
#3073=CARTESIAN_POINT('',(8.25,0.05,0.));
#3074=CARTESIAN_POINT('',(8.25,0.05,0.));
#3075=CARTESIAN_POINT('Origin',(7.95,0.05,0.));
#3076=CARTESIAN_POINT('',(7.95,-0.25,0.));
#3077=CARTESIAN_POINT('Origin',(7.95,0.05,0.));
#3078=CARTESIAN_POINT('',(7.95,-0.25,0.));
#3079=CARTESIAN_POINT('Origin',(0.05,-0.25,0.));
#3080=CARTESIAN_POINT('',(0.05,-0.25,0.));
#3081=CARTESIAN_POINT('',(0.05,-0.25,0.));
#3082=CARTESIAN_POINT('',(0.05,-0.25,0.));
#3083=CARTESIAN_POINT('Origin',(0.05,0.05,0.));
#3084=CARTESIAN_POINT('Origin',(0.05,0.05,0.));
#3085=CARTESIAN_POINT('Origin',(4.,2.,0.24));
#3086=CARTESIAN_POINT('Origin',(4.,2.,0.));
#3087=UNCERTAINTY_MEASURE_WITH_UNIT(LENGTH_MEASURE(0.001),#3091,
'DISTANCE_ACCURACY_VALUE',
'Maximum model space distance between geometric entities at asserted c
onnectivities');
#3088=UNCERTAINTY_MEASURE_WITH_UNIT(LENGTH_MEASURE(0.001),#3091,
'DISTANCE_ACCURACY_VALUE',
'Maximum model space distance between geometric entities at asserted c
onnectivities');
#3089=(
GEOMETRIC_REPRESENTATION_CONTEXT(3)
GLOBAL_UNCERTAINTY_ASSIGNED_CONTEXT((#3087))
GLOBAL_UNIT_ASSIGNED_CONTEXT((#3091,#3093,#3094))
REPRESENTATION_CONTEXT('','3D')
);
#3090=(
GEOMETRIC_REPRESENTATION_CONTEXT(3)
GLOBAL_UNCERTAINTY_ASSIGNED_CONTEXT((#3088))
GLOBAL_UNIT_ASSIGNED_CONTEXT((#3091,#3093,#3094))
REPRESENTATION_CONTEXT('','3D')
);
#3091=(
LENGTH_UNIT()
NAMED_UNIT(*)
SI_UNIT(.CENTI.,.METRE.)
);
#3092=(
LENGTH_UNIT()
NAMED_UNIT(*)
SI_UNIT($,.METRE.)
);
#3093=(
NAMED_UNIT(*)
PLANE_ANGLE_UNIT()
SI_UNIT($,.RADIAN.)
);
#3094=(
NAMED_UNIT(*)
SI_UNIT($,.STERADIAN.)
SOLID_ANGLE_UNIT()
);
#3095=SHAPE_DEFINITION_REPRESENTATION(#3096,#3097);
#3096=PRODUCT_DEFINITION_SHAPE('',$,#3099);
#3097=SHAPE_REPRESENTATION('',(#1891),#3089);
#3098=PRODUCT_DEFINITION_CONTEXT('part definition',#3103,'design');
#3099=PRODUCT_DEFINITION('2026-09-23-16-22-44-315',
'01 Rear shell - PETG',#3100,#3098);
#3100=PRODUCT_DEFINITION_FORMATION('',$,#3105);
#3101=PRODUCT_RELATED_PRODUCT_CATEGORY('01 Rear shell - PETG',
'01 Rear shell - PETG',(#3105));
#3102=APPLICATION_PROTOCOL_DEFINITION('international standard',
'automotive_design',2009,#3103);
#3103=APPLICATION_CONTEXT(
'Core Data for Automotive Mechanical Design Process');
#3104=PRODUCT_CONTEXT('part definition',#3103,'mechanical');
#3105=PRODUCT('2026-09-23-16-22-44-315','01 Rear shell - PETG',$,(#3104));
#3106=PRESENTATION_STYLE_ASSIGNMENT((#3108));
#3107=PRESENTATION_STYLE_ASSIGNMENT((#3109));
#3108=SURFACE_STYLE_USAGE(.BOTH.,#3110);
#3109=SURFACE_STYLE_USAGE(.BOTH.,#3111);
#3110=SURFACE_SIDE_STYLE('',(#3112));
#3111=SURFACE_SIDE_STYLE('',(#3113));
#3112=SURFACE_STYLE_FILL_AREA(#3114);
#3113=SURFACE_STYLE_FILL_AREA(#3115);
#3114=FILL_AREA_STYLE('Steel - Satin',(#3116));
#3115=FILL_AREA_STYLE('Rear warm grey',(#3117));
#3116=FILL_AREA_STYLE_COLOUR('Steel - Satin',#3118);
#3117=FILL_AREA_STYLE_COLOUR('Rear warm grey',#3119);
#3118=COLOUR_RGB('Steel - Satin',0.627450980392157,0.627450980392157,0.627450980392157);
#3119=COLOUR_RGB('Rear warm grey',0.282352941176471,0.309803921568627,0.345098039215686);
ENDSEC;
END-ISO-10303-21;
